ARM GAS  /var/folders/yl/_q9l42k90g1g4mdhbs226msm0000gn/T//ccIcJZe8.s 			page 1


   1              		.cpu cortex-m4
   2              		.arch armv7e-m
   3              		.fpu fpv4-sp-d16
   4              		.eabi_attribute 27, 1
   5              		.eabi_attribute 28, 1
   6              		.eabi_attribute 20, 1
   7              		.eabi_attribute 21, 1
   8              		.eabi_attribute 23, 3
   9              		.eabi_attribute 24, 1
  10              		.eabi_attribute 25, 1
  11              		.eabi_attribute 26, 1
  12              		.eabi_attribute 30, 6
  13              		.eabi_attribute 34, 1
  14              		.eabi_attribute 18, 4
  15              		.file	"os_core.c"
  16              		.text
  17              	.Ltext0:
  18              		.cfi_sections	.debug_frame
  19              		.global	OSCtxSwCtr
  20              		.section	.bss.OSCtxSwCtr,"aw",%nobits
  21              		.align	2
  24              	OSCtxSwCtr:
  25 0000 00000000 		.space	4
  26              		.global	OSEventFreeList
  27              		.section	.bss.OSEventFreeList,"aw",%nobits
  28              		.align	2
  31              	OSEventFreeList:
  32 0000 00000000 		.space	4
  33              		.global	OSEventTbl
  34              		.section	.bss.OSEventTbl,"aw",%nobits
  35              		.align	2
  38              	OSEventTbl:
  39 0000 00000000 		.space	240
  39      00000000 
  39      00000000 
  39      00000000 
  39      00000000 
  40              		.global	OSFlagTbl
  41              		.section	.bss.OSFlagTbl,"aw",%nobits
  42              		.align	2
  45              	OSFlagTbl:
  46 0000 00000000 		.space	80
  46      00000000 
  46      00000000 
  46      00000000 
  46      00000000 
  47              		.global	OSFlagFreeList
  48              		.section	.bss.OSFlagFreeList,"aw",%nobits
  49              		.align	2
  52              	OSFlagFreeList:
  53 0000 00000000 		.space	4
  54              		.global	OSCPUUsage
  55              		.section	.bss.OSCPUUsage,"aw",%nobits
  58              	OSCPUUsage:
  59 0000 00       		.space	1
  60              		.global	OSIdleCtrMax
  61              		.section	.bss.OSIdleCtrMax,"aw",%nobits
ARM GAS  /var/folders/yl/_q9l42k90g1g4mdhbs226msm0000gn/T//ccIcJZe8.s 			page 2


  62              		.align	2
  65              	OSIdleCtrMax:
  66 0000 00000000 		.space	4
  67              		.global	OSIdleCtrRun
  68              		.section	.bss.OSIdleCtrRun,"aw",%nobits
  69              		.align	2
  72              	OSIdleCtrRun:
  73 0000 00000000 		.space	4
  74              		.global	OSStatRdy
  75              		.section	.bss.OSStatRdy,"aw",%nobits
  78              	OSStatRdy:
  79 0000 00       		.space	1
  80              		.global	OSTaskStatStk
  81              		.section	.bss.OSTaskStatStk,"aw",%nobits
  82              		.align	2
  85              	OSTaskStatStk:
  86 0000 00000000 		.space	512
  86      00000000 
  86      00000000 
  86      00000000 
  86      00000000 
  87              		.global	OSIntNesting
  88              		.section	.bss.OSIntNesting,"aw",%nobits
  91              	OSIntNesting:
  92 0000 00       		.space	1
  93              		.global	OSLockNesting
  94              		.section	.bss.OSLockNesting,"aw",%nobits
  97              	OSLockNesting:
  98 0000 00       		.space	1
  99              		.global	OSPrioCur
 100              		.section	.bss.OSPrioCur,"aw",%nobits
 103              	OSPrioCur:
 104 0000 00       		.space	1
 105              		.global	OSPrioHighRdy
 106              		.section	.bss.OSPrioHighRdy,"aw",%nobits
 109              	OSPrioHighRdy:
 110 0000 00       		.space	1
 111              		.global	OSRdyGrp
 112              		.section	.bss.OSRdyGrp,"aw",%nobits
 115              	OSRdyGrp:
 116 0000 00       		.space	1
 117              		.global	OSRdyTbl
 118              		.section	.bss.OSRdyTbl,"aw",%nobits
 119              		.align	2
 122              	OSRdyTbl:
 123 0000 00000000 		.space	8
 123      00000000 
 124              		.global	OSRunning
 125              		.section	.bss.OSRunning,"aw",%nobits
 128              	OSRunning:
 129 0000 00       		.space	1
 130              		.global	OSTaskCtr
 131              		.section	.bss.OSTaskCtr,"aw",%nobits
 134              	OSTaskCtr:
 135 0000 00       		.space	1
 136              		.global	OSIdleCtr
 137              		.section	.bss.OSIdleCtr,"aw",%nobits
ARM GAS  /var/folders/yl/_q9l42k90g1g4mdhbs226msm0000gn/T//ccIcJZe8.s 			page 3


 138              		.align	2
 141              	OSIdleCtr:
 142 0000 00000000 		.space	4
 143              		.global	OSTaskIdleStk
 144              		.section	.bss.OSTaskIdleStk,"aw",%nobits
 145              		.align	2
 148              	OSTaskIdleStk:
 149 0000 00000000 		.space	512
 149      00000000 
 149      00000000 
 149      00000000 
 149      00000000 
 150              		.global	OSTCBCur
 151              		.section	.bss.OSTCBCur,"aw",%nobits
 152              		.align	2
 155              	OSTCBCur:
 156 0000 00000000 		.space	4
 157              		.global	OSTCBFreeList
 158              		.section	.bss.OSTCBFreeList,"aw",%nobits
 159              		.align	2
 162              	OSTCBFreeList:
 163 0000 00000000 		.space	4
 164              		.global	OSTCBHighRdy
 165              		.section	.bss.OSTCBHighRdy,"aw",%nobits
 166              		.align	2
 169              	OSTCBHighRdy:
 170 0000 00000000 		.space	4
 171              		.global	OSTCBList
 172              		.section	.bss.OSTCBList,"aw",%nobits
 173              		.align	2
 176              	OSTCBList:
 177 0000 00000000 		.space	4
 178              		.global	OSTCBPrioTbl
 179              		.section	.bss.OSTCBPrioTbl,"aw",%nobits
 180              		.align	2
 183              	OSTCBPrioTbl:
 184 0000 00000000 		.space	256
 184      00000000 
 184      00000000 
 184      00000000 
 184      00000000 
 185              		.global	OSTCBTbl
 186              		.section	.bss.OSTCBTbl,"aw",%nobits
 187              		.align	2
 190              	OSTCBTbl:
 191 0000 00000000 		.space	2024
 191      00000000 
 191      00000000 
 191      00000000 
 191      00000000 
 192              		.global	OSTickStepState
 193              		.section	.bss.OSTickStepState,"aw",%nobits
 196              	OSTickStepState:
 197 0000 00       		.space	1
 198              		.global	OSMemFreeList
 199              		.section	.bss.OSMemFreeList,"aw",%nobits
 200              		.align	2
ARM GAS  /var/folders/yl/_q9l42k90g1g4mdhbs226msm0000gn/T//ccIcJZe8.s 			page 4


 203              	OSMemFreeList:
 204 0000 00000000 		.space	4
 205              		.global	OSMemTbl
 206              		.section	.bss.OSMemTbl,"aw",%nobits
 207              		.align	2
 210              	OSMemTbl:
 211 0000 00000000 		.space	120
 211      00000000 
 211      00000000 
 211      00000000 
 211      00000000 
 212              		.global	OSQFreeList
 213              		.section	.bss.OSQFreeList,"aw",%nobits
 214              		.align	2
 217              	OSQFreeList:
 218 0000 00000000 		.space	4
 219              		.global	OSQTbl
 220              		.section	.bss.OSQTbl,"aw",%nobits
 221              		.align	2
 224              	OSQTbl:
 225 0000 00000000 		.space	96
 225      00000000 
 225      00000000 
 225      00000000 
 225      00000000 
 226              		.global	OSTaskRegNextAvailID
 227              		.section	.bss.OSTaskRegNextAvailID,"aw",%nobits
 230              	OSTaskRegNextAvailID:
 231 0000 00       		.space	1
 232              		.global	OSTime
 233              		.section	.bss.OSTime,"aw",%nobits
 234              		.align	2
 237              	OSTime:
 238 0000 00000000 		.space	4
 239              		.global	OSTmrFree
 240              		.section	.bss.OSTmrFree,"aw",%nobits
 241              		.align	1
 244              	OSTmrFree:
 245 0000 0000     		.space	2
 246              		.global	OSTmrUsed
 247              		.section	.bss.OSTmrUsed,"aw",%nobits
 248              		.align	1
 251              	OSTmrUsed:
 252 0000 0000     		.space	2
 253              		.global	OSTmrTime
 254              		.section	.bss.OSTmrTime,"aw",%nobits
 255              		.align	2
 258              	OSTmrTime:
 259 0000 00000000 		.space	4
 260              		.global	OSTmrSem
 261              		.section	.bss.OSTmrSem,"aw",%nobits
 262              		.align	2
 265              	OSTmrSem:
 266 0000 00000000 		.space	4
 267              		.global	OSTmrSemSignal
 268              		.section	.bss.OSTmrSemSignal,"aw",%nobits
 269              		.align	2
ARM GAS  /var/folders/yl/_q9l42k90g1g4mdhbs226msm0000gn/T//ccIcJZe8.s 			page 5


 272              	OSTmrSemSignal:
 273 0000 00000000 		.space	4
 274              		.global	OSTmrTbl
 275              		.section	.bss.OSTmrTbl,"aw",%nobits
 276              		.align	2
 279              	OSTmrTbl:
 280 0000 00000000 		.space	640
 280      00000000 
 280      00000000 
 280      00000000 
 280      00000000 
 281              		.global	OSTmrFreeList
 282              		.section	.bss.OSTmrFreeList,"aw",%nobits
 283              		.align	2
 286              	OSTmrFreeList:
 287 0000 00000000 		.space	4
 288              		.global	OSTmrTaskStk
 289              		.section	.bss.OSTmrTaskStk,"aw",%nobits
 290              		.align	2
 293              	OSTmrTaskStk:
 294 0000 00000000 		.space	512
 294      00000000 
 294      00000000 
 294      00000000 
 294      00000000 
 295              		.global	OSTmrWheelTbl
 296              		.section	.bss.OSTmrWheelTbl,"aw",%nobits
 297              		.align	2
 300              	OSTmrWheelTbl:
 301 0000 00000000 		.space	56
 301      00000000 
 301      00000000 
 301      00000000 
 301      00000000 
 302              		.global	OSUnMapTbl
 303              		.section	.rodata.OSUnMapTbl,"a"
 304              		.align	2
 307              	OSUnMapTbl:
 308 0000 00000100 		.ascii	"\000\000\001\000\002\000\001\000\003\000\001\000\002"
 308      02000100 
 308      03000100 
 308      02
 309 000d 00010004 		.ascii	"\000\001\000\004\000\001\000\002\000\001\000\003\000"
 309      00010002 
 309      00010003 
 309      00
 310 001a 01000200 		.ascii	"\001\000\002\000\001\000\005\000\001\000\002\000\001"
 310      01000500 
 310      01000200 
 310      01
 311 0027 00030001 		.ascii	"\000\003\000\001\000\002\000\001\000\004\000\001\000"
 311      00020001 
 311      00040001 
 311      00
 312 0034 02000100 		.ascii	"\002\000\001\000\003\000\001\000\002\000\001\000\006"
 312      03000100 
 312      02000100 
ARM GAS  /var/folders/yl/_q9l42k90g1g4mdhbs226msm0000gn/T//ccIcJZe8.s 			page 6


 312      06
 313 0041 00010002 		.ascii	"\000\001\000\002\000\001\000\003\000\001\000\002\000"
 313      00010003 
 313      00010002 
 313      00
 314 004e 01000400 		.ascii	"\001\000\004\000\001\000\002\000\001\000\003\000\001"
 314      01000200 
 314      01000300 
 314      01
 315 005b 00020001 		.ascii	"\000\002\000\001\000\005\000\001\000\002\000\001\000"
 315      00050001 
 315      00020001 
 315      00
 316 0068 03000100 		.ascii	"\003\000\001\000\002\000\001\000\004\000\001\000\002"
 316      02000100 
 316      04000100 
 316      02
 317 0075 00010003 		.ascii	"\000\001\000\003\000\001\000\002\000\001\000\007\000"
 317      00010002 
 317      00010007 
 317      00
 318 0082 01000200 		.ascii	"\001\000\002\000\001\000\003\000\001\000\002\000\001"
 318      01000300 
 318      01000200 
 318      01
 319 008f 00040001 		.ascii	"\000\004\000\001\000\002\000\001\000\003\000\001\000"
 319      00020001 
 319      00030001 
 319      00
 320 009c 02000100 		.ascii	"\002\000\001\000\005\000\001\000\002\000\001\000\003"
 320      05000100 
 320      02000100 
 320      03
 321 00a9 00010002 		.ascii	"\000\001\000\002\000\001\000\004\000\001\000\002\000"
 321      00010004 
 321      00010002 
 321      00
 322 00b6 01000300 		.ascii	"\001\000\003\000\001\000\002\000\001\000\006\000\001"
 322      01000200 
 322      01000600 
 322      01
 323 00c3 00020001 		.ascii	"\000\002\000\001\000\003\000\001\000\002\000\001\000"
 323      00030001 
 323      00020001 
 323      00
 324 00d0 04000100 		.ascii	"\004\000\001\000\002\000\001\000\003\000\001\000\002"
 324      02000100 
 324      03000100 
 324      02
 325 00dd 00010005 		.ascii	"\000\001\000\005\000\001\000\002\000\001\000\003\000"
 325      00010002 
 325      00010003 
 325      00
 326 00ea 01000200 		.ascii	"\001\000\002\000\001\000\004\000\001\000\002\000\001"
 326      01000400 
 326      01000200 
 326      01
ARM GAS  /var/folders/yl/_q9l42k90g1g4mdhbs226msm0000gn/T//ccIcJZe8.s 			page 7


 327 00f7 00030001 		.ascii	"\000\003\000\001\000\002\000\001\000"
 327      00020001 
 327      00
 328              		.section	.text.OSEventNameGet,"ax",%progbits
 329              		.align	1
 330              		.global	OSEventNameGet
 331              		.syntax unified
 332              		.thumb
 333              		.thumb_func
 335              	OSEventNameGet:
 336              	.LFB3:
 337              		.file 1 "./ucOSII/Core/os_core.c"
   1:./ucOSII/Core/os_core.c **** /*
   2:./ucOSII/Core/os_core.c **** ***************************************************************************************************
   3:./ucOSII/Core/os_core.c **** *                                              uC/OS-II
   4:./ucOSII/Core/os_core.c **** *                                        The Real-Time Kernel
   5:./ucOSII/Core/os_core.c **** *
   6:./ucOSII/Core/os_core.c **** *                    Copyright 1992-2021 Silicon Laboratories Inc. www.silabs.com
   7:./ucOSII/Core/os_core.c **** *
   8:./ucOSII/Core/os_core.c **** *                                 SPDX-License-Identifier: APACHE-2.0
   9:./ucOSII/Core/os_core.c **** *
  10:./ucOSII/Core/os_core.c **** *               This software is subject to an open source license and is distributed by
  11:./ucOSII/Core/os_core.c **** *                Silicon Laboratories Inc. pursuant to the terms of the Apache License,
  12:./ucOSII/Core/os_core.c **** *                    Version 2.0 available at www.apache.org/licenses/LICENSE-2.0.
  13:./ucOSII/Core/os_core.c **** *
  14:./ucOSII/Core/os_core.c **** ***************************************************************************************************
  15:./ucOSII/Core/os_core.c **** */
  16:./ucOSII/Core/os_core.c **** 
  17:./ucOSII/Core/os_core.c **** 
  18:./ucOSII/Core/os_core.c **** /*
  19:./ucOSII/Core/os_core.c **** ***************************************************************************************************
  20:./ucOSII/Core/os_core.c **** *
  21:./ucOSII/Core/os_core.c **** *                                            CORE FUNCTIONS
  22:./ucOSII/Core/os_core.c **** *
  23:./ucOSII/Core/os_core.c **** * Filename : os_core.c
  24:./ucOSII/Core/os_core.c **** * Version  : V2.93.01
  25:./ucOSII/Core/os_core.c **** ***************************************************************************************************
  26:./ucOSII/Core/os_core.c **** */
  27:./ucOSII/Core/os_core.c **** 
  28:./ucOSII/Core/os_core.c **** #ifndef  OS_CORE_C
  29:./ucOSII/Core/os_core.c **** #define  OS_CORE_C
  30:./ucOSII/Core/os_core.c **** 
  31:./ucOSII/Core/os_core.c **** #define  MICRIUM_SOURCE
  32:./ucOSII/Core/os_core.c **** 
  33:./ucOSII/Core/os_core.c **** #ifndef  OS_MASTER_FILE
  34:./ucOSII/Core/os_core.c **** #define  OS_GLOBALS
  35:./ucOSII/Core/os_core.c **** #include <ucos_ii.h>
  36:./ucOSII/Core/os_core.c **** #endif
  37:./ucOSII/Core/os_core.c **** 
  38:./ucOSII/Core/os_core.c **** /*
  39:./ucOSII/Core/os_core.c **** ***************************************************************************************************
  40:./ucOSII/Core/os_core.c **** *                                      PRIORITY RESOLUTION TABLE
  41:./ucOSII/Core/os_core.c **** *
  42:./ucOSII/Core/os_core.c **** * Note: Index into table is bit pattern to resolve highest priority
  43:./ucOSII/Core/os_core.c **** *       Indexed value corresponds to highest priority bit position (i.e. 0..7)
  44:./ucOSII/Core/os_core.c **** ***************************************************************************************************
  45:./ucOSII/Core/os_core.c **** */
ARM GAS  /var/folders/yl/_q9l42k90g1g4mdhbs226msm0000gn/T//ccIcJZe8.s 			page 8


  46:./ucOSII/Core/os_core.c **** 
  47:./ucOSII/Core/os_core.c **** INT8U  const  OSUnMapTbl[256] = {
  48:./ucOSII/Core/os_core.c ****     0u, 0u, 1u, 0u, 2u, 0u, 1u, 0u, 3u, 0u, 1u, 0u, 2u, 0u, 1u, 0u, /* 0x00 to 0x0F                
  49:./ucOSII/Core/os_core.c ****     4u, 0u, 1u, 0u, 2u, 0u, 1u, 0u, 3u, 0u, 1u, 0u, 2u, 0u, 1u, 0u, /* 0x10 to 0x1F                
  50:./ucOSII/Core/os_core.c ****     5u, 0u, 1u, 0u, 2u, 0u, 1u, 0u, 3u, 0u, 1u, 0u, 2u, 0u, 1u, 0u, /* 0x20 to 0x2F                
  51:./ucOSII/Core/os_core.c ****     4u, 0u, 1u, 0u, 2u, 0u, 1u, 0u, 3u, 0u, 1u, 0u, 2u, 0u, 1u, 0u, /* 0x30 to 0x3F                
  52:./ucOSII/Core/os_core.c ****     6u, 0u, 1u, 0u, 2u, 0u, 1u, 0u, 3u, 0u, 1u, 0u, 2u, 0u, 1u, 0u, /* 0x40 to 0x4F                
  53:./ucOSII/Core/os_core.c ****     4u, 0u, 1u, 0u, 2u, 0u, 1u, 0u, 3u, 0u, 1u, 0u, 2u, 0u, 1u, 0u, /* 0x50 to 0x5F                
  54:./ucOSII/Core/os_core.c ****     5u, 0u, 1u, 0u, 2u, 0u, 1u, 0u, 3u, 0u, 1u, 0u, 2u, 0u, 1u, 0u, /* 0x60 to 0x6F                
  55:./ucOSII/Core/os_core.c ****     4u, 0u, 1u, 0u, 2u, 0u, 1u, 0u, 3u, 0u, 1u, 0u, 2u, 0u, 1u, 0u, /* 0x70 to 0x7F                
  56:./ucOSII/Core/os_core.c ****     7u, 0u, 1u, 0u, 2u, 0u, 1u, 0u, 3u, 0u, 1u, 0u, 2u, 0u, 1u, 0u, /* 0x80 to 0x8F                
  57:./ucOSII/Core/os_core.c ****     4u, 0u, 1u, 0u, 2u, 0u, 1u, 0u, 3u, 0u, 1u, 0u, 2u, 0u, 1u, 0u, /* 0x90 to 0x9F                
  58:./ucOSII/Core/os_core.c ****     5u, 0u, 1u, 0u, 2u, 0u, 1u, 0u, 3u, 0u, 1u, 0u, 2u, 0u, 1u, 0u, /* 0xA0 to 0xAF                
  59:./ucOSII/Core/os_core.c ****     4u, 0u, 1u, 0u, 2u, 0u, 1u, 0u, 3u, 0u, 1u, 0u, 2u, 0u, 1u, 0u, /* 0xB0 to 0xBF                
  60:./ucOSII/Core/os_core.c ****     6u, 0u, 1u, 0u, 2u, 0u, 1u, 0u, 3u, 0u, 1u, 0u, 2u, 0u, 1u, 0u, /* 0xC0 to 0xCF                
  61:./ucOSII/Core/os_core.c ****     4u, 0u, 1u, 0u, 2u, 0u, 1u, 0u, 3u, 0u, 1u, 0u, 2u, 0u, 1u, 0u, /* 0xD0 to 0xDF                
  62:./ucOSII/Core/os_core.c ****     5u, 0u, 1u, 0u, 2u, 0u, 1u, 0u, 3u, 0u, 1u, 0u, 2u, 0u, 1u, 0u, /* 0xE0 to 0xEF                
  63:./ucOSII/Core/os_core.c ****     4u, 0u, 1u, 0u, 2u, 0u, 1u, 0u, 3u, 0u, 1u, 0u, 2u, 0u, 1u, 0u  /* 0xF0 to 0xFF                
  64:./ucOSII/Core/os_core.c **** };
  65:./ucOSII/Core/os_core.c **** 
  66:./ucOSII/Core/os_core.c **** 
  67:./ucOSII/Core/os_core.c **** /*
  68:./ucOSII/Core/os_core.c **** ***************************************************************************************************
  69:./ucOSII/Core/os_core.c **** *                                         FUNCTION PROTOTYPES
  70:./ucOSII/Core/os_core.c **** ***************************************************************************************************
  71:./ucOSII/Core/os_core.c **** */
  72:./ucOSII/Core/os_core.c **** 
  73:./ucOSII/Core/os_core.c **** static  void  OS_InitEventList(void);
  74:./ucOSII/Core/os_core.c **** 
  75:./ucOSII/Core/os_core.c **** static  void  OS_InitMisc(void);
  76:./ucOSII/Core/os_core.c **** 
  77:./ucOSII/Core/os_core.c **** static  void  OS_InitRdyList(void);
  78:./ucOSII/Core/os_core.c **** 
  79:./ucOSII/Core/os_core.c **** static  void  OS_InitTaskIdle(void);
  80:./ucOSII/Core/os_core.c **** 
  81:./ucOSII/Core/os_core.c **** #if OS_TASK_STAT_EN > 0u
  82:./ucOSII/Core/os_core.c **** static  void  OS_InitTaskStat(void);
  83:./ucOSII/Core/os_core.c **** #endif
  84:./ucOSII/Core/os_core.c **** 
  85:./ucOSII/Core/os_core.c **** static  void  OS_InitTCBList(void);
  86:./ucOSII/Core/os_core.c **** 
  87:./ucOSII/Core/os_core.c **** static  void  OS_SchedNew(void);
  88:./ucOSII/Core/os_core.c **** 
  89:./ucOSII/Core/os_core.c **** 
  90:./ucOSII/Core/os_core.c **** /*
  91:./ucOSII/Core/os_core.c **** ***************************************************************************************************
  92:./ucOSII/Core/os_core.c **** *                        GET THE NAME OF A SEMAPHORE, MUTEX, MAILBOX or QUEUE
  93:./ucOSII/Core/os_core.c **** *
  94:./ucOSII/Core/os_core.c **** * Description: This function is used to obtain the name assigned to a semaphore, mutex, mailbox or 
  95:./ucOSII/Core/os_core.c **** *
  96:./ucOSII/Core/os_core.c **** * Arguments  : pevent    is a pointer to the event group.  'pevent' can point either to a semaphore
  97:./ucOSII/Core/os_core.c **** *                        a mutex, a mailbox or a queue.  Where this function is concerned, the actu
  98:./ucOSII/Core/os_core.c **** *                        type is irrelevant.
  99:./ucOSII/Core/os_core.c **** *
 100:./ucOSII/Core/os_core.c **** *              pname     is a pointer to a pointer to an ASCII string that will receive the name of
 101:./ucOSII/Core/os_core.c **** *                        mutex, mailbox or queue.
 102:./ucOSII/Core/os_core.c **** *
ARM GAS  /var/folders/yl/_q9l42k90g1g4mdhbs226msm0000gn/T//ccIcJZe8.s 			page 9


 103:./ucOSII/Core/os_core.c **** *              perr      is a pointer to an error code that can contain one of the following values
 104:./ucOSII/Core/os_core.c **** *
 105:./ucOSII/Core/os_core.c **** *                        OS_ERR_NONE                if the name was copied to 'pname'
 106:./ucOSII/Core/os_core.c **** *                        OS_ERR_EVENT_TYPE          if 'pevent' is not pointing to the proper event
 107:./ucOSII/Core/os_core.c **** *                                                   control block type.
 108:./ucOSII/Core/os_core.c **** *                        OS_ERR_PNAME_NULL          You passed a NULL pointer for 'pname'
 109:./ucOSII/Core/os_core.c **** *                        OS_ERR_PEVENT_NULL         if you passed a NULL pointer for 'pevent'
 110:./ucOSII/Core/os_core.c **** *                        OS_ERR_NAME_GET_ISR        if you are trying to call this function from an
 111:./ucOSII/Core/os_core.c **** *
 112:./ucOSII/Core/os_core.c **** * Returns    : The length of the string or 0 if the 'pevent' is a NULL pointer.
 113:./ucOSII/Core/os_core.c **** ***************************************************************************************************
 114:./ucOSII/Core/os_core.c **** */
 115:./ucOSII/Core/os_core.c **** 
 116:./ucOSII/Core/os_core.c **** #if (OS_EVENT_EN) && (OS_EVENT_NAME_EN > 0u)
 117:./ucOSII/Core/os_core.c **** INT8U  OSEventNameGet (OS_EVENT   *pevent,
 118:./ucOSII/Core/os_core.c ****                        INT8U     **pname,
 119:./ucOSII/Core/os_core.c ****                        INT8U      *perr)
 120:./ucOSII/Core/os_core.c **** {
 338              		.loc 1 120 1
 339              		.cfi_startproc
 340              		@ args = 0, pretend = 0, frame = 24
 341              		@ frame_needed = 1, uses_anonymous_args = 0
 342 0000 80B5     		push	{r7, lr}
 343              	.LCFI0:
 344              		.cfi_def_cfa_offset 8
 345              		.cfi_offset 7, -8
 346              		.cfi_offset 14, -4
 347 0002 86B0     		sub	sp, sp, #24
 348              	.LCFI1:
 349              		.cfi_def_cfa_offset 32
 350 0004 00AF     		add	r7, sp, #0
 351              	.LCFI2:
 352              		.cfi_def_cfa_register 7
 353 0006 F860     		str	r0, [r7, #12]
 354 0008 B960     		str	r1, [r7, #8]
 355 000a 7A60     		str	r2, [r7, #4]
 121:./ucOSII/Core/os_core.c ****     INT8U      len;
 122:./ucOSII/Core/os_core.c **** #if OS_CRITICAL_METHOD == 3u                     /* Allocate storage for CPU status register       
 123:./ucOSII/Core/os_core.c ****     OS_CPU_SR  cpu_sr = 0u;
 356              		.loc 1 123 16
 357 000c 0023     		movs	r3, #0
 358 000e 7B61     		str	r3, [r7, #20]
 124:./ucOSII/Core/os_core.c **** #endif
 125:./ucOSII/Core/os_core.c **** 
 126:./ucOSII/Core/os_core.c **** 
 127:./ucOSII/Core/os_core.c **** 
 128:./ucOSII/Core/os_core.c **** #ifdef OS_SAFETY_CRITICAL
 129:./ucOSII/Core/os_core.c ****     if (perr == (INT8U *)0) {
 130:./ucOSII/Core/os_core.c ****         OS_SAFETY_CRITICAL_EXCEPTION();
 131:./ucOSII/Core/os_core.c ****         return (0u);
 132:./ucOSII/Core/os_core.c ****     }
 133:./ucOSII/Core/os_core.c **** #endif
 134:./ucOSII/Core/os_core.c **** 
 135:./ucOSII/Core/os_core.c **** #if OS_ARG_CHK_EN > 0u
 136:./ucOSII/Core/os_core.c ****     if (pevent == (OS_EVENT *)0) {               /* Is 'pevent' a NULL pointer?                    
 359              		.loc 1 136 8
 360 0010 FB68     		ldr	r3, [r7, #12]
ARM GAS  /var/folders/yl/_q9l42k90g1g4mdhbs226msm0000gn/T//ccIcJZe8.s 			page 10


 361 0012 002B     		cmp	r3, #0
 362 0014 04D1     		bne	.L2
 137:./ucOSII/Core/os_core.c ****         *perr = OS_ERR_PEVENT_NULL;
 363              		.loc 1 137 15
 364 0016 7B68     		ldr	r3, [r7, #4]
 365 0018 0422     		movs	r2, #4
 366 001a 1A70     		strb	r2, [r3]
 138:./ucOSII/Core/os_core.c ****         return (0u);
 367              		.loc 1 138 16
 368 001c 0023     		movs	r3, #0
 369 001e 31E0     		b	.L3
 370              	.L2:
 139:./ucOSII/Core/os_core.c ****     }
 140:./ucOSII/Core/os_core.c ****     if (pname == (INT8U **)0) {                   /* Is 'pname' a NULL pointer?                    
 371              		.loc 1 140 8
 372 0020 BB68     		ldr	r3, [r7, #8]
 373 0022 002B     		cmp	r3, #0
 374 0024 04D1     		bne	.L4
 141:./ucOSII/Core/os_core.c ****         *perr = OS_ERR_PNAME_NULL;
 375              		.loc 1 141 15
 376 0026 7B68     		ldr	r3, [r7, #4]
 377 0028 0C22     		movs	r2, #12
 378 002a 1A70     		strb	r2, [r3]
 142:./ucOSII/Core/os_core.c ****         return (0u);
 379              		.loc 1 142 16
 380 002c 0023     		movs	r3, #0
 381 002e 29E0     		b	.L3
 382              	.L4:
 143:./ucOSII/Core/os_core.c ****     }
 144:./ucOSII/Core/os_core.c **** #endif
 145:./ucOSII/Core/os_core.c ****     if (OSIntNesting > 0u) {                     /* See if trying to call from an ISR              
 383              		.loc 1 145 22
 384 0030 164B     		ldr	r3, .L10
 385 0032 1B78     		ldrb	r3, [r3]	@ zero_extendqisi2
 386              		.loc 1 145 8
 387 0034 002B     		cmp	r3, #0
 388 0036 04D0     		beq	.L5
 146:./ucOSII/Core/os_core.c ****         *perr  = OS_ERR_NAME_GET_ISR;
 389              		.loc 1 146 16
 390 0038 7B68     		ldr	r3, [r7, #4]
 391 003a 1122     		movs	r2, #17
 392 003c 1A70     		strb	r2, [r3]
 147:./ucOSII/Core/os_core.c ****         return (0u);
 393              		.loc 1 147 16
 394 003e 0023     		movs	r3, #0
 395 0040 20E0     		b	.L3
 396              	.L5:
 148:./ucOSII/Core/os_core.c ****     }
 149:./ucOSII/Core/os_core.c ****     switch (pevent->OSEventType) {
 397              		.loc 1 149 19
 398 0042 FB68     		ldr	r3, [r7, #12]
 399 0044 1B78     		ldrb	r3, [r3]	@ zero_extendqisi2
 400 0046 013B     		subs	r3, r3, #1
 401              		.loc 1 149 5
 402 0048 032B     		cmp	r3, #3
 403 004a 04D9     		bls	.L9
 150:./ucOSII/Core/os_core.c ****         case OS_EVENT_TYPE_SEM:
ARM GAS  /var/folders/yl/_q9l42k90g1g4mdhbs226msm0000gn/T//ccIcJZe8.s 			page 11


 151:./ucOSII/Core/os_core.c ****         case OS_EVENT_TYPE_MUTEX:
 152:./ucOSII/Core/os_core.c ****         case OS_EVENT_TYPE_MBOX:
 153:./ucOSII/Core/os_core.c ****         case OS_EVENT_TYPE_Q:
 154:./ucOSII/Core/os_core.c ****              break;
 155:./ucOSII/Core/os_core.c **** 
 156:./ucOSII/Core/os_core.c ****         default:
 157:./ucOSII/Core/os_core.c ****              *perr = OS_ERR_EVENT_TYPE;
 404              		.loc 1 157 20
 405 004c 7B68     		ldr	r3, [r7, #4]
 406 004e 0122     		movs	r2, #1
 407 0050 1A70     		strb	r2, [r3]
 158:./ucOSII/Core/os_core.c ****              return (0u);
 408              		.loc 1 158 21
 409 0052 0023     		movs	r3, #0
 410 0054 16E0     		b	.L3
 411              	.L9:
 154:./ucOSII/Core/os_core.c **** 
 412              		.loc 1 154 14
 413 0056 00BF     		nop
 159:./ucOSII/Core/os_core.c ****     }
 160:./ucOSII/Core/os_core.c ****     OS_ENTER_CRITICAL();
 414              		.loc 1 160 5
 415 0058 4020     		movs	r0, #64
 416 005a FFF7FEFF 		bl	OS_CPU_SR_Save
 417 005e 7861     		str	r0, [r7, #20]
 161:./ucOSII/Core/os_core.c ****     *pname = pevent->OSEventName;
 418              		.loc 1 161 20
 419 0060 FB68     		ldr	r3, [r7, #12]
 420 0062 5A69     		ldr	r2, [r3, #20]
 421              		.loc 1 161 12
 422 0064 BB68     		ldr	r3, [r7, #8]
 423 0066 1A60     		str	r2, [r3]
 162:./ucOSII/Core/os_core.c ****     len    = OS_StrLen(*pname);
 424              		.loc 1 162 14
 425 0068 BB68     		ldr	r3, [r7, #8]
 426 006a 1B68     		ldr	r3, [r3]
 427 006c 1846     		mov	r0, r3
 428 006e FFF7FEFF 		bl	OS_StrLen
 429 0072 0346     		mov	r3, r0
 430 0074 FB74     		strb	r3, [r7, #19]
 163:./ucOSII/Core/os_core.c ****     OS_EXIT_CRITICAL();
 431              		.loc 1 163 5
 432 0076 7869     		ldr	r0, [r7, #20]
 433 0078 FFF7FEFF 		bl	OS_CPU_SR_Restore
 164:./ucOSII/Core/os_core.c ****     *perr  = OS_ERR_NONE;
 434              		.loc 1 164 12
 435 007c 7B68     		ldr	r3, [r7, #4]
 436 007e 0022     		movs	r2, #0
 437 0080 1A70     		strb	r2, [r3]
 165:./ucOSII/Core/os_core.c ****     return (len);
 438              		.loc 1 165 12
 439 0082 FB7C     		ldrb	r3, [r7, #19]	@ zero_extendqisi2
 440              	.L3:
 166:./ucOSII/Core/os_core.c **** }
 441              		.loc 1 166 1
 442 0084 1846     		mov	r0, r3
 443 0086 1837     		adds	r7, r7, #24
ARM GAS  /var/folders/yl/_q9l42k90g1g4mdhbs226msm0000gn/T//ccIcJZe8.s 			page 12


 444              	.LCFI3:
 445              		.cfi_def_cfa_offset 8
 446 0088 BD46     		mov	sp, r7
 447              	.LCFI4:
 448              		.cfi_def_cfa_register 13
 449              		@ sp needed
 450 008a 80BD     		pop	{r7, pc}
 451              	.L11:
 452              		.align	2
 453              	.L10:
 454 008c 00000000 		.word	OSIntNesting
 455              		.cfi_endproc
 456              	.LFE3:
 458              		.section	.text.OSEventNameSet,"ax",%progbits
 459              		.align	1
 460              		.global	OSEventNameSet
 461              		.syntax unified
 462              		.thumb
 463              		.thumb_func
 465              	OSEventNameSet:
 466              	.LFB4:
 167:./ucOSII/Core/os_core.c **** #endif
 168:./ucOSII/Core/os_core.c **** 
 169:./ucOSII/Core/os_core.c **** 
 170:./ucOSII/Core/os_core.c **** /*
 171:./ucOSII/Core/os_core.c **** ***************************************************************************************************
 172:./ucOSII/Core/os_core.c **** *                        ASSIGN A NAME TO A SEMAPHORE, MUTEX, MAILBOX or QUEUE
 173:./ucOSII/Core/os_core.c **** *
 174:./ucOSII/Core/os_core.c **** * Description: This function assigns a name to a semaphore, mutex, mailbox or queue.
 175:./ucOSII/Core/os_core.c **** *
 176:./ucOSII/Core/os_core.c **** * Arguments  : pevent    is a pointer to the event group.  'pevent' can point either to a semaphore
 177:./ucOSII/Core/os_core.c **** *                        a mutex, a mailbox or a queue.  Where this function is concerned, it doesn
 178:./ucOSII/Core/os_core.c **** *                        matter the actual type.
 179:./ucOSII/Core/os_core.c **** *
 180:./ucOSII/Core/os_core.c **** *              pname     is a pointer to an ASCII string that will be used as the name of the semap
 181:./ucOSII/Core/os_core.c **** *                        mutex, mailbox or queue.
 182:./ucOSII/Core/os_core.c **** *
 183:./ucOSII/Core/os_core.c **** *              perr      is a pointer to an error code that can contain one of the following values
 184:./ucOSII/Core/os_core.c **** *
 185:./ucOSII/Core/os_core.c **** *                        OS_ERR_NONE                if the requested task is resumed
 186:./ucOSII/Core/os_core.c **** *                        OS_ERR_EVENT_TYPE          if 'pevent' is not pointing to the proper event
 187:./ucOSII/Core/os_core.c **** *                                                   control block type.
 188:./ucOSII/Core/os_core.c **** *                        OS_ERR_PNAME_NULL          You passed a NULL pointer for 'pname'
 189:./ucOSII/Core/os_core.c **** *                        OS_ERR_PEVENT_NULL         if you passed a NULL pointer for 'pevent'
 190:./ucOSII/Core/os_core.c **** *                        OS_ERR_NAME_SET_ISR        if you called this function from an ISR
 191:./ucOSII/Core/os_core.c **** *
 192:./ucOSII/Core/os_core.c **** * Returns    : None
 193:./ucOSII/Core/os_core.c **** ***************************************************************************************************
 194:./ucOSII/Core/os_core.c **** */
 195:./ucOSII/Core/os_core.c **** 
 196:./ucOSII/Core/os_core.c **** #if (OS_EVENT_EN) && (OS_EVENT_NAME_EN > 0u)
 197:./ucOSII/Core/os_core.c **** void  OSEventNameSet (OS_EVENT  *pevent,
 198:./ucOSII/Core/os_core.c ****                       INT8U     *pname,
 199:./ucOSII/Core/os_core.c ****                       INT8U     *perr)
 200:./ucOSII/Core/os_core.c **** {
 467              		.loc 1 200 1
 468              		.cfi_startproc
ARM GAS  /var/folders/yl/_q9l42k90g1g4mdhbs226msm0000gn/T//ccIcJZe8.s 			page 13


 469              		@ args = 0, pretend = 0, frame = 24
 470              		@ frame_needed = 1, uses_anonymous_args = 0
 471 0000 80B5     		push	{r7, lr}
 472              	.LCFI5:
 473              		.cfi_def_cfa_offset 8
 474              		.cfi_offset 7, -8
 475              		.cfi_offset 14, -4
 476 0002 86B0     		sub	sp, sp, #24
 477              	.LCFI6:
 478              		.cfi_def_cfa_offset 32
 479 0004 00AF     		add	r7, sp, #0
 480              	.LCFI7:
 481              		.cfi_def_cfa_register 7
 482 0006 F860     		str	r0, [r7, #12]
 483 0008 B960     		str	r1, [r7, #8]
 484 000a 7A60     		str	r2, [r7, #4]
 201:./ucOSII/Core/os_core.c **** #if OS_CRITICAL_METHOD == 3u                     /* Allocate storage for CPU status register       
 202:./ucOSII/Core/os_core.c ****     OS_CPU_SR  cpu_sr = 0u;
 485              		.loc 1 202 16
 486 000c 0023     		movs	r3, #0
 487 000e 7B61     		str	r3, [r7, #20]
 203:./ucOSII/Core/os_core.c **** #endif
 204:./ucOSII/Core/os_core.c **** 
 205:./ucOSII/Core/os_core.c **** 
 206:./ucOSII/Core/os_core.c **** 
 207:./ucOSII/Core/os_core.c **** #ifdef OS_SAFETY_CRITICAL
 208:./ucOSII/Core/os_core.c ****     if (perr == (INT8U *)0) {
 209:./ucOSII/Core/os_core.c ****         OS_SAFETY_CRITICAL_EXCEPTION();
 210:./ucOSII/Core/os_core.c ****         return;
 211:./ucOSII/Core/os_core.c ****     }
 212:./ucOSII/Core/os_core.c **** #endif
 213:./ucOSII/Core/os_core.c **** 
 214:./ucOSII/Core/os_core.c **** #if OS_ARG_CHK_EN > 0u
 215:./ucOSII/Core/os_core.c ****     if (pevent == (OS_EVENT *)0) {               /* Is 'pevent' a NULL pointer?                    
 488              		.loc 1 215 8
 489 0010 FB68     		ldr	r3, [r7, #12]
 490 0012 002B     		cmp	r3, #0
 491 0014 03D1     		bne	.L13
 216:./ucOSII/Core/os_core.c ****         *perr = OS_ERR_PEVENT_NULL;
 492              		.loc 1 216 15
 493 0016 7B68     		ldr	r3, [r7, #4]
 494 0018 0422     		movs	r2, #4
 495 001a 1A70     		strb	r2, [r3]
 217:./ucOSII/Core/os_core.c ****         return;
 496              		.loc 1 217 9
 497 001c 30E0     		b	.L12
 498              	.L13:
 218:./ucOSII/Core/os_core.c ****     }
 219:./ucOSII/Core/os_core.c ****     if (pname == (INT8U *)0) {                   /* Is 'pname' a NULL pointer?                     
 499              		.loc 1 219 8
 500 001e BB68     		ldr	r3, [r7, #8]
 501 0020 002B     		cmp	r3, #0
 502 0022 03D1     		bne	.L15
 220:./ucOSII/Core/os_core.c ****         *perr = OS_ERR_PNAME_NULL;
 503              		.loc 1 220 15
 504 0024 7B68     		ldr	r3, [r7, #4]
 505 0026 0C22     		movs	r2, #12
ARM GAS  /var/folders/yl/_q9l42k90g1g4mdhbs226msm0000gn/T//ccIcJZe8.s 			page 14


 506 0028 1A70     		strb	r2, [r3]
 221:./ucOSII/Core/os_core.c ****         return;
 507              		.loc 1 221 9
 508 002a 29E0     		b	.L12
 509              	.L15:
 222:./ucOSII/Core/os_core.c ****     }
 223:./ucOSII/Core/os_core.c **** #endif
 224:./ucOSII/Core/os_core.c ****     if (OSIntNesting > 0u) {                     /* See if trying to call from an ISR              
 510              		.loc 1 224 22
 511 002c 164B     		ldr	r3, .L22
 512 002e 1B78     		ldrb	r3, [r3]	@ zero_extendqisi2
 513              		.loc 1 224 8
 514 0030 002B     		cmp	r3, #0
 515 0032 03D0     		beq	.L16
 225:./ucOSII/Core/os_core.c ****         *perr = OS_ERR_NAME_SET_ISR;
 516              		.loc 1 225 15
 517 0034 7B68     		ldr	r3, [r7, #4]
 518 0036 1222     		movs	r2, #18
 519 0038 1A70     		strb	r2, [r3]
 226:./ucOSII/Core/os_core.c ****         return;
 520              		.loc 1 226 9
 521 003a 21E0     		b	.L12
 522              	.L16:
 227:./ucOSII/Core/os_core.c ****     }
 228:./ucOSII/Core/os_core.c ****     switch (pevent->OSEventType) {
 523              		.loc 1 228 19
 524 003c FB68     		ldr	r3, [r7, #12]
 525 003e 1B78     		ldrb	r3, [r3]	@ zero_extendqisi2
 526 0040 013B     		subs	r3, r3, #1
 527              		.loc 1 228 5
 528 0042 032B     		cmp	r3, #3
 529 0044 03D9     		bls	.L21
 229:./ucOSII/Core/os_core.c ****         case OS_EVENT_TYPE_SEM:
 230:./ucOSII/Core/os_core.c ****         case OS_EVENT_TYPE_MUTEX:
 231:./ucOSII/Core/os_core.c ****         case OS_EVENT_TYPE_MBOX:
 232:./ucOSII/Core/os_core.c ****         case OS_EVENT_TYPE_Q:
 233:./ucOSII/Core/os_core.c ****              break;
 234:./ucOSII/Core/os_core.c **** 
 235:./ucOSII/Core/os_core.c ****         default:
 236:./ucOSII/Core/os_core.c ****              *perr = OS_ERR_EVENT_TYPE;
 530              		.loc 1 236 20
 531 0046 7B68     		ldr	r3, [r7, #4]
 532 0048 0122     		movs	r2, #1
 533 004a 1A70     		strb	r2, [r3]
 237:./ucOSII/Core/os_core.c ****              return;
 534              		.loc 1 237 14
 535 004c 18E0     		b	.L12
 536              	.L21:
 233:./ucOSII/Core/os_core.c **** 
 537              		.loc 1 233 14
 538 004e 00BF     		nop
 238:./ucOSII/Core/os_core.c ****     }
 239:./ucOSII/Core/os_core.c ****     OS_ENTER_CRITICAL();
 539              		.loc 1 239 5
 540 0050 4020     		movs	r0, #64
 541 0052 FFF7FEFF 		bl	OS_CPU_SR_Save
 542 0056 7861     		str	r0, [r7, #20]
ARM GAS  /var/folders/yl/_q9l42k90g1g4mdhbs226msm0000gn/T//ccIcJZe8.s 			page 15


 240:./ucOSII/Core/os_core.c ****     pevent->OSEventName = pname;
 543              		.loc 1 240 25
 544 0058 FB68     		ldr	r3, [r7, #12]
 545 005a BA68     		ldr	r2, [r7, #8]
 546 005c 5A61     		str	r2, [r3, #20]
 241:./ucOSII/Core/os_core.c ****     OS_EXIT_CRITICAL();
 547              		.loc 1 241 5
 548 005e 7869     		ldr	r0, [r7, #20]
 549 0060 FFF7FEFF 		bl	OS_CPU_SR_Restore
 242:./ucOSII/Core/os_core.c ****     OS_TRACE_EVENT_NAME_SET(pevent, pname);
 550              		.loc 1 242 5
 551 0064 FB68     		ldr	r3, [r7, #12]
 552 0066 002B     		cmp	r3, #0
 553 0068 07D0     		beq	.L19
 554              		.loc 1 242 5 is_stmt 0 discriminator 1
 555 006a BB68     		ldr	r3, [r7, #8]
 556 006c 002B     		cmp	r3, #0
 557 006e 04D0     		beq	.L19
 558              		.loc 1 242 5 discriminator 2
 559 0070 FB68     		ldr	r3, [r7, #12]
 560 0072 B968     		ldr	r1, [r7, #8]
 561 0074 1846     		mov	r0, r3
 562 0076 FFF7FEFF 		bl	SYSVIEW_UpdateResource
 563              	.L19:
 243:./ucOSII/Core/os_core.c ****     *perr = OS_ERR_NONE;
 564              		.loc 1 243 11 is_stmt 1
 565 007a 7B68     		ldr	r3, [r7, #4]
 566 007c 0022     		movs	r2, #0
 567 007e 1A70     		strb	r2, [r3]
 568              	.L12:
 244:./ucOSII/Core/os_core.c **** }
 569              		.loc 1 244 1
 570 0080 1837     		adds	r7, r7, #24
 571              	.LCFI8:
 572              		.cfi_def_cfa_offset 8
 573 0082 BD46     		mov	sp, r7
 574              	.LCFI9:
 575              		.cfi_def_cfa_register 13
 576              		@ sp needed
 577 0084 80BD     		pop	{r7, pc}
 578              	.L23:
 579 0086 00BF     		.align	2
 580              	.L22:
 581 0088 00000000 		.word	OSIntNesting
 582              		.cfi_endproc
 583              	.LFE4:
 585              		.section	.text.OSEventPendMulti,"ax",%progbits
 586              		.align	1
 587              		.global	OSEventPendMulti
 588              		.syntax unified
 589              		.thumb
 590              		.thumb_func
 592              	OSEventPendMulti:
 593              	.LFB5:
 245:./ucOSII/Core/os_core.c **** #endif
 246:./ucOSII/Core/os_core.c **** 
 247:./ucOSII/Core/os_core.c **** 
ARM GAS  /var/folders/yl/_q9l42k90g1g4mdhbs226msm0000gn/T//ccIcJZe8.s 			page 16


 248:./ucOSII/Core/os_core.c **** /*
 249:./ucOSII/Core/os_core.c **** ***************************************************************************************************
 250:./ucOSII/Core/os_core.c **** *                                       PEND ON MULTIPLE EVENTS
 251:./ucOSII/Core/os_core.c **** *
 252:./ucOSII/Core/os_core.c **** * Description: This function waits for multiple events.  If multiple events are ready at the start 
 253:./ucOSII/Core/os_core.c **** *              pend call, then all available events are returned as ready.  If the task must pend o
 254:./ucOSII/Core/os_core.c **** *              multiple events, then only the first posted or aborted event is returned as ready.
 255:./ucOSII/Core/os_core.c **** *
 256:./ucOSII/Core/os_core.c **** * Arguments  : pevents_pend  is a pointer to a NULL-terminated array of event control blocks to wai
 257:./ucOSII/Core/os_core.c **** *
 258:./ucOSII/Core/os_core.c **** *              pevents_rdy   is a pointer to an array to return which event control blocks are avai
 259:./ucOSII/Core/os_core.c **** *                            or ready.  The size of the array MUST be greater than or equal to the 
 260:./ucOSII/Core/os_core.c **** *                            of the 'pevents_pend' array, including terminating NULL.
 261:./ucOSII/Core/os_core.c **** *
 262:./ucOSII/Core/os_core.c **** *              pmsgs_rdy     is a pointer to an array to return messages from any available message
 263:./ucOSII/Core/os_core.c **** *                            events.  The size of the array MUST be greater than or equal to the si
 264:./ucOSII/Core/os_core.c **** *                            the 'pevents_pend' array, excluding the terminating NULL.  Since NULL
 265:./ucOSII/Core/os_core.c **** *                            messages are valid messages, this array cannot be NULL-terminated.  In
 266:./ucOSII/Core/os_core.c **** *                            every available message-type event returns its messages in the 'pmsgs_
 267:./ucOSII/Core/os_core.c **** *                            array at the same index as the event is returned in the 'pevents_rdy' 
 268:./ucOSII/Core/os_core.c **** *                            All other 'pmsgs_rdy' array indices are filled with NULL messages.
 269:./ucOSII/Core/os_core.c **** *
 270:./ucOSII/Core/os_core.c **** *              timeout       is an optional timeout period (in clock ticks).  If non-zero, your tas
 271:./ucOSII/Core/os_core.c **** *                            wait for the resources up to the amount of time specified by this argu
 272:./ucOSII/Core/os_core.c **** *                            If you specify 0, however, your task will wait forever for the specifi
 273:./ucOSII/Core/os_core.c **** *                            events or, until the resources becomes available (or the events occur)
 274:./ucOSII/Core/os_core.c **** *
 275:./ucOSII/Core/os_core.c **** *              perr          is a pointer to where an error message will be deposited.  Possible er
 276:./ucOSII/Core/os_core.c **** *                            messages are:
 277:./ucOSII/Core/os_core.c **** *
 278:./ucOSII/Core/os_core.c **** *                            OS_ERR_NONE         The call was successful and your task owns the res
 279:./ucOSII/Core/os_core.c **** *                                                or, the events you are waiting for occurred; check
 280:./ucOSII/Core/os_core.c **** *                                                'pevents_rdy' array for which events are available
 281:./ucOSII/Core/os_core.c **** *                            OS_ERR_PEND_ABORT   The wait on the events was aborted; check the
 282:./ucOSII/Core/os_core.c **** *                                                'pevents_rdy' array for which events were aborted.
 283:./ucOSII/Core/os_core.c **** *                            OS_ERR_TIMEOUT      The events were not received within the specified
 284:./ucOSII/Core/os_core.c **** *                                                'timeout'.
 285:./ucOSII/Core/os_core.c **** *                            OS_ERR_PEVENT_NULL  If 'pevents_pend', 'pevents_rdy', or 'pmsgs_rdy' i
 286:./ucOSII/Core/os_core.c **** *                                                NULL pointer.
 287:./ucOSII/Core/os_core.c **** *                            OS_ERR_EVENT_TYPE   If you didn't pass a pointer to an array of semaph
 288:./ucOSII/Core/os_core.c **** *                                                mailboxes, and/or queues.
 289:./ucOSII/Core/os_core.c **** *                            OS_ERR_PEND_ISR     If you called this function from an ISR and the re
 290:./ucOSII/Core/os_core.c **** *                                                would lead to a suspension.
 291:./ucOSII/Core/os_core.c **** *                            OS_ERR_PEND_LOCKED  If you called this function when the scheduler is 
 292:./ucOSII/Core/os_core.c **** *
 293:./ucOSII/Core/os_core.c **** * Returns    : >  0          the number of events returned as ready or aborted.
 294:./ucOSII/Core/os_core.c **** *              == 0          if no events are returned as ready because of timeout or upon error.
 295:./ucOSII/Core/os_core.c **** *
 296:./ucOSII/Core/os_core.c **** * Notes      : 1) a. Validate 'pevents_pend' array as valid OS_EVENTs :
 297:./ucOSII/Core/os_core.c **** *
 298:./ucOSII/Core/os_core.c **** *                        semaphores, mailboxes, queues
 299:./ucOSII/Core/os_core.c **** *
 300:./ucOSII/Core/os_core.c **** *                 b. Return ALL available events and messages, if any
 301:./ucOSII/Core/os_core.c **** *
 302:./ucOSII/Core/os_core.c **** *                 c. Add    current task priority as pending to   each events's wait list
 303:./ucOSII/Core/os_core.c **** *                      Performed in OS_EventTaskWaitMulti()
 304:./ucOSII/Core/os_core.c **** *
ARM GAS  /var/folders/yl/_q9l42k90g1g4mdhbs226msm0000gn/T//ccIcJZe8.s 			page 17


 305:./ucOSII/Core/os_core.c **** *                 d. Wait on any of multiple events
 306:./ucOSII/Core/os_core.c **** *
 307:./ucOSII/Core/os_core.c **** *                 e. Remove current task priority as pending from each events's wait list
 308:./ucOSII/Core/os_core.c **** *                      Performed in OS_EventTaskRdy(), if events posted or aborted
 309:./ucOSII/Core/os_core.c **** *
 310:./ucOSII/Core/os_core.c **** *                 f. Return any event posted or aborted, if any
 311:./ucOSII/Core/os_core.c **** *                      else
 312:./ucOSII/Core/os_core.c **** *                    Return timeout
 313:./ucOSII/Core/os_core.c **** *
 314:./ucOSII/Core/os_core.c **** *              2) 'pevents_rdy' initialized to NULL PRIOR to all other validation or function handl
 315:./ucOSII/Core/os_core.c **** *                 case of any error(s).
 316:./ucOSII/Core/os_core.c **** ***************************************************************************************************
 317:./ucOSII/Core/os_core.c **** */
 318:./ucOSII/Core/os_core.c **** 
 319:./ucOSII/Core/os_core.c **** #if ((OS_EVENT_EN) && (OS_EVENT_MULTI_EN > 0u))
 320:./ucOSII/Core/os_core.c **** INT16U  OSEventPendMulti (OS_EVENT  **pevents_pend,
 321:./ucOSII/Core/os_core.c ****                           OS_EVENT  **pevents_rdy,
 322:./ucOSII/Core/os_core.c ****                           void      **pmsgs_rdy,
 323:./ucOSII/Core/os_core.c ****                           INT32U      timeout,
 324:./ucOSII/Core/os_core.c ****                           INT8U      *perr)
 325:./ucOSII/Core/os_core.c **** {
 594              		.loc 1 325 1
 595              		.cfi_startproc
 596              		@ args = 4, pretend = 0, frame = 40
 597              		@ frame_needed = 1, uses_anonymous_args = 0
 598 0000 80B5     		push	{r7, lr}
 599              	.LCFI10:
 600              		.cfi_def_cfa_offset 8
 601              		.cfi_offset 7, -8
 602              		.cfi_offset 14, -4
 603 0002 8AB0     		sub	sp, sp, #40
 604              	.LCFI11:
 605              		.cfi_def_cfa_offset 48
 606 0004 00AF     		add	r7, sp, #0
 607              	.LCFI12:
 608              		.cfi_def_cfa_register 7
 609 0006 F860     		str	r0, [r7, #12]
 610 0008 B960     		str	r1, [r7, #8]
 611 000a 7A60     		str	r2, [r7, #4]
 612 000c 3B60     		str	r3, [r7]
 326:./ucOSII/Core/os_core.c ****     OS_EVENT  **pevents;
 327:./ucOSII/Core/os_core.c ****     OS_EVENT   *pevent;
 328:./ucOSII/Core/os_core.c **** #if ((OS_Q_EN > 0u) && (OS_MAX_QS > 0u))
 329:./ucOSII/Core/os_core.c ****     OS_Q       *pq;
 330:./ucOSII/Core/os_core.c **** #endif
 331:./ucOSII/Core/os_core.c ****     BOOLEAN     events_rdy;
 332:./ucOSII/Core/os_core.c ****     INT16U      events_rdy_nbr;
 333:./ucOSII/Core/os_core.c ****     INT8U       events_stat;
 334:./ucOSII/Core/os_core.c **** #if (OS_CRITICAL_METHOD == 3u)                          /* Allocate storage for CPU status register
 335:./ucOSII/Core/os_core.c ****     OS_CPU_SR   cpu_sr = 0u;
 613              		.loc 1 335 17
 614 000e 0023     		movs	r3, #0
 615 0010 7B61     		str	r3, [r7, #20]
 336:./ucOSII/Core/os_core.c **** #endif
 337:./ucOSII/Core/os_core.c **** 
 338:./ucOSII/Core/os_core.c **** 
 339:./ucOSII/Core/os_core.c **** 
ARM GAS  /var/folders/yl/_q9l42k90g1g4mdhbs226msm0000gn/T//ccIcJZe8.s 			page 18


 340:./ucOSII/Core/os_core.c **** #ifdef OS_SAFETY_CRITICAL
 341:./ucOSII/Core/os_core.c ****     if (perr == (INT8U *)0) {
 342:./ucOSII/Core/os_core.c ****         OS_SAFETY_CRITICAL_EXCEPTION();
 343:./ucOSII/Core/os_core.c ****         return (0u);
 344:./ucOSII/Core/os_core.c ****     }
 345:./ucOSII/Core/os_core.c **** #endif
 346:./ucOSII/Core/os_core.c **** 
 347:./ucOSII/Core/os_core.c **** #if (OS_ARG_CHK_EN > 0u)
 348:./ucOSII/Core/os_core.c ****     if (pevents_pend == (OS_EVENT **)0) {               /* Validate 'pevents_pend'                 
 616              		.loc 1 348 8
 617 0012 FB68     		ldr	r3, [r7, #12]
 618 0014 002B     		cmp	r3, #0
 619 0016 04D1     		bne	.L25
 349:./ucOSII/Core/os_core.c ****        *perr =  OS_ERR_PEVENT_NULL;
 620              		.loc 1 349 14
 621 0018 3B6B     		ldr	r3, [r7, #48]
 622 001a 0422     		movs	r2, #4
 623 001c 1A70     		strb	r2, [r3]
 350:./ucOSII/Core/os_core.c ****         return (0u);
 624              		.loc 1 350 16
 625 001e 0023     		movs	r3, #0
 626 0020 ADE1     		b	.L26
 627              	.L25:
 351:./ucOSII/Core/os_core.c ****     }
 352:./ucOSII/Core/os_core.c ****     if (*pevents_pend  == (OS_EVENT *)0) {              /* Validate 'pevents_pend'                 
 628              		.loc 1 352 9
 629 0022 FB68     		ldr	r3, [r7, #12]
 630 0024 1B68     		ldr	r3, [r3]
 631              		.loc 1 352 8
 632 0026 002B     		cmp	r3, #0
 633 0028 04D1     		bne	.L27
 353:./ucOSII/Core/os_core.c ****        *perr =  OS_ERR_PEVENT_NULL;
 634              		.loc 1 353 14
 635 002a 3B6B     		ldr	r3, [r7, #48]
 636 002c 0422     		movs	r2, #4
 637 002e 1A70     		strb	r2, [r3]
 354:./ucOSII/Core/os_core.c ****         return (0u);
 638              		.loc 1 354 16
 639 0030 0023     		movs	r3, #0
 640 0032 A4E1     		b	.L26
 641              	.L27:
 355:./ucOSII/Core/os_core.c ****     }
 356:./ucOSII/Core/os_core.c ****     if (pevents_rdy  == (OS_EVENT **)0) {               /* Validate 'pevents_rdy'                  
 642              		.loc 1 356 8
 643 0034 BB68     		ldr	r3, [r7, #8]
 644 0036 002B     		cmp	r3, #0
 645 0038 04D1     		bne	.L28
 357:./ucOSII/Core/os_core.c ****        *perr =  OS_ERR_PEVENT_NULL;
 646              		.loc 1 357 14
 647 003a 3B6B     		ldr	r3, [r7, #48]
 648 003c 0422     		movs	r2, #4
 649 003e 1A70     		strb	r2, [r3]
 358:./ucOSII/Core/os_core.c ****         return (0u);
 650              		.loc 1 358 16
 651 0040 0023     		movs	r3, #0
 652 0042 9CE1     		b	.L26
 653              	.L28:
ARM GAS  /var/folders/yl/_q9l42k90g1g4mdhbs226msm0000gn/T//ccIcJZe8.s 			page 19


 359:./ucOSII/Core/os_core.c ****     }
 360:./ucOSII/Core/os_core.c ****     if (pmsgs_rdy == (void **)0) {                      /* Validate 'pmsgs_rdy'                    
 654              		.loc 1 360 8
 655 0044 7B68     		ldr	r3, [r7, #4]
 656 0046 002B     		cmp	r3, #0
 657 0048 04D1     		bne	.L29
 361:./ucOSII/Core/os_core.c ****        *perr =  OS_ERR_PEVENT_NULL;
 658              		.loc 1 361 14
 659 004a 3B6B     		ldr	r3, [r7, #48]
 660 004c 0422     		movs	r2, #4
 661 004e 1A70     		strb	r2, [r3]
 362:./ucOSII/Core/os_core.c ****         return (0u);
 662              		.loc 1 362 16
 663 0050 0023     		movs	r3, #0
 664 0052 94E1     		b	.L26
 665              	.L29:
 363:./ucOSII/Core/os_core.c ****     }
 364:./ucOSII/Core/os_core.c **** #endif
 365:./ucOSII/Core/os_core.c **** 
 366:./ucOSII/Core/os_core.c ****    *pevents_rdy = (OS_EVENT *)0;                        /* Init array to NULL in case of errors    
 666              		.loc 1 366 17
 667 0054 BB68     		ldr	r3, [r7, #8]
 668 0056 0022     		movs	r2, #0
 669 0058 1A60     		str	r2, [r3]
 367:./ucOSII/Core/os_core.c **** 
 368:./ucOSII/Core/os_core.c ****     pevents     =  pevents_pend;
 670              		.loc 1 368 17
 671 005a FB68     		ldr	r3, [r7, #12]
 672 005c 7B62     		str	r3, [r7, #36]
 369:./ucOSII/Core/os_core.c ****     pevent      = *pevents;
 673              		.loc 1 369 17
 674 005e 7B6A     		ldr	r3, [r7, #36]
 675 0060 1B68     		ldr	r3, [r3]
 676 0062 3B62     		str	r3, [r7, #32]
 370:./ucOSII/Core/os_core.c ****     while  (pevent != (OS_EVENT *)0) {
 677              		.loc 1 370 12
 678 0064 19E0     		b	.L30
 679              	.L36:
 371:./ucOSII/Core/os_core.c ****         switch (pevent->OSEventType) {                  /* Validate event block types              
 680              		.loc 1 371 23
 681 0066 3B6A     		ldr	r3, [r7, #32]
 682 0068 1B78     		ldrb	r3, [r3]	@ zero_extendqisi2
 683              		.loc 1 371 9
 684 006a 032B     		cmp	r3, #3
 685 006c 0AD0     		beq	.L68
 686 006e 032B     		cmp	r3, #3
 687 0070 03DC     		bgt	.L32
 688 0072 012B     		cmp	r3, #1
 689 0074 08D0     		beq	.L69
 690 0076 022B     		cmp	r3, #2
 691 0078 08D0     		beq	.L70
 692              	.L32:
 372:./ucOSII/Core/os_core.c **** #if (OS_SEM_EN  > 0u)
 373:./ucOSII/Core/os_core.c ****             case OS_EVENT_TYPE_SEM:
 374:./ucOSII/Core/os_core.c ****                  break;
 375:./ucOSII/Core/os_core.c **** #endif
 376:./ucOSII/Core/os_core.c **** #if (OS_MBOX_EN > 0u)
ARM GAS  /var/folders/yl/_q9l42k90g1g4mdhbs226msm0000gn/T//ccIcJZe8.s 			page 20


 377:./ucOSII/Core/os_core.c ****             case OS_EVENT_TYPE_MBOX:
 378:./ucOSII/Core/os_core.c ****                  break;
 379:./ucOSII/Core/os_core.c **** #endif
 380:./ucOSII/Core/os_core.c **** #if ((OS_Q_EN   > 0u) && (OS_MAX_QS > 0u))
 381:./ucOSII/Core/os_core.c ****             case OS_EVENT_TYPE_Q:
 382:./ucOSII/Core/os_core.c ****                  break;
 383:./ucOSII/Core/os_core.c **** #endif
 384:./ucOSII/Core/os_core.c **** 
 385:./ucOSII/Core/os_core.c ****             case OS_EVENT_TYPE_MUTEX:
 386:./ucOSII/Core/os_core.c ****             case OS_EVENT_TYPE_FLAG:
 387:./ucOSII/Core/os_core.c ****             default:
 388:./ucOSII/Core/os_core.c ****                 *perr = OS_ERR_EVENT_TYPE;
 693              		.loc 1 388 23
 694 007a 3B6B     		ldr	r3, [r7, #48]
 695 007c 0122     		movs	r2, #1
 696 007e 1A70     		strb	r2, [r3]
 389:./ucOSII/Core/os_core.c ****                  return (0u);
 697              		.loc 1 389 25
 698 0080 0023     		movs	r3, #0
 699 0082 7CE1     		b	.L26
 700              	.L68:
 374:./ucOSII/Core/os_core.c **** #endif
 701              		.loc 1 374 18
 702 0084 00BF     		nop
 703 0086 02E0     		b	.L35
 704              	.L69:
 378:./ucOSII/Core/os_core.c **** #endif
 705              		.loc 1 378 18
 706 0088 00BF     		nop
 707 008a 00E0     		b	.L35
 708              	.L70:
 382:./ucOSII/Core/os_core.c **** #endif
 709              		.loc 1 382 18
 710 008c 00BF     		nop
 711              	.L35:
 390:./ucOSII/Core/os_core.c ****         }
 391:./ucOSII/Core/os_core.c ****         pevents++;
 712              		.loc 1 391 16
 713 008e 7B6A     		ldr	r3, [r7, #36]
 714 0090 0433     		adds	r3, r3, #4
 715 0092 7B62     		str	r3, [r7, #36]
 392:./ucOSII/Core/os_core.c ****         pevent = *pevents;
 716              		.loc 1 392 16
 717 0094 7B6A     		ldr	r3, [r7, #36]
 718 0096 1B68     		ldr	r3, [r3]
 719 0098 3B62     		str	r3, [r7, #32]
 720              	.L30:
 370:./ucOSII/Core/os_core.c ****         switch (pevent->OSEventType) {                  /* Validate event block types              
 721              		.loc 1 370 12
 722 009a 3B6A     		ldr	r3, [r7, #32]
 723 009c 002B     		cmp	r3, #0
 724 009e E2D1     		bne	.L36
 393:./ucOSII/Core/os_core.c ****     }
 394:./ucOSII/Core/os_core.c **** 
 395:./ucOSII/Core/os_core.c ****     if (OSIntNesting  > 0u) {                           /* See if called from ISR ...              
 725              		.loc 1 395 23
 726 00a0 964B     		ldr	r3, .L71
ARM GAS  /var/folders/yl/_q9l42k90g1g4mdhbs226msm0000gn/T//ccIcJZe8.s 			page 21


 727 00a2 1B78     		ldrb	r3, [r3]	@ zero_extendqisi2
 728              		.loc 1 395 8
 729 00a4 002B     		cmp	r3, #0
 730 00a6 04D0     		beq	.L37
 396:./ucOSII/Core/os_core.c ****        *perr =  OS_ERR_PEND_ISR;                        /* ... can't PEND from an ISR              
 731              		.loc 1 396 14
 732 00a8 3B6B     		ldr	r3, [r7, #48]
 733 00aa 0222     		movs	r2, #2
 734 00ac 1A70     		strb	r2, [r3]
 397:./ucOSII/Core/os_core.c ****         return (0u);
 735              		.loc 1 397 16
 736 00ae 0023     		movs	r3, #0
 737 00b0 65E1     		b	.L26
 738              	.L37:
 398:./ucOSII/Core/os_core.c ****     }
 399:./ucOSII/Core/os_core.c ****     if (OSLockNesting > 0u) {                           /* See if called with scheduler locked ... 
 739              		.loc 1 399 23
 740 00b2 934B     		ldr	r3, .L71+4
 741 00b4 1B78     		ldrb	r3, [r3]	@ zero_extendqisi2
 742              		.loc 1 399 8
 743 00b6 002B     		cmp	r3, #0
 744 00b8 04D0     		beq	.L38
 400:./ucOSII/Core/os_core.c ****        *perr =  OS_ERR_PEND_LOCKED;                     /* ... can't PEND when locked              
 745              		.loc 1 400 14
 746 00ba 3B6B     		ldr	r3, [r7, #48]
 747 00bc 0D22     		movs	r2, #13
 748 00be 1A70     		strb	r2, [r3]
 401:./ucOSII/Core/os_core.c ****         return (0u);
 749              		.loc 1 401 16
 750 00c0 0023     		movs	r3, #0
 751 00c2 5CE1     		b	.L26
 752              	.L38:
 402:./ucOSII/Core/os_core.c ****     }
 403:./ucOSII/Core/os_core.c **** 
 404:./ucOSII/Core/os_core.c ****     events_rdy     =  OS_FALSE;
 753              		.loc 1 404 20
 754 00c4 0023     		movs	r3, #0
 755 00c6 FB77     		strb	r3, [r7, #31]
 405:./ucOSII/Core/os_core.c ****     events_rdy_nbr =  0u;
 756              		.loc 1 405 20
 757 00c8 0023     		movs	r3, #0
 758 00ca BB83     		strh	r3, [r7, #28]	@ movhi
 406:./ucOSII/Core/os_core.c ****     events_stat    =  OS_STAT_RDY;
 759              		.loc 1 406 20
 760 00cc 0023     		movs	r3, #0
 761 00ce FB76     		strb	r3, [r7, #27]
 407:./ucOSII/Core/os_core.c ****     pevents        =  pevents_pend;
 762              		.loc 1 407 20
 763 00d0 FB68     		ldr	r3, [r7, #12]
 764 00d2 7B62     		str	r3, [r7, #36]
 408:./ucOSII/Core/os_core.c ****     pevent         = *pevents;
 765              		.loc 1 408 20
 766 00d4 7B6A     		ldr	r3, [r7, #36]
 767 00d6 1B68     		ldr	r3, [r3]
 768 00d8 3B62     		str	r3, [r7, #32]
 409:./ucOSII/Core/os_core.c ****     OS_ENTER_CRITICAL();
 769              		.loc 1 409 5
ARM GAS  /var/folders/yl/_q9l42k90g1g4mdhbs226msm0000gn/T//ccIcJZe8.s 			page 22


 770 00da 4020     		movs	r0, #64
 771 00dc FFF7FEFF 		bl	OS_CPU_SR_Save
 772 00e0 7861     		str	r0, [r7, #20]
 410:./ucOSII/Core/os_core.c ****     while (pevent != (OS_EVENT *)0) {                   /* See if any events already available     
 773              		.loc 1 410 11
 774 00e2 88E0     		b	.L39
 775              	.L52:
 411:./ucOSII/Core/os_core.c ****         switch (pevent->OSEventType) {
 776              		.loc 1 411 23
 777 00e4 3B6A     		ldr	r3, [r7, #32]
 778 00e6 1B78     		ldrb	r3, [r3]	@ zero_extendqisi2
 779              		.loc 1 411 9
 780 00e8 032B     		cmp	r3, #3
 781 00ea 06D0     		beq	.L40
 782 00ec 032B     		cmp	r3, #3
 783 00ee 71DC     		bgt	.L41
 784 00f0 012B     		cmp	r3, #1
 785 00f2 21D0     		beq	.L42
 786 00f4 022B     		cmp	r3, #2
 787 00f6 3CD0     		beq	.L43
 788 00f8 6CE0     		b	.L41
 789              	.L40:
 412:./ucOSII/Core/os_core.c **** #if (OS_SEM_EN > 0u)
 413:./ucOSII/Core/os_core.c ****             case OS_EVENT_TYPE_SEM:
 414:./ucOSII/Core/os_core.c ****                  if (pevent->OSEventCnt > 0u) {         /* If semaphore count > 0, resource availab
 790              		.loc 1 414 28
 791 00fa 3B6A     		ldr	r3, [r7, #32]
 792 00fc 1B89     		ldrh	r3, [r3, #8]
 793              		.loc 1 414 21
 794 00fe 002B     		cmp	r3, #0
 795 0100 15D0     		beq	.L44
 415:./ucOSII/Core/os_core.c ****                      pevent->OSEventCnt--;              /* ... decrement semaphore,                
 796              		.loc 1 415 28
 797 0102 3B6A     		ldr	r3, [r7, #32]
 798 0104 1B89     		ldrh	r3, [r3, #8]
 799              		.loc 1 415 40
 800 0106 013B     		subs	r3, r3, #1
 801 0108 9AB2     		uxth	r2, r3
 802 010a 3B6A     		ldr	r3, [r7, #32]
 803 010c 1A81     		strh	r2, [r3, #8]	@ movhi
 416:./ucOSII/Core/os_core.c ****                     *pevents_rdy++ =  pevent;           /* ... and return available semaphore event
 804              		.loc 1 416 33
 805 010e BB68     		ldr	r3, [r7, #8]
 806 0110 1A1D     		adds	r2, r3, #4
 807 0112 BA60     		str	r2, [r7, #8]
 808              		.loc 1 416 36
 809 0114 3A6A     		ldr	r2, [r7, #32]
 810 0116 1A60     		str	r2, [r3]
 417:./ucOSII/Core/os_core.c ****                       events_rdy   =  OS_TRUE;
 811              		.loc 1 417 36
 812 0118 0123     		movs	r3, #1
 813 011a FB77     		strb	r3, [r7, #31]
 418:./ucOSII/Core/os_core.c ****                     *pmsgs_rdy++   = (void *)0;         /* NO message returned  for semaphores     
 814              		.loc 1 418 31
 815 011c 7B68     		ldr	r3, [r7, #4]
 816 011e 1A1D     		adds	r2, r3, #4
 817 0120 7A60     		str	r2, [r7, #4]
ARM GAS  /var/folders/yl/_q9l42k90g1g4mdhbs226msm0000gn/T//ccIcJZe8.s 			page 23


 818              		.loc 1 418 36
 819 0122 0022     		movs	r2, #0
 820 0124 1A60     		str	r2, [r3]
 419:./ucOSII/Core/os_core.c ****                       events_rdy_nbr++;
 821              		.loc 1 419 37
 822 0126 BB8B     		ldrh	r3, [r7, #28]
 823 0128 0133     		adds	r3, r3, #1
 824 012a BB83     		strh	r3, [r7, #28]	@ movhi
 420:./ucOSII/Core/os_core.c **** 
 421:./ucOSII/Core/os_core.c ****                  } else {
 422:./ucOSII/Core/os_core.c ****                       events_stat |=  OS_STAT_SEM;      /* Configure multi-pend for semaphore event
 423:./ucOSII/Core/os_core.c ****                  }
 424:./ucOSII/Core/os_core.c ****                  break;
 825              		.loc 1 424 18
 826 012c 5DE0     		b	.L46
 827              	.L44:
 422:./ucOSII/Core/os_core.c ****                  }
 828              		.loc 1 422 35
 829 012e FB7E     		ldrb	r3, [r7, #27]
 830 0130 43F00103 		orr	r3, r3, #1
 831 0134 FB76     		strb	r3, [r7, #27]
 832              		.loc 1 424 18
 833 0136 58E0     		b	.L46
 834              	.L42:
 425:./ucOSII/Core/os_core.c **** #endif
 426:./ucOSII/Core/os_core.c **** 
 427:./ucOSII/Core/os_core.c **** #if (OS_MBOX_EN > 0u)
 428:./ucOSII/Core/os_core.c ****             case OS_EVENT_TYPE_MBOX:
 429:./ucOSII/Core/os_core.c ****                  if (pevent->OSEventPtr != (void *)0) { /* If mailbox NOT empty;                   
 835              		.loc 1 429 28
 836 0138 3B6A     		ldr	r3, [r7, #32]
 837 013a 5B68     		ldr	r3, [r3, #4]
 838              		.loc 1 429 21
 839 013c 002B     		cmp	r3, #0
 840 013e 13D0     		beq	.L47
 430:./ucOSII/Core/os_core.c ****                                                         /* ... return available message,           
 431:./ucOSII/Core/os_core.c ****                     *pmsgs_rdy++         = (void *)pevent->OSEventPtr;
 841              		.loc 1 431 31
 842 0140 7B68     		ldr	r3, [r7, #4]
 843 0142 1A1D     		adds	r2, r3, #4
 844 0144 7A60     		str	r2, [r7, #4]
 845              		.loc 1 431 44
 846 0146 3A6A     		ldr	r2, [r7, #32]
 847 0148 5268     		ldr	r2, [r2, #4]
 848              		.loc 1 431 42
 849 014a 1A60     		str	r2, [r3]
 432:./ucOSII/Core/os_core.c ****                      pevent->OSEventPtr  = (void *)0;
 850              		.loc 1 432 42
 851 014c 3B6A     		ldr	r3, [r7, #32]
 852 014e 0022     		movs	r2, #0
 853 0150 5A60     		str	r2, [r3, #4]
 433:./ucOSII/Core/os_core.c ****                     *pevents_rdy++       =  pevent;     /* ... and return available mailbox event  
 854              		.loc 1 433 33
 855 0152 BB68     		ldr	r3, [r7, #8]
 856 0154 1A1D     		adds	r2, r3, #4
 857 0156 BA60     		str	r2, [r7, #8]
 858              		.loc 1 433 42
ARM GAS  /var/folders/yl/_q9l42k90g1g4mdhbs226msm0000gn/T//ccIcJZe8.s 			page 24


 859 0158 3A6A     		ldr	r2, [r7, #32]
 860 015a 1A60     		str	r2, [r3]
 434:./ucOSII/Core/os_core.c ****                       events_rdy         =  OS_TRUE;
 861              		.loc 1 434 42
 862 015c 0123     		movs	r3, #1
 863 015e FB77     		strb	r3, [r7, #31]
 435:./ucOSII/Core/os_core.c ****                       events_rdy_nbr++;
 864              		.loc 1 435 37
 865 0160 BB8B     		ldrh	r3, [r7, #28]
 866 0162 0133     		adds	r3, r3, #1
 867 0164 BB83     		strh	r3, [r7, #28]	@ movhi
 436:./ucOSII/Core/os_core.c **** 
 437:./ucOSII/Core/os_core.c ****                  } else {
 438:./ucOSII/Core/os_core.c ****                       events_stat |= OS_STAT_MBOX;      /* Configure multi-pend for mailbox events 
 439:./ucOSII/Core/os_core.c ****                  }
 440:./ucOSII/Core/os_core.c ****                  break;
 868              		.loc 1 440 18
 869 0166 40E0     		b	.L46
 870              	.L47:
 438:./ucOSII/Core/os_core.c ****                  }
 871              		.loc 1 438 35
 872 0168 FB7E     		ldrb	r3, [r7, #27]
 873 016a 43F00203 		orr	r3, r3, #2
 874 016e FB76     		strb	r3, [r7, #27]
 875              		.loc 1 440 18
 876 0170 3BE0     		b	.L46
 877              	.L43:
 441:./ucOSII/Core/os_core.c **** #endif
 442:./ucOSII/Core/os_core.c **** 
 443:./ucOSII/Core/os_core.c **** #if ((OS_Q_EN > 0u) && (OS_MAX_QS > 0u))
 444:./ucOSII/Core/os_core.c ****             case OS_EVENT_TYPE_Q:
 445:./ucOSII/Core/os_core.c ****                  pq = (OS_Q *)pevent->OSEventPtr;
 878              		.loc 1 445 21
 879 0172 3B6A     		ldr	r3, [r7, #32]
 880 0174 5B68     		ldr	r3, [r3, #4]
 881 0176 3B61     		str	r3, [r7, #16]
 446:./ucOSII/Core/os_core.c ****                  if (pq->OSQEntries > 0u) {             /* If queue NOT empty;                     
 882              		.loc 1 446 24
 883 0178 3B69     		ldr	r3, [r7, #16]
 884 017a DB8A     		ldrh	r3, [r3, #22]
 885              		.loc 1 446 21
 886 017c 002B     		cmp	r3, #0
 887 017e 24D0     		beq	.L49
 447:./ucOSII/Core/os_core.c ****                                                         /* ... return available message,           
 448:./ucOSII/Core/os_core.c ****                     *pmsgs_rdy++ = (void *)*pq->OSQOut++;
 888              		.loc 1 448 47
 889 0180 3B69     		ldr	r3, [r7, #16]
 890 0182 1A69     		ldr	r2, [r3, #16]
 891              		.loc 1 448 55
 892 0184 111D     		adds	r1, r2, #4
 893 0186 3B69     		ldr	r3, [r7, #16]
 894 0188 1961     		str	r1, [r3, #16]
 895              		.loc 1 448 31
 896 018a 7B68     		ldr	r3, [r7, #4]
 897 018c 191D     		adds	r1, r3, #4
 898 018e 7960     		str	r1, [r7, #4]
 899              		.loc 1 448 36
ARM GAS  /var/folders/yl/_q9l42k90g1g4mdhbs226msm0000gn/T//ccIcJZe8.s 			page 25


 900 0190 1268     		ldr	r2, [r2]
 901              		.loc 1 448 34
 902 0192 1A60     		str	r2, [r3]
 449:./ucOSII/Core/os_core.c ****                      if (pq->OSQOut == pq->OSQEnd) {    /* If OUT ptr at queue end, ...            
 903              		.loc 1 449 28
 904 0194 3B69     		ldr	r3, [r7, #16]
 905 0196 1A69     		ldr	r2, [r3, #16]
 906              		.loc 1 449 42
 907 0198 3B69     		ldr	r3, [r7, #16]
 908 019a 9B68     		ldr	r3, [r3, #8]
 909              		.loc 1 449 25
 910 019c 9A42     		cmp	r2, r3
 911 019e 03D1     		bne	.L50
 450:./ucOSII/Core/os_core.c ****                          pq->OSQOut  = pq->OSQStart;    /* ... wrap   to queue start               
 912              		.loc 1 450 42
 913 01a0 3B69     		ldr	r3, [r7, #16]
 914 01a2 5A68     		ldr	r2, [r3, #4]
 915              		.loc 1 450 38
 916 01a4 3B69     		ldr	r3, [r7, #16]
 917 01a6 1A61     		str	r2, [r3, #16]
 918              	.L50:
 451:./ucOSII/Core/os_core.c ****                      }
 452:./ucOSII/Core/os_core.c ****                      pq->OSQEntries--;                  /* Update number of queue entries          
 919              		.loc 1 452 24
 920 01a8 3B69     		ldr	r3, [r7, #16]
 921 01aa DB8A     		ldrh	r3, [r3, #22]
 922              		.loc 1 452 36
 923 01ac 013B     		subs	r3, r3, #1
 924 01ae 9AB2     		uxth	r2, r3
 925 01b0 3B69     		ldr	r3, [r7, #16]
 926 01b2 DA82     		strh	r2, [r3, #22]	@ movhi
 453:./ucOSII/Core/os_core.c ****                     *pevents_rdy++ = pevent;            /* ... and return available queue event    
 927              		.loc 1 453 33
 928 01b4 BB68     		ldr	r3, [r7, #8]
 929 01b6 1A1D     		adds	r2, r3, #4
 930 01b8 BA60     		str	r2, [r7, #8]
 931              		.loc 1 453 36
 932 01ba 3A6A     		ldr	r2, [r7, #32]
 933 01bc 1A60     		str	r2, [r3]
 454:./ucOSII/Core/os_core.c ****                       events_rdy   = OS_TRUE;
 934              		.loc 1 454 36
 935 01be 0123     		movs	r3, #1
 936 01c0 FB77     		strb	r3, [r7, #31]
 455:./ucOSII/Core/os_core.c ****                       events_rdy_nbr++;
 937              		.loc 1 455 37
 938 01c2 BB8B     		ldrh	r3, [r7, #28]
 939 01c4 0133     		adds	r3, r3, #1
 940 01c6 BB83     		strh	r3, [r7, #28]	@ movhi
 456:./ucOSII/Core/os_core.c **** 
 457:./ucOSII/Core/os_core.c ****                  } else {
 458:./ucOSII/Core/os_core.c ****                       events_stat |= OS_STAT_Q;         /* Configure multi-pend for queue events   
 459:./ucOSII/Core/os_core.c ****                  }
 460:./ucOSII/Core/os_core.c ****                  break;
 941              		.loc 1 460 18
 942 01c8 0FE0     		b	.L46
 943              	.L49:
 458:./ucOSII/Core/os_core.c ****                  }
ARM GAS  /var/folders/yl/_q9l42k90g1g4mdhbs226msm0000gn/T//ccIcJZe8.s 			page 26


 944              		.loc 1 458 35
 945 01ca FB7E     		ldrb	r3, [r7, #27]
 946 01cc 43F00403 		orr	r3, r3, #4
 947 01d0 FB76     		strb	r3, [r7, #27]
 948              		.loc 1 460 18
 949 01d2 0AE0     		b	.L46
 950              	.L41:
 461:./ucOSII/Core/os_core.c **** #endif
 462:./ucOSII/Core/os_core.c **** 
 463:./ucOSII/Core/os_core.c ****             case OS_EVENT_TYPE_MUTEX:
 464:./ucOSII/Core/os_core.c ****             case OS_EVENT_TYPE_FLAG:
 465:./ucOSII/Core/os_core.c ****             default:
 466:./ucOSII/Core/os_core.c ****                  OS_EXIT_CRITICAL();
 951              		.loc 1 466 18
 952 01d4 7869     		ldr	r0, [r7, #20]
 953 01d6 FFF7FEFF 		bl	OS_CPU_SR_Restore
 467:./ucOSII/Core/os_core.c ****                 *pevents_rdy = (OS_EVENT *)0;           /* NULL terminate return event array       
 954              		.loc 1 467 30
 955 01da BB68     		ldr	r3, [r7, #8]
 956 01dc 0022     		movs	r2, #0
 957 01de 1A60     		str	r2, [r3]
 468:./ucOSII/Core/os_core.c ****                 *perr        =  OS_ERR_EVENT_TYPE;
 958              		.loc 1 468 30
 959 01e0 3B6B     		ldr	r3, [r7, #48]
 960 01e2 0122     		movs	r2, #1
 961 01e4 1A70     		strb	r2, [r3]
 469:./ucOSII/Core/os_core.c ****                  return (events_rdy_nbr);
 962              		.loc 1 469 25
 963 01e6 BB8B     		ldrh	r3, [r7, #28]
 964 01e8 C9E0     		b	.L26
 965              	.L46:
 470:./ucOSII/Core/os_core.c ****         }
 471:./ucOSII/Core/os_core.c ****         pevents++;
 966              		.loc 1 471 16
 967 01ea 7B6A     		ldr	r3, [r7, #36]
 968 01ec 0433     		adds	r3, r3, #4
 969 01ee 7B62     		str	r3, [r7, #36]
 472:./ucOSII/Core/os_core.c ****         pevent = *pevents;
 970              		.loc 1 472 16
 971 01f0 7B6A     		ldr	r3, [r7, #36]
 972 01f2 1B68     		ldr	r3, [r3]
 973 01f4 3B62     		str	r3, [r7, #32]
 974              	.L39:
 410:./ucOSII/Core/os_core.c ****         switch (pevent->OSEventType) {
 975              		.loc 1 410 11
 976 01f6 3B6A     		ldr	r3, [r7, #32]
 977 01f8 002B     		cmp	r3, #0
 978 01fa 7FF473AF 		bne	.L52
 473:./ucOSII/Core/os_core.c ****     }
 474:./ucOSII/Core/os_core.c **** 
 475:./ucOSII/Core/os_core.c ****     if ( events_rdy == OS_TRUE) {                       /* Return any events already available     
 979              		.loc 1 475 8
 980 01fe FB7F     		ldrb	r3, [r7, #31]	@ zero_extendqisi2
 981 0200 012B     		cmp	r3, #1
 982 0202 0AD1     		bne	.L53
 476:./ucOSII/Core/os_core.c ****        *pevents_rdy = (OS_EVENT *)0;                    /* NULL terminate return event array       
 983              		.loc 1 476 21
ARM GAS  /var/folders/yl/_q9l42k90g1g4mdhbs226msm0000gn/T//ccIcJZe8.s 			page 27


 984 0204 BB68     		ldr	r3, [r7, #8]
 985 0206 0022     		movs	r2, #0
 986 0208 1A60     		str	r2, [r3]
 477:./ucOSII/Core/os_core.c ****         OS_EXIT_CRITICAL();
 987              		.loc 1 477 9
 988 020a 7869     		ldr	r0, [r7, #20]
 989 020c FFF7FEFF 		bl	OS_CPU_SR_Restore
 478:./ucOSII/Core/os_core.c ****        *perr        =  OS_ERR_NONE;
 990              		.loc 1 478 21
 991 0210 3B6B     		ldr	r3, [r7, #48]
 992 0212 0022     		movs	r2, #0
 993 0214 1A70     		strb	r2, [r3]
 479:./ucOSII/Core/os_core.c ****         return (events_rdy_nbr);
 994              		.loc 1 479 16
 995 0216 BB8B     		ldrh	r3, [r7, #28]
 996 0218 B1E0     		b	.L26
 997              	.L53:
 480:./ucOSII/Core/os_core.c ****     }
 481:./ucOSII/Core/os_core.c **** 
 482:./ucOSII/Core/os_core.c ****                                                         /* Otherwise, must wait until any event occ
 483:./ucOSII/Core/os_core.c ****     OSTCBCur->OSTCBStat     |= events_stat  |           /* Resource not available, ...             
 998              		.loc 1 483 29
 999 021a 3A4B     		ldr	r3, .L71+8
 1000 021c 1B68     		ldr	r3, [r3]
 1001 021e 93F83820 		ldrb	r2, [r3, #56]	@ zero_extendqisi2
 1002 0222 FB7E     		ldrb	r3, [r7, #27]
 1003 0224 1343     		orrs	r3, r3, r2
 1004 0226 DAB2     		uxtb	r2, r3
 1005 0228 364B     		ldr	r3, .L71+8
 1006 022a 1B68     		ldr	r3, [r3]
 1007 022c 62F07F02 		orn	r2, r2, #127
 1008 0230 D2B2     		uxtb	r2, r2
 1009 0232 83F83820 		strb	r2, [r3, #56]
 484:./ucOSII/Core/os_core.c ****                                OS_STAT_MULTI;           /* ... pend on multiple events             
 485:./ucOSII/Core/os_core.c ****     OSTCBCur->OSTCBStatPend  = OS_STAT_PEND_OK;
 1010              		.loc 1 485 13
 1011 0236 334B     		ldr	r3, .L71+8
 1012 0238 1B68     		ldr	r3, [r3]
 1013              		.loc 1 485 30
 1014 023a 0022     		movs	r2, #0
 1015 023c 83F83920 		strb	r2, [r3, #57]
 486:./ucOSII/Core/os_core.c ****     OSTCBCur->OSTCBDly       = timeout;                 /* Store pend timeout in TCB               
 1016              		.loc 1 486 13
 1017 0240 304B     		ldr	r3, .L71+8
 1018 0242 1B68     		ldr	r3, [r3]
 1019              		.loc 1 486 30
 1020 0244 3A68     		ldr	r2, [r7]
 1021 0246 5A63     		str	r2, [r3, #52]
 487:./ucOSII/Core/os_core.c ****     OS_EventTaskWaitMulti(pevents_pend);                /* Suspend task until events or timeout occ
 1022              		.loc 1 487 5
 1023 0248 F868     		ldr	r0, [r7, #12]
 1024 024a FFF7FEFF 		bl	OS_EventTaskWaitMulti
 488:./ucOSII/Core/os_core.c **** 
 489:./ucOSII/Core/os_core.c ****     OS_EXIT_CRITICAL();
 1025              		.loc 1 489 5
 1026 024e 7869     		ldr	r0, [r7, #20]
 1027 0250 FFF7FEFF 		bl	OS_CPU_SR_Restore
ARM GAS  /var/folders/yl/_q9l42k90g1g4mdhbs226msm0000gn/T//ccIcJZe8.s 			page 28


 490:./ucOSII/Core/os_core.c ****     OS_Sched();                                         /* Find next highest priority task ready   
 1028              		.loc 1 490 5
 1029 0254 FFF7FEFF 		bl	OS_Sched
 491:./ucOSII/Core/os_core.c ****     OS_ENTER_CRITICAL();
 1030              		.loc 1 491 5
 1031 0258 4020     		movs	r0, #64
 1032 025a FFF7FEFF 		bl	OS_CPU_SR_Save
 1033 025e 7861     		str	r0, [r7, #20]
 492:./ucOSII/Core/os_core.c **** 
 493:./ucOSII/Core/os_core.c ****     switch (OSTCBCur->OSTCBStatPend) {                  /* Handle event posted, aborted, or timed-o
 1034              		.loc 1 493 21
 1035 0260 284B     		ldr	r3, .L71+8
 1036 0262 1B68     		ldr	r3, [r3]
 1037 0264 93F83930 		ldrb	r3, [r3, #57]	@ zero_extendqisi2
 1038              		.loc 1 493 5
 1039 0268 002B     		cmp	r3, #0
 1040 026a 01D0     		beq	.L54
 1041 026c 022B     		cmp	r3, #2
 1042 026e 1DD1     		bne	.L55
 1043              	.L54:
 494:./ucOSII/Core/os_core.c ****         case OS_STAT_PEND_OK:
 495:./ucOSII/Core/os_core.c ****         case OS_STAT_PEND_ABORT:
 496:./ucOSII/Core/os_core.c ****              pevent = OSTCBCur->OSTCBEventMultiRdy;
 1044              		.loc 1 496 31
 1045 0270 244B     		ldr	r3, .L71+8
 1046 0272 1B68     		ldr	r3, [r3]
 1047              		.loc 1 496 21
 1048 0274 5B6A     		ldr	r3, [r3, #36]
 1049 0276 3B62     		str	r3, [r7, #32]
 497:./ucOSII/Core/os_core.c ****              if (pevent != (OS_EVENT *)0) {             /* If task event ptr != NULL, ...          
 1050              		.loc 1 497 17
 1051 0278 3B6A     		ldr	r3, [r7, #32]
 1052 027a 002B     		cmp	r3, #0
 1053 027c 0AD0     		beq	.L56
 498:./ucOSII/Core/os_core.c ****                 *pevents_rdy++   =  pevent;             /* ... return available event ...          
 1054              		.loc 1 498 29
 1055 027e BB68     		ldr	r3, [r7, #8]
 1056 0280 1A1D     		adds	r2, r3, #4
 1057 0282 BA60     		str	r2, [r7, #8]
 1058              		.loc 1 498 34
 1059 0284 3A6A     		ldr	r2, [r7, #32]
 1060 0286 1A60     		str	r2, [r3]
 499:./ucOSII/Core/os_core.c ****                 *pevents_rdy     = (OS_EVENT *)0;       /* ... & NULL terminate return event array 
 1061              		.loc 1 499 34
 1062 0288 BB68     		ldr	r3, [r7, #8]
 1063 028a 0022     		movs	r2, #0
 1064 028c 1A60     		str	r2, [r3]
 500:./ucOSII/Core/os_core.c ****                   events_rdy_nbr =  1;
 1065              		.loc 1 500 34
 1066 028e 0123     		movs	r3, #1
 1067 0290 BB83     		strh	r3, [r7, #28]	@ movhi
 501:./ucOSII/Core/os_core.c **** 
 502:./ucOSII/Core/os_core.c ****              } else {                                   /* Else NO event available, handle as timeo
 503:./ucOSII/Core/os_core.c ****                  OSTCBCur->OSTCBStatPend = OS_STAT_PEND_TO;
 504:./ucOSII/Core/os_core.c ****                  OS_EventTaskRemoveMulti(OSTCBCur, pevents_pend);
 505:./ucOSII/Core/os_core.c ****              }
 506:./ucOSII/Core/os_core.c ****              break;
ARM GAS  /var/folders/yl/_q9l42k90g1g4mdhbs226msm0000gn/T//ccIcJZe8.s 			page 29


 1068              		.loc 1 506 14
 1069 0292 12E0     		b	.L58
 1070              	.L56:
 503:./ucOSII/Core/os_core.c ****                  OS_EventTaskRemoveMulti(OSTCBCur, pevents_pend);
 1071              		.loc 1 503 26
 1072 0294 1B4B     		ldr	r3, .L71+8
 1073 0296 1B68     		ldr	r3, [r3]
 503:./ucOSII/Core/os_core.c ****                  OS_EventTaskRemoveMulti(OSTCBCur, pevents_pend);
 1074              		.loc 1 503 42
 1075 0298 0122     		movs	r2, #1
 1076 029a 83F83920 		strb	r2, [r3, #57]
 504:./ucOSII/Core/os_core.c ****              }
 1077              		.loc 1 504 18
 1078 029e 194B     		ldr	r3, .L71+8
 1079 02a0 1B68     		ldr	r3, [r3]
 1080 02a2 F968     		ldr	r1, [r7, #12]
 1081 02a4 1846     		mov	r0, r3
 1082 02a6 FFF7FEFF 		bl	OS_EventTaskRemoveMulti
 1083              		.loc 1 506 14
 1084 02aa 06E0     		b	.L58
 1085              	.L55:
 507:./ucOSII/Core/os_core.c **** 
 508:./ucOSII/Core/os_core.c ****         case OS_STAT_PEND_TO:                           /* If events timed out, ...                
 509:./ucOSII/Core/os_core.c ****         default:                                        /* ... remove task from events' wait lists 
 510:./ucOSII/Core/os_core.c ****              OS_EventTaskRemoveMulti(OSTCBCur, pevents_pend);
 1086              		.loc 1 510 14
 1087 02ac 154B     		ldr	r3, .L71+8
 1088 02ae 1B68     		ldr	r3, [r3]
 1089 02b0 F968     		ldr	r1, [r7, #12]
 1090 02b2 1846     		mov	r0, r3
 1091 02b4 FFF7FEFF 		bl	OS_EventTaskRemoveMulti
 511:./ucOSII/Core/os_core.c ****              break;
 1092              		.loc 1 511 14
 1093 02b8 00BF     		nop
 1094              	.L58:
 512:./ucOSII/Core/os_core.c ****     }
 513:./ucOSII/Core/os_core.c **** 
 514:./ucOSII/Core/os_core.c ****     switch (OSTCBCur->OSTCBStatPend) {
 1095              		.loc 1 514 21
 1096 02ba 124B     		ldr	r3, .L71+8
 1097 02bc 1B68     		ldr	r3, [r3]
 1098 02be 93F83930 		ldrb	r3, [r3, #57]	@ zero_extendqisi2
 1099              		.loc 1 514 5
 1100 02c2 002B     		cmp	r3, #0
 1101 02c4 02D0     		beq	.L59
 1102 02c6 022B     		cmp	r3, #2
 1103 02c8 2DD0     		beq	.L60
 1104 02ca 35E0     		b	.L67
 1105              	.L59:
 515:./ucOSII/Core/os_core.c ****         case OS_STAT_PEND_OK:
 516:./ucOSII/Core/os_core.c ****              switch (pevent->OSEventType) {             /* Return event's message                  
 1106              		.loc 1 516 28
 1107 02cc 3B6A     		ldr	r3, [r7, #32]
 1108 02ce 1B78     		ldrb	r3, [r3]	@ zero_extendqisi2
 1109 02d0 022B     		cmp	r3, #2
 1110 02d2 02DC     		bgt	.L62
 1111 02d4 002B     		cmp	r3, #0
ARM GAS  /var/folders/yl/_q9l42k90g1g4mdhbs226msm0000gn/T//ccIcJZe8.s 			page 30


 1112 02d6 08DC     		bgt	.L63
 1113 02d8 16E0     		b	.L64
 1114              	.L62:
 1115 02da 032B     		cmp	r3, #3
 1116 02dc 14D1     		bne	.L64
 517:./ucOSII/Core/os_core.c **** #if (OS_SEM_EN > 0u)
 518:./ucOSII/Core/os_core.c ****                  case OS_EVENT_TYPE_SEM:
 519:./ucOSII/Core/os_core.c ****                      *pmsgs_rdy++ = (void *)0;          /* NO message returned for semaphores      
 1117              		.loc 1 519 32
 1118 02de 7B68     		ldr	r3, [r7, #4]
 1119 02e0 1A1D     		adds	r2, r3, #4
 1120 02e2 7A60     		str	r2, [r7, #4]
 1121              		.loc 1 519 35
 1122 02e4 0022     		movs	r2, #0
 1123 02e6 1A60     		str	r2, [r3]
 520:./ucOSII/Core/os_core.c ****                       break;
 1124              		.loc 1 520 23
 1125 02e8 19E0     		b	.L65
 1126              	.L63:
 521:./ucOSII/Core/os_core.c **** #endif
 522:./ucOSII/Core/os_core.c **** 
 523:./ucOSII/Core/os_core.c **** #if ((OS_MBOX_EN > 0u) ||                 \
 524:./ucOSII/Core/os_core.c ****     ((OS_Q_EN    > 0u) && (OS_MAX_QS > 0u)))
 525:./ucOSII/Core/os_core.c ****                  case OS_EVENT_TYPE_MBOX:
 526:./ucOSII/Core/os_core.c ****                  case OS_EVENT_TYPE_Q:
 527:./ucOSII/Core/os_core.c ****                      *pmsgs_rdy++ = (void *)OSTCBCur->OSTCBMsg;     /* Return received message     
 1127              		.loc 1 527 53
 1128 02ea 064B     		ldr	r3, .L71+8
 1129 02ec 1A68     		ldr	r2, [r3]
 1130              		.loc 1 527 32
 1131 02ee 7B68     		ldr	r3, [r7, #4]
 1132 02f0 191D     		adds	r1, r3, #4
 1133 02f2 7960     		str	r1, [r7, #4]
 1134              		.loc 1 527 37
 1135 02f4 926A     		ldr	r2, [r2, #40]
 1136              		.loc 1 527 35
 1137 02f6 1A60     		str	r2, [r3]
 528:./ucOSII/Core/os_core.c ****                       break;
 1138              		.loc 1 528 23
 1139 02f8 11E0     		b	.L65
 1140              	.L72:
 1141 02fa 00BF     		.align	2
 1142              	.L71:
 1143 02fc 00000000 		.word	OSIntNesting
 1144 0300 00000000 		.word	OSLockNesting
 1145 0304 00000000 		.word	OSTCBCur
 1146              	.L64:
 529:./ucOSII/Core/os_core.c **** #endif
 530:./ucOSII/Core/os_core.c **** 
 531:./ucOSII/Core/os_core.c ****                  case OS_EVENT_TYPE_MUTEX:
 532:./ucOSII/Core/os_core.c ****                  case OS_EVENT_TYPE_FLAG:
 533:./ucOSII/Core/os_core.c ****                  default:
 534:./ucOSII/Core/os_core.c ****                       OS_EXIT_CRITICAL();
 1147              		.loc 1 534 23
 1148 0308 7869     		ldr	r0, [r7, #20]
 1149 030a FFF7FEFF 		bl	OS_CPU_SR_Restore
 535:./ucOSII/Core/os_core.c ****                      *pevents_rdy = (OS_EVENT *)0;      /* NULL terminate return event array       
ARM GAS  /var/folders/yl/_q9l42k90g1g4mdhbs226msm0000gn/T//ccIcJZe8.s 			page 31


 1150              		.loc 1 535 35
 1151 030e BB68     		ldr	r3, [r7, #8]
 1152 0310 0022     		movs	r2, #0
 1153 0312 1A60     		str	r2, [r3]
 536:./ucOSII/Core/os_core.c ****                      *perr        =  OS_ERR_EVENT_TYPE;
 1154              		.loc 1 536 35
 1155 0314 3B6B     		ldr	r3, [r7, #48]
 1156 0316 0122     		movs	r2, #1
 1157 0318 1A70     		strb	r2, [r3]
 537:./ucOSII/Core/os_core.c ****                       return (events_rdy_nbr);
 1158              		.loc 1 537 30
 1159 031a BB8B     		ldrh	r3, [r7, #28]
 1160 031c 2FE0     		b	.L26
 1161              	.L65:
 538:./ucOSII/Core/os_core.c ****              }
 539:./ucOSII/Core/os_core.c ****             *perr = OS_ERR_NONE;
 1162              		.loc 1 539 19
 1163 031e 3B6B     		ldr	r3, [r7, #48]
 1164 0320 0022     		movs	r2, #0
 1165 0322 1A70     		strb	r2, [r3]
 540:./ucOSII/Core/os_core.c ****              break;
 1166              		.loc 1 540 14
 1167 0324 11E0     		b	.L66
 1168              	.L60:
 541:./ucOSII/Core/os_core.c **** 
 542:./ucOSII/Core/os_core.c ****         case OS_STAT_PEND_ABORT:
 543:./ucOSII/Core/os_core.c ****             *pmsgs_rdy++ = (void *)0;                   /* NO message returned for abort           
 1169              		.loc 1 543 23
 1170 0326 7B68     		ldr	r3, [r7, #4]
 1171 0328 1A1D     		adds	r2, r3, #4
 1172 032a 7A60     		str	r2, [r7, #4]
 1173              		.loc 1 543 26
 1174 032c 0022     		movs	r2, #0
 1175 032e 1A60     		str	r2, [r3]
 544:./ucOSII/Core/os_core.c ****             *perr        =  OS_ERR_PEND_ABORT;          /* Indicate that event  aborted            
 1176              		.loc 1 544 26
 1177 0330 3B6B     		ldr	r3, [r7, #48]
 1178 0332 0E22     		movs	r2, #14
 1179 0334 1A70     		strb	r2, [r3]
 545:./ucOSII/Core/os_core.c ****              break;
 1180              		.loc 1 545 14
 1181 0336 08E0     		b	.L66
 1182              	.L67:
 546:./ucOSII/Core/os_core.c **** 
 547:./ucOSII/Core/os_core.c ****         case OS_STAT_PEND_TO:
 548:./ucOSII/Core/os_core.c ****         default:
 549:./ucOSII/Core/os_core.c ****             *pmsgs_rdy++ = (void *)0;                   /* NO message returned for timeout         
 1183              		.loc 1 549 23
 1184 0338 7B68     		ldr	r3, [r7, #4]
 1185 033a 1A1D     		adds	r2, r3, #4
 1186 033c 7A60     		str	r2, [r7, #4]
 1187              		.loc 1 549 26
 1188 033e 0022     		movs	r2, #0
 1189 0340 1A60     		str	r2, [r3]
 550:./ucOSII/Core/os_core.c ****             *perr        =  OS_ERR_TIMEOUT;             /* Indicate that events timed out          
 1190              		.loc 1 550 26
 1191 0342 3B6B     		ldr	r3, [r7, #48]
ARM GAS  /var/folders/yl/_q9l42k90g1g4mdhbs226msm0000gn/T//ccIcJZe8.s 			page 32


 1192 0344 0A22     		movs	r2, #10
 1193 0346 1A70     		strb	r2, [r3]
 551:./ucOSII/Core/os_core.c ****              break;
 1194              		.loc 1 551 14
 1195 0348 00BF     		nop
 1196              	.L66:
 552:./ucOSII/Core/os_core.c ****     }
 553:./ucOSII/Core/os_core.c **** 
 554:./ucOSII/Core/os_core.c ****     OSTCBCur->OSTCBStat          =  OS_STAT_RDY;        /* Set   task  status to ready             
 1197              		.loc 1 554 13
 1198 034a 0F4B     		ldr	r3, .L73
 1199 034c 1B68     		ldr	r3, [r3]
 1200              		.loc 1 554 34
 1201 034e 0022     		movs	r2, #0
 1202 0350 83F83820 		strb	r2, [r3, #56]
 555:./ucOSII/Core/os_core.c ****     OSTCBCur->OSTCBStatPend      =  OS_STAT_PEND_OK;    /* Clear pend  status                      
 1203              		.loc 1 555 13
 1204 0354 0C4B     		ldr	r3, .L73
 1205 0356 1B68     		ldr	r3, [r3]
 1206              		.loc 1 555 34
 1207 0358 0022     		movs	r2, #0
 1208 035a 83F83920 		strb	r2, [r3, #57]
 556:./ucOSII/Core/os_core.c ****     OSTCBCur->OSTCBEventMultiPtr = (OS_EVENT **)0;      /* Clear event pointers                    
 1209              		.loc 1 556 13
 1210 035e 0A4B     		ldr	r3, .L73
 1211 0360 1B68     		ldr	r3, [r3]
 1212              		.loc 1 556 34
 1213 0362 0022     		movs	r2, #0
 1214 0364 1A62     		str	r2, [r3, #32]
 557:./ucOSII/Core/os_core.c ****     OSTCBCur->OSTCBEventMultiRdy = (OS_EVENT  *)0;
 1215              		.loc 1 557 13
 1216 0366 084B     		ldr	r3, .L73
 1217 0368 1B68     		ldr	r3, [r3]
 1218              		.loc 1 557 34
 1219 036a 0022     		movs	r2, #0
 1220 036c 5A62     		str	r2, [r3, #36]
 558:./ucOSII/Core/os_core.c **** #if ((OS_MBOX_EN > 0u) ||                 \
 559:./ucOSII/Core/os_core.c ****     ((OS_Q_EN    > 0u) && (OS_MAX_QS > 0u)))
 560:./ucOSII/Core/os_core.c ****     OSTCBCur->OSTCBMsg           = (void      *)0;      /* Clear task  message                     
 1221              		.loc 1 560 13
 1222 036e 064B     		ldr	r3, .L73
 1223 0370 1B68     		ldr	r3, [r3]
 1224              		.loc 1 560 34
 1225 0372 0022     		movs	r2, #0
 1226 0374 9A62     		str	r2, [r3, #40]
 561:./ucOSII/Core/os_core.c **** #endif
 562:./ucOSII/Core/os_core.c ****     OS_EXIT_CRITICAL();
 1227              		.loc 1 562 5
 1228 0376 7869     		ldr	r0, [r7, #20]
 1229 0378 FFF7FEFF 		bl	OS_CPU_SR_Restore
 563:./ucOSII/Core/os_core.c **** 
 564:./ucOSII/Core/os_core.c ****     return (events_rdy_nbr);
 1230              		.loc 1 564 12
 1231 037c BB8B     		ldrh	r3, [r7, #28]
 1232              	.L26:
 565:./ucOSII/Core/os_core.c **** }
 1233              		.loc 1 565 1
ARM GAS  /var/folders/yl/_q9l42k90g1g4mdhbs226msm0000gn/T//ccIcJZe8.s 			page 33


 1234 037e 1846     		mov	r0, r3
 1235 0380 2837     		adds	r7, r7, #40
 1236              	.LCFI13:
 1237              		.cfi_def_cfa_offset 8
 1238 0382 BD46     		mov	sp, r7
 1239              	.LCFI14:
 1240              		.cfi_def_cfa_register 13
 1241              		@ sp needed
 1242 0384 80BD     		pop	{r7, pc}
 1243              	.L74:
 1244 0386 00BF     		.align	2
 1245              	.L73:
 1246 0388 00000000 		.word	OSTCBCur
 1247              		.cfi_endproc
 1248              	.LFE5:
 1250              		.section	.text.OSInit,"ax",%progbits
 1251              		.align	1
 1252              		.global	OSInit
 1253              		.syntax unified
 1254              		.thumb
 1255              		.thumb_func
 1257              	OSInit:
 1258              	.LFB6:
 566:./ucOSII/Core/os_core.c **** #endif
 567:./ucOSII/Core/os_core.c **** 
 568:./ucOSII/Core/os_core.c **** 
 569:./ucOSII/Core/os_core.c **** /*
 570:./ucOSII/Core/os_core.c **** ***************************************************************************************************
 571:./ucOSII/Core/os_core.c **** *                                           INITIALIZATION
 572:./ucOSII/Core/os_core.c **** *
 573:./ucOSII/Core/os_core.c **** * Description: This function is used to initialize the internals of uC/OS-II and MUST be called pri
 574:./ucOSII/Core/os_core.c **** *              creating any uC/OS-II object and, prior to calling OSStart().
 575:./ucOSII/Core/os_core.c **** *
 576:./ucOSII/Core/os_core.c **** * Arguments  : none
 577:./ucOSII/Core/os_core.c **** *
 578:./ucOSII/Core/os_core.c **** * Returns    : none
 579:./ucOSII/Core/os_core.c **** ***************************************************************************************************
 580:./ucOSII/Core/os_core.c **** */
 581:./ucOSII/Core/os_core.c **** 
 582:./ucOSII/Core/os_core.c **** void  OSInit (void)
 583:./ucOSII/Core/os_core.c **** {
 1259              		.loc 1 583 1
 1260              		.cfi_startproc
 1261              		@ args = 0, pretend = 0, frame = 0
 1262              		@ frame_needed = 1, uses_anonymous_args = 0
 1263 0000 80B5     		push	{r7, lr}
 1264              	.LCFI15:
 1265              		.cfi_def_cfa_offset 8
 1266              		.cfi_offset 7, -8
 1267              		.cfi_offset 14, -4
 1268 0002 00AF     		add	r7, sp, #0
 1269              	.LCFI16:
 1270              		.cfi_def_cfa_register 7
 584:./ucOSII/Core/os_core.c **** #if OS_TASK_CREATE_EXT_EN > 0u
 585:./ucOSII/Core/os_core.c **** #if defined(OS_TLS_TBL_SIZE) && (OS_TLS_TBL_SIZE > 0u)
 586:./ucOSII/Core/os_core.c ****     INT8U  err;
 587:./ucOSII/Core/os_core.c **** #endif
ARM GAS  /var/folders/yl/_q9l42k90g1g4mdhbs226msm0000gn/T//ccIcJZe8.s 			page 34


 588:./ucOSII/Core/os_core.c **** #endif
 589:./ucOSII/Core/os_core.c **** 
 590:./ucOSII/Core/os_core.c ****     OSInitHookBegin();                                           /* Call port specific initializati
 1271              		.loc 1 590 5
 1272 0004 FFF7FEFF 		bl	OSInitHookBegin
 591:./ucOSII/Core/os_core.c **** 
 592:./ucOSII/Core/os_core.c ****     OS_InitMisc();                                               /* Initialize miscellaneous variab
 1273              		.loc 1 592 5
 1274 0008 FFF7FEFF 		bl	OS_InitMisc
 593:./ucOSII/Core/os_core.c **** 
 594:./ucOSII/Core/os_core.c ****     OS_InitRdyList();                                            /* Initialize the Ready List      
 1275              		.loc 1 594 5
 1276 000c FFF7FEFF 		bl	OS_InitRdyList
 595:./ucOSII/Core/os_core.c **** 
 596:./ucOSII/Core/os_core.c ****     OS_InitTCBList();                                            /* Initialize the free list of OS_
 1277              		.loc 1 596 5
 1278 0010 FFF7FEFF 		bl	OS_InitTCBList
 597:./ucOSII/Core/os_core.c **** 
 598:./ucOSII/Core/os_core.c ****     OS_InitEventList();                                          /* Initialize the free list of OS_
 1279              		.loc 1 598 5
 1280 0014 FFF7FEFF 		bl	OS_InitEventList
 599:./ucOSII/Core/os_core.c **** 
 600:./ucOSII/Core/os_core.c **** #if (OS_FLAG_EN > 0u) && (OS_MAX_FLAGS > 0u)
 601:./ucOSII/Core/os_core.c ****     OS_FlagInit();                                               /* Initialize the event flag struc
 1281              		.loc 1 601 5
 1282 0018 FFF7FEFF 		bl	OS_FlagInit
 602:./ucOSII/Core/os_core.c **** #endif
 603:./ucOSII/Core/os_core.c **** 
 604:./ucOSII/Core/os_core.c **** #if (OS_MEM_EN > 0u) && (OS_MAX_MEM_PART > 0u)
 605:./ucOSII/Core/os_core.c ****     OS_MemInit();                                                /* Initialize the memory manager  
 1283              		.loc 1 605 5
 1284 001c FFF7FEFF 		bl	OS_MemInit
 606:./ucOSII/Core/os_core.c **** #endif
 607:./ucOSII/Core/os_core.c **** 
 608:./ucOSII/Core/os_core.c **** #if (OS_Q_EN > 0u) && (OS_MAX_QS > 0u)
 609:./ucOSII/Core/os_core.c ****     OS_QInit();                                                  /* Initialize the message queue st
 1285              		.loc 1 609 5
 1286 0020 FFF7FEFF 		bl	OS_QInit
 610:./ucOSII/Core/os_core.c **** #endif
 611:./ucOSII/Core/os_core.c **** 
 612:./ucOSII/Core/os_core.c **** #if OS_TASK_CREATE_EXT_EN > 0u
 613:./ucOSII/Core/os_core.c **** #if defined(OS_TLS_TBL_SIZE) && (OS_TLS_TBL_SIZE > 0u)
 614:./ucOSII/Core/os_core.c ****     OS_TLS_Init(&err);                                           /* Initialize TLS, before creating
 615:./ucOSII/Core/os_core.c ****     if (err != OS_ERR_NONE) {
 616:./ucOSII/Core/os_core.c ****         return;
 617:./ucOSII/Core/os_core.c ****     }
 618:./ucOSII/Core/os_core.c **** #endif
 619:./ucOSII/Core/os_core.c **** #endif
 620:./ucOSII/Core/os_core.c **** 
 621:./ucOSII/Core/os_core.c ****     OS_InitTaskIdle();                                           /* Create the Idle Task           
 1287              		.loc 1 621 5
 1288 0024 FFF7FEFF 		bl	OS_InitTaskIdle
 622:./ucOSII/Core/os_core.c **** #if OS_TASK_STAT_EN > 0u
 623:./ucOSII/Core/os_core.c ****     OS_InitTaskStat();                                           /* Create the Statistic Task      
 1289              		.loc 1 623 5
 1290 0028 FFF7FEFF 		bl	OS_InitTaskStat
 624:./ucOSII/Core/os_core.c **** #endif
ARM GAS  /var/folders/yl/_q9l42k90g1g4mdhbs226msm0000gn/T//ccIcJZe8.s 			page 35


 625:./ucOSII/Core/os_core.c **** 
 626:./ucOSII/Core/os_core.c **** #if OS_TMR_EN > 0u
 627:./ucOSII/Core/os_core.c ****     OSTmr_Init();                                                /* Initialize the Timer Manager   
 1291              		.loc 1 627 5
 1292 002c FFF7FEFF 		bl	OSTmr_Init
 628:./ucOSII/Core/os_core.c **** #endif
 629:./ucOSII/Core/os_core.c **** 
 630:./ucOSII/Core/os_core.c ****     OSInitHookEnd();                                             /* Call port specific init. code  
 1293              		.loc 1 630 5
 1294 0030 FFF7FEFF 		bl	OSInitHookEnd
 631:./ucOSII/Core/os_core.c **** 
 632:./ucOSII/Core/os_core.c **** #if OS_DEBUG_EN > 0u
 633:./ucOSII/Core/os_core.c ****     OSDebugInit();
 1295              		.loc 1 633 5
 1296 0034 FFF7FEFF 		bl	OSDebugInit
 634:./ucOSII/Core/os_core.c **** #endif
 635:./ucOSII/Core/os_core.c **** }
 1297              		.loc 1 635 1
 1298 0038 00BF     		nop
 1299 003a 80BD     		pop	{r7, pc}
 1300              		.cfi_endproc
 1301              	.LFE6:
 1303              		.section	.text.OSIntEnter,"ax",%progbits
 1304              		.align	1
 1305              		.global	OSIntEnter
 1306              		.syntax unified
 1307              		.thumb
 1308              		.thumb_func
 1310              	OSIntEnter:
 1311              	.LFB7:
 636:./ucOSII/Core/os_core.c **** 
 637:./ucOSII/Core/os_core.c **** 
 638:./ucOSII/Core/os_core.c **** /*
 639:./ucOSII/Core/os_core.c **** ***************************************************************************************************
 640:./ucOSII/Core/os_core.c **** *                                              ENTER ISR
 641:./ucOSII/Core/os_core.c **** *
 642:./ucOSII/Core/os_core.c **** * Description: This function is used to notify uC/OS-II that you are about to service an interrupt
 643:./ucOSII/Core/os_core.c **** *              service routine (ISR).  This allows uC/OS-II to keep track of interrupt nesting and 
 644:./ucOSII/Core/os_core.c **** *              only perform rescheduling at the last nested ISR.
 645:./ucOSII/Core/os_core.c **** *
 646:./ucOSII/Core/os_core.c **** * Arguments  : none
 647:./ucOSII/Core/os_core.c **** *
 648:./ucOSII/Core/os_core.c **** * Returns    : none
 649:./ucOSII/Core/os_core.c **** *
 650:./ucOSII/Core/os_core.c **** * Notes      : 1) This function should be called with interrupts already disabled
 651:./ucOSII/Core/os_core.c **** *              2) Your ISR can directly increment OSIntNesting without calling this function becaus
 652:./ucOSII/Core/os_core.c **** *                 OSIntNesting has been declared 'global'.
 653:./ucOSII/Core/os_core.c **** *              3) You MUST still call OSIntExit() even though you increment OSIntNesting directly.
 654:./ucOSII/Core/os_core.c **** *              4) You MUST invoke OSIntEnter() and OSIntExit() in pair.  In other words, for every 
 655:./ucOSII/Core/os_core.c **** *                 to OSIntEnter() at the beginning of the ISR you MUST have a call to OSIntExit() a
 656:./ucOSII/Core/os_core.c **** *                 end of the ISR.
 657:./ucOSII/Core/os_core.c **** *              5) You are allowed to nest interrupts up to 255 levels deep.
 658:./ucOSII/Core/os_core.c **** *              6) I removed the OS_ENTER_CRITICAL() and OS_EXIT_CRITICAL() around the increment bec
 659:./ucOSII/Core/os_core.c **** *                 OSIntEnter() is always called with interrupts disabled.
 660:./ucOSII/Core/os_core.c **** ***************************************************************************************************
 661:./ucOSII/Core/os_core.c **** */
 662:./ucOSII/Core/os_core.c **** 
ARM GAS  /var/folders/yl/_q9l42k90g1g4mdhbs226msm0000gn/T//ccIcJZe8.s 			page 36


 663:./ucOSII/Core/os_core.c **** void  OSIntEnter (void)
 664:./ucOSII/Core/os_core.c **** {
 1312              		.loc 1 664 1
 1313              		.cfi_startproc
 1314              		@ args = 0, pretend = 0, frame = 0
 1315              		@ frame_needed = 1, uses_anonymous_args = 0
 1316 0000 80B5     		push	{r7, lr}
 1317              	.LCFI17:
 1318              		.cfi_def_cfa_offset 8
 1319              		.cfi_offset 7, -8
 1320              		.cfi_offset 14, -4
 1321 0002 00AF     		add	r7, sp, #0
 1322              	.LCFI18:
 1323              		.cfi_def_cfa_register 7
 665:./ucOSII/Core/os_core.c ****     if (OSRunning == OS_TRUE) {
 1324              		.loc 1 665 19
 1325 0004 084B     		ldr	r3, .L80
 1326 0006 1B78     		ldrb	r3, [r3]	@ zero_extendqisi2
 1327              		.loc 1 665 8
 1328 0008 012B     		cmp	r3, #1
 1329 000a 0BD1     		bne	.L79
 666:./ucOSII/Core/os_core.c ****         if (OSIntNesting < 255u) {
 1330              		.loc 1 666 26
 1331 000c 074B     		ldr	r3, .L80+4
 1332 000e 1B78     		ldrb	r3, [r3]	@ zero_extendqisi2
 1333              		.loc 1 666 12
 1334 0010 FF2B     		cmp	r3, #255
 1335 0012 05D0     		beq	.L78
 667:./ucOSII/Core/os_core.c ****             OSIntNesting++;                      /* Increment ISR nesting level                    
 1336              		.loc 1 667 25
 1337 0014 054B     		ldr	r3, .L80+4
 1338 0016 1B78     		ldrb	r3, [r3]	@ zero_extendqisi2
 1339 0018 0133     		adds	r3, r3, #1
 1340 001a DAB2     		uxtb	r2, r3
 1341 001c 034B     		ldr	r3, .L80+4
 1342 001e 1A70     		strb	r2, [r3]
 1343              	.L78:
 668:./ucOSII/Core/os_core.c ****         }
 669:./ucOSII/Core/os_core.c ****         OS_TRACE_ISR_ENTER();
 1344              		.loc 1 669 9
 1345 0020 FFF7FEFF 		bl	SEGGER_SYSVIEW_RecordEnterISR
 1346              	.L79:
 670:./ucOSII/Core/os_core.c ****     }
 671:./ucOSII/Core/os_core.c **** }
 1347              		.loc 1 671 1
 1348 0024 00BF     		nop
 1349 0026 80BD     		pop	{r7, pc}
 1350              	.L81:
 1351              		.align	2
 1352              	.L80:
 1353 0028 00000000 		.word	OSRunning
 1354 002c 00000000 		.word	OSIntNesting
 1355              		.cfi_endproc
 1356              	.LFE7:
 1358              		.section	.text.OSIntExit,"ax",%progbits
 1359              		.align	1
 1360              		.global	OSIntExit
ARM GAS  /var/folders/yl/_q9l42k90g1g4mdhbs226msm0000gn/T//ccIcJZe8.s 			page 37


 1361              		.syntax unified
 1362              		.thumb
 1363              		.thumb_func
 1365              	OSIntExit:
 1366              	.LFB8:
 672:./ucOSII/Core/os_core.c **** 
 673:./ucOSII/Core/os_core.c **** 
 674:./ucOSII/Core/os_core.c **** /*
 675:./ucOSII/Core/os_core.c **** ***************************************************************************************************
 676:./ucOSII/Core/os_core.c **** *                                              EXIT ISR
 677:./ucOSII/Core/os_core.c **** *
 678:./ucOSII/Core/os_core.c **** * Description: This function is used to notify uC/OS-II that you have completed servicing an ISR.  
 679:./ucOSII/Core/os_core.c **** *              the last nested ISR has completed, uC/OS-II will call the scheduler to determine whe
 680:./ucOSII/Core/os_core.c **** *              a new, high-priority task, is ready to run.
 681:./ucOSII/Core/os_core.c **** *
 682:./ucOSII/Core/os_core.c **** * Arguments  : none
 683:./ucOSII/Core/os_core.c **** *
 684:./ucOSII/Core/os_core.c **** * Returns    : none
 685:./ucOSII/Core/os_core.c **** *
 686:./ucOSII/Core/os_core.c **** * Notes      : 1) You MUST invoke OSIntEnter() and OSIntExit() in pair.  In other words, for every 
 687:./ucOSII/Core/os_core.c **** *                 to OSIntEnter() at the beginning of the ISR you MUST have a call to OSIntExit() a
 688:./ucOSII/Core/os_core.c **** *                 end of the ISR.
 689:./ucOSII/Core/os_core.c **** *              2) Rescheduling is prevented when the scheduler is locked (see OS_SchedLock())
 690:./ucOSII/Core/os_core.c **** ***************************************************************************************************
 691:./ucOSII/Core/os_core.c **** */
 692:./ucOSII/Core/os_core.c **** 
 693:./ucOSII/Core/os_core.c **** void  OSIntExit (void)
 694:./ucOSII/Core/os_core.c **** {
 1367              		.loc 1 694 1
 1368              		.cfi_startproc
 1369              		@ args = 0, pretend = 0, frame = 8
 1370              		@ frame_needed = 1, uses_anonymous_args = 0
 1371 0000 80B5     		push	{r7, lr}
 1372              	.LCFI19:
 1373              		.cfi_def_cfa_offset 8
 1374              		.cfi_offset 7, -8
 1375              		.cfi_offset 14, -4
 1376 0002 82B0     		sub	sp, sp, #8
 1377              	.LCFI20:
 1378              		.cfi_def_cfa_offset 16
 1379 0004 00AF     		add	r7, sp, #0
 1380              	.LCFI21:
 1381              		.cfi_def_cfa_register 7
 695:./ucOSII/Core/os_core.c **** #if OS_CRITICAL_METHOD == 3u                               /* Allocate storage for CPU status regis
 696:./ucOSII/Core/os_core.c ****     OS_CPU_SR  cpu_sr = 0u;
 1382              		.loc 1 696 16
 1383 0006 0023     		movs	r3, #0
 1384 0008 7B60     		str	r3, [r7, #4]
 697:./ucOSII/Core/os_core.c **** #endif
 698:./ucOSII/Core/os_core.c **** 
 699:./ucOSII/Core/os_core.c **** 
 700:./ucOSII/Core/os_core.c **** 
 701:./ucOSII/Core/os_core.c ****     if (OSRunning == OS_TRUE) {
 1385              		.loc 1 701 19
 1386 000a 244B     		ldr	r3, .L90
 1387 000c 1B78     		ldrb	r3, [r3]	@ zero_extendqisi2
 1388              		.loc 1 701 8
ARM GAS  /var/folders/yl/_q9l42k90g1g4mdhbs226msm0000gn/T//ccIcJZe8.s 			page 38


 1389 000e 012B     		cmp	r3, #1
 1390 0010 3FD1     		bne	.L89
 702:./ucOSII/Core/os_core.c ****         OS_ENTER_CRITICAL();
 1391              		.loc 1 702 9
 1392 0012 4020     		movs	r0, #64
 1393 0014 FFF7FEFF 		bl	OS_CPU_SR_Save
 1394 0018 7860     		str	r0, [r7, #4]
 703:./ucOSII/Core/os_core.c ****         if (OSIntNesting > 0u) {                           /* Prevent OSIntNesting from wrapping   
 1395              		.loc 1 703 26
 1396 001a 214B     		ldr	r3, .L90+4
 1397 001c 1B78     		ldrb	r3, [r3]	@ zero_extendqisi2
 1398              		.loc 1 703 12
 1399 001e 002B     		cmp	r3, #0
 1400 0020 05D0     		beq	.L84
 704:./ucOSII/Core/os_core.c ****             OSIntNesting--;
 1401              		.loc 1 704 25
 1402 0022 1F4B     		ldr	r3, .L90+4
 1403 0024 1B78     		ldrb	r3, [r3]	@ zero_extendqisi2
 1404 0026 013B     		subs	r3, r3, #1
 1405 0028 DAB2     		uxtb	r2, r3
 1406 002a 1D4B     		ldr	r3, .L90+4
 1407 002c 1A70     		strb	r2, [r3]
 1408              	.L84:
 705:./ucOSII/Core/os_core.c ****         }
 706:./ucOSII/Core/os_core.c ****         if (OSIntNesting == 0u) {                          /* Reschedule only if all ISRs complete 
 1409              		.loc 1 706 26
 1410 002e 1C4B     		ldr	r3, .L90+4
 1411 0030 1B78     		ldrb	r3, [r3]	@ zero_extendqisi2
 1412              		.loc 1 706 12
 1413 0032 002B     		cmp	r3, #0
 1414 0034 28D1     		bne	.L85
 707:./ucOSII/Core/os_core.c ****             if (OSLockNesting == 0u) {                     /* ... and not locked.                  
 1415              		.loc 1 707 31
 1416 0036 1B4B     		ldr	r3, .L90+8
 1417 0038 1B78     		ldrb	r3, [r3]	@ zero_extendqisi2
 1418              		.loc 1 707 16
 1419 003a 002B     		cmp	r3, #0
 1420 003c 21D1     		bne	.L86
 708:./ucOSII/Core/os_core.c ****                 OS_SchedNew();
 1421              		.loc 1 708 17
 1422 003e FFF7FEFF 		bl	OS_SchedNew
 709:./ucOSII/Core/os_core.c ****                 OSTCBHighRdy = OSTCBPrioTbl[OSPrioHighRdy];
 1423              		.loc 1 709 44
 1424 0042 194B     		ldr	r3, .L90+12
 1425 0044 1B78     		ldrb	r3, [r3]	@ zero_extendqisi2
 1426 0046 1A46     		mov	r2, r3
 1427 0048 184B     		ldr	r3, .L90+16
 1428 004a 53F82230 		ldr	r3, [r3, r2, lsl #2]
 1429              		.loc 1 709 30
 1430 004e 184A     		ldr	r2, .L90+20
 1431 0050 1360     		str	r3, [r2]
 710:./ucOSII/Core/os_core.c ****                 if (OSPrioHighRdy != OSPrioCur) {          /* No Ctx Sw if current task is highest 
 1432              		.loc 1 710 35
 1433 0052 154B     		ldr	r3, .L90+12
 1434 0054 1A78     		ldrb	r2, [r3]	@ zero_extendqisi2
 1435 0056 174B     		ldr	r3, .L90+24
 1436 0058 1B78     		ldrb	r3, [r3]	@ zero_extendqisi2
ARM GAS  /var/folders/yl/_q9l42k90g1g4mdhbs226msm0000gn/T//ccIcJZe8.s 			page 39


 1437              		.loc 1 710 20
 1438 005a 9A42     		cmp	r2, r3
 1439 005c 0ED0     		beq	.L87
 711:./ucOSII/Core/os_core.c **** #if OS_TASK_PROFILE_EN > 0u
 712:./ucOSII/Core/os_core.c ****                     OSTCBHighRdy->OSTCBCtxSwCtr++;         /* Inc. # of context switches to this ta
 1440              		.loc 1 712 33
 1441 005e 144B     		ldr	r3, .L90+20
 1442 0060 1B68     		ldr	r3, [r3]
 1443 0062 1A6C     		ldr	r2, [r3, #64]
 1444              		.loc 1 712 48
 1445 0064 0132     		adds	r2, r2, #1
 1446 0066 1A64     		str	r2, [r3, #64]
 713:./ucOSII/Core/os_core.c **** #endif
 714:./ucOSII/Core/os_core.c ****                     OSCtxSwCtr++;                          /* Keep track of the number of ctx switc
 1447              		.loc 1 714 31
 1448 0068 134B     		ldr	r3, .L90+28
 1449 006a 1B68     		ldr	r3, [r3]
 1450 006c 0133     		adds	r3, r3, #1
 1451 006e 124A     		ldr	r2, .L90+28
 1452 0070 1360     		str	r3, [r2]
 715:./ucOSII/Core/os_core.c **** 
 716:./ucOSII/Core/os_core.c **** #if OS_TASK_CREATE_EXT_EN > 0u
 717:./ucOSII/Core/os_core.c **** #if defined(OS_TLS_TBL_SIZE) && (OS_TLS_TBL_SIZE > 0u)
 718:./ucOSII/Core/os_core.c ****                     OS_TLS_TaskSw();
 719:./ucOSII/Core/os_core.c **** #endif
 720:./ucOSII/Core/os_core.c **** #endif
 721:./ucOSII/Core/os_core.c ****                     OS_TRACE_ISR_EXIT_TO_SCHEDULER();
 1453              		.loc 1 721 21
 1454 0072 FFF7FEFF 		bl	SEGGER_SYSVIEW_RecordExitISRToScheduler
 722:./ucOSII/Core/os_core.c **** 
 723:./ucOSII/Core/os_core.c ****                     OSIntCtxSw();                          /* Perform interrupt level ctx switch   
 1455              		.loc 1 723 21
 1456 0076 FFF7FEFF 		bl	OSIntCtxSw
 1457 007a 07E0     		b	.L88
 1458              	.L87:
 724:./ucOSII/Core/os_core.c ****                 } else {
 725:./ucOSII/Core/os_core.c ****                     OS_TRACE_ISR_EXIT();
 1459              		.loc 1 725 21
 1460 007c FFF7FEFF 		bl	SEGGER_SYSVIEW_RecordExitISR
 1461 0080 04E0     		b	.L88
 1462              	.L86:
 726:./ucOSII/Core/os_core.c ****                 }
 727:./ucOSII/Core/os_core.c ****             } else {
 728:./ucOSII/Core/os_core.c ****                 OS_TRACE_ISR_EXIT();
 1463              		.loc 1 728 17
 1464 0082 FFF7FEFF 		bl	SEGGER_SYSVIEW_RecordExitISR
 1465 0086 01E0     		b	.L88
 1466              	.L85:
 729:./ucOSII/Core/os_core.c ****             }
 730:./ucOSII/Core/os_core.c ****         } else {
 731:./ucOSII/Core/os_core.c ****             OS_TRACE_ISR_EXIT();
 1467              		.loc 1 731 13
 1468 0088 FFF7FEFF 		bl	SEGGER_SYSVIEW_RecordExitISR
 1469              	.L88:
 732:./ucOSII/Core/os_core.c ****         }
 733:./ucOSII/Core/os_core.c **** 
 734:./ucOSII/Core/os_core.c ****         OS_EXIT_CRITICAL();
ARM GAS  /var/folders/yl/_q9l42k90g1g4mdhbs226msm0000gn/T//ccIcJZe8.s 			page 40


 1470              		.loc 1 734 9
 1471 008c 7868     		ldr	r0, [r7, #4]
 1472 008e FFF7FEFF 		bl	OS_CPU_SR_Restore
 1473              	.L89:
 735:./ucOSII/Core/os_core.c ****     }
 736:./ucOSII/Core/os_core.c **** }
 1474              		.loc 1 736 1
 1475 0092 00BF     		nop
 1476 0094 0837     		adds	r7, r7, #8
 1477              	.LCFI22:
 1478              		.cfi_def_cfa_offset 8
 1479 0096 BD46     		mov	sp, r7
 1480              	.LCFI23:
 1481              		.cfi_def_cfa_register 13
 1482              		@ sp needed
 1483 0098 80BD     		pop	{r7, pc}
 1484              	.L91:
 1485 009a 00BF     		.align	2
 1486              	.L90:
 1487 009c 00000000 		.word	OSRunning
 1488 00a0 00000000 		.word	OSIntNesting
 1489 00a4 00000000 		.word	OSLockNesting
 1490 00a8 00000000 		.word	OSPrioHighRdy
 1491 00ac 00000000 		.word	OSTCBPrioTbl
 1492 00b0 00000000 		.word	OSTCBHighRdy
 1493 00b4 00000000 		.word	OSPrioCur
 1494 00b8 00000000 		.word	OSCtxSwCtr
 1495              		.cfi_endproc
 1496              	.LFE8:
 1498              		.section	.text.OSSchedLock,"ax",%progbits
 1499              		.align	1
 1500              		.global	OSSchedLock
 1501              		.syntax unified
 1502              		.thumb
 1503              		.thumb_func
 1505              	OSSchedLock:
 1506              	.LFB9:
 737:./ucOSII/Core/os_core.c **** 
 738:./ucOSII/Core/os_core.c **** 
 739:./ucOSII/Core/os_core.c **** /*
 740:./ucOSII/Core/os_core.c **** ***************************************************************************************************
 741:./ucOSII/Core/os_core.c **** *                         INDICATE THAT IT'S NO LONGER SAFE TO CREATE OBJECTS
 742:./ucOSII/Core/os_core.c **** *
 743:./ucOSII/Core/os_core.c **** * Description: This function is called by the application code to indicate that all initialization 
 744:./ucOSII/Core/os_core.c **** *              been completed and that kernel objects are no longer allowed to be created.
 745:./ucOSII/Core/os_core.c **** *
 746:./ucOSII/Core/os_core.c **** * Arguments  : none
 747:./ucOSII/Core/os_core.c **** *
 748:./ucOSII/Core/os_core.c **** * Returns    : none
 749:./ucOSII/Core/os_core.c **** *
 750:./ucOSII/Core/os_core.c **** * Note(s)    : 1) You should call this function when you no longer want to allow application code t
 751:./ucOSII/Core/os_core.c **** *                 create kernel objects.
 752:./ucOSII/Core/os_core.c **** *              2) You need to define the macro 'OS_SAFETY_CRITICAL_IEC61508'
 753:./ucOSII/Core/os_core.c **** ***************************************************************************************************
 754:./ucOSII/Core/os_core.c **** */
 755:./ucOSII/Core/os_core.c **** 
 756:./ucOSII/Core/os_core.c **** #ifdef OS_SAFETY_CRITICAL_IEC61508
ARM GAS  /var/folders/yl/_q9l42k90g1g4mdhbs226msm0000gn/T//ccIcJZe8.s 			page 41


 757:./ucOSII/Core/os_core.c **** void  OSSafetyCriticalStart (void)
 758:./ucOSII/Core/os_core.c **** {
 759:./ucOSII/Core/os_core.c ****     OSSafetyCriticalStartFlag = OS_TRUE;
 760:./ucOSII/Core/os_core.c **** }
 761:./ucOSII/Core/os_core.c **** 
 762:./ucOSII/Core/os_core.c **** #endif
 763:./ucOSII/Core/os_core.c **** 
 764:./ucOSII/Core/os_core.c **** 
 765:./ucOSII/Core/os_core.c **** /*
 766:./ucOSII/Core/os_core.c **** ***************************************************************************************************
 767:./ucOSII/Core/os_core.c **** *                                         PREVENT SCHEDULING
 768:./ucOSII/Core/os_core.c **** *
 769:./ucOSII/Core/os_core.c **** * Description: This function is used to prevent rescheduling to take place.  This allows your appli
 770:./ucOSII/Core/os_core.c **** *              to prevent context switches until you are ready to permit context switching.
 771:./ucOSII/Core/os_core.c **** *
 772:./ucOSII/Core/os_core.c **** * Arguments  : none
 773:./ucOSII/Core/os_core.c **** *
 774:./ucOSII/Core/os_core.c **** * Returns    : none
 775:./ucOSII/Core/os_core.c **** *
 776:./ucOSII/Core/os_core.c **** * Notes      : 1) You MUST invoke OSSchedLock() and OSSchedUnlock() in pair.  In other words, for e
 777:./ucOSII/Core/os_core.c **** *                 call to OSSchedLock() you MUST have a call to OSSchedUnlock().
 778:./ucOSII/Core/os_core.c **** ***************************************************************************************************
 779:./ucOSII/Core/os_core.c **** */
 780:./ucOSII/Core/os_core.c **** 
 781:./ucOSII/Core/os_core.c **** #if OS_SCHED_LOCK_EN > 0u
 782:./ucOSII/Core/os_core.c **** void  OSSchedLock (void)
 783:./ucOSII/Core/os_core.c **** {
 1507              		.loc 1 783 1
 1508              		.cfi_startproc
 1509              		@ args = 0, pretend = 0, frame = 8
 1510              		@ frame_needed = 1, uses_anonymous_args = 0
 1511 0000 80B5     		push	{r7, lr}
 1512              	.LCFI24:
 1513              		.cfi_def_cfa_offset 8
 1514              		.cfi_offset 7, -8
 1515              		.cfi_offset 14, -4
 1516 0002 82B0     		sub	sp, sp, #8
 1517              	.LCFI25:
 1518              		.cfi_def_cfa_offset 16
 1519 0004 00AF     		add	r7, sp, #0
 1520              	.LCFI26:
 1521              		.cfi_def_cfa_register 7
 784:./ucOSII/Core/os_core.c **** #if OS_CRITICAL_METHOD == 3u                     /* Allocate storage for CPU status register       
 785:./ucOSII/Core/os_core.c ****     OS_CPU_SR  cpu_sr = 0u;
 1522              		.loc 1 785 16
 1523 0006 0023     		movs	r3, #0
 1524 0008 7B60     		str	r3, [r7, #4]
 786:./ucOSII/Core/os_core.c **** #endif
 787:./ucOSII/Core/os_core.c **** 
 788:./ucOSII/Core/os_core.c **** 
 789:./ucOSII/Core/os_core.c **** 
 790:./ucOSII/Core/os_core.c ****     if (OSRunning == OS_TRUE) {                  /* Make sure multitasking is running              
 1525              		.loc 1 790 19
 1526 000a 0E4B     		ldr	r3, .L96
 1527 000c 1B78     		ldrb	r3, [r3]	@ zero_extendqisi2
 1528              		.loc 1 790 8
 1529 000e 012B     		cmp	r3, #1
ARM GAS  /var/folders/yl/_q9l42k90g1g4mdhbs226msm0000gn/T//ccIcJZe8.s 			page 42


 1530 0010 14D1     		bne	.L95
 791:./ucOSII/Core/os_core.c ****         OS_ENTER_CRITICAL();
 1531              		.loc 1 791 9
 1532 0012 4020     		movs	r0, #64
 1533 0014 FFF7FEFF 		bl	OS_CPU_SR_Save
 1534 0018 7860     		str	r0, [r7, #4]
 792:./ucOSII/Core/os_core.c ****         if (OSIntNesting == 0u) {                /* Can't call from an ISR                         
 1535              		.loc 1 792 26
 1536 001a 0B4B     		ldr	r3, .L96+4
 1537 001c 1B78     		ldrb	r3, [r3]	@ zero_extendqisi2
 1538              		.loc 1 792 12
 1539 001e 002B     		cmp	r3, #0
 1540 0020 09D1     		bne	.L94
 793:./ucOSII/Core/os_core.c ****             if (OSLockNesting < 255u) {          /* Prevent OSLockNesting from wrapping back to 0  
 1541              		.loc 1 793 31
 1542 0022 0A4B     		ldr	r3, .L96+8
 1543 0024 1B78     		ldrb	r3, [r3]	@ zero_extendqisi2
 1544              		.loc 1 793 16
 1545 0026 FF2B     		cmp	r3, #255
 1546 0028 05D0     		beq	.L94
 794:./ucOSII/Core/os_core.c ****                 OSLockNesting++;                 /* Increment lock nesting level                   
 1547              		.loc 1 794 30
 1548 002a 084B     		ldr	r3, .L96+8
 1549 002c 1B78     		ldrb	r3, [r3]	@ zero_extendqisi2
 1550 002e 0133     		adds	r3, r3, #1
 1551 0030 DAB2     		uxtb	r2, r3
 1552 0032 064B     		ldr	r3, .L96+8
 1553 0034 1A70     		strb	r2, [r3]
 1554              	.L94:
 795:./ucOSII/Core/os_core.c ****             }
 796:./ucOSII/Core/os_core.c ****         }
 797:./ucOSII/Core/os_core.c ****         OS_EXIT_CRITICAL();
 1555              		.loc 1 797 9
 1556 0036 7868     		ldr	r0, [r7, #4]
 1557 0038 FFF7FEFF 		bl	OS_CPU_SR_Restore
 1558              	.L95:
 798:./ucOSII/Core/os_core.c ****     }
 799:./ucOSII/Core/os_core.c **** }
 1559              		.loc 1 799 1
 1560 003c 00BF     		nop
 1561 003e 0837     		adds	r7, r7, #8
 1562              	.LCFI27:
 1563              		.cfi_def_cfa_offset 8
 1564 0040 BD46     		mov	sp, r7
 1565              	.LCFI28:
 1566              		.cfi_def_cfa_register 13
 1567              		@ sp needed
 1568 0042 80BD     		pop	{r7, pc}
 1569              	.L97:
 1570              		.align	2
 1571              	.L96:
 1572 0044 00000000 		.word	OSRunning
 1573 0048 00000000 		.word	OSIntNesting
 1574 004c 00000000 		.word	OSLockNesting
 1575              		.cfi_endproc
 1576              	.LFE9:
 1578              		.section	.text.OSSchedUnlock,"ax",%progbits
ARM GAS  /var/folders/yl/_q9l42k90g1g4mdhbs226msm0000gn/T//ccIcJZe8.s 			page 43


 1579              		.align	1
 1580              		.global	OSSchedUnlock
 1581              		.syntax unified
 1582              		.thumb
 1583              		.thumb_func
 1585              	OSSchedUnlock:
 1586              	.LFB10:
 800:./ucOSII/Core/os_core.c **** #endif
 801:./ucOSII/Core/os_core.c **** 
 802:./ucOSII/Core/os_core.c **** 
 803:./ucOSII/Core/os_core.c **** /*
 804:./ucOSII/Core/os_core.c **** ***************************************************************************************************
 805:./ucOSII/Core/os_core.c **** *                                          ENABLE SCHEDULING
 806:./ucOSII/Core/os_core.c **** *
 807:./ucOSII/Core/os_core.c **** * Description: This function is used to re-allow rescheduling.
 808:./ucOSII/Core/os_core.c **** *
 809:./ucOSII/Core/os_core.c **** * Arguments  : none
 810:./ucOSII/Core/os_core.c **** *
 811:./ucOSII/Core/os_core.c **** * Returns    : none
 812:./ucOSII/Core/os_core.c **** *
 813:./ucOSII/Core/os_core.c **** * Notes      : 1) You MUST invoke OSSchedLock() and OSSchedUnlock() in pair.  In other words, for e
 814:./ucOSII/Core/os_core.c **** *                 call to OSSchedLock() you MUST have a call to OSSchedUnlock().
 815:./ucOSII/Core/os_core.c **** ***************************************************************************************************
 816:./ucOSII/Core/os_core.c **** */
 817:./ucOSII/Core/os_core.c **** 
 818:./ucOSII/Core/os_core.c **** #if OS_SCHED_LOCK_EN > 0u
 819:./ucOSII/Core/os_core.c **** void  OSSchedUnlock (void)
 820:./ucOSII/Core/os_core.c **** {
 1587              		.loc 1 820 1
 1588              		.cfi_startproc
 1589              		@ args = 0, pretend = 0, frame = 8
 1590              		@ frame_needed = 1, uses_anonymous_args = 0
 1591 0000 80B5     		push	{r7, lr}
 1592              	.LCFI29:
 1593              		.cfi_def_cfa_offset 8
 1594              		.cfi_offset 7, -8
 1595              		.cfi_offset 14, -4
 1596 0002 82B0     		sub	sp, sp, #8
 1597              	.LCFI30:
 1598              		.cfi_def_cfa_offset 16
 1599 0004 00AF     		add	r7, sp, #0
 1600              	.LCFI31:
 1601              		.cfi_def_cfa_register 7
 821:./ucOSII/Core/os_core.c **** #if OS_CRITICAL_METHOD == 3u                               /* Allocate storage for CPU status regis
 822:./ucOSII/Core/os_core.c ****     OS_CPU_SR  cpu_sr = 0u;
 1602              		.loc 1 822 16
 1603 0006 0023     		movs	r3, #0
 1604 0008 7B60     		str	r3, [r7, #4]
 823:./ucOSII/Core/os_core.c **** #endif
 824:./ucOSII/Core/os_core.c **** 
 825:./ucOSII/Core/os_core.c **** 
 826:./ucOSII/Core/os_core.c **** 
 827:./ucOSII/Core/os_core.c ****     if (OSRunning == OS_TRUE) {                            /* Make sure multitasking is running    
 1605              		.loc 1 827 19
 1606 000a 174B     		ldr	r3, .L104
 1607 000c 1B78     		ldrb	r3, [r3]	@ zero_extendqisi2
 1608              		.loc 1 827 8
ARM GAS  /var/folders/yl/_q9l42k90g1g4mdhbs226msm0000gn/T//ccIcJZe8.s 			page 44


 1609 000e 012B     		cmp	r3, #1
 1610 0010 26D1     		bne	.L103
 828:./ucOSII/Core/os_core.c ****         OS_ENTER_CRITICAL();
 1611              		.loc 1 828 9
 1612 0012 4020     		movs	r0, #64
 1613 0014 FFF7FEFF 		bl	OS_CPU_SR_Save
 1614 0018 7860     		str	r0, [r7, #4]
 829:./ucOSII/Core/os_core.c ****         if (OSIntNesting == 0u) {                          /* Can't call from an ISR               
 1615              		.loc 1 829 26
 1616 001a 144B     		ldr	r3, .L104+4
 1617 001c 1B78     		ldrb	r3, [r3]	@ zero_extendqisi2
 1618              		.loc 1 829 12
 1619 001e 002B     		cmp	r3, #0
 1620 0020 1BD1     		bne	.L100
 830:./ucOSII/Core/os_core.c ****             if (OSLockNesting > 0u) {                      /* Do not decrement if already 0        
 1621              		.loc 1 830 31
 1622 0022 134B     		ldr	r3, .L104+8
 1623 0024 1B78     		ldrb	r3, [r3]	@ zero_extendqisi2
 1624              		.loc 1 830 16
 1625 0026 002B     		cmp	r3, #0
 1626 0028 13D0     		beq	.L101
 831:./ucOSII/Core/os_core.c ****                 OSLockNesting--;                           /* Decrement lock nesting level         
 1627              		.loc 1 831 30
 1628 002a 114B     		ldr	r3, .L104+8
 1629 002c 1B78     		ldrb	r3, [r3]	@ zero_extendqisi2
 1630 002e 013B     		subs	r3, r3, #1
 1631 0030 DAB2     		uxtb	r2, r3
 1632 0032 0F4B     		ldr	r3, .L104+8
 1633 0034 1A70     		strb	r2, [r3]
 832:./ucOSII/Core/os_core.c ****                 if (OSLockNesting == 0u) {                 /* See if scheduler is enabled          
 1634              		.loc 1 832 35
 1635 0036 0E4B     		ldr	r3, .L104+8
 1636 0038 1B78     		ldrb	r3, [r3]	@ zero_extendqisi2
 1637              		.loc 1 832 20
 1638 003a 002B     		cmp	r3, #0
 1639 003c 05D1     		bne	.L102
 833:./ucOSII/Core/os_core.c ****                     OS_EXIT_CRITICAL();
 1640              		.loc 1 833 21
 1641 003e 7868     		ldr	r0, [r7, #4]
 1642 0040 FFF7FEFF 		bl	OS_CPU_SR_Restore
 834:./ucOSII/Core/os_core.c ****                     OS_Sched();                            /* See if a HPT is ready                
 1643              		.loc 1 834 21
 1644 0044 FFF7FEFF 		bl	OS_Sched
 835:./ucOSII/Core/os_core.c ****                 } else {
 836:./ucOSII/Core/os_core.c ****                     OS_EXIT_CRITICAL();
 837:./ucOSII/Core/os_core.c ****                 }
 838:./ucOSII/Core/os_core.c ****             } else {
 839:./ucOSII/Core/os_core.c ****                 OS_EXIT_CRITICAL();
 840:./ucOSII/Core/os_core.c ****             }
 841:./ucOSII/Core/os_core.c ****         } else {
 842:./ucOSII/Core/os_core.c ****             OS_EXIT_CRITICAL();
 843:./ucOSII/Core/os_core.c ****         }
 844:./ucOSII/Core/os_core.c ****     }
 845:./ucOSII/Core/os_core.c **** }
 1645              		.loc 1 845 1
 1646 0048 0AE0     		b	.L103
 1647              	.L102:
ARM GAS  /var/folders/yl/_q9l42k90g1g4mdhbs226msm0000gn/T//ccIcJZe8.s 			page 45


 836:./ucOSII/Core/os_core.c ****                 }
 1648              		.loc 1 836 21
 1649 004a 7868     		ldr	r0, [r7, #4]
 1650 004c FFF7FEFF 		bl	OS_CPU_SR_Restore
 1651              		.loc 1 845 1
 1652 0050 06E0     		b	.L103
 1653              	.L101:
 839:./ucOSII/Core/os_core.c ****             }
 1654              		.loc 1 839 17
 1655 0052 7868     		ldr	r0, [r7, #4]
 1656 0054 FFF7FEFF 		bl	OS_CPU_SR_Restore
 1657              		.loc 1 845 1
 1658 0058 02E0     		b	.L103
 1659              	.L100:
 842:./ucOSII/Core/os_core.c ****         }
 1660              		.loc 1 842 13
 1661 005a 7868     		ldr	r0, [r7, #4]
 1662 005c FFF7FEFF 		bl	OS_CPU_SR_Restore
 1663              	.L103:
 1664              		.loc 1 845 1
 1665 0060 00BF     		nop
 1666 0062 0837     		adds	r7, r7, #8
 1667              	.LCFI32:
 1668              		.cfi_def_cfa_offset 8
 1669 0064 BD46     		mov	sp, r7
 1670              	.LCFI33:
 1671              		.cfi_def_cfa_register 13
 1672              		@ sp needed
 1673 0066 80BD     		pop	{r7, pc}
 1674              	.L105:
 1675              		.align	2
 1676              	.L104:
 1677 0068 00000000 		.word	OSRunning
 1678 006c 00000000 		.word	OSIntNesting
 1679 0070 00000000 		.word	OSLockNesting
 1680              		.cfi_endproc
 1681              	.LFE10:
 1683              		.section	.text.OSStart,"ax",%progbits
 1684              		.align	1
 1685              		.global	OSStart
 1686              		.syntax unified
 1687              		.thumb
 1688              		.thumb_func
 1690              	OSStart:
 1691              	.LFB11:
 846:./ucOSII/Core/os_core.c **** #endif
 847:./ucOSII/Core/os_core.c **** 
 848:./ucOSII/Core/os_core.c **** 
 849:./ucOSII/Core/os_core.c **** /*
 850:./ucOSII/Core/os_core.c **** ***************************************************************************************************
 851:./ucOSII/Core/os_core.c **** *                                         START MULTITASKING
 852:./ucOSII/Core/os_core.c **** *
 853:./ucOSII/Core/os_core.c **** * Description: This function is used to start the multitasking process which lets uC/OS-II manages 
 854:./ucOSII/Core/os_core.c **** *              task that you have created.  Before you can call OSStart(), you MUST have called OSI
 855:./ucOSII/Core/os_core.c **** *              and you MUST have created at least one task.
 856:./ucOSII/Core/os_core.c **** *
 857:./ucOSII/Core/os_core.c **** * Arguments  : none
ARM GAS  /var/folders/yl/_q9l42k90g1g4mdhbs226msm0000gn/T//ccIcJZe8.s 			page 46


 858:./ucOSII/Core/os_core.c **** *
 859:./ucOSII/Core/os_core.c **** * Returns    : none
 860:./ucOSII/Core/os_core.c **** *
 861:./ucOSII/Core/os_core.c **** * Note       : OSStartHighRdy() MUST:
 862:./ucOSII/Core/os_core.c **** *                 a) Call OSTaskSwHook() then,
 863:./ucOSII/Core/os_core.c **** *                 b) Set OSRunning to OS_TRUE.
 864:./ucOSII/Core/os_core.c **** *                 c) Load the context of the task pointed to by OSTCBHighRdy.
 865:./ucOSII/Core/os_core.c **** *                 d_ Execute the task.
 866:./ucOSII/Core/os_core.c **** ***************************************************************************************************
 867:./ucOSII/Core/os_core.c **** */
 868:./ucOSII/Core/os_core.c **** 
 869:./ucOSII/Core/os_core.c **** void  OSStart (void)
 870:./ucOSII/Core/os_core.c **** {
 1692              		.loc 1 870 1
 1693              		.cfi_startproc
 1694              		@ args = 0, pretend = 0, frame = 0
 1695              		@ frame_needed = 1, uses_anonymous_args = 0
 1696 0000 80B5     		push	{r7, lr}
 1697              	.LCFI34:
 1698              		.cfi_def_cfa_offset 8
 1699              		.cfi_offset 7, -8
 1700              		.cfi_offset 14, -4
 1701 0002 00AF     		add	r7, sp, #0
 1702              	.LCFI35:
 1703              		.cfi_def_cfa_register 7
 871:./ucOSII/Core/os_core.c ****     if (OSRunning == OS_FALSE) {
 1704              		.loc 1 871 19
 1705 0004 0C4B     		ldr	r3, .L109
 1706 0006 1B78     		ldrb	r3, [r3]	@ zero_extendqisi2
 1707              		.loc 1 871 8
 1708 0008 002B     		cmp	r3, #0
 1709 000a 13D1     		bne	.L108
 872:./ucOSII/Core/os_core.c ****         OS_SchedNew();                               /* Find highest priority's task priority numbe
 1710              		.loc 1 872 9
 1711 000c FFF7FEFF 		bl	OS_SchedNew
 873:./ucOSII/Core/os_core.c ****         OSPrioCur     = OSPrioHighRdy;
 1712              		.loc 1 873 23
 1713 0010 0A4B     		ldr	r3, .L109+4
 1714 0012 1A78     		ldrb	r2, [r3]	@ zero_extendqisi2
 1715 0014 0A4B     		ldr	r3, .L109+8
 1716 0016 1A70     		strb	r2, [r3]
 874:./ucOSII/Core/os_core.c ****         OSTCBHighRdy  = OSTCBPrioTbl[OSPrioHighRdy]; /* Point to highest priority task ready to run
 1717              		.loc 1 874 37
 1718 0018 084B     		ldr	r3, .L109+4
 1719 001a 1B78     		ldrb	r3, [r3]	@ zero_extendqisi2
 1720 001c 1A46     		mov	r2, r3
 1721 001e 094B     		ldr	r3, .L109+12
 1722 0020 53F82230 		ldr	r3, [r3, r2, lsl #2]
 1723              		.loc 1 874 23
 1724 0024 084A     		ldr	r2, .L109+16
 1725 0026 1360     		str	r3, [r2]
 875:./ucOSII/Core/os_core.c ****         OSTCBCur      = OSTCBHighRdy;
 1726              		.loc 1 875 23
 1727 0028 074B     		ldr	r3, .L109+16
 1728 002a 1B68     		ldr	r3, [r3]
 1729 002c 074A     		ldr	r2, .L109+20
 1730 002e 1360     		str	r3, [r2]
ARM GAS  /var/folders/yl/_q9l42k90g1g4mdhbs226msm0000gn/T//ccIcJZe8.s 			page 47


 876:./ucOSII/Core/os_core.c ****         OSStartHighRdy();                            /* Execute target specific code to start task 
 1731              		.loc 1 876 9
 1732 0030 FFF7FEFF 		bl	OSStartHighRdy
 1733              	.L108:
 877:./ucOSII/Core/os_core.c ****     }
 878:./ucOSII/Core/os_core.c **** }
 1734              		.loc 1 878 1
 1735 0034 00BF     		nop
 1736 0036 80BD     		pop	{r7, pc}
 1737              	.L110:
 1738              		.align	2
 1739              	.L109:
 1740 0038 00000000 		.word	OSRunning
 1741 003c 00000000 		.word	OSPrioHighRdy
 1742 0040 00000000 		.word	OSPrioCur
 1743 0044 00000000 		.word	OSTCBPrioTbl
 1744 0048 00000000 		.word	OSTCBHighRdy
 1745 004c 00000000 		.word	OSTCBCur
 1746              		.cfi_endproc
 1747              	.LFE11:
 1749              		.section	.text.OSStatInit,"ax",%progbits
 1750              		.align	1
 1751              		.global	OSStatInit
 1752              		.syntax unified
 1753              		.thumb
 1754              		.thumb_func
 1756              	OSStatInit:
 1757              	.LFB12:
 879:./ucOSII/Core/os_core.c **** 
 880:./ucOSII/Core/os_core.c **** 
 881:./ucOSII/Core/os_core.c **** /*
 882:./ucOSII/Core/os_core.c **** ***************************************************************************************************
 883:./ucOSII/Core/os_core.c **** *                                      STATISTICS INITIALIZATION
 884:./ucOSII/Core/os_core.c **** *
 885:./ucOSII/Core/os_core.c **** * Description: This function is called by your application to establish CPU usage by first determin
 886:./ucOSII/Core/os_core.c **** *              how high a 32-bit counter would count to in 1 second if no other tasks were to execu
 887:./ucOSII/Core/os_core.c **** *              during that time.  CPU usage is then determined by a low priority task which keeps t
 888:./ucOSII/Core/os_core.c **** *              of this 32-bit counter every second but this time, with other tasks running.  CPU us
 889:./ucOSII/Core/os_core.c **** *              determined by:
 890:./ucOSII/Core/os_core.c **** *
 891:./ucOSII/Core/os_core.c **** *                                             OSIdleCtr
 892:./ucOSII/Core/os_core.c **** *                 CPU Usage (%) = 100 * (1 - ------------)
 893:./ucOSII/Core/os_core.c **** *                                            OSIdleCtrMax
 894:./ucOSII/Core/os_core.c **** *
 895:./ucOSII/Core/os_core.c **** * Arguments  : none
 896:./ucOSII/Core/os_core.c **** *
 897:./ucOSII/Core/os_core.c **** * Returns    : none
 898:./ucOSII/Core/os_core.c **** ***************************************************************************************************
 899:./ucOSII/Core/os_core.c **** */
 900:./ucOSII/Core/os_core.c **** 
 901:./ucOSII/Core/os_core.c **** #if OS_TASK_STAT_EN > 0u
 902:./ucOSII/Core/os_core.c **** void  OSStatInit (void)
 903:./ucOSII/Core/os_core.c **** {
 1758              		.loc 1 903 1
 1759              		.cfi_startproc
 1760              		@ args = 0, pretend = 0, frame = 8
 1761              		@ frame_needed = 1, uses_anonymous_args = 0
ARM GAS  /var/folders/yl/_q9l42k90g1g4mdhbs226msm0000gn/T//ccIcJZe8.s 			page 48


 1762 0000 80B5     		push	{r7, lr}
 1763              	.LCFI36:
 1764              		.cfi_def_cfa_offset 8
 1765              		.cfi_offset 7, -8
 1766              		.cfi_offset 14, -4
 1767 0002 82B0     		sub	sp, sp, #8
 1768              	.LCFI37:
 1769              		.cfi_def_cfa_offset 16
 1770 0004 00AF     		add	r7, sp, #0
 1771              	.LCFI38:
 1772              		.cfi_def_cfa_register 7
 904:./ucOSII/Core/os_core.c **** #if OS_CRITICAL_METHOD == 3u                     /* Allocate storage for CPU status register       
 905:./ucOSII/Core/os_core.c ****     OS_CPU_SR  cpu_sr = 0u;
 1773              		.loc 1 905 16
 1774 0006 0023     		movs	r3, #0
 1775 0008 7B60     		str	r3, [r7, #4]
 906:./ucOSII/Core/os_core.c **** #endif
 907:./ucOSII/Core/os_core.c **** 
 908:./ucOSII/Core/os_core.c **** 
 909:./ucOSII/Core/os_core.c **** 
 910:./ucOSII/Core/os_core.c ****     OSTimeDly(2u);                               /* Synchronize with clock tick                    
 1776              		.loc 1 910 5
 1777 000a 0220     		movs	r0, #2
 1778 000c FFF7FEFF 		bl	OSTimeDly
 911:./ucOSII/Core/os_core.c ****     OS_ENTER_CRITICAL();
 1779              		.loc 1 911 5
 1780 0010 4020     		movs	r0, #64
 1781 0012 FFF7FEFF 		bl	OS_CPU_SR_Save
 1782 0016 7860     		str	r0, [r7, #4]
 912:./ucOSII/Core/os_core.c ****     OSIdleCtr    = 0uL;                          /* Clear idle counter                             
 1783              		.loc 1 912 18
 1784 0018 0D4B     		ldr	r3, .L112
 1785 001a 0022     		movs	r2, #0
 1786 001c 1A60     		str	r2, [r3]
 913:./ucOSII/Core/os_core.c ****     OS_EXIT_CRITICAL();
 1787              		.loc 1 913 5
 1788 001e 7868     		ldr	r0, [r7, #4]
 1789 0020 FFF7FEFF 		bl	OS_CPU_SR_Restore
 914:./ucOSII/Core/os_core.c ****     OSTimeDly(OS_TICKS_PER_SEC / 10u);           /* Determine MAX. idle counter value for 1/10 seco
 1790              		.loc 1 914 5
 1791 0024 0A20     		movs	r0, #10
 1792 0026 FFF7FEFF 		bl	OSTimeDly
 915:./ucOSII/Core/os_core.c ****     OS_ENTER_CRITICAL();
 1793              		.loc 1 915 5
 1794 002a 4020     		movs	r0, #64
 1795 002c FFF7FEFF 		bl	OS_CPU_SR_Save
 1796 0030 7860     		str	r0, [r7, #4]
 916:./ucOSII/Core/os_core.c ****     OSIdleCtrMax = OSIdleCtr;                    /* Store maximum idle counter count in 1/10 second
 1797              		.loc 1 916 18
 1798 0032 074B     		ldr	r3, .L112
 1799 0034 1B68     		ldr	r3, [r3]
 1800 0036 074A     		ldr	r2, .L112+4
 1801 0038 1360     		str	r3, [r2]
 917:./ucOSII/Core/os_core.c ****     OSStatRdy    = OS_TRUE;
 1802              		.loc 1 917 18
 1803 003a 074B     		ldr	r3, .L112+8
 1804 003c 0122     		movs	r2, #1
ARM GAS  /var/folders/yl/_q9l42k90g1g4mdhbs226msm0000gn/T//ccIcJZe8.s 			page 49


 1805 003e 1A70     		strb	r2, [r3]
 918:./ucOSII/Core/os_core.c ****     OS_EXIT_CRITICAL();
 1806              		.loc 1 918 5
 1807 0040 7868     		ldr	r0, [r7, #4]
 1808 0042 FFF7FEFF 		bl	OS_CPU_SR_Restore
 919:./ucOSII/Core/os_core.c **** }
 1809              		.loc 1 919 1
 1810 0046 00BF     		nop
 1811 0048 0837     		adds	r7, r7, #8
 1812              	.LCFI39:
 1813              		.cfi_def_cfa_offset 8
 1814 004a BD46     		mov	sp, r7
 1815              	.LCFI40:
 1816              		.cfi_def_cfa_register 13
 1817              		@ sp needed
 1818 004c 80BD     		pop	{r7, pc}
 1819              	.L113:
 1820 004e 00BF     		.align	2
 1821              	.L112:
 1822 0050 00000000 		.word	OSIdleCtr
 1823 0054 00000000 		.word	OSIdleCtrMax
 1824 0058 00000000 		.word	OSStatRdy
 1825              		.cfi_endproc
 1826              	.LFE12:
 1828              		.section	.text.OSTimeTick,"ax",%progbits
 1829              		.align	1
 1830              		.global	OSTimeTick
 1831              		.syntax unified
 1832              		.thumb
 1833              		.thumb_func
 1835              	OSTimeTick:
 1836              	.LFB13:
 920:./ucOSII/Core/os_core.c **** #endif
 921:./ucOSII/Core/os_core.c **** 
 922:./ucOSII/Core/os_core.c **** 
 923:./ucOSII/Core/os_core.c **** /*
 924:./ucOSII/Core/os_core.c **** ***************************************************************************************************
 925:./ucOSII/Core/os_core.c **** *                                         PROCESS SYSTEM TICK
 926:./ucOSII/Core/os_core.c **** *
 927:./ucOSII/Core/os_core.c **** * Description: This function is used to signal to uC/OS-II the occurrence of a 'system tick' (also 
 928:./ucOSII/Core/os_core.c **** *              as a 'clock tick').  This function should be called by the ticker ISR but, can also 
 929:./ucOSII/Core/os_core.c **** *              called by a high priority task.
 930:./ucOSII/Core/os_core.c **** *
 931:./ucOSII/Core/os_core.c **** * Arguments  : none
 932:./ucOSII/Core/os_core.c **** *
 933:./ucOSII/Core/os_core.c **** * Returns    : none
 934:./ucOSII/Core/os_core.c **** ***************************************************************************************************
 935:./ucOSII/Core/os_core.c **** */
 936:./ucOSII/Core/os_core.c **** 
 937:./ucOSII/Core/os_core.c **** void  OSTimeTick (void)
 938:./ucOSII/Core/os_core.c **** {
 1837              		.loc 1 938 1
 1838              		.cfi_startproc
 1839              		@ args = 0, pretend = 0, frame = 16
 1840              		@ frame_needed = 1, uses_anonymous_args = 0
 1841 0000 80B5     		push	{r7, lr}
 1842              	.LCFI41:
ARM GAS  /var/folders/yl/_q9l42k90g1g4mdhbs226msm0000gn/T//ccIcJZe8.s 			page 50


 1843              		.cfi_def_cfa_offset 8
 1844              		.cfi_offset 7, -8
 1845              		.cfi_offset 14, -4
 1846 0002 84B0     		sub	sp, sp, #16
 1847              	.LCFI42:
 1848              		.cfi_def_cfa_offset 24
 1849 0004 00AF     		add	r7, sp, #0
 1850              	.LCFI43:
 1851              		.cfi_def_cfa_register 7
 939:./ucOSII/Core/os_core.c ****     OS_TCB    *ptcb;
 940:./ucOSII/Core/os_core.c **** #if OS_TICK_STEP_EN > 0u
 941:./ucOSII/Core/os_core.c ****     BOOLEAN    step;
 942:./ucOSII/Core/os_core.c **** #endif
 943:./ucOSII/Core/os_core.c **** #if OS_CRITICAL_METHOD == 3u                               /* Allocate storage for CPU status regis
 944:./ucOSII/Core/os_core.c ****     OS_CPU_SR  cpu_sr = 0u;
 1852              		.loc 1 944 16
 1853 0006 0023     		movs	r3, #0
 1854 0008 7B60     		str	r3, [r7, #4]
 945:./ucOSII/Core/os_core.c **** #endif
 946:./ucOSII/Core/os_core.c **** 
 947:./ucOSII/Core/os_core.c **** 
 948:./ucOSII/Core/os_core.c **** 
 949:./ucOSII/Core/os_core.c **** #if OS_TIME_TICK_HOOK_EN > 0u
 950:./ucOSII/Core/os_core.c ****     OSTimeTickHook();                                      /* Call user definable hook             
 1855              		.loc 1 950 5
 1856 000a FFF7FEFF 		bl	OSTimeTickHook
 951:./ucOSII/Core/os_core.c **** #endif
 952:./ucOSII/Core/os_core.c **** #if OS_TIME_GET_SET_EN > 0u
 953:./ucOSII/Core/os_core.c ****     OS_ENTER_CRITICAL();                                   /* Update the 32-bit tick counter       
 1857              		.loc 1 953 5
 1858 000e 4020     		movs	r0, #64
 1859 0010 FFF7FEFF 		bl	OS_CPU_SR_Save
 1860 0014 7860     		str	r0, [r7, #4]
 954:./ucOSII/Core/os_core.c ****     OSTime++;
 1861              		.loc 1 954 11
 1862 0016 4A4B     		ldr	r3, .L128
 1863 0018 1B68     		ldr	r3, [r3]
 1864 001a 0133     		adds	r3, r3, #1
 1865 001c 484A     		ldr	r2, .L128
 1866 001e 1360     		str	r3, [r2]
 955:./ucOSII/Core/os_core.c ****     OS_TRACE_TICK_INCREMENT(OSTime);
 1867              		.loc 1 955 5
 1868 0020 474B     		ldr	r3, .L128
 1869 0022 1B68     		ldr	r3, [r3]
 1870 0024 1946     		mov	r1, r3
 1871 0026 2120     		movs	r0, #33
 1872 0028 FFF7FEFF 		bl	SEGGER_SYSVIEW_RecordU32
 956:./ucOSII/Core/os_core.c ****     OS_EXIT_CRITICAL();
 1873              		.loc 1 956 5
 1874 002c 7868     		ldr	r0, [r7, #4]
 1875 002e FFF7FEFF 		bl	OS_CPU_SR_Restore
 957:./ucOSII/Core/os_core.c **** #endif
 958:./ucOSII/Core/os_core.c ****     if (OSRunning == OS_TRUE) {
 1876              		.loc 1 958 19
 1877 0032 444B     		ldr	r3, .L128+4
 1878 0034 1B78     		ldrb	r3, [r3]	@ zero_extendqisi2
 1879              		.loc 1 958 8
ARM GAS  /var/folders/yl/_q9l42k90g1g4mdhbs226msm0000gn/T//ccIcJZe8.s 			page 51


 1880 0036 012B     		cmp	r3, #1
 1881 0038 7ED1     		bne	.L114
 959:./ucOSII/Core/os_core.c **** #if OS_TICK_STEP_EN > 0u
 960:./ucOSII/Core/os_core.c ****         switch (OSTickStepState) {                         /* Determine whether we need to process 
 1882              		.loc 1 960 9
 1883 003a 434B     		ldr	r3, .L128+8
 1884 003c 1B78     		ldrb	r3, [r3]	@ zero_extendqisi2
 1885 003e 022B     		cmp	r3, #2
 1886 0040 0CD0     		beq	.L116
 1887 0042 022B     		cmp	r3, #2
 1888 0044 10DC     		bgt	.L117
 1889 0046 002B     		cmp	r3, #0
 1890 0048 02D0     		beq	.L118
 1891 004a 012B     		cmp	r3, #1
 1892 004c 03D0     		beq	.L119
 1893 004e 0BE0     		b	.L117
 1894              	.L118:
 961:./ucOSII/Core/os_core.c ****             case OS_TICK_STEP_DIS:                         /* Yes, stepping is disabled            
 962:./ucOSII/Core/os_core.c ****                  step = OS_TRUE;
 1895              		.loc 1 962 23
 1896 0050 0123     		movs	r3, #1
 1897 0052 FB72     		strb	r3, [r7, #11]
 963:./ucOSII/Core/os_core.c ****                  break;
 1898              		.loc 1 963 18
 1899 0054 0EE0     		b	.L120
 1900              	.L119:
 964:./ucOSII/Core/os_core.c **** 
 965:./ucOSII/Core/os_core.c ****             case OS_TICK_STEP_WAIT:                        /* No,  waiting for uC/OS-View to set ..
 966:./ucOSII/Core/os_core.c ****                  step = OS_FALSE;                          /*      .. OSTickStepState to OS_TICK_ST
 1901              		.loc 1 966 23
 1902 0056 0023     		movs	r3, #0
 1903 0058 FB72     		strb	r3, [r7, #11]
 967:./ucOSII/Core/os_core.c ****                  break;
 1904              		.loc 1 967 18
 1905 005a 0BE0     		b	.L120
 1906              	.L116:
 968:./ucOSII/Core/os_core.c **** 
 969:./ucOSII/Core/os_core.c ****             case OS_TICK_STEP_ONCE:                        /* Yes, process tick once and wait for n
 970:./ucOSII/Core/os_core.c ****                  step            = OS_TRUE;                /*      ... step command from uC/OS-View
 1907              		.loc 1 970 34
 1908 005c 0123     		movs	r3, #1
 1909 005e FB72     		strb	r3, [r7, #11]
 971:./ucOSII/Core/os_core.c ****                  OSTickStepState = OS_TICK_STEP_WAIT;
 1910              		.loc 1 971 34
 1911 0060 394B     		ldr	r3, .L128+8
 1912 0062 0122     		movs	r2, #1
 1913 0064 1A70     		strb	r2, [r3]
 972:./ucOSII/Core/os_core.c ****                  break;
 1914              		.loc 1 972 18
 1915 0066 05E0     		b	.L120
 1916              	.L117:
 973:./ucOSII/Core/os_core.c **** 
 974:./ucOSII/Core/os_core.c ****             default:                                       /* Invalid case, correct situation      
 975:./ucOSII/Core/os_core.c ****                  step            = OS_TRUE;
 1917              		.loc 1 975 34
 1918 0068 0123     		movs	r3, #1
 1919 006a FB72     		strb	r3, [r7, #11]
ARM GAS  /var/folders/yl/_q9l42k90g1g4mdhbs226msm0000gn/T//ccIcJZe8.s 			page 52


 976:./ucOSII/Core/os_core.c ****                  OSTickStepState = OS_TICK_STEP_DIS;
 1920              		.loc 1 976 34
 1921 006c 364B     		ldr	r3, .L128+8
 1922 006e 0022     		movs	r2, #0
 1923 0070 1A70     		strb	r2, [r3]
 977:./ucOSII/Core/os_core.c ****                  break;
 1924              		.loc 1 977 18
 1925 0072 00BF     		nop
 1926              	.L120:
 978:./ucOSII/Core/os_core.c ****         }
 979:./ucOSII/Core/os_core.c ****         if (step == OS_FALSE) {                            /* Return if waiting for step command   
 1927              		.loc 1 979 12
 1928 0074 FB7A     		ldrb	r3, [r7, #11]	@ zero_extendqisi2
 1929 0076 002B     		cmp	r3, #0
 1930 0078 5DD0     		beq	.L127
 980:./ucOSII/Core/os_core.c ****             return;
 981:./ucOSII/Core/os_core.c ****         }
 982:./ucOSII/Core/os_core.c **** #endif
 983:./ucOSII/Core/os_core.c ****         ptcb = OSTCBList;                                  /* Point at first TCB in TCB list       
 1931              		.loc 1 983 14
 1932 007a 344B     		ldr	r3, .L128+12
 1933 007c 1B68     		ldr	r3, [r3]
 1934 007e FB60     		str	r3, [r7, #12]
 984:./ucOSII/Core/os_core.c ****         while (ptcb->OSTCBPrio != OS_TASK_IDLE_PRIO) {     /* Go through all TCBs in TCB list      
 1935              		.loc 1 984 15
 1936 0080 53E0     		b	.L122
 1937              	.L126:
 985:./ucOSII/Core/os_core.c ****             OS_ENTER_CRITICAL();
 1938              		.loc 1 985 13
 1939 0082 4020     		movs	r0, #64
 1940 0084 FFF7FEFF 		bl	OS_CPU_SR_Save
 1941 0088 7860     		str	r0, [r7, #4]
 986:./ucOSII/Core/os_core.c ****             if (ptcb->OSTCBDly != 0u) {                    /* No, Delayed or waiting for event with
 1942              		.loc 1 986 21
 1943 008a FB68     		ldr	r3, [r7, #12]
 1944 008c 5B6B     		ldr	r3, [r3, #52]
 1945              		.loc 1 986 16
 1946 008e 002B     		cmp	r3, #0
 1947 0090 45D0     		beq	.L123
 987:./ucOSII/Core/os_core.c ****                 ptcb->OSTCBDly--;                          /* Decrement nbr of ticks to end of dela
 1948              		.loc 1 987 21
 1949 0092 FB68     		ldr	r3, [r7, #12]
 1950 0094 5B6B     		ldr	r3, [r3, #52]
 1951              		.loc 1 987 31
 1952 0096 5A1E     		subs	r2, r3, #1
 1953 0098 FB68     		ldr	r3, [r7, #12]
 1954 009a 5A63     		str	r2, [r3, #52]
 988:./ucOSII/Core/os_core.c ****                 if (ptcb->OSTCBDly == 0u) {                /* Check for timeout                    
 1955              		.loc 1 988 25
 1956 009c FB68     		ldr	r3, [r7, #12]
 1957 009e 5B6B     		ldr	r3, [r3, #52]
 1958              		.loc 1 988 20
 1959 00a0 002B     		cmp	r3, #0
 1960 00a2 3CD1     		bne	.L123
 989:./ucOSII/Core/os_core.c **** 
 990:./ucOSII/Core/os_core.c ****                     if ((ptcb->OSTCBStat & OS_STAT_PEND_ANY) != OS_STAT_RDY) {
 1961              		.loc 1 990 30
ARM GAS  /var/folders/yl/_q9l42k90g1g4mdhbs226msm0000gn/T//ccIcJZe8.s 			page 53


 1962 00a4 FB68     		ldr	r3, [r7, #12]
 1963 00a6 93F83830 		ldrb	r3, [r3, #56]	@ zero_extendqisi2
 1964              		.loc 1 990 42
 1965 00aa 03F03703 		and	r3, r3, #55
 1966              		.loc 1 990 24
 1967 00ae 002B     		cmp	r3, #0
 1968 00b0 0DD0     		beq	.L124
 991:./ucOSII/Core/os_core.c ****                         ptcb->OSTCBStat  &= (INT8U)~(INT8U)OS_STAT_PEND_ANY;   /* Yes, Clear status
 1969              		.loc 1 991 42
 1970 00b2 FB68     		ldr	r3, [r7, #12]
 1971 00b4 93F83830 		ldrb	r3, [r3, #56]	@ zero_extendqisi2
 1972 00b8 23F03703 		bic	r3, r3, #55
 1973 00bc DAB2     		uxtb	r2, r3
 1974 00be FB68     		ldr	r3, [r7, #12]
 1975 00c0 83F83820 		strb	r2, [r3, #56]
 992:./ucOSII/Core/os_core.c ****                         ptcb->OSTCBStatPend = OS_STAT_PEND_TO;                 /* Indicate PEND tim
 1976              		.loc 1 992 45
 1977 00c4 FB68     		ldr	r3, [r7, #12]
 1978 00c6 0122     		movs	r2, #1
 1979 00c8 83F83920 		strb	r2, [r3, #57]
 1980 00cc 03E0     		b	.L125
 1981              	.L124:
 993:./ucOSII/Core/os_core.c ****                     } else {
 994:./ucOSII/Core/os_core.c ****                         ptcb->OSTCBStatPend = OS_STAT_PEND_OK;
 1982              		.loc 1 994 45
 1983 00ce FB68     		ldr	r3, [r7, #12]
 1984 00d0 0022     		movs	r2, #0
 1985 00d2 83F83920 		strb	r2, [r3, #57]
 1986              	.L125:
 995:./ucOSII/Core/os_core.c ****                     }
 996:./ucOSII/Core/os_core.c **** 
 997:./ucOSII/Core/os_core.c ****                     if ((ptcb->OSTCBStat & OS_STAT_SUSPEND) == OS_STAT_RDY) {  /* Is task suspended
 1987              		.loc 1 997 30
 1988 00d6 FB68     		ldr	r3, [r7, #12]
 1989 00d8 93F83830 		ldrb	r3, [r3, #56]	@ zero_extendqisi2
 1990              		.loc 1 997 42
 1991 00dc 03F00803 		and	r3, r3, #8
 1992              		.loc 1 997 24
 1993 00e0 002B     		cmp	r3, #0
 1994 00e2 1CD1     		bne	.L123
 998:./ucOSII/Core/os_core.c ****                         OSRdyGrp               |= ptcb->OSTCBBitY;             /* No,  Make ready  
 1995              		.loc 1 998 55
 1996 00e4 FB68     		ldr	r3, [r7, #12]
 1997 00e6 93F83E20 		ldrb	r2, [r3, #62]	@ zero_extendqisi2
 1998              		.loc 1 998 48
 1999 00ea 194B     		ldr	r3, .L128+16
 2000 00ec 1B78     		ldrb	r3, [r3]	@ zero_extendqisi2
 2001 00ee 1343     		orrs	r3, r3, r2
 2002 00f0 DAB2     		uxtb	r2, r3
 2003 00f2 174B     		ldr	r3, .L128+16
 2004 00f4 1A70     		strb	r2, [r3]
 999:./ucOSII/Core/os_core.c ****                         OSRdyTbl[ptcb->OSTCBY] |= ptcb->OSTCBBitX;
 2005              		.loc 1 999 38
 2006 00f6 FB68     		ldr	r3, [r7, #12]
 2007 00f8 93F83C30 		ldrb	r3, [r3, #60]	@ zero_extendqisi2
 2008              		.loc 1 999 48
 2009 00fc 1A46     		mov	r2, r3
ARM GAS  /var/folders/yl/_q9l42k90g1g4mdhbs226msm0000gn/T//ccIcJZe8.s 			page 54


 2010 00fe 154B     		ldr	r3, .L128+20
 2011 0100 9A5C     		ldrb	r2, [r3, r2]	@ zero_extendqisi2
 2012              		.loc 1 999 55
 2013 0102 FB68     		ldr	r3, [r7, #12]
 2014 0104 93F83D30 		ldrb	r3, [r3, #61]	@ zero_extendqisi2
 2015              		.loc 1 999 38
 2016 0108 F968     		ldr	r1, [r7, #12]
 2017 010a 91F83C10 		ldrb	r1, [r1, #60]	@ zero_extendqisi2
 2018              		.loc 1 999 48
 2019 010e 1343     		orrs	r3, r3, r2
 2020 0110 DAB2     		uxtb	r2, r3
 2021 0112 104B     		ldr	r3, .L128+20
 2022 0114 5A54     		strb	r2, [r3, r1]
1000:./ucOSII/Core/os_core.c ****                         OS_TRACE_TASK_READY(ptcb);
 2023              		.loc 1 1000 25
 2024 0116 FB68     		ldr	r3, [r7, #12]
 2025 0118 1846     		mov	r0, r3
 2026 011a FFF7FEFF 		bl	SYSVIEW_TaskReady
 2027              	.L123:
1001:./ucOSII/Core/os_core.c ****                     }
1002:./ucOSII/Core/os_core.c ****                 }
1003:./ucOSII/Core/os_core.c ****             }
1004:./ucOSII/Core/os_core.c ****             ptcb = ptcb->OSTCBNext;                        /* Point at next TCB in TCB list        
 2028              		.loc 1 1004 18
 2029 011e FB68     		ldr	r3, [r7, #12]
 2030 0120 5B69     		ldr	r3, [r3, #20]
 2031 0122 FB60     		str	r3, [r7, #12]
1005:./ucOSII/Core/os_core.c ****             OS_EXIT_CRITICAL();
 2032              		.loc 1 1005 13
 2033 0124 7868     		ldr	r0, [r7, #4]
 2034 0126 FFF7FEFF 		bl	OS_CPU_SR_Restore
 2035              	.L122:
 984:./ucOSII/Core/os_core.c ****             OS_ENTER_CRITICAL();
 2036              		.loc 1 984 20
 2037 012a FB68     		ldr	r3, [r7, #12]
 2038 012c 93F83A30 		ldrb	r3, [r3, #58]	@ zero_extendqisi2
 984:./ucOSII/Core/os_core.c ****             OS_ENTER_CRITICAL();
 2039              		.loc 1 984 15
 2040 0130 3F2B     		cmp	r3, #63
 2041 0132 A6D1     		bne	.L126
 2042 0134 00E0     		b	.L114
 2043              	.L127:
 980:./ucOSII/Core/os_core.c ****         }
 2044              		.loc 1 980 13
 2045 0136 00BF     		nop
 2046              	.L114:
1006:./ucOSII/Core/os_core.c ****         }
1007:./ucOSII/Core/os_core.c ****     }
1008:./ucOSII/Core/os_core.c **** }
 2047              		.loc 1 1008 1
 2048 0138 1037     		adds	r7, r7, #16
 2049              	.LCFI44:
 2050              		.cfi_def_cfa_offset 8
 2051 013a BD46     		mov	sp, r7
 2052              	.LCFI45:
 2053              		.cfi_def_cfa_register 13
 2054              		@ sp needed
ARM GAS  /var/folders/yl/_q9l42k90g1g4mdhbs226msm0000gn/T//ccIcJZe8.s 			page 55


 2055 013c 80BD     		pop	{r7, pc}
 2056              	.L129:
 2057 013e 00BF     		.align	2
 2058              	.L128:
 2059 0140 00000000 		.word	OSTime
 2060 0144 00000000 		.word	OSRunning
 2061 0148 00000000 		.word	OSTickStepState
 2062 014c 00000000 		.word	OSTCBList
 2063 0150 00000000 		.word	OSRdyGrp
 2064 0154 00000000 		.word	OSRdyTbl
 2065              		.cfi_endproc
 2066              	.LFE13:
 2068              		.section	.text.OSVersion,"ax",%progbits
 2069              		.align	1
 2070              		.global	OSVersion
 2071              		.syntax unified
 2072              		.thumb
 2073              		.thumb_func
 2075              	OSVersion:
 2076              	.LFB14:
1009:./ucOSII/Core/os_core.c **** 
1010:./ucOSII/Core/os_core.c **** 
1011:./ucOSII/Core/os_core.c **** /*
1012:./ucOSII/Core/os_core.c **** ***************************************************************************************************
1013:./ucOSII/Core/os_core.c **** *                                             GET VERSION
1014:./ucOSII/Core/os_core.c **** *
1015:./ucOSII/Core/os_core.c **** * Description: This function is used to return the version number of uC/OS-II.  The returned value
1016:./ucOSII/Core/os_core.c **** *              corresponds to uC/OS-II's version number multiplied by 10000.  In other words, versi
1017:./ucOSII/Core/os_core.c **** *              2.01.00 would be returned as 20100.
1018:./ucOSII/Core/os_core.c **** *
1019:./ucOSII/Core/os_core.c **** * Arguments  : none
1020:./ucOSII/Core/os_core.c **** *
1021:./ucOSII/Core/os_core.c **** * Returns    : The version number of uC/OS-II multiplied by 10000.
1022:./ucOSII/Core/os_core.c **** ***************************************************************************************************
1023:./ucOSII/Core/os_core.c **** */
1024:./ucOSII/Core/os_core.c **** 
1025:./ucOSII/Core/os_core.c **** INT16U  OSVersion (void)
1026:./ucOSII/Core/os_core.c **** {
 2077              		.loc 1 1026 1
 2078              		.cfi_startproc
 2079              		@ args = 0, pretend = 0, frame = 0
 2080              		@ frame_needed = 1, uses_anonymous_args = 0
 2081              		@ link register save eliminated.
 2082 0000 80B4     		push	{r7}
 2083              	.LCFI46:
 2084              		.cfi_def_cfa_offset 4
 2085              		.cfi_offset 7, -4
 2086 0002 00AF     		add	r7, sp, #0
 2087              	.LCFI47:
 2088              		.cfi_def_cfa_register 7
1027:./ucOSII/Core/os_core.c ****     return (OS_VERSION);
 2089              		.loc 1 1027 12
 2090 0004 47F27423 		movw	r3, #29300
1028:./ucOSII/Core/os_core.c **** }
 2091              		.loc 1 1028 1
 2092 0008 1846     		mov	r0, r3
 2093 000a BD46     		mov	sp, r7
ARM GAS  /var/folders/yl/_q9l42k90g1g4mdhbs226msm0000gn/T//ccIcJZe8.s 			page 56


 2094              	.LCFI48:
 2095              		.cfi_def_cfa_register 13
 2096              		@ sp needed
 2097 000c 5DF8047B 		ldr	r7, [sp], #4
 2098              	.LCFI49:
 2099              		.cfi_restore 7
 2100              		.cfi_def_cfa_offset 0
 2101 0010 7047     		bx	lr
 2102              		.cfi_endproc
 2103              	.LFE14:
 2105              		.section	.text.OS_Dummy,"ax",%progbits
 2106              		.align	1
 2107              		.global	OS_Dummy
 2108              		.syntax unified
 2109              		.thumb
 2110              		.thumb_func
 2112              	OS_Dummy:
 2113              	.LFB15:
1029:./ucOSII/Core/os_core.c **** 
1030:./ucOSII/Core/os_core.c **** 
1031:./ucOSII/Core/os_core.c **** /*
1032:./ucOSII/Core/os_core.c **** ***************************************************************************************************
1033:./ucOSII/Core/os_core.c **** *                                           DUMMY FUNCTION
1034:./ucOSII/Core/os_core.c **** *
1035:./ucOSII/Core/os_core.c **** * Description: This function doesn't do anything.  It is called by OSTaskDel().
1036:./ucOSII/Core/os_core.c **** *
1037:./ucOSII/Core/os_core.c **** * Arguments  : none
1038:./ucOSII/Core/os_core.c **** *
1039:./ucOSII/Core/os_core.c **** * Returns    : none
1040:./ucOSII/Core/os_core.c **** ***************************************************************************************************
1041:./ucOSII/Core/os_core.c **** */
1042:./ucOSII/Core/os_core.c **** 
1043:./ucOSII/Core/os_core.c **** #if OS_TASK_DEL_EN > 0u
1044:./ucOSII/Core/os_core.c **** void  OS_Dummy (void)
1045:./ucOSII/Core/os_core.c **** {
 2114              		.loc 1 1045 1
 2115              		.cfi_startproc
 2116              		@ args = 0, pretend = 0, frame = 0
 2117              		@ frame_needed = 1, uses_anonymous_args = 0
 2118              		@ link register save eliminated.
 2119 0000 80B4     		push	{r7}
 2120              	.LCFI50:
 2121              		.cfi_def_cfa_offset 4
 2122              		.cfi_offset 7, -4
 2123 0002 00AF     		add	r7, sp, #0
 2124              	.LCFI51:
 2125              		.cfi_def_cfa_register 7
1046:./ucOSII/Core/os_core.c **** }
 2126              		.loc 1 1046 1
 2127 0004 00BF     		nop
 2128 0006 BD46     		mov	sp, r7
 2129              	.LCFI52:
 2130              		.cfi_def_cfa_register 13
 2131              		@ sp needed
 2132 0008 5DF8047B 		ldr	r7, [sp], #4
 2133              	.LCFI53:
 2134              		.cfi_restore 7
ARM GAS  /var/folders/yl/_q9l42k90g1g4mdhbs226msm0000gn/T//ccIcJZe8.s 			page 57


 2135              		.cfi_def_cfa_offset 0
 2136 000c 7047     		bx	lr
 2137              		.cfi_endproc
 2138              	.LFE15:
 2140              		.section	.text.OS_EventTaskRdy,"ax",%progbits
 2141              		.align	1
 2142              		.global	OS_EventTaskRdy
 2143              		.syntax unified
 2144              		.thumb
 2145              		.thumb_func
 2147              	OS_EventTaskRdy:
 2148              	.LFB16:
1047:./ucOSII/Core/os_core.c **** #endif
1048:./ucOSII/Core/os_core.c **** 
1049:./ucOSII/Core/os_core.c **** 
1050:./ucOSII/Core/os_core.c **** /*
1051:./ucOSII/Core/os_core.c **** ***************************************************************************************************
1052:./ucOSII/Core/os_core.c **** *                           MAKE TASK READY TO RUN BASED ON EVENT OCCURING
1053:./ucOSII/Core/os_core.c **** *
1054:./ucOSII/Core/os_core.c **** * Description: This function is called by other uC/OS-II services and is used to ready a task that 
1055:./ucOSII/Core/os_core.c **** *              waiting for an event to occur.
1056:./ucOSII/Core/os_core.c **** *
1057:./ucOSII/Core/os_core.c **** * Arguments  : pevent      is a pointer to the event control block corresponding to the event.
1058:./ucOSII/Core/os_core.c **** *
1059:./ucOSII/Core/os_core.c **** *              pmsg        is a pointer to a message.  This pointer is used by message oriented ser
1060:./ucOSII/Core/os_core.c **** *                          such as MAILBOXEs and QUEUEs.  The pointer is not used when called by ot
1061:./ucOSII/Core/os_core.c **** *                          service functions.
1062:./ucOSII/Core/os_core.c **** *
1063:./ucOSII/Core/os_core.c **** *              msk         is a mask that is used to clear the status byte of the TCB.  For example
1064:./ucOSII/Core/os_core.c **** *                          OSSemPost() will pass OS_STAT_SEM, OSMboxPost() will pass OS_STAT_MBOX e
1065:./ucOSII/Core/os_core.c **** *
1066:./ucOSII/Core/os_core.c **** *              pend_stat   is used to indicate the readied task's pending status:
1067:./ucOSII/Core/os_core.c **** *
1068:./ucOSII/Core/os_core.c **** *                          OS_STAT_PEND_OK      Task ready due to a post (or delete), not a timeout
1069:./ucOSII/Core/os_core.c **** *                                               an abort.
1070:./ucOSII/Core/os_core.c **** *                          OS_STAT_PEND_ABORT   Task ready due to an abort.
1071:./ucOSII/Core/os_core.c **** *
1072:./ucOSII/Core/os_core.c **** * Returns    : none
1073:./ucOSII/Core/os_core.c **** *
1074:./ucOSII/Core/os_core.c **** * Note       : This function is INTERNAL to uC/OS-II and your application should not call it.
1075:./ucOSII/Core/os_core.c **** ***************************************************************************************************
1076:./ucOSII/Core/os_core.c **** */
1077:./ucOSII/Core/os_core.c **** #if (OS_EVENT_EN)
1078:./ucOSII/Core/os_core.c **** INT8U  OS_EventTaskRdy (OS_EVENT  *pevent,
1079:./ucOSII/Core/os_core.c ****                         void      *pmsg,
1080:./ucOSII/Core/os_core.c ****                         INT8U      msk,
1081:./ucOSII/Core/os_core.c ****                         INT8U      pend_stat)
1082:./ucOSII/Core/os_core.c **** {
 2149              		.loc 1 1082 1
 2150              		.cfi_startproc
 2151              		@ args = 0, pretend = 0, frame = 24
 2152              		@ frame_needed = 1, uses_anonymous_args = 0
 2153 0000 80B5     		push	{r7, lr}
 2154              	.LCFI54:
 2155              		.cfi_def_cfa_offset 8
 2156              		.cfi_offset 7, -8
 2157              		.cfi_offset 14, -4
ARM GAS  /var/folders/yl/_q9l42k90g1g4mdhbs226msm0000gn/T//ccIcJZe8.s 			page 58


 2158 0002 86B0     		sub	sp, sp, #24
 2159              	.LCFI55:
 2160              		.cfi_def_cfa_offset 32
 2161 0004 00AF     		add	r7, sp, #0
 2162              	.LCFI56:
 2163              		.cfi_def_cfa_register 7
 2164 0006 F860     		str	r0, [r7, #12]
 2165 0008 B960     		str	r1, [r7, #8]
 2166 000a 1146     		mov	r1, r2
 2167 000c 1A46     		mov	r2, r3
 2168 000e 0B46     		mov	r3, r1
 2169 0010 FB71     		strb	r3, [r7, #7]
 2170 0012 1346     		mov	r3, r2
 2171 0014 BB71     		strb	r3, [r7, #6]
1083:./ucOSII/Core/os_core.c ****     OS_TCB   *ptcb;
1084:./ucOSII/Core/os_core.c ****     INT8U     y;
1085:./ucOSII/Core/os_core.c ****     INT8U     x;
1086:./ucOSII/Core/os_core.c ****     INT8U     prio;
1087:./ucOSII/Core/os_core.c **** #if OS_LOWEST_PRIO > 63u
1088:./ucOSII/Core/os_core.c ****     OS_PRIO  *ptbl;
1089:./ucOSII/Core/os_core.c **** #endif
1090:./ucOSII/Core/os_core.c **** 
1091:./ucOSII/Core/os_core.c **** 
1092:./ucOSII/Core/os_core.c **** #if OS_LOWEST_PRIO <= 63u
1093:./ucOSII/Core/os_core.c ****     y    = OSUnMapTbl[pevent->OSEventGrp];              /* Find HPT waiting for message            
 2172              		.loc 1 1093 29
 2173 0016 FB68     		ldr	r3, [r7, #12]
 2174 0018 9B7A     		ldrb	r3, [r3, #10]	@ zero_extendqisi2
 2175 001a 1A46     		mov	r2, r3
 2176              		.loc 1 1093 10
 2177 001c 314B     		ldr	r3, .L137
 2178 001e 9B5C     		ldrb	r3, [r3, r2]
 2179 0020 FB75     		strb	r3, [r7, #23]
1094:./ucOSII/Core/os_core.c ****     x    = OSUnMapTbl[pevent->OSEventTbl[y]];
 2180              		.loc 1 1094 41
 2181 0022 FB7D     		ldrb	r3, [r7, #23]	@ zero_extendqisi2
 2182 0024 FA68     		ldr	r2, [r7, #12]
 2183 0026 1344     		add	r3, r3, r2
 2184 0028 DB7A     		ldrb	r3, [r3, #11]	@ zero_extendqisi2
 2185 002a 1A46     		mov	r2, r3
 2186              		.loc 1 1094 10
 2187 002c 2D4B     		ldr	r3, .L137
 2188 002e 9B5C     		ldrb	r3, [r3, r2]
 2189 0030 BB75     		strb	r3, [r7, #22]
1095:./ucOSII/Core/os_core.c ****     prio = (INT8U)((y << 3u) + x);                      /* Find priority of task getting the msg   
 2190              		.loc 1 1095 23
 2191 0032 FB7D     		ldrb	r3, [r7, #23]
 2192 0034 DB00     		lsls	r3, r3, #3
 2193 0036 DAB2     		uxtb	r2, r3
 2194              		.loc 1 1095 10
 2195 0038 BB7D     		ldrb	r3, [r7, #22]
 2196 003a 1344     		add	r3, r3, r2
 2197 003c 7B75     		strb	r3, [r7, #21]
1096:./ucOSII/Core/os_core.c **** #else
1097:./ucOSII/Core/os_core.c ****     if ((pevent->OSEventGrp & 0xFFu) != 0u) {           /* Find HPT waiting for message            
1098:./ucOSII/Core/os_core.c ****         y = OSUnMapTbl[ pevent->OSEventGrp & 0xFFu];
1099:./ucOSII/Core/os_core.c ****     } else {
ARM GAS  /var/folders/yl/_q9l42k90g1g4mdhbs226msm0000gn/T//ccIcJZe8.s 			page 59


1100:./ucOSII/Core/os_core.c ****         y = OSUnMapTbl[(OS_PRIO)(pevent->OSEventGrp >> 8u) & 0xFFu] + 8u;
1101:./ucOSII/Core/os_core.c ****     }
1102:./ucOSII/Core/os_core.c ****     ptbl = &pevent->OSEventTbl[y];
1103:./ucOSII/Core/os_core.c ****     if ((*ptbl & 0xFFu) != 0u) {
1104:./ucOSII/Core/os_core.c ****         x = OSUnMapTbl[*ptbl & 0xFFu];
1105:./ucOSII/Core/os_core.c ****     } else {
1106:./ucOSII/Core/os_core.c ****         x = OSUnMapTbl[(OS_PRIO)(*ptbl >> 8u) & 0xFFu] + 8u;
1107:./ucOSII/Core/os_core.c ****     }
1108:./ucOSII/Core/os_core.c ****     prio = (INT8U)((y << 4u) + x);                      /* Find priority of task getting the msg   
1109:./ucOSII/Core/os_core.c **** #endif
1110:./ucOSII/Core/os_core.c **** 
1111:./ucOSII/Core/os_core.c ****     ptcb                  =  OSTCBPrioTbl[prio];        /* Point to this task's OS_TCB             
 2198              		.loc 1 1111 42
 2199 003e 7B7D     		ldrb	r3, [r7, #21]	@ zero_extendqisi2
 2200              		.loc 1 1111 27
 2201 0040 294A     		ldr	r2, .L137+4
 2202 0042 52F82330 		ldr	r3, [r2, r3, lsl #2]
 2203 0046 3B61     		str	r3, [r7, #16]
1112:./ucOSII/Core/os_core.c ****     ptcb->OSTCBDly        =  0u;                        /* Prevent OSTimeTick() from readying task 
 2204              		.loc 1 1112 27
 2205 0048 3B69     		ldr	r3, [r7, #16]
 2206 004a 0022     		movs	r2, #0
 2207 004c 5A63     		str	r2, [r3, #52]
1113:./ucOSII/Core/os_core.c **** #if ((OS_Q_EN > 0u) && (OS_MAX_QS > 0u)) || (OS_MBOX_EN > 0u)
1114:./ucOSII/Core/os_core.c ****     ptcb->OSTCBMsg        =  pmsg;                      /* Send message directly to waiting task   
 2208              		.loc 1 1114 27
 2209 004e 3B69     		ldr	r3, [r7, #16]
 2210 0050 BA68     		ldr	r2, [r7, #8]
 2211 0052 9A62     		str	r2, [r3, #40]
1115:./ucOSII/Core/os_core.c **** #else
1116:./ucOSII/Core/os_core.c ****     pmsg                  =  pmsg;                      /* Prevent compiler warning if not used    
1117:./ucOSII/Core/os_core.c **** #endif
1118:./ucOSII/Core/os_core.c ****     ptcb->OSTCBStat      &= (INT8U)~msk;                /* Clear bit associated with event type    
 2212              		.loc 1 1118 26
 2213 0054 3B69     		ldr	r3, [r7, #16]
 2214 0056 93F83820 		ldrb	r2, [r3, #56]	@ zero_extendqisi2
 2215              		.loc 1 1118 29
 2216 005a FB79     		ldrb	r3, [r7, #7]
 2217 005c DB43     		mvns	r3, r3
 2218 005e DBB2     		uxtb	r3, r3
 2219              		.loc 1 1118 26
 2220 0060 1340     		ands	r3, r3, r2
 2221 0062 DAB2     		uxtb	r2, r3
 2222 0064 3B69     		ldr	r3, [r7, #16]
 2223 0066 83F83820 		strb	r2, [r3, #56]
1119:./ucOSII/Core/os_core.c ****     ptcb->OSTCBStatPend   =  pend_stat;                 /* Set pend status of post or abort        
 2224              		.loc 1 1119 27
 2225 006a 3B69     		ldr	r3, [r7, #16]
 2226 006c BA79     		ldrb	r2, [r7, #6]
 2227 006e 83F83920 		strb	r2, [r3, #57]
1120:./ucOSII/Core/os_core.c ****                                                         /* See if task is ready (could be susp'd)  
1121:./ucOSII/Core/os_core.c ****     if ((ptcb->OSTCBStat &   OS_STAT_SUSPEND) == OS_STAT_RDY) {
 2228              		.loc 1 1121 14
 2229 0072 3B69     		ldr	r3, [r7, #16]
 2230 0074 93F83830 		ldrb	r3, [r3, #56]	@ zero_extendqisi2
 2231              		.loc 1 1121 26
 2232 0078 03F00803 		and	r3, r3, #8
ARM GAS  /var/folders/yl/_q9l42k90g1g4mdhbs226msm0000gn/T//ccIcJZe8.s 			page 60


 2233              		.loc 1 1121 8
 2234 007c 002B     		cmp	r3, #0
 2235 007e 17D1     		bne	.L134
1122:./ucOSII/Core/os_core.c ****         OSRdyGrp         |=  ptcb->OSTCBBitY;           /* Put task in the ready to run list       
 2236              		.loc 1 1122 34
 2237 0080 3B69     		ldr	r3, [r7, #16]
 2238 0082 93F83E20 		ldrb	r2, [r3, #62]	@ zero_extendqisi2
 2239              		.loc 1 1122 26
 2240 0086 194B     		ldr	r3, .L137+8
 2241 0088 1B78     		ldrb	r3, [r3]	@ zero_extendqisi2
 2242 008a 1343     		orrs	r3, r3, r2
 2243 008c DAB2     		uxtb	r2, r3
 2244 008e 174B     		ldr	r3, .L137+8
 2245 0090 1A70     		strb	r2, [r3]
1123:./ucOSII/Core/os_core.c ****         OSRdyTbl[y]      |=  ptcb->OSTCBBitX;
 2246              		.loc 1 1123 26
 2247 0092 FB7D     		ldrb	r3, [r7, #23]	@ zero_extendqisi2
 2248 0094 164A     		ldr	r2, .L137+12
 2249 0096 D15C     		ldrb	r1, [r2, r3]	@ zero_extendqisi2
 2250              		.loc 1 1123 34
 2251 0098 3B69     		ldr	r3, [r7, #16]
 2252 009a 93F83D20 		ldrb	r2, [r3, #61]	@ zero_extendqisi2
 2253              		.loc 1 1123 26
 2254 009e FB7D     		ldrb	r3, [r7, #23]	@ zero_extendqisi2
 2255 00a0 0A43     		orrs	r2, r2, r1
 2256 00a2 D1B2     		uxtb	r1, r2
 2257 00a4 124A     		ldr	r2, .L137+12
 2258 00a6 D154     		strb	r1, [r2, r3]
1124:./ucOSII/Core/os_core.c ****         OS_TRACE_TASK_READY(ptcb);
 2259              		.loc 1 1124 9
 2260 00a8 3B69     		ldr	r3, [r7, #16]
 2261 00aa 1846     		mov	r0, r3
 2262 00ac FFF7FEFF 		bl	SYSVIEW_TaskReady
 2263              	.L134:
1125:./ucOSII/Core/os_core.c ****     }
1126:./ucOSII/Core/os_core.c **** 
1127:./ucOSII/Core/os_core.c ****     OS_EventTaskRemove(ptcb, pevent);                   /* Remove this task from event   wait list 
 2264              		.loc 1 1127 5
 2265 00b0 F968     		ldr	r1, [r7, #12]
 2266 00b2 3869     		ldr	r0, [r7, #16]
 2267 00b4 FFF7FEFF 		bl	OS_EventTaskRemove
1128:./ucOSII/Core/os_core.c **** #if (OS_EVENT_MULTI_EN > 0u)
1129:./ucOSII/Core/os_core.c ****     if (ptcb->OSTCBEventMultiPtr != (OS_EVENT **)0) {   /* Remove this task from events' wait lists
 2268              		.loc 1 1129 13
 2269 00b8 3B69     		ldr	r3, [r7, #16]
 2270 00ba 1B6A     		ldr	r3, [r3, #32]
 2271              		.loc 1 1129 8
 2272 00bc 002B     		cmp	r3, #0
 2273 00be 0BD0     		beq	.L135
1130:./ucOSII/Core/os_core.c ****         OS_EventTaskRemoveMulti(ptcb, ptcb->OSTCBEventMultiPtr);
 2274              		.loc 1 1130 9
 2275 00c0 3B69     		ldr	r3, [r7, #16]
 2276 00c2 1B6A     		ldr	r3, [r3, #32]
 2277 00c4 1946     		mov	r1, r3
 2278 00c6 3869     		ldr	r0, [r7, #16]
 2279 00c8 FFF7FEFF 		bl	OS_EventTaskRemoveMulti
1131:./ucOSII/Core/os_core.c ****         ptcb->OSTCBEventMultiPtr  = (OS_EVENT **)0;     /* No longer pending on multi list         
ARM GAS  /var/folders/yl/_q9l42k90g1g4mdhbs226msm0000gn/T//ccIcJZe8.s 			page 61


 2280              		.loc 1 1131 35
 2281 00cc 3B69     		ldr	r3, [r7, #16]
 2282 00ce 0022     		movs	r2, #0
 2283 00d0 1A62     		str	r2, [r3, #32]
1132:./ucOSII/Core/os_core.c ****         ptcb->OSTCBEventMultiRdy  = (OS_EVENT  *)pevent;/* Return event as first multi-pend event r
 2284              		.loc 1 1132 35
 2285 00d2 3B69     		ldr	r3, [r7, #16]
 2286 00d4 FA68     		ldr	r2, [r7, #12]
 2287 00d6 5A62     		str	r2, [r3, #36]
 2288              	.L135:
1133:./ucOSII/Core/os_core.c ****     }
1134:./ucOSII/Core/os_core.c **** #endif
1135:./ucOSII/Core/os_core.c **** 
1136:./ucOSII/Core/os_core.c ****     return (prio);
 2289              		.loc 1 1136 12
 2290 00d8 7B7D     		ldrb	r3, [r7, #21]	@ zero_extendqisi2
1137:./ucOSII/Core/os_core.c **** }
 2291              		.loc 1 1137 1
 2292 00da 1846     		mov	r0, r3
 2293 00dc 1837     		adds	r7, r7, #24
 2294              	.LCFI57:
 2295              		.cfi_def_cfa_offset 8
 2296 00de BD46     		mov	sp, r7
 2297              	.LCFI58:
 2298              		.cfi_def_cfa_register 13
 2299              		@ sp needed
 2300 00e0 80BD     		pop	{r7, pc}
 2301              	.L138:
 2302 00e2 00BF     		.align	2
 2303              	.L137:
 2304 00e4 00000000 		.word	OSUnMapTbl
 2305 00e8 00000000 		.word	OSTCBPrioTbl
 2306 00ec 00000000 		.word	OSRdyGrp
 2307 00f0 00000000 		.word	OSRdyTbl
 2308              		.cfi_endproc
 2309              	.LFE16:
 2311              		.section	.text.OS_EventTaskWait,"ax",%progbits
 2312              		.align	1
 2313              		.global	OS_EventTaskWait
 2314              		.syntax unified
 2315              		.thumb
 2316              		.thumb_func
 2318              	OS_EventTaskWait:
 2319              	.LFB17:
1138:./ucOSII/Core/os_core.c **** #endif
1139:./ucOSII/Core/os_core.c **** 
1140:./ucOSII/Core/os_core.c **** 
1141:./ucOSII/Core/os_core.c **** /*
1142:./ucOSII/Core/os_core.c **** ***************************************************************************************************
1143:./ucOSII/Core/os_core.c **** *                                  MAKE TASK WAIT FOR EVENT TO OCCUR
1144:./ucOSII/Core/os_core.c **** *
1145:./ucOSII/Core/os_core.c **** * Description: This function is called by other uC/OS-II services to suspend a task because an even
1146:./ucOSII/Core/os_core.c **** *              not occurred.
1147:./ucOSII/Core/os_core.c **** *
1148:./ucOSII/Core/os_core.c **** * Arguments  : pevent   is a pointer to the event control block for which the task will be waiting 
1149:./ucOSII/Core/os_core.c **** *
1150:./ucOSII/Core/os_core.c **** * Returns    : none
ARM GAS  /var/folders/yl/_q9l42k90g1g4mdhbs226msm0000gn/T//ccIcJZe8.s 			page 62


1151:./ucOSII/Core/os_core.c **** *
1152:./ucOSII/Core/os_core.c **** * Note       : This function is INTERNAL to uC/OS-II and your application should not call it.
1153:./ucOSII/Core/os_core.c **** ***************************************************************************************************
1154:./ucOSII/Core/os_core.c **** */
1155:./ucOSII/Core/os_core.c **** #if (OS_EVENT_EN)
1156:./ucOSII/Core/os_core.c **** void  OS_EventTaskWait (OS_EVENT *pevent)
1157:./ucOSII/Core/os_core.c **** {
 2320              		.loc 1 1157 1
 2321              		.cfi_startproc
 2322              		@ args = 0, pretend = 0, frame = 16
 2323              		@ frame_needed = 1, uses_anonymous_args = 0
 2324 0000 80B5     		push	{r7, lr}
 2325              	.LCFI59:
 2326              		.cfi_def_cfa_offset 8
 2327              		.cfi_offset 7, -8
 2328              		.cfi_offset 14, -4
 2329 0002 84B0     		sub	sp, sp, #16
 2330              	.LCFI60:
 2331              		.cfi_def_cfa_offset 24
 2332 0004 00AF     		add	r7, sp, #0
 2333              	.LCFI61:
 2334              		.cfi_def_cfa_register 7
 2335 0006 7860     		str	r0, [r7, #4]
1158:./ucOSII/Core/os_core.c ****     INT8U  y;
1159:./ucOSII/Core/os_core.c **** 
1160:./ucOSII/Core/os_core.c **** 
1161:./ucOSII/Core/os_core.c ****     OSTCBCur->OSTCBEventPtr               = pevent;                 /* Store ptr to ECB in TCB     
 2336              		.loc 1 1161 13
 2337 0008 274B     		ldr	r3, .L142
 2338 000a 1B68     		ldr	r3, [r3]
 2339              		.loc 1 1161 43
 2340 000c 7A68     		ldr	r2, [r7, #4]
 2341 000e DA61     		str	r2, [r3, #28]
1162:./ucOSII/Core/os_core.c **** 
1163:./ucOSII/Core/os_core.c ****     pevent->OSEventTbl[OSTCBCur->OSTCBY] |= OSTCBCur->OSTCBBitX;    /* Put task in waiting list    
 2342              		.loc 1 1163 32
 2343 0010 254B     		ldr	r3, .L142
 2344 0012 1B68     		ldr	r3, [r3]
 2345 0014 93F83C30 		ldrb	r3, [r3, #60]	@ zero_extendqisi2
 2346              		.loc 1 1163 42
 2347 0018 1A46     		mov	r2, r3
 2348 001a 7B68     		ldr	r3, [r7, #4]
 2349 001c 1344     		add	r3, r3, r2
 2350 001e DA7A     		ldrb	r2, [r3, #11]	@ zero_extendqisi2
 2351              		.loc 1 1163 53
 2352 0020 214B     		ldr	r3, .L142
 2353 0022 1B68     		ldr	r3, [r3]
 2354 0024 93F83D30 		ldrb	r3, [r3, #61]	@ zero_extendqisi2
 2355              		.loc 1 1163 32
 2356 0028 1F49     		ldr	r1, .L142
 2357 002a 0968     		ldr	r1, [r1]
 2358 002c 91F83C10 		ldrb	r1, [r1, #60]	@ zero_extendqisi2
 2359              		.loc 1 1163 42
 2360 0030 1343     		orrs	r3, r3, r2
 2361 0032 DAB2     		uxtb	r2, r3
 2362 0034 7B68     		ldr	r3, [r7, #4]
 2363 0036 0B44     		add	r3, r3, r1
ARM GAS  /var/folders/yl/_q9l42k90g1g4mdhbs226msm0000gn/T//ccIcJZe8.s 			page 63


 2364 0038 DA72     		strb	r2, [r3, #11]
1164:./ucOSII/Core/os_core.c ****     pevent->OSEventGrp                   |= OSTCBCur->OSTCBBitY;
 2365              		.loc 1 1164 42
 2366 003a 7B68     		ldr	r3, [r7, #4]
 2367 003c 9A7A     		ldrb	r2, [r3, #10]	@ zero_extendqisi2
 2368              		.loc 1 1164 53
 2369 003e 1A4B     		ldr	r3, .L142
 2370 0040 1B68     		ldr	r3, [r3]
 2371 0042 93F83E30 		ldrb	r3, [r3, #62]	@ zero_extendqisi2
 2372              		.loc 1 1164 42
 2373 0046 1343     		orrs	r3, r3, r2
 2374 0048 DAB2     		uxtb	r2, r3
 2375 004a 7B68     		ldr	r3, [r7, #4]
 2376 004c 9A72     		strb	r2, [r3, #10]
1165:./ucOSII/Core/os_core.c **** 
1166:./ucOSII/Core/os_core.c ****     y             =  OSTCBCur->OSTCBY;            /* Task no longer ready                          
 2377              		.loc 1 1166 30
 2378 004e 164B     		ldr	r3, .L142
 2379 0050 1B68     		ldr	r3, [r3]
 2380              		.loc 1 1166 19
 2381 0052 93F83C30 		ldrb	r3, [r3, #60]
 2382 0056 FB73     		strb	r3, [r7, #15]
1167:./ucOSII/Core/os_core.c ****     OSRdyTbl[y]  &= (OS_PRIO)~OSTCBCur->OSTCBBitX;
 2383              		.loc 1 1167 18
 2384 0058 FB7B     		ldrb	r3, [r7, #15]	@ zero_extendqisi2
 2385 005a 144A     		ldr	r2, .L142+4
 2386 005c D15C     		ldrb	r1, [r2, r3]	@ zero_extendqisi2
 2387              		.loc 1 1167 39
 2388 005e 124B     		ldr	r3, .L142
 2389 0060 1B68     		ldr	r3, [r3]
 2390 0062 93F83D30 		ldrb	r3, [r3, #61]	@ zero_extendqisi2
 2391              		.loc 1 1167 21
 2392 0066 DB43     		mvns	r3, r3
 2393 0068 DAB2     		uxtb	r2, r3
 2394              		.loc 1 1167 18
 2395 006a FB7B     		ldrb	r3, [r7, #15]	@ zero_extendqisi2
 2396 006c 0A40     		ands	r2, r2, r1
 2397 006e D1B2     		uxtb	r1, r2
 2398 0070 0E4A     		ldr	r2, .L142+4
 2399 0072 D154     		strb	r1, [r2, r3]
1168:./ucOSII/Core/os_core.c ****     OS_TRACE_TASK_SUSPENDED(OSTCBCur);
 2400              		.loc 1 1168 5
 2401 0074 0C4B     		ldr	r3, .L142
 2402 0076 1B68     		ldr	r3, [r3]
 2403 0078 1846     		mov	r0, r3
 2404 007a FFF7FEFF 		bl	SYSVIEW_TaskSuspend
1169:./ucOSII/Core/os_core.c ****     if (OSRdyTbl[y] == 0u) {                      /* Clear event grp bit if this was only task pend
 2405              		.loc 1 1169 17
 2406 007e FB7B     		ldrb	r3, [r7, #15]	@ zero_extendqisi2
 2407 0080 0A4A     		ldr	r2, .L142+4
 2408 0082 D35C     		ldrb	r3, [r2, r3]	@ zero_extendqisi2
 2409              		.loc 1 1169 8
 2410 0084 002B     		cmp	r3, #0
 2411 0086 0BD1     		bne	.L141
1170:./ucOSII/Core/os_core.c ****         OSRdyGrp &= (OS_PRIO)~OSTCBCur->OSTCBBitY;
 2412              		.loc 1 1170 39
 2413 0088 074B     		ldr	r3, .L142
ARM GAS  /var/folders/yl/_q9l42k90g1g4mdhbs226msm0000gn/T//ccIcJZe8.s 			page 64


 2414 008a 1B68     		ldr	r3, [r3]
 2415 008c 93F83E30 		ldrb	r3, [r3, #62]	@ zero_extendqisi2
 2416              		.loc 1 1170 21
 2417 0090 DB43     		mvns	r3, r3
 2418 0092 DAB2     		uxtb	r2, r3
 2419              		.loc 1 1170 18
 2420 0094 064B     		ldr	r3, .L142+8
 2421 0096 1B78     		ldrb	r3, [r3]	@ zero_extendqisi2
 2422 0098 1340     		ands	r3, r3, r2
 2423 009a DAB2     		uxtb	r2, r3
 2424 009c 044B     		ldr	r3, .L142+8
 2425 009e 1A70     		strb	r2, [r3]
 2426              	.L141:
1171:./ucOSII/Core/os_core.c ****     }
1172:./ucOSII/Core/os_core.c **** }
 2427              		.loc 1 1172 1
 2428 00a0 00BF     		nop
 2429 00a2 1037     		adds	r7, r7, #16
 2430              	.LCFI62:
 2431              		.cfi_def_cfa_offset 8
 2432 00a4 BD46     		mov	sp, r7
 2433              	.LCFI63:
 2434              		.cfi_def_cfa_register 13
 2435              		@ sp needed
 2436 00a6 80BD     		pop	{r7, pc}
 2437              	.L143:
 2438              		.align	2
 2439              	.L142:
 2440 00a8 00000000 		.word	OSTCBCur
 2441 00ac 00000000 		.word	OSRdyTbl
 2442 00b0 00000000 		.word	OSRdyGrp
 2443              		.cfi_endproc
 2444              	.LFE17:
 2446              		.section	.text.OS_EventTaskWaitMulti,"ax",%progbits
 2447              		.align	1
 2448              		.global	OS_EventTaskWaitMulti
 2449              		.syntax unified
 2450              		.thumb
 2451              		.thumb_func
 2453              	OS_EventTaskWaitMulti:
 2454              	.LFB18:
1173:./ucOSII/Core/os_core.c **** #endif
1174:./ucOSII/Core/os_core.c **** 
1175:./ucOSII/Core/os_core.c **** 
1176:./ucOSII/Core/os_core.c **** /*
1177:./ucOSII/Core/os_core.c **** ***************************************************************************************************
1178:./ucOSII/Core/os_core.c **** *                         MAKE TASK WAIT FOR ANY OF MULTIPLE EVENTS TO OCCUR
1179:./ucOSII/Core/os_core.c **** *
1180:./ucOSII/Core/os_core.c **** * Description: This function is called by other uC/OS-II services to suspend a task because any one
1181:./ucOSII/Core/os_core.c **** *              multiple events has not occurred.
1182:./ucOSII/Core/os_core.c **** *
1183:./ucOSII/Core/os_core.c **** * Arguments  : pevents_wait     is a pointer to an array of event control blocks, NULL-terminated, 
1184:./ucOSII/Core/os_core.c **** *                               which the task will be waiting for.
1185:./ucOSII/Core/os_core.c **** *
1186:./ucOSII/Core/os_core.c **** * Returns    : none.
1187:./ucOSII/Core/os_core.c **** *
1188:./ucOSII/Core/os_core.c **** * Note       : This function is INTERNAL to uC/OS-II and your application should not call it.
ARM GAS  /var/folders/yl/_q9l42k90g1g4mdhbs226msm0000gn/T//ccIcJZe8.s 			page 65


1189:./ucOSII/Core/os_core.c **** ***************************************************************************************************
1190:./ucOSII/Core/os_core.c **** */
1191:./ucOSII/Core/os_core.c **** #if ((OS_EVENT_EN) && (OS_EVENT_MULTI_EN > 0u))
1192:./ucOSII/Core/os_core.c **** void  OS_EventTaskWaitMulti (OS_EVENT **pevents_wait)
1193:./ucOSII/Core/os_core.c **** {
 2455              		.loc 1 1193 1
 2456              		.cfi_startproc
 2457              		@ args = 0, pretend = 0, frame = 24
 2458              		@ frame_needed = 1, uses_anonymous_args = 0
 2459 0000 80B5     		push	{r7, lr}
 2460              	.LCFI64:
 2461              		.cfi_def_cfa_offset 8
 2462              		.cfi_offset 7, -8
 2463              		.cfi_offset 14, -4
 2464 0002 86B0     		sub	sp, sp, #24
 2465              	.LCFI65:
 2466              		.cfi_def_cfa_offset 32
 2467 0004 00AF     		add	r7, sp, #0
 2468              	.LCFI66:
 2469              		.cfi_def_cfa_register 7
 2470 0006 7860     		str	r0, [r7, #4]
1194:./ucOSII/Core/os_core.c ****     OS_EVENT **pevents;
1195:./ucOSII/Core/os_core.c ****     OS_EVENT  *pevent;
1196:./ucOSII/Core/os_core.c ****     INT8U      y;
1197:./ucOSII/Core/os_core.c **** 
1198:./ucOSII/Core/os_core.c **** 
1199:./ucOSII/Core/os_core.c ****     OSTCBCur->OSTCBEventMultiPtr = (OS_EVENT **)pevents_wait;       /* Store ptr to ECBs in TCB    
 2471              		.loc 1 1199 13
 2472 0008 314B     		ldr	r3, .L149
 2473 000a 1B68     		ldr	r3, [r3]
 2474              		.loc 1 1199 34
 2475 000c 7A68     		ldr	r2, [r7, #4]
 2476 000e 1A62     		str	r2, [r3, #32]
1200:./ucOSII/Core/os_core.c ****     OSTCBCur->OSTCBEventMultiRdy = (OS_EVENT  *)0;
 2477              		.loc 1 1200 13
 2478 0010 2F4B     		ldr	r3, .L149
 2479 0012 1B68     		ldr	r3, [r3]
 2480              		.loc 1 1200 34
 2481 0014 0022     		movs	r2, #0
 2482 0016 5A62     		str	r2, [r3, #36]
1201:./ucOSII/Core/os_core.c **** 
1202:./ucOSII/Core/os_core.c ****     pevents =  pevents_wait;
 2483              		.loc 1 1202 13
 2484 0018 7B68     		ldr	r3, [r7, #4]
 2485 001a 7B61     		str	r3, [r7, #20]
1203:./ucOSII/Core/os_core.c ****     pevent  = *pevents;
 2486              		.loc 1 1203 13
 2487 001c 7B69     		ldr	r3, [r7, #20]
 2488 001e 1B68     		ldr	r3, [r3]
 2489 0020 3B61     		str	r3, [r7, #16]
1204:./ucOSII/Core/os_core.c ****     while (pevent != (OS_EVENT *)0) {                               /* Put task in waiting lists   
 2490              		.loc 1 1204 11
 2491 0022 24E0     		b	.L145
 2492              	.L146:
1205:./ucOSII/Core/os_core.c ****         pevent->OSEventTbl[OSTCBCur->OSTCBY] |= OSTCBCur->OSTCBBitX;
 2493              		.loc 1 1205 36
 2494 0024 2A4B     		ldr	r3, .L149
ARM GAS  /var/folders/yl/_q9l42k90g1g4mdhbs226msm0000gn/T//ccIcJZe8.s 			page 66


 2495 0026 1B68     		ldr	r3, [r3]
 2496 0028 93F83C30 		ldrb	r3, [r3, #60]	@ zero_extendqisi2
 2497              		.loc 1 1205 46
 2498 002c 1A46     		mov	r2, r3
 2499 002e 3B69     		ldr	r3, [r7, #16]
 2500 0030 1344     		add	r3, r3, r2
 2501 0032 DA7A     		ldrb	r2, [r3, #11]	@ zero_extendqisi2
 2502              		.loc 1 1205 57
 2503 0034 264B     		ldr	r3, .L149
 2504 0036 1B68     		ldr	r3, [r3]
 2505 0038 93F83D30 		ldrb	r3, [r3, #61]	@ zero_extendqisi2
 2506              		.loc 1 1205 36
 2507 003c 2449     		ldr	r1, .L149
 2508 003e 0968     		ldr	r1, [r1]
 2509 0040 91F83C10 		ldrb	r1, [r1, #60]	@ zero_extendqisi2
 2510              		.loc 1 1205 46
 2511 0044 1343     		orrs	r3, r3, r2
 2512 0046 DAB2     		uxtb	r2, r3
 2513 0048 3B69     		ldr	r3, [r7, #16]
 2514 004a 0B44     		add	r3, r3, r1
 2515 004c DA72     		strb	r2, [r3, #11]
1206:./ucOSII/Core/os_core.c ****         pevent->OSEventGrp                   |= OSTCBCur->OSTCBBitY;
 2516              		.loc 1 1206 46
 2517 004e 3B69     		ldr	r3, [r7, #16]
 2518 0050 9A7A     		ldrb	r2, [r3, #10]	@ zero_extendqisi2
 2519              		.loc 1 1206 57
 2520 0052 1F4B     		ldr	r3, .L149
 2521 0054 1B68     		ldr	r3, [r3]
 2522 0056 93F83E30 		ldrb	r3, [r3, #62]	@ zero_extendqisi2
 2523              		.loc 1 1206 46
 2524 005a 1343     		orrs	r3, r3, r2
 2525 005c DAB2     		uxtb	r2, r3
 2526 005e 3B69     		ldr	r3, [r7, #16]
 2527 0060 9A72     		strb	r2, [r3, #10]
1207:./ucOSII/Core/os_core.c ****         pevents++;
 2528              		.loc 1 1207 16
 2529 0062 7B69     		ldr	r3, [r7, #20]
 2530 0064 0433     		adds	r3, r3, #4
 2531 0066 7B61     		str	r3, [r7, #20]
1208:./ucOSII/Core/os_core.c ****         pevent = *pevents;
 2532              		.loc 1 1208 16
 2533 0068 7B69     		ldr	r3, [r7, #20]
 2534 006a 1B68     		ldr	r3, [r3]
 2535 006c 3B61     		str	r3, [r7, #16]
 2536              	.L145:
1204:./ucOSII/Core/os_core.c ****         pevent->OSEventTbl[OSTCBCur->OSTCBY] |= OSTCBCur->OSTCBBitX;
 2537              		.loc 1 1204 11
 2538 006e 3B69     		ldr	r3, [r7, #16]
 2539 0070 002B     		cmp	r3, #0
 2540 0072 D7D1     		bne	.L146
1209:./ucOSII/Core/os_core.c ****     }
1210:./ucOSII/Core/os_core.c **** 
1211:./ucOSII/Core/os_core.c ****     y             =  OSTCBCur->OSTCBY;            /* Task no longer ready                          
 2541              		.loc 1 1211 30
 2542 0074 164B     		ldr	r3, .L149
 2543 0076 1B68     		ldr	r3, [r3]
 2544              		.loc 1 1211 19
ARM GAS  /var/folders/yl/_q9l42k90g1g4mdhbs226msm0000gn/T//ccIcJZe8.s 			page 67


 2545 0078 93F83C30 		ldrb	r3, [r3, #60]
 2546 007c FB73     		strb	r3, [r7, #15]
1212:./ucOSII/Core/os_core.c ****     OSRdyTbl[y]  &= (OS_PRIO)~OSTCBCur->OSTCBBitX;
 2547              		.loc 1 1212 18
 2548 007e FB7B     		ldrb	r3, [r7, #15]	@ zero_extendqisi2
 2549 0080 144A     		ldr	r2, .L149+4
 2550 0082 D15C     		ldrb	r1, [r2, r3]	@ zero_extendqisi2
 2551              		.loc 1 1212 39
 2552 0084 124B     		ldr	r3, .L149
 2553 0086 1B68     		ldr	r3, [r3]
 2554 0088 93F83D30 		ldrb	r3, [r3, #61]	@ zero_extendqisi2
 2555              		.loc 1 1212 21
 2556 008c DB43     		mvns	r3, r3
 2557 008e DAB2     		uxtb	r2, r3
 2558              		.loc 1 1212 18
 2559 0090 FB7B     		ldrb	r3, [r7, #15]	@ zero_extendqisi2
 2560 0092 0A40     		ands	r2, r2, r1
 2561 0094 D1B2     		uxtb	r1, r2
 2562 0096 0F4A     		ldr	r2, .L149+4
 2563 0098 D154     		strb	r1, [r2, r3]
1213:./ucOSII/Core/os_core.c ****     OS_TRACE_TASK_SUSPENDED(OSTCBCur);
 2564              		.loc 1 1213 5
 2565 009a 0D4B     		ldr	r3, .L149
 2566 009c 1B68     		ldr	r3, [r3]
 2567 009e 1846     		mov	r0, r3
 2568 00a0 FFF7FEFF 		bl	SYSVIEW_TaskSuspend
1214:./ucOSII/Core/os_core.c ****     if (OSRdyTbl[y] == 0u) {                      /* Clear event grp bit if this was only task pend
 2569              		.loc 1 1214 17
 2570 00a4 FB7B     		ldrb	r3, [r7, #15]	@ zero_extendqisi2
 2571 00a6 0B4A     		ldr	r2, .L149+4
 2572 00a8 D35C     		ldrb	r3, [r2, r3]	@ zero_extendqisi2
 2573              		.loc 1 1214 8
 2574 00aa 002B     		cmp	r3, #0
 2575 00ac 0BD1     		bne	.L148
1215:./ucOSII/Core/os_core.c ****         OSRdyGrp &= (OS_PRIO)~OSTCBCur->OSTCBBitY;
 2576              		.loc 1 1215 39
 2577 00ae 084B     		ldr	r3, .L149
 2578 00b0 1B68     		ldr	r3, [r3]
 2579 00b2 93F83E30 		ldrb	r3, [r3, #62]	@ zero_extendqisi2
 2580              		.loc 1 1215 21
 2581 00b6 DB43     		mvns	r3, r3
 2582 00b8 DAB2     		uxtb	r2, r3
 2583              		.loc 1 1215 18
 2584 00ba 074B     		ldr	r3, .L149+8
 2585 00bc 1B78     		ldrb	r3, [r3]	@ zero_extendqisi2
 2586 00be 1340     		ands	r3, r3, r2
 2587 00c0 DAB2     		uxtb	r2, r3
 2588 00c2 054B     		ldr	r3, .L149+8
 2589 00c4 1A70     		strb	r2, [r3]
 2590              	.L148:
1216:./ucOSII/Core/os_core.c ****     }
1217:./ucOSII/Core/os_core.c **** }
 2591              		.loc 1 1217 1
 2592 00c6 00BF     		nop
 2593 00c8 1837     		adds	r7, r7, #24
 2594              	.LCFI67:
 2595              		.cfi_def_cfa_offset 8
ARM GAS  /var/folders/yl/_q9l42k90g1g4mdhbs226msm0000gn/T//ccIcJZe8.s 			page 68


 2596 00ca BD46     		mov	sp, r7
 2597              	.LCFI68:
 2598              		.cfi_def_cfa_register 13
 2599              		@ sp needed
 2600 00cc 80BD     		pop	{r7, pc}
 2601              	.L150:
 2602 00ce 00BF     		.align	2
 2603              	.L149:
 2604 00d0 00000000 		.word	OSTCBCur
 2605 00d4 00000000 		.word	OSRdyTbl
 2606 00d8 00000000 		.word	OSRdyGrp
 2607              		.cfi_endproc
 2608              	.LFE18:
 2610              		.section	.text.OS_EventTaskRemove,"ax",%progbits
 2611              		.align	1
 2612              		.global	OS_EventTaskRemove
 2613              		.syntax unified
 2614              		.thumb
 2615              		.thumb_func
 2617              	OS_EventTaskRemove:
 2618              	.LFB19:
1218:./ucOSII/Core/os_core.c **** #endif
1219:./ucOSII/Core/os_core.c **** 
1220:./ucOSII/Core/os_core.c **** 
1221:./ucOSII/Core/os_core.c **** /*
1222:./ucOSII/Core/os_core.c **** ***************************************************************************************************
1223:./ucOSII/Core/os_core.c **** *                                  REMOVE TASK FROM EVENT WAIT LIST
1224:./ucOSII/Core/os_core.c **** *
1225:./ucOSII/Core/os_core.c **** * Description: Remove a task from an event's wait list.
1226:./ucOSII/Core/os_core.c **** *
1227:./ucOSII/Core/os_core.c **** * Arguments  : ptcb     is a pointer to the task to remove.
1228:./ucOSII/Core/os_core.c **** *
1229:./ucOSII/Core/os_core.c **** *              pevent   is a pointer to the event control block.
1230:./ucOSII/Core/os_core.c **** *
1231:./ucOSII/Core/os_core.c **** * Returns    : none
1232:./ucOSII/Core/os_core.c **** *
1233:./ucOSII/Core/os_core.c **** * Note       : This function is INTERNAL to uC/OS-II and your application should not call it.
1234:./ucOSII/Core/os_core.c **** ***************************************************************************************************
1235:./ucOSII/Core/os_core.c **** */
1236:./ucOSII/Core/os_core.c **** #if (OS_EVENT_EN)
1237:./ucOSII/Core/os_core.c **** void  OS_EventTaskRemove (OS_TCB   *ptcb,
1238:./ucOSII/Core/os_core.c ****                           OS_EVENT *pevent)
1239:./ucOSII/Core/os_core.c **** {
 2619              		.loc 1 1239 1
 2620              		.cfi_startproc
 2621              		@ args = 0, pretend = 0, frame = 16
 2622              		@ frame_needed = 1, uses_anonymous_args = 0
 2623              		@ link register save eliminated.
 2624 0000 80B4     		push	{r7}
 2625              	.LCFI69:
 2626              		.cfi_def_cfa_offset 4
 2627              		.cfi_offset 7, -4
 2628 0002 85B0     		sub	sp, sp, #20
 2629              	.LCFI70:
 2630              		.cfi_def_cfa_offset 24
 2631 0004 00AF     		add	r7, sp, #0
 2632              	.LCFI71:
ARM GAS  /var/folders/yl/_q9l42k90g1g4mdhbs226msm0000gn/T//ccIcJZe8.s 			page 69


 2633              		.cfi_def_cfa_register 7
 2634 0006 7860     		str	r0, [r7, #4]
 2635 0008 3960     		str	r1, [r7]
1240:./ucOSII/Core/os_core.c ****     INT8U  y;
1241:./ucOSII/Core/os_core.c **** 
1242:./ucOSII/Core/os_core.c **** 
1243:./ucOSII/Core/os_core.c ****     y                       =  ptcb->OSTCBY;
 2636              		.loc 1 1243 29
 2637 000a 7B68     		ldr	r3, [r7, #4]
 2638 000c 93F83C30 		ldrb	r3, [r3, #60]
 2639 0010 FB73     		strb	r3, [r7, #15]
1244:./ucOSII/Core/os_core.c ****     pevent->OSEventTbl[y]  &= (OS_PRIO)~ptcb->OSTCBBitX;    /* Remove task from wait list          
 2640              		.loc 1 1244 28
 2641 0012 FB7B     		ldrb	r3, [r7, #15]	@ zero_extendqisi2
 2642 0014 3A68     		ldr	r2, [r7]
 2643 0016 1344     		add	r3, r3, r2
 2644 0018 D97A     		ldrb	r1, [r3, #11]	@ zero_extendqisi2
 2645              		.loc 1 1244 45
 2646 001a 7B68     		ldr	r3, [r7, #4]
 2647 001c 93F83D30 		ldrb	r3, [r3, #61]	@ zero_extendqisi2
 2648              		.loc 1 1244 31
 2649 0020 DB43     		mvns	r3, r3
 2650 0022 DAB2     		uxtb	r2, r3
 2651              		.loc 1 1244 28
 2652 0024 FB7B     		ldrb	r3, [r7, #15]	@ zero_extendqisi2
 2653 0026 0A40     		ands	r2, r2, r1
 2654 0028 D1B2     		uxtb	r1, r2
 2655 002a 3A68     		ldr	r2, [r7]
 2656 002c 1344     		add	r3, r3, r2
 2657 002e 0A46     		mov	r2, r1
 2658 0030 DA72     		strb	r2, [r3, #11]
1245:./ucOSII/Core/os_core.c ****     if (pevent->OSEventTbl[y] == 0u) {
 2659              		.loc 1 1245 27
 2660 0032 FB7B     		ldrb	r3, [r7, #15]	@ zero_extendqisi2
 2661 0034 3A68     		ldr	r2, [r7]
 2662 0036 1344     		add	r3, r3, r2
 2663 0038 DB7A     		ldrb	r3, [r3, #11]	@ zero_extendqisi2
 2664              		.loc 1 1245 8
 2665 003a 002B     		cmp	r3, #0
 2666 003c 0AD1     		bne	.L152
1246:./ucOSII/Core/os_core.c ****         pevent->OSEventGrp &= (OS_PRIO)~ptcb->OSTCBBitY;
 2667              		.loc 1 1246 28
 2668 003e 3B68     		ldr	r3, [r7]
 2669 0040 9A7A     		ldrb	r2, [r3, #10]	@ zero_extendqisi2
 2670              		.loc 1 1246 45
 2671 0042 7B68     		ldr	r3, [r7, #4]
 2672 0044 93F83E30 		ldrb	r3, [r3, #62]	@ zero_extendqisi2
 2673              		.loc 1 1246 31
 2674 0048 DB43     		mvns	r3, r3
 2675 004a DBB2     		uxtb	r3, r3
 2676              		.loc 1 1246 28
 2677 004c 1340     		ands	r3, r3, r2
 2678 004e DAB2     		uxtb	r2, r3
 2679 0050 3B68     		ldr	r3, [r7]
 2680 0052 9A72     		strb	r2, [r3, #10]
 2681              	.L152:
1247:./ucOSII/Core/os_core.c ****     }
ARM GAS  /var/folders/yl/_q9l42k90g1g4mdhbs226msm0000gn/T//ccIcJZe8.s 			page 70


1248:./ucOSII/Core/os_core.c ****     ptcb->OSTCBEventPtr     = (OS_EVENT  *)0;               /* Unlink OS_EVENT from OS_TCB         
 2682              		.loc 1 1248 29
 2683 0054 7B68     		ldr	r3, [r7, #4]
 2684 0056 0022     		movs	r2, #0
 2685 0058 DA61     		str	r2, [r3, #28]
1249:./ucOSII/Core/os_core.c **** }
 2686              		.loc 1 1249 1
 2687 005a 00BF     		nop
 2688 005c 1437     		adds	r7, r7, #20
 2689              	.LCFI72:
 2690              		.cfi_def_cfa_offset 4
 2691 005e BD46     		mov	sp, r7
 2692              	.LCFI73:
 2693              		.cfi_def_cfa_register 13
 2694              		@ sp needed
 2695 0060 5DF8047B 		ldr	r7, [sp], #4
 2696              	.LCFI74:
 2697              		.cfi_restore 7
 2698              		.cfi_def_cfa_offset 0
 2699 0064 7047     		bx	lr
 2700              		.cfi_endproc
 2701              	.LFE19:
 2703              		.section	.text.OS_EventTaskRemoveMulti,"ax",%progbits
 2704              		.align	1
 2705              		.global	OS_EventTaskRemoveMulti
 2706              		.syntax unified
 2707              		.thumb
 2708              		.thumb_func
 2710              	OS_EventTaskRemoveMulti:
 2711              	.LFB20:
1250:./ucOSII/Core/os_core.c **** #endif
1251:./ucOSII/Core/os_core.c **** 
1252:./ucOSII/Core/os_core.c **** 
1253:./ucOSII/Core/os_core.c **** /*
1254:./ucOSII/Core/os_core.c **** ***************************************************************************************************
1255:./ucOSII/Core/os_core.c **** *                             REMOVE TASK FROM MULTIPLE EVENTS WAIT LISTS
1256:./ucOSII/Core/os_core.c **** *
1257:./ucOSII/Core/os_core.c **** * Description: Remove a task from multiple events' wait lists.
1258:./ucOSII/Core/os_core.c **** *
1259:./ucOSII/Core/os_core.c **** * Arguments  : ptcb             is a pointer to the task to remove.
1260:./ucOSII/Core/os_core.c **** *
1261:./ucOSII/Core/os_core.c **** *              pevents_multi    is a pointer to the array of event control blocks, NULL-terminated.
1262:./ucOSII/Core/os_core.c **** *
1263:./ucOSII/Core/os_core.c **** * Returns    : none
1264:./ucOSII/Core/os_core.c **** *
1265:./ucOSII/Core/os_core.c **** * Note       : This function is INTERNAL to uC/OS-II and your application should not call it.
1266:./ucOSII/Core/os_core.c **** ***************************************************************************************************
1267:./ucOSII/Core/os_core.c **** */
1268:./ucOSII/Core/os_core.c **** #if ((OS_EVENT_EN) && (OS_EVENT_MULTI_EN > 0u))
1269:./ucOSII/Core/os_core.c **** void  OS_EventTaskRemoveMulti (OS_TCB    *ptcb,
1270:./ucOSII/Core/os_core.c ****                                OS_EVENT **pevents_multi)
1271:./ucOSII/Core/os_core.c **** {
 2712              		.loc 1 1271 1
 2713              		.cfi_startproc
 2714              		@ args = 0, pretend = 0, frame = 24
 2715              		@ frame_needed = 1, uses_anonymous_args = 0
 2716              		@ link register save eliminated.
ARM GAS  /var/folders/yl/_q9l42k90g1g4mdhbs226msm0000gn/T//ccIcJZe8.s 			page 71


 2717 0000 80B4     		push	{r7}
 2718              	.LCFI75:
 2719              		.cfi_def_cfa_offset 4
 2720              		.cfi_offset 7, -4
 2721 0002 87B0     		sub	sp, sp, #28
 2722              	.LCFI76:
 2723              		.cfi_def_cfa_offset 32
 2724 0004 00AF     		add	r7, sp, #0
 2725              	.LCFI77:
 2726              		.cfi_def_cfa_register 7
 2727 0006 7860     		str	r0, [r7, #4]
 2728 0008 3960     		str	r1, [r7]
1272:./ucOSII/Core/os_core.c ****     OS_EVENT **pevents;
1273:./ucOSII/Core/os_core.c ****     OS_EVENT  *pevent;
1274:./ucOSII/Core/os_core.c ****     INT8U      y;
1275:./ucOSII/Core/os_core.c ****     OS_PRIO    bity;
1276:./ucOSII/Core/os_core.c ****     OS_PRIO    bitx;
1277:./ucOSII/Core/os_core.c **** 
1278:./ucOSII/Core/os_core.c **** 
1279:./ucOSII/Core/os_core.c ****     y       =  ptcb->OSTCBY;
 2729              		.loc 1 1279 13
 2730 000a 7B68     		ldr	r3, [r7, #4]
 2731 000c 93F83C30 		ldrb	r3, [r3, #60]
 2732 0010 FB73     		strb	r3, [r7, #15]
1280:./ucOSII/Core/os_core.c ****     bity    =  ptcb->OSTCBBitY;
 2733              		.loc 1 1280 13
 2734 0012 7B68     		ldr	r3, [r7, #4]
 2735 0014 93F83E30 		ldrb	r3, [r3, #62]
 2736 0018 BB73     		strb	r3, [r7, #14]
1281:./ucOSII/Core/os_core.c ****     bitx    =  ptcb->OSTCBBitX;
 2737              		.loc 1 1281 13
 2738 001a 7B68     		ldr	r3, [r7, #4]
 2739 001c 93F83D30 		ldrb	r3, [r3, #61]
 2740 0020 7B73     		strb	r3, [r7, #13]
1282:./ucOSII/Core/os_core.c ****     pevents =  pevents_multi;
 2741              		.loc 1 1282 13
 2742 0022 3B68     		ldr	r3, [r7]
 2743 0024 7B61     		str	r3, [r7, #20]
1283:./ucOSII/Core/os_core.c ****     pevent  = *pevents;
 2744              		.loc 1 1283 13
 2745 0026 7B69     		ldr	r3, [r7, #20]
 2746 0028 1B68     		ldr	r3, [r3]
 2747 002a 3B61     		str	r3, [r7, #16]
1284:./ucOSII/Core/os_core.c ****     while (pevent != (OS_EVENT *)0) {                   /* Remove task from all events' wait lists 
 2748              		.loc 1 1284 11
 2749 002c 22E0     		b	.L154
 2750              	.L156:
1285:./ucOSII/Core/os_core.c ****         pevent->OSEventTbl[y]  &= (OS_PRIO)~bitx;
 2751              		.loc 1 1285 32
 2752 002e FB7B     		ldrb	r3, [r7, #15]	@ zero_extendqisi2
 2753 0030 3A69     		ldr	r2, [r7, #16]
 2754 0032 1344     		add	r3, r3, r2
 2755 0034 D97A     		ldrb	r1, [r3, #11]	@ zero_extendqisi2
 2756              		.loc 1 1285 35
 2757 0036 7B7B     		ldrb	r3, [r7, #13]
 2758 0038 DB43     		mvns	r3, r3
 2759 003a DAB2     		uxtb	r2, r3
ARM GAS  /var/folders/yl/_q9l42k90g1g4mdhbs226msm0000gn/T//ccIcJZe8.s 			page 72


 2760              		.loc 1 1285 32
 2761 003c FB7B     		ldrb	r3, [r7, #15]	@ zero_extendqisi2
 2762 003e 0A40     		ands	r2, r2, r1
 2763 0040 D1B2     		uxtb	r1, r2
 2764 0042 3A69     		ldr	r2, [r7, #16]
 2765 0044 1344     		add	r3, r3, r2
 2766 0046 0A46     		mov	r2, r1
 2767 0048 DA72     		strb	r2, [r3, #11]
1286:./ucOSII/Core/os_core.c ****         if (pevent->OSEventTbl[y] == 0u) {
 2768              		.loc 1 1286 31
 2769 004a FB7B     		ldrb	r3, [r7, #15]	@ zero_extendqisi2
 2770 004c 3A69     		ldr	r2, [r7, #16]
 2771 004e 1344     		add	r3, r3, r2
 2772 0050 DB7A     		ldrb	r3, [r3, #11]	@ zero_extendqisi2
 2773              		.loc 1 1286 12
 2774 0052 002B     		cmp	r3, #0
 2775 0054 08D1     		bne	.L155
1287:./ucOSII/Core/os_core.c ****             pevent->OSEventGrp &= (OS_PRIO)~bity;
 2776              		.loc 1 1287 32
 2777 0056 3B69     		ldr	r3, [r7, #16]
 2778 0058 9A7A     		ldrb	r2, [r3, #10]	@ zero_extendqisi2
 2779              		.loc 1 1287 35
 2780 005a BB7B     		ldrb	r3, [r7, #14]
 2781 005c DB43     		mvns	r3, r3
 2782 005e DBB2     		uxtb	r3, r3
 2783              		.loc 1 1287 32
 2784 0060 1340     		ands	r3, r3, r2
 2785 0062 DAB2     		uxtb	r2, r3
 2786 0064 3B69     		ldr	r3, [r7, #16]
 2787 0066 9A72     		strb	r2, [r3, #10]
 2788              	.L155:
1288:./ucOSII/Core/os_core.c ****         }
1289:./ucOSII/Core/os_core.c ****         pevents++;
 2789              		.loc 1 1289 16
 2790 0068 7B69     		ldr	r3, [r7, #20]
 2791 006a 0433     		adds	r3, r3, #4
 2792 006c 7B61     		str	r3, [r7, #20]
1290:./ucOSII/Core/os_core.c ****         pevent = *pevents;
 2793              		.loc 1 1290 16
 2794 006e 7B69     		ldr	r3, [r7, #20]
 2795 0070 1B68     		ldr	r3, [r3]
 2796 0072 3B61     		str	r3, [r7, #16]
 2797              	.L154:
1284:./ucOSII/Core/os_core.c ****         pevent->OSEventTbl[y]  &= (OS_PRIO)~bitx;
 2798              		.loc 1 1284 11
 2799 0074 3B69     		ldr	r3, [r7, #16]
 2800 0076 002B     		cmp	r3, #0
 2801 0078 D9D1     		bne	.L156
1291:./ucOSII/Core/os_core.c ****     }
1292:./ucOSII/Core/os_core.c **** }
 2802              		.loc 1 1292 1
 2803 007a 00BF     		nop
 2804 007c 00BF     		nop
 2805 007e 1C37     		adds	r7, r7, #28
 2806              	.LCFI78:
 2807              		.cfi_def_cfa_offset 4
 2808 0080 BD46     		mov	sp, r7
ARM GAS  /var/folders/yl/_q9l42k90g1g4mdhbs226msm0000gn/T//ccIcJZe8.s 			page 73


 2809              	.LCFI79:
 2810              		.cfi_def_cfa_register 13
 2811              		@ sp needed
 2812 0082 5DF8047B 		ldr	r7, [sp], #4
 2813              	.LCFI80:
 2814              		.cfi_restore 7
 2815              		.cfi_def_cfa_offset 0
 2816 0086 7047     		bx	lr
 2817              		.cfi_endproc
 2818              	.LFE20:
 2820              		.section	.text.OS_EventWaitListInit,"ax",%progbits
 2821              		.align	1
 2822              		.global	OS_EventWaitListInit
 2823              		.syntax unified
 2824              		.thumb
 2825              		.thumb_func
 2827              	OS_EventWaitListInit:
 2828              	.LFB21:
1293:./ucOSII/Core/os_core.c **** #endif
1294:./ucOSII/Core/os_core.c **** 
1295:./ucOSII/Core/os_core.c **** 
1296:./ucOSII/Core/os_core.c **** /*
1297:./ucOSII/Core/os_core.c **** ***************************************************************************************************
1298:./ucOSII/Core/os_core.c **** *                             INITIALIZE EVENT CONTROL BLOCK'S WAIT LIST
1299:./ucOSII/Core/os_core.c **** *
1300:./ucOSII/Core/os_core.c **** * Description: This function is called by other uC/OS-II services to initialize the event wait list
1301:./ucOSII/Core/os_core.c **** *
1302:./ucOSII/Core/os_core.c **** * Arguments  : pevent    is a pointer to the event control block allocated to the event.
1303:./ucOSII/Core/os_core.c **** *
1304:./ucOSII/Core/os_core.c **** * Returns    : none
1305:./ucOSII/Core/os_core.c **** *
1306:./ucOSII/Core/os_core.c **** * Note       : This function is INTERNAL to uC/OS-II and your application should not call it.
1307:./ucOSII/Core/os_core.c **** ***************************************************************************************************
1308:./ucOSII/Core/os_core.c **** */
1309:./ucOSII/Core/os_core.c **** #if (OS_EVENT_EN)
1310:./ucOSII/Core/os_core.c **** void  OS_EventWaitListInit (OS_EVENT *pevent)
1311:./ucOSII/Core/os_core.c **** {
 2829              		.loc 1 1311 1
 2830              		.cfi_startproc
 2831              		@ args = 0, pretend = 0, frame = 16
 2832              		@ frame_needed = 1, uses_anonymous_args = 0
 2833              		@ link register save eliminated.
 2834 0000 80B4     		push	{r7}
 2835              	.LCFI81:
 2836              		.cfi_def_cfa_offset 4
 2837              		.cfi_offset 7, -4
 2838 0002 85B0     		sub	sp, sp, #20
 2839              	.LCFI82:
 2840              		.cfi_def_cfa_offset 24
 2841 0004 00AF     		add	r7, sp, #0
 2842              	.LCFI83:
 2843              		.cfi_def_cfa_register 7
 2844 0006 7860     		str	r0, [r7, #4]
1312:./ucOSII/Core/os_core.c ****     INT8U  i;
1313:./ucOSII/Core/os_core.c **** 
1314:./ucOSII/Core/os_core.c **** 
1315:./ucOSII/Core/os_core.c ****     pevent->OSEventGrp = 0u;                     /* No task waiting on event                       
ARM GAS  /var/folders/yl/_q9l42k90g1g4mdhbs226msm0000gn/T//ccIcJZe8.s 			page 74


 2845              		.loc 1 1315 24
 2846 0008 7B68     		ldr	r3, [r7, #4]
 2847 000a 0022     		movs	r2, #0
 2848 000c 9A72     		strb	r2, [r3, #10]
1316:./ucOSII/Core/os_core.c ****     for (i = 0u; i < OS_EVENT_TBL_SIZE; i++) {
 2849              		.loc 1 1316 12
 2850 000e 0023     		movs	r3, #0
 2851 0010 FB73     		strb	r3, [r7, #15]
 2852              		.loc 1 1316 5
 2853 0012 07E0     		b	.L158
 2854              	.L159:
1317:./ucOSII/Core/os_core.c ****         pevent->OSEventTbl[i] = 0u;
 2855              		.loc 1 1317 27 discriminator 3
 2856 0014 FB7B     		ldrb	r3, [r7, #15]	@ zero_extendqisi2
 2857              		.loc 1 1317 31 discriminator 3
 2858 0016 7A68     		ldr	r2, [r7, #4]
 2859 0018 1344     		add	r3, r3, r2
 2860 001a 0022     		movs	r2, #0
 2861 001c DA72     		strb	r2, [r3, #11]
1316:./ucOSII/Core/os_core.c ****     for (i = 0u; i < OS_EVENT_TBL_SIZE; i++) {
 2862              		.loc 1 1316 42 discriminator 3
 2863 001e FB7B     		ldrb	r3, [r7, #15]	@ zero_extendqisi2
 2864 0020 0133     		adds	r3, r3, #1
 2865 0022 FB73     		strb	r3, [r7, #15]
 2866              	.L158:
1316:./ucOSII/Core/os_core.c ****     for (i = 0u; i < OS_EVENT_TBL_SIZE; i++) {
 2867              		.loc 1 1316 5 discriminator 1
 2868 0024 FB7B     		ldrb	r3, [r7, #15]	@ zero_extendqisi2
 2869 0026 072B     		cmp	r3, #7
 2870 0028 F4D9     		bls	.L159
1318:./ucOSII/Core/os_core.c ****     }
1319:./ucOSII/Core/os_core.c **** }
 2871              		.loc 1 1319 1
 2872 002a 00BF     		nop
 2873 002c 00BF     		nop
 2874 002e 1437     		adds	r7, r7, #20
 2875              	.LCFI84:
 2876              		.cfi_def_cfa_offset 4
 2877 0030 BD46     		mov	sp, r7
 2878              	.LCFI85:
 2879              		.cfi_def_cfa_register 13
 2880              		@ sp needed
 2881 0032 5DF8047B 		ldr	r7, [sp], #4
 2882              	.LCFI86:
 2883              		.cfi_restore 7
 2884              		.cfi_def_cfa_offset 0
 2885 0036 7047     		bx	lr
 2886              		.cfi_endproc
 2887              	.LFE21:
 2889              		.section	.rodata
 2890              		.align	2
 2891              	.LC0:
 2892 0000 3F00     		.ascii	"?\000"
 2893              		.section	.text.OS_InitEventList,"ax",%progbits
 2894              		.align	1
 2895              		.syntax unified
 2896              		.thumb
ARM GAS  /var/folders/yl/_q9l42k90g1g4mdhbs226msm0000gn/T//ccIcJZe8.s 			page 75


 2897              		.thumb_func
 2899              	OS_InitEventList:
 2900              	.LFB22:
1320:./ucOSII/Core/os_core.c **** #endif
1321:./ucOSII/Core/os_core.c **** 
1322:./ucOSII/Core/os_core.c **** 
1323:./ucOSII/Core/os_core.c **** /*
1324:./ucOSII/Core/os_core.c **** ***************************************************************************************************
1325:./ucOSII/Core/os_core.c **** *                                             INITIALIZATION
1326:./ucOSII/Core/os_core.c **** *                           INITIALIZE THE FREE LIST OF EVENT CONTROL BLOCKS
1327:./ucOSII/Core/os_core.c **** *
1328:./ucOSII/Core/os_core.c **** * Description: This function is called by OSInit() to initialize the free list of event control blo
1329:./ucOSII/Core/os_core.c **** *
1330:./ucOSII/Core/os_core.c **** * Arguments  : none
1331:./ucOSII/Core/os_core.c **** *
1332:./ucOSII/Core/os_core.c **** * Returns    : none
1333:./ucOSII/Core/os_core.c **** ***************************************************************************************************
1334:./ucOSII/Core/os_core.c **** */
1335:./ucOSII/Core/os_core.c **** 
1336:./ucOSII/Core/os_core.c **** static  void  OS_InitEventList (void)
1337:./ucOSII/Core/os_core.c **** {
 2901              		.loc 1 1337 1
 2902              		.cfi_startproc
 2903              		@ args = 0, pretend = 0, frame = 16
 2904              		@ frame_needed = 1, uses_anonymous_args = 0
 2905 0000 80B5     		push	{r7, lr}
 2906              	.LCFI87:
 2907              		.cfi_def_cfa_offset 8
 2908              		.cfi_offset 7, -8
 2909              		.cfi_offset 14, -4
 2910 0002 84B0     		sub	sp, sp, #16
 2911              	.LCFI88:
 2912              		.cfi_def_cfa_offset 24
 2913 0004 00AF     		add	r7, sp, #0
 2914              	.LCFI89:
 2915              		.cfi_def_cfa_register 7
1338:./ucOSII/Core/os_core.c **** #if (OS_EVENT_EN) && (OS_MAX_EVENTS > 0u)
1339:./ucOSII/Core/os_core.c **** #if (OS_MAX_EVENTS > 1u)
1340:./ucOSII/Core/os_core.c ****     INT16U     ix;
1341:./ucOSII/Core/os_core.c ****     INT16U     ix_next;
1342:./ucOSII/Core/os_core.c ****     OS_EVENT  *pevent1;
1343:./ucOSII/Core/os_core.c ****     OS_EVENT  *pevent2;
1344:./ucOSII/Core/os_core.c **** 
1345:./ucOSII/Core/os_core.c **** 
1346:./ucOSII/Core/os_core.c ****     OS_MemClr((INT8U *)&OSEventTbl[0], sizeof(OSEventTbl)); /* Clear the event table               
 2916              		.loc 1 1346 5
 2917 0006 F021     		movs	r1, #240
 2918 0008 1F48     		ldr	r0, .L163
 2919 000a FFF7FEFF 		bl	OS_MemClr
1347:./ucOSII/Core/os_core.c ****     for (ix = 0u; ix < (OS_MAX_EVENTS - 1u); ix++) {        /* Init. list of free EVENT control blo
 2920              		.loc 1 1347 13
 2921 000e 0023     		movs	r3, #0
 2922 0010 FB81     		strh	r3, [r7, #14]	@ movhi
 2923              		.loc 1 1347 5
 2924 0012 1EE0     		b	.L161
 2925              	.L162:
1348:./ucOSII/Core/os_core.c ****         ix_next = ix + 1u;
ARM GAS  /var/folders/yl/_q9l42k90g1g4mdhbs226msm0000gn/T//ccIcJZe8.s 			page 76


 2926              		.loc 1 1348 17 discriminator 3
 2927 0014 FB89     		ldrh	r3, [r7, #14]	@ movhi
 2928 0016 0133     		adds	r3, r3, #1
 2929 0018 FB80     		strh	r3, [r7, #6]	@ movhi
1349:./ucOSII/Core/os_core.c ****         pevent1 = &OSEventTbl[ix];
 2930              		.loc 1 1349 30 discriminator 3
 2931 001a FA89     		ldrh	r2, [r7, #14]
 2932              		.loc 1 1349 17 discriminator 3
 2933 001c 1346     		mov	r3, r2
 2934 001e 5B00     		lsls	r3, r3, #1
 2935 0020 1344     		add	r3, r3, r2
 2936 0022 DB00     		lsls	r3, r3, #3
 2937 0024 184A     		ldr	r2, .L163
 2938 0026 1344     		add	r3, r3, r2
 2939 0028 BB60     		str	r3, [r7, #8]
1350:./ucOSII/Core/os_core.c ****         pevent2 = &OSEventTbl[ix_next];
 2940              		.loc 1 1350 30 discriminator 3
 2941 002a FA88     		ldrh	r2, [r7, #6]
 2942              		.loc 1 1350 17 discriminator 3
 2943 002c 1346     		mov	r3, r2
 2944 002e 5B00     		lsls	r3, r3, #1
 2945 0030 1344     		add	r3, r3, r2
 2946 0032 DB00     		lsls	r3, r3, #3
 2947 0034 144A     		ldr	r2, .L163
 2948 0036 1344     		add	r3, r3, r2
 2949 0038 3B60     		str	r3, [r7]
1351:./ucOSII/Core/os_core.c ****         pevent1->OSEventType    = OS_EVENT_TYPE_UNUSED;
 2950              		.loc 1 1351 33 discriminator 3
 2951 003a BB68     		ldr	r3, [r7, #8]
 2952 003c 0022     		movs	r2, #0
 2953 003e 1A70     		strb	r2, [r3]
1352:./ucOSII/Core/os_core.c ****         pevent1->OSEventPtr     = pevent2;
 2954              		.loc 1 1352 33 discriminator 3
 2955 0040 BB68     		ldr	r3, [r7, #8]
 2956 0042 3A68     		ldr	r2, [r7]
 2957 0044 5A60     		str	r2, [r3, #4]
1353:./ucOSII/Core/os_core.c **** #if OS_EVENT_NAME_EN > 0u
1354:./ucOSII/Core/os_core.c ****         pevent1->OSEventName    = (INT8U *)(void *)"?";     /* Unknown name                        
 2958              		.loc 1 1354 33 discriminator 3
 2959 0046 BB68     		ldr	r3, [r7, #8]
 2960 0048 104A     		ldr	r2, .L163+4
 2961 004a 5A61     		str	r2, [r3, #20]
1347:./ucOSII/Core/os_core.c ****         ix_next = ix + 1u;
 2962              		.loc 1 1347 48 discriminator 3
 2963 004c FB89     		ldrh	r3, [r7, #14]
 2964 004e 0133     		adds	r3, r3, #1
 2965 0050 FB81     		strh	r3, [r7, #14]	@ movhi
 2966              	.L161:
1347:./ucOSII/Core/os_core.c ****         ix_next = ix + 1u;
 2967              		.loc 1 1347 5 discriminator 1
 2968 0052 FB89     		ldrh	r3, [r7, #14]
 2969 0054 082B     		cmp	r3, #8
 2970 0056 DDD9     		bls	.L162
1355:./ucOSII/Core/os_core.c **** #endif
1356:./ucOSII/Core/os_core.c ****     }
1357:./ucOSII/Core/os_core.c ****     pevent1                         = &OSEventTbl[ix];
 2971              		.loc 1 1357 50
ARM GAS  /var/folders/yl/_q9l42k90g1g4mdhbs226msm0000gn/T//ccIcJZe8.s 			page 77


 2972 0058 FA89     		ldrh	r2, [r7, #14]
 2973              		.loc 1 1357 37
 2974 005a 1346     		mov	r3, r2
 2975 005c 5B00     		lsls	r3, r3, #1
 2976 005e 1344     		add	r3, r3, r2
 2977 0060 DB00     		lsls	r3, r3, #3
 2978 0062 094A     		ldr	r2, .L163
 2979 0064 1344     		add	r3, r3, r2
 2980 0066 BB60     		str	r3, [r7, #8]
1358:./ucOSII/Core/os_core.c ****     pevent1->OSEventType            = OS_EVENT_TYPE_UNUSED;
 2981              		.loc 1 1358 37
 2982 0068 BB68     		ldr	r3, [r7, #8]
 2983 006a 0022     		movs	r2, #0
 2984 006c 1A70     		strb	r2, [r3]
1359:./ucOSII/Core/os_core.c ****     pevent1->OSEventPtr             = (OS_EVENT *)0;
 2985              		.loc 1 1359 37
 2986 006e BB68     		ldr	r3, [r7, #8]
 2987 0070 0022     		movs	r2, #0
 2988 0072 5A60     		str	r2, [r3, #4]
1360:./ucOSII/Core/os_core.c **** #if OS_EVENT_NAME_EN > 0u
1361:./ucOSII/Core/os_core.c ****     pevent1->OSEventName            = (INT8U *)(void *)"?"; /* Unknown name                        
 2989              		.loc 1 1361 37
 2990 0074 BB68     		ldr	r3, [r7, #8]
 2991 0076 054A     		ldr	r2, .L163+4
 2992 0078 5A61     		str	r2, [r3, #20]
1362:./ucOSII/Core/os_core.c **** #endif
1363:./ucOSII/Core/os_core.c ****     OSEventFreeList                 = &OSEventTbl[0];
 2993              		.loc 1 1363 37
 2994 007a 054B     		ldr	r3, .L163+8
 2995 007c 024A     		ldr	r2, .L163
 2996 007e 1A60     		str	r2, [r3]
1364:./ucOSII/Core/os_core.c **** #else
1365:./ucOSII/Core/os_core.c ****     OSEventFreeList                 = &OSEventTbl[0];       /* Only have ONE event control block   
1366:./ucOSII/Core/os_core.c ****     OSEventFreeList->OSEventType    = OS_EVENT_TYPE_UNUSED;
1367:./ucOSII/Core/os_core.c ****     OSEventFreeList->OSEventPtr     = (OS_EVENT *)0;
1368:./ucOSII/Core/os_core.c **** #if OS_EVENT_NAME_EN > 0u
1369:./ucOSII/Core/os_core.c ****     OSEventFreeList->OSEventName    = (INT8U *)"?";         /* Unknown name                        
1370:./ucOSII/Core/os_core.c **** #endif
1371:./ucOSII/Core/os_core.c **** #endif
1372:./ucOSII/Core/os_core.c **** #endif
1373:./ucOSII/Core/os_core.c **** }
 2997              		.loc 1 1373 1
 2998 0080 00BF     		nop
 2999 0082 1037     		adds	r7, r7, #16
 3000              	.LCFI90:
 3001              		.cfi_def_cfa_offset 8
 3002 0084 BD46     		mov	sp, r7
 3003              	.LCFI91:
 3004              		.cfi_def_cfa_register 13
 3005              		@ sp needed
 3006 0086 80BD     		pop	{r7, pc}
 3007              	.L164:
 3008              		.align	2
 3009              	.L163:
 3010 0088 00000000 		.word	OSEventTbl
 3011 008c 00000000 		.word	.LC0
 3012 0090 00000000 		.word	OSEventFreeList
ARM GAS  /var/folders/yl/_q9l42k90g1g4mdhbs226msm0000gn/T//ccIcJZe8.s 			page 78


 3013              		.cfi_endproc
 3014              	.LFE22:
 3016              		.section	.text.OS_InitMisc,"ax",%progbits
 3017              		.align	1
 3018              		.syntax unified
 3019              		.thumb
 3020              		.thumb_func
 3022              	OS_InitMisc:
 3023              	.LFB23:
1374:./ucOSII/Core/os_core.c **** 
1375:./ucOSII/Core/os_core.c **** 
1376:./ucOSII/Core/os_core.c **** /*
1377:./ucOSII/Core/os_core.c **** ***************************************************************************************************
1378:./ucOSII/Core/os_core.c **** *                                             INITIALIZATION
1379:./ucOSII/Core/os_core.c **** *                                    INITIALIZE MISCELLANEOUS VARIABLES
1380:./ucOSII/Core/os_core.c **** *
1381:./ucOSII/Core/os_core.c **** * Description: This function is called by OSInit() to initialize miscellaneous variables.
1382:./ucOSII/Core/os_core.c **** *
1383:./ucOSII/Core/os_core.c **** * Arguments  : none
1384:./ucOSII/Core/os_core.c **** *
1385:./ucOSII/Core/os_core.c **** * Returns    : none
1386:./ucOSII/Core/os_core.c **** ***************************************************************************************************
1387:./ucOSII/Core/os_core.c **** */
1388:./ucOSII/Core/os_core.c **** 
1389:./ucOSII/Core/os_core.c **** static  void  OS_InitMisc (void)
1390:./ucOSII/Core/os_core.c **** {
 3024              		.loc 1 1390 1
 3025              		.cfi_startproc
 3026              		@ args = 0, pretend = 0, frame = 0
 3027              		@ frame_needed = 1, uses_anonymous_args = 0
 3028              		@ link register save eliminated.
 3029 0000 80B4     		push	{r7}
 3030              	.LCFI92:
 3031              		.cfi_def_cfa_offset 4
 3032              		.cfi_offset 7, -4
 3033 0002 00AF     		add	r7, sp, #0
 3034              	.LCFI93:
 3035              		.cfi_def_cfa_register 7
1391:./ucOSII/Core/os_core.c **** #if OS_TIME_GET_SET_EN > 0u
1392:./ucOSII/Core/os_core.c ****     OSTime                    = 0uL;                       /* Clear the 32-bit system clock        
 3036              		.loc 1 1392 31
 3037 0004 124B     		ldr	r3, .L166
 3038 0006 0022     		movs	r2, #0
 3039 0008 1A60     		str	r2, [r3]
1393:./ucOSII/Core/os_core.c **** #endif
1394:./ucOSII/Core/os_core.c **** 
1395:./ucOSII/Core/os_core.c ****     OSIntNesting              = 0u;                        /* Clear the interrupt nesting counter  
 3040              		.loc 1 1395 31
 3041 000a 124B     		ldr	r3, .L166+4
 3042 000c 0022     		movs	r2, #0
 3043 000e 1A70     		strb	r2, [r3]
1396:./ucOSII/Core/os_core.c ****     OSLockNesting             = 0u;                        /* Clear the scheduling lock counter    
 3044              		.loc 1 1396 31
 3045 0010 114B     		ldr	r3, .L166+8
 3046 0012 0022     		movs	r2, #0
 3047 0014 1A70     		strb	r2, [r3]
1397:./ucOSII/Core/os_core.c **** 
ARM GAS  /var/folders/yl/_q9l42k90g1g4mdhbs226msm0000gn/T//ccIcJZe8.s 			page 79


1398:./ucOSII/Core/os_core.c ****     OSTaskCtr                 = 0u;                        /* Clear the number of tasks            
 3048              		.loc 1 1398 31
 3049 0016 114B     		ldr	r3, .L166+12
 3050 0018 0022     		movs	r2, #0
 3051 001a 1A70     		strb	r2, [r3]
1399:./ucOSII/Core/os_core.c **** 
1400:./ucOSII/Core/os_core.c ****     OSRunning                 = OS_FALSE;                  /* Indicate that multitasking not starte
 3052              		.loc 1 1400 31
 3053 001c 104B     		ldr	r3, .L166+16
 3054 001e 0022     		movs	r2, #0
 3055 0020 1A70     		strb	r2, [r3]
1401:./ucOSII/Core/os_core.c **** 
1402:./ucOSII/Core/os_core.c ****     OSCtxSwCtr                = 0u;                        /* Clear the context switch counter     
 3056              		.loc 1 1402 31
 3057 0022 104B     		ldr	r3, .L166+20
 3058 0024 0022     		movs	r2, #0
 3059 0026 1A60     		str	r2, [r3]
1403:./ucOSII/Core/os_core.c ****     OSIdleCtr                 = 0uL;                       /* Clear the 32-bit idle counter        
 3060              		.loc 1 1403 31
 3061 0028 0F4B     		ldr	r3, .L166+24
 3062 002a 0022     		movs	r2, #0
 3063 002c 1A60     		str	r2, [r3]
1404:./ucOSII/Core/os_core.c **** 
1405:./ucOSII/Core/os_core.c **** #if OS_TASK_STAT_EN > 0u
1406:./ucOSII/Core/os_core.c ****     OSIdleCtrRun              = 0uL;
 3064              		.loc 1 1406 31
 3065 002e 0F4B     		ldr	r3, .L166+28
 3066 0030 0022     		movs	r2, #0
 3067 0032 1A60     		str	r2, [r3]
1407:./ucOSII/Core/os_core.c ****     OSIdleCtrMax              = 0uL;
 3068              		.loc 1 1407 31
 3069 0034 0E4B     		ldr	r3, .L166+32
 3070 0036 0022     		movs	r2, #0
 3071 0038 1A60     		str	r2, [r3]
1408:./ucOSII/Core/os_core.c ****     OSStatRdy                 = OS_FALSE;                  /* Statistic task is not ready          
 3072              		.loc 1 1408 31
 3073 003a 0E4B     		ldr	r3, .L166+36
 3074 003c 0022     		movs	r2, #0
 3075 003e 1A70     		strb	r2, [r3]
1409:./ucOSII/Core/os_core.c **** #endif
1410:./ucOSII/Core/os_core.c **** 
1411:./ucOSII/Core/os_core.c **** #ifdef OS_SAFETY_CRITICAL_IEC61508
1412:./ucOSII/Core/os_core.c ****     OSSafetyCriticalStartFlag = OS_FALSE;                  /* Still allow creation of objects      
1413:./ucOSII/Core/os_core.c **** #endif
1414:./ucOSII/Core/os_core.c **** 
1415:./ucOSII/Core/os_core.c **** #if OS_TASK_REG_TBL_SIZE > 0u
1416:./ucOSII/Core/os_core.c ****     OSTaskRegNextAvailID      = 0u;                        /* Initialize the task register ID      
 3076              		.loc 1 1416 31
 3077 0040 0D4B     		ldr	r3, .L166+40
 3078 0042 0022     		movs	r2, #0
 3079 0044 1A70     		strb	r2, [r3]
1417:./ucOSII/Core/os_core.c **** #endif
1418:./ucOSII/Core/os_core.c **** }
 3080              		.loc 1 1418 1
 3081 0046 00BF     		nop
 3082 0048 BD46     		mov	sp, r7
 3083              	.LCFI94:
ARM GAS  /var/folders/yl/_q9l42k90g1g4mdhbs226msm0000gn/T//ccIcJZe8.s 			page 80


 3084              		.cfi_def_cfa_register 13
 3085              		@ sp needed
 3086 004a 5DF8047B 		ldr	r7, [sp], #4
 3087              	.LCFI95:
 3088              		.cfi_restore 7
 3089              		.cfi_def_cfa_offset 0
 3090 004e 7047     		bx	lr
 3091              	.L167:
 3092              		.align	2
 3093              	.L166:
 3094 0050 00000000 		.word	OSTime
 3095 0054 00000000 		.word	OSIntNesting
 3096 0058 00000000 		.word	OSLockNesting
 3097 005c 00000000 		.word	OSTaskCtr
 3098 0060 00000000 		.word	OSRunning
 3099 0064 00000000 		.word	OSCtxSwCtr
 3100 0068 00000000 		.word	OSIdleCtr
 3101 006c 00000000 		.word	OSIdleCtrRun
 3102 0070 00000000 		.word	OSIdleCtrMax
 3103 0074 00000000 		.word	OSStatRdy
 3104 0078 00000000 		.word	OSTaskRegNextAvailID
 3105              		.cfi_endproc
 3106              	.LFE23:
 3108              		.section	.text.OS_InitRdyList,"ax",%progbits
 3109              		.align	1
 3110              		.syntax unified
 3111              		.thumb
 3112              		.thumb_func
 3114              	OS_InitRdyList:
 3115              	.LFB24:
1419:./ucOSII/Core/os_core.c **** 
1420:./ucOSII/Core/os_core.c **** 
1421:./ucOSII/Core/os_core.c **** /*
1422:./ucOSII/Core/os_core.c **** ***************************************************************************************************
1423:./ucOSII/Core/os_core.c **** *                                             INITIALIZATION
1424:./ucOSII/Core/os_core.c **** *                                       INITIALIZE THE READY LIST
1425:./ucOSII/Core/os_core.c **** *
1426:./ucOSII/Core/os_core.c **** * Description: This function is called by OSInit() to initialize the Ready List.
1427:./ucOSII/Core/os_core.c **** *
1428:./ucOSII/Core/os_core.c **** * Arguments  : none
1429:./ucOSII/Core/os_core.c **** *
1430:./ucOSII/Core/os_core.c **** * Returns    : none
1431:./ucOSII/Core/os_core.c **** ***************************************************************************************************
1432:./ucOSII/Core/os_core.c **** */
1433:./ucOSII/Core/os_core.c **** 
1434:./ucOSII/Core/os_core.c **** static  void  OS_InitRdyList (void)
1435:./ucOSII/Core/os_core.c **** {
 3116              		.loc 1 1435 1
 3117              		.cfi_startproc
 3118              		@ args = 0, pretend = 0, frame = 8
 3119              		@ frame_needed = 1, uses_anonymous_args = 0
 3120              		@ link register save eliminated.
 3121 0000 80B4     		push	{r7}
 3122              	.LCFI96:
 3123              		.cfi_def_cfa_offset 4
 3124              		.cfi_offset 7, -4
 3125 0002 83B0     		sub	sp, sp, #12
ARM GAS  /var/folders/yl/_q9l42k90g1g4mdhbs226msm0000gn/T//ccIcJZe8.s 			page 81


 3126              	.LCFI97:
 3127              		.cfi_def_cfa_offset 16
 3128 0004 00AF     		add	r7, sp, #0
 3129              	.LCFI98:
 3130              		.cfi_def_cfa_register 7
1436:./ucOSII/Core/os_core.c ****     INT8U  i;
1437:./ucOSII/Core/os_core.c **** 
1438:./ucOSII/Core/os_core.c **** 
1439:./ucOSII/Core/os_core.c ****     OSRdyGrp      = 0u;                                    /* Clear the ready list                 
 3131              		.loc 1 1439 19
 3132 0006 114B     		ldr	r3, .L171
 3133 0008 0022     		movs	r2, #0
 3134 000a 1A70     		strb	r2, [r3]
1440:./ucOSII/Core/os_core.c ****     for (i = 0u; i < OS_RDY_TBL_SIZE; i++) {
 3135              		.loc 1 1440 12
 3136 000c 0023     		movs	r3, #0
 3137 000e FB71     		strb	r3, [r7, #7]
 3138              		.loc 1 1440 5
 3139 0010 06E0     		b	.L169
 3140              	.L170:
1441:./ucOSII/Core/os_core.c ****         OSRdyTbl[i] = 0u;
 3141              		.loc 1 1441 17 discriminator 3
 3142 0012 FB79     		ldrb	r3, [r7, #7]	@ zero_extendqisi2
 3143              		.loc 1 1441 21 discriminator 3
 3144 0014 0E4A     		ldr	r2, .L171+4
 3145 0016 0021     		movs	r1, #0
 3146 0018 D154     		strb	r1, [r2, r3]
1440:./ucOSII/Core/os_core.c ****     for (i = 0u; i < OS_RDY_TBL_SIZE; i++) {
 3147              		.loc 1 1440 40 discriminator 3
 3148 001a FB79     		ldrb	r3, [r7, #7]	@ zero_extendqisi2
 3149 001c 0133     		adds	r3, r3, #1
 3150 001e FB71     		strb	r3, [r7, #7]
 3151              	.L169:
1440:./ucOSII/Core/os_core.c ****     for (i = 0u; i < OS_RDY_TBL_SIZE; i++) {
 3152              		.loc 1 1440 5 discriminator 1
 3153 0020 FB79     		ldrb	r3, [r7, #7]	@ zero_extendqisi2
 3154 0022 072B     		cmp	r3, #7
 3155 0024 F5D9     		bls	.L170
1442:./ucOSII/Core/os_core.c ****     }
1443:./ucOSII/Core/os_core.c **** 
1444:./ucOSII/Core/os_core.c ****     OSPrioCur     = 0u;
 3156              		.loc 1 1444 19
 3157 0026 0B4B     		ldr	r3, .L171+8
 3158 0028 0022     		movs	r2, #0
 3159 002a 1A70     		strb	r2, [r3]
1445:./ucOSII/Core/os_core.c ****     OSPrioHighRdy = 0u;
 3160              		.loc 1 1445 19
 3161 002c 0A4B     		ldr	r3, .L171+12
 3162 002e 0022     		movs	r2, #0
 3163 0030 1A70     		strb	r2, [r3]
1446:./ucOSII/Core/os_core.c **** 
1447:./ucOSII/Core/os_core.c ****     OSTCBHighRdy  = (OS_TCB *)0;
 3164              		.loc 1 1447 19
 3165 0032 0A4B     		ldr	r3, .L171+16
 3166 0034 0022     		movs	r2, #0
 3167 0036 1A60     		str	r2, [r3]
1448:./ucOSII/Core/os_core.c ****     OSTCBCur      = (OS_TCB *)0;
ARM GAS  /var/folders/yl/_q9l42k90g1g4mdhbs226msm0000gn/T//ccIcJZe8.s 			page 82


 3168              		.loc 1 1448 19
 3169 0038 094B     		ldr	r3, .L171+20
 3170 003a 0022     		movs	r2, #0
 3171 003c 1A60     		str	r2, [r3]
1449:./ucOSII/Core/os_core.c **** }
 3172              		.loc 1 1449 1
 3173 003e 00BF     		nop
 3174 0040 0C37     		adds	r7, r7, #12
 3175              	.LCFI99:
 3176              		.cfi_def_cfa_offset 4
 3177 0042 BD46     		mov	sp, r7
 3178              	.LCFI100:
 3179              		.cfi_def_cfa_register 13
 3180              		@ sp needed
 3181 0044 5DF8047B 		ldr	r7, [sp], #4
 3182              	.LCFI101:
 3183              		.cfi_restore 7
 3184              		.cfi_def_cfa_offset 0
 3185 0048 7047     		bx	lr
 3186              	.L172:
 3187 004a 00BF     		.align	2
 3188              	.L171:
 3189 004c 00000000 		.word	OSRdyGrp
 3190 0050 00000000 		.word	OSRdyTbl
 3191 0054 00000000 		.word	OSPrioCur
 3192 0058 00000000 		.word	OSPrioHighRdy
 3193 005c 00000000 		.word	OSTCBHighRdy
 3194 0060 00000000 		.word	OSTCBCur
 3195              		.cfi_endproc
 3196              	.LFE24:
 3198              		.section	.rodata
 3199 0002 0000     		.align	2
 3200              	.LC1:
 3201 0004 75432F4F 		.ascii	"uC/OS-II Idle\000"
 3201      532D4949 
 3201      2049646C 
 3201      6500
 3202              		.section	.text.OS_InitTaskIdle,"ax",%progbits
 3203              		.align	1
 3204              		.syntax unified
 3205              		.thumb
 3206              		.thumb_func
 3208              	OS_InitTaskIdle:
 3209              	.LFB25:
1450:./ucOSII/Core/os_core.c **** 
1451:./ucOSII/Core/os_core.c **** 
1452:./ucOSII/Core/os_core.c **** /*
1453:./ucOSII/Core/os_core.c **** ***************************************************************************************************
1454:./ucOSII/Core/os_core.c **** *                                             INITIALIZATION
1455:./ucOSII/Core/os_core.c **** *                                         CREATING THE IDLE TASK
1456:./ucOSII/Core/os_core.c **** *
1457:./ucOSII/Core/os_core.c **** * Description: This function creates the Idle Task.
1458:./ucOSII/Core/os_core.c **** *
1459:./ucOSII/Core/os_core.c **** * Arguments  : none
1460:./ucOSII/Core/os_core.c **** *
1461:./ucOSII/Core/os_core.c **** * Returns    : none
1462:./ucOSII/Core/os_core.c **** ***************************************************************************************************
ARM GAS  /var/folders/yl/_q9l42k90g1g4mdhbs226msm0000gn/T//ccIcJZe8.s 			page 83


1463:./ucOSII/Core/os_core.c **** */
1464:./ucOSII/Core/os_core.c **** 
1465:./ucOSII/Core/os_core.c **** static  void  OS_InitTaskIdle (void)
1466:./ucOSII/Core/os_core.c **** {
 3210              		.loc 1 1466 1
 3211              		.cfi_startproc
 3212              		@ args = 0, pretend = 0, frame = 8
 3213              		@ frame_needed = 1, uses_anonymous_args = 0
 3214 0000 80B5     		push	{r7, lr}
 3215              	.LCFI102:
 3216              		.cfi_def_cfa_offset 8
 3217              		.cfi_offset 7, -8
 3218              		.cfi_offset 14, -4
 3219 0002 88B0     		sub	sp, sp, #32
 3220              	.LCFI103:
 3221              		.cfi_def_cfa_offset 40
 3222 0004 06AF     		add	r7, sp, #24
 3223              	.LCFI104:
 3224              		.cfi_def_cfa 7, 16
1467:./ucOSII/Core/os_core.c **** #if OS_TASK_NAME_EN > 0u
1468:./ucOSII/Core/os_core.c ****     INT8U  err;
1469:./ucOSII/Core/os_core.c **** #endif
1470:./ucOSII/Core/os_core.c **** 
1471:./ucOSII/Core/os_core.c **** 
1472:./ucOSII/Core/os_core.c **** #if OS_TASK_CREATE_EXT_EN > 0u
1473:./ucOSII/Core/os_core.c ****     #if OS_STK_GROWTH == 1u
1474:./ucOSII/Core/os_core.c ****     (void)OSTaskCreateExt(OS_TaskIdle,
 3225              		.loc 1 1474 11
 3226 0006 0323     		movs	r3, #3
 3227 0008 0493     		str	r3, [sp, #16]
 3228 000a 0023     		movs	r3, #0
 3229 000c 0393     		str	r3, [sp, #12]
 3230 000e 8023     		movs	r3, #128
 3231 0010 0293     		str	r3, [sp, #8]
 3232 0012 0A4B     		ldr	r3, .L174
 3233 0014 0193     		str	r3, [sp, #4]
 3234 0016 4FF6FF73 		movw	r3, #65535
 3235 001a 0093     		str	r3, [sp]
 3236 001c 3F23     		movs	r3, #63
 3237 001e 084A     		ldr	r2, .L174+4
 3238 0020 0021     		movs	r1, #0
 3239 0022 0848     		ldr	r0, .L174+8
 3240 0024 FFF7FEFF 		bl	OSTaskCreateExt
1475:./ucOSII/Core/os_core.c ****                           (void *)0,                                 /* No arguments passed to OS_T
1476:./ucOSII/Core/os_core.c ****                           &OSTaskIdleStk[OS_TASK_IDLE_STK_SIZE - 1u],/* Set Top-Of-Stack           
1477:./ucOSII/Core/os_core.c ****                           OS_TASK_IDLE_PRIO,                         /* Lowest priority level      
1478:./ucOSII/Core/os_core.c ****                           OS_TASK_IDLE_ID,
1479:./ucOSII/Core/os_core.c ****                           &OSTaskIdleStk[0],                         /* Set Bottom-Of-Stack        
1480:./ucOSII/Core/os_core.c ****                           OS_TASK_IDLE_STK_SIZE,
1481:./ucOSII/Core/os_core.c ****                           (void *)0,                                 /* No TCB extension           
1482:./ucOSII/Core/os_core.c ****                           OS_TASK_OPT_STK_CHK | OS_TASK_OPT_STK_CLR);/* Enable stack checking + cle
1483:./ucOSII/Core/os_core.c ****     #else
1484:./ucOSII/Core/os_core.c ****     (void)OSTaskCreateExt(OS_TaskIdle,
1485:./ucOSII/Core/os_core.c ****                           (void *)0,                                 /* No arguments passed to OS_T
1486:./ucOSII/Core/os_core.c ****                           &OSTaskIdleStk[0],                         /* Set Top-Of-Stack           
1487:./ucOSII/Core/os_core.c ****                           OS_TASK_IDLE_PRIO,                         /* Lowest priority level      
1488:./ucOSII/Core/os_core.c ****                           OS_TASK_IDLE_ID,
ARM GAS  /var/folders/yl/_q9l42k90g1g4mdhbs226msm0000gn/T//ccIcJZe8.s 			page 84


1489:./ucOSII/Core/os_core.c ****                           &OSTaskIdleStk[OS_TASK_IDLE_STK_SIZE - 1u],/* Set Bottom-Of-Stack        
1490:./ucOSII/Core/os_core.c ****                           OS_TASK_IDLE_STK_SIZE,
1491:./ucOSII/Core/os_core.c ****                           (void *)0,                                 /* No TCB extension           
1492:./ucOSII/Core/os_core.c ****                           OS_TASK_OPT_STK_CHK | OS_TASK_OPT_STK_CLR);/* Enable stack checking + cle
1493:./ucOSII/Core/os_core.c ****     #endif
1494:./ucOSII/Core/os_core.c **** #else
1495:./ucOSII/Core/os_core.c ****     #if OS_STK_GROWTH == 1u
1496:./ucOSII/Core/os_core.c ****     (void)OSTaskCreate(OS_TaskIdle,
1497:./ucOSII/Core/os_core.c ****                        (void *)0,
1498:./ucOSII/Core/os_core.c ****                        &OSTaskIdleStk[OS_TASK_IDLE_STK_SIZE - 1u],
1499:./ucOSII/Core/os_core.c ****                        OS_TASK_IDLE_PRIO);
1500:./ucOSII/Core/os_core.c ****     #else
1501:./ucOSII/Core/os_core.c ****     (void)OSTaskCreate(OS_TaskIdle,
1502:./ucOSII/Core/os_core.c ****                        (void *)0,
1503:./ucOSII/Core/os_core.c ****                        &OSTaskIdleStk[0],
1504:./ucOSII/Core/os_core.c ****                        OS_TASK_IDLE_PRIO);
1505:./ucOSII/Core/os_core.c ****     #endif
1506:./ucOSII/Core/os_core.c **** #endif
1507:./ucOSII/Core/os_core.c **** 
1508:./ucOSII/Core/os_core.c **** #if OS_TASK_NAME_EN > 0u
1509:./ucOSII/Core/os_core.c ****     OSTaskNameSet(OS_TASK_IDLE_PRIO, (INT8U *)(void *)"uC/OS-II Idle", &err);
 3241              		.loc 1 1509 5
 3242 0028 FB1D     		adds	r3, r7, #7
 3243 002a 1A46     		mov	r2, r3
 3244 002c 0649     		ldr	r1, .L174+12
 3245 002e 3F20     		movs	r0, #63
 3246 0030 FFF7FEFF 		bl	OSTaskNameSet
1510:./ucOSII/Core/os_core.c **** #endif
1511:./ucOSII/Core/os_core.c **** }
 3247              		.loc 1 1511 1
 3248 0034 00BF     		nop
 3249 0036 0837     		adds	r7, r7, #8
 3250              	.LCFI105:
 3251              		.cfi_def_cfa_offset 8
 3252 0038 BD46     		mov	sp, r7
 3253              	.LCFI106:
 3254              		.cfi_def_cfa_register 13
 3255              		@ sp needed
 3256 003a 80BD     		pop	{r7, pc}
 3257              	.L175:
 3258              		.align	2
 3259              	.L174:
 3260 003c 00000000 		.word	OSTaskIdleStk
 3261 0040 FC010000 		.word	OSTaskIdleStk+508
 3262 0044 00000000 		.word	OS_TaskIdle
 3263 0048 04000000 		.word	.LC1
 3264              		.cfi_endproc
 3265              	.LFE25:
 3267              		.section	.rodata
 3268 0012 0000     		.align	2
 3269              	.LC2:
 3270 0014 75432F4F 		.ascii	"uC/OS-II Stat\000"
 3270      532D4949 
 3270      20537461 
 3270      7400
 3271              		.section	.text.OS_InitTaskStat,"ax",%progbits
 3272              		.align	1
ARM GAS  /var/folders/yl/_q9l42k90g1g4mdhbs226msm0000gn/T//ccIcJZe8.s 			page 85


 3273              		.syntax unified
 3274              		.thumb
 3275              		.thumb_func
 3277              	OS_InitTaskStat:
 3278              	.LFB26:
1512:./ucOSII/Core/os_core.c **** 
1513:./ucOSII/Core/os_core.c **** 
1514:./ucOSII/Core/os_core.c **** /*
1515:./ucOSII/Core/os_core.c **** ***************************************************************************************************
1516:./ucOSII/Core/os_core.c **** *                                             INITIALIZATION
1517:./ucOSII/Core/os_core.c **** *                                      CREATING THE STATISTIC TASK
1518:./ucOSII/Core/os_core.c **** *
1519:./ucOSII/Core/os_core.c **** * Description: This function creates the Statistic Task.
1520:./ucOSII/Core/os_core.c **** *
1521:./ucOSII/Core/os_core.c **** * Arguments  : none
1522:./ucOSII/Core/os_core.c **** *
1523:./ucOSII/Core/os_core.c **** * Returns    : none
1524:./ucOSII/Core/os_core.c **** ***************************************************************************************************
1525:./ucOSII/Core/os_core.c **** */
1526:./ucOSII/Core/os_core.c **** 
1527:./ucOSII/Core/os_core.c **** #if OS_TASK_STAT_EN > 0u
1528:./ucOSII/Core/os_core.c **** static  void  OS_InitTaskStat (void)
1529:./ucOSII/Core/os_core.c **** {
 3279              		.loc 1 1529 1
 3280              		.cfi_startproc
 3281              		@ args = 0, pretend = 0, frame = 8
 3282              		@ frame_needed = 1, uses_anonymous_args = 0
 3283 0000 80B5     		push	{r7, lr}
 3284              	.LCFI107:
 3285              		.cfi_def_cfa_offset 8
 3286              		.cfi_offset 7, -8
 3287              		.cfi_offset 14, -4
 3288 0002 88B0     		sub	sp, sp, #32
 3289              	.LCFI108:
 3290              		.cfi_def_cfa_offset 40
 3291 0004 06AF     		add	r7, sp, #24
 3292              	.LCFI109:
 3293              		.cfi_def_cfa 7, 16
1530:./ucOSII/Core/os_core.c **** #if OS_TASK_NAME_EN > 0u
1531:./ucOSII/Core/os_core.c ****     INT8U  err;
1532:./ucOSII/Core/os_core.c **** #endif
1533:./ucOSII/Core/os_core.c **** 
1534:./ucOSII/Core/os_core.c **** 
1535:./ucOSII/Core/os_core.c **** #if OS_TASK_CREATE_EXT_EN > 0u
1536:./ucOSII/Core/os_core.c ****     #if OS_STK_GROWTH == 1u
1537:./ucOSII/Core/os_core.c ****     (void)OSTaskCreateExt(OS_TaskStat,
 3294              		.loc 1 1537 11
 3295 0006 0323     		movs	r3, #3
 3296 0008 0493     		str	r3, [sp, #16]
 3297 000a 0023     		movs	r3, #0
 3298 000c 0393     		str	r3, [sp, #12]
 3299 000e 8023     		movs	r3, #128
 3300 0010 0293     		str	r3, [sp, #8]
 3301 0012 0A4B     		ldr	r3, .L177
 3302 0014 0193     		str	r3, [sp, #4]
 3303 0016 4FF6FE73 		movw	r3, #65534
 3304 001a 0093     		str	r3, [sp]
ARM GAS  /var/folders/yl/_q9l42k90g1g4mdhbs226msm0000gn/T//ccIcJZe8.s 			page 86


 3305 001c 3E23     		movs	r3, #62
 3306 001e 084A     		ldr	r2, .L177+4
 3307 0020 0021     		movs	r1, #0
 3308 0022 0848     		ldr	r0, .L177+8
 3309 0024 FFF7FEFF 		bl	OSTaskCreateExt
1538:./ucOSII/Core/os_core.c ****                           (void *)0,                                   /* No args passed to OS_Task
1539:./ucOSII/Core/os_core.c ****                           &OSTaskStatStk[OS_TASK_STAT_STK_SIZE - 1u],  /* Set Top-Of-Stack         
1540:./ucOSII/Core/os_core.c ****                           OS_TASK_STAT_PRIO,                           /* One higher than the idle 
1541:./ucOSII/Core/os_core.c ****                           OS_TASK_STAT_ID,
1542:./ucOSII/Core/os_core.c ****                           &OSTaskStatStk[0],                           /* Set Bottom-Of-Stack      
1543:./ucOSII/Core/os_core.c ****                           OS_TASK_STAT_STK_SIZE,
1544:./ucOSII/Core/os_core.c ****                           (void *)0,                                   /* No TCB extension         
1545:./ucOSII/Core/os_core.c ****                           OS_TASK_OPT_STK_CHK | OS_TASK_OPT_STK_CLR);  /* Enable stack checking + c
1546:./ucOSII/Core/os_core.c ****     #else
1547:./ucOSII/Core/os_core.c ****     (void)OSTaskCreateExt(OS_TaskStat,
1548:./ucOSII/Core/os_core.c ****                           (void *)0,                                   /* No args passed to OS_Task
1549:./ucOSII/Core/os_core.c ****                           &OSTaskStatStk[0],                           /* Set Top-Of-Stack         
1550:./ucOSII/Core/os_core.c ****                           OS_TASK_STAT_PRIO,                           /* One higher than the idle 
1551:./ucOSII/Core/os_core.c ****                           OS_TASK_STAT_ID,
1552:./ucOSII/Core/os_core.c ****                           &OSTaskStatStk[OS_TASK_STAT_STK_SIZE - 1u],  /* Set Bottom-Of-Stack      
1553:./ucOSII/Core/os_core.c ****                           OS_TASK_STAT_STK_SIZE,
1554:./ucOSII/Core/os_core.c ****                           (void *)0,                                   /* No TCB extension         
1555:./ucOSII/Core/os_core.c ****                           OS_TASK_OPT_STK_CHK | OS_TASK_OPT_STK_CLR);  /* Enable stack checking + c
1556:./ucOSII/Core/os_core.c ****     #endif
1557:./ucOSII/Core/os_core.c **** #else
1558:./ucOSII/Core/os_core.c ****     #if OS_STK_GROWTH == 1u
1559:./ucOSII/Core/os_core.c ****     (void)OSTaskCreate(OS_TaskStat,
1560:./ucOSII/Core/os_core.c ****                        (void *)0,                                      /* No args passed to OS_Task
1561:./ucOSII/Core/os_core.c ****                        &OSTaskStatStk[OS_TASK_STAT_STK_SIZE - 1u],     /* Set Top-Of-Stack         
1562:./ucOSII/Core/os_core.c ****                        OS_TASK_STAT_PRIO);                             /* One higher than the idle 
1563:./ucOSII/Core/os_core.c ****     #else
1564:./ucOSII/Core/os_core.c ****     (void)OSTaskCreate(OS_TaskStat,
1565:./ucOSII/Core/os_core.c ****                        (void *)0,                                      /* No args passed to OS_Task
1566:./ucOSII/Core/os_core.c ****                        &OSTaskStatStk[0],                              /* Set Top-Of-Stack         
1567:./ucOSII/Core/os_core.c ****                        OS_TASK_STAT_PRIO);                             /* One higher than the idle 
1568:./ucOSII/Core/os_core.c ****     #endif
1569:./ucOSII/Core/os_core.c **** #endif
1570:./ucOSII/Core/os_core.c **** 
1571:./ucOSII/Core/os_core.c **** #if OS_TASK_NAME_EN > 0u
1572:./ucOSII/Core/os_core.c ****     OSTaskNameSet(OS_TASK_STAT_PRIO, (INT8U *)(void *)"uC/OS-II Stat", &err);
 3310              		.loc 1 1572 5
 3311 0028 FB1D     		adds	r3, r7, #7
 3312 002a 1A46     		mov	r2, r3
 3313 002c 0649     		ldr	r1, .L177+12
 3314 002e 3E20     		movs	r0, #62
 3315 0030 FFF7FEFF 		bl	OSTaskNameSet
1573:./ucOSII/Core/os_core.c **** #endif
1574:./ucOSII/Core/os_core.c **** }
 3316              		.loc 1 1574 1
 3317 0034 00BF     		nop
 3318 0036 0837     		adds	r7, r7, #8
 3319              	.LCFI110:
 3320              		.cfi_def_cfa_offset 8
 3321 0038 BD46     		mov	sp, r7
 3322              	.LCFI111:
 3323              		.cfi_def_cfa_register 13
 3324              		@ sp needed
ARM GAS  /var/folders/yl/_q9l42k90g1g4mdhbs226msm0000gn/T//ccIcJZe8.s 			page 87


 3325 003a 80BD     		pop	{r7, pc}
 3326              	.L178:
 3327              		.align	2
 3328              	.L177:
 3329 003c 00000000 		.word	OSTaskStatStk
 3330 0040 FC010000 		.word	OSTaskStatStk+508
 3331 0044 00000000 		.word	OS_TaskStat
 3332 0048 14000000 		.word	.LC2
 3333              		.cfi_endproc
 3334              	.LFE26:
 3336              		.section	.text.OS_InitTCBList,"ax",%progbits
 3337              		.align	1
 3338              		.syntax unified
 3339              		.thumb
 3340              		.thumb_func
 3342              	OS_InitTCBList:
 3343              	.LFB27:
1575:./ucOSII/Core/os_core.c **** #endif
1576:./ucOSII/Core/os_core.c **** 
1577:./ucOSII/Core/os_core.c **** 
1578:./ucOSII/Core/os_core.c **** /*
1579:./ucOSII/Core/os_core.c **** ***************************************************************************************************
1580:./ucOSII/Core/os_core.c **** *                                             INITIALIZATION
1581:./ucOSII/Core/os_core.c **** *                            INITIALIZE THE FREE LIST OF TASK CONTROL BLOCKS
1582:./ucOSII/Core/os_core.c **** *
1583:./ucOSII/Core/os_core.c **** * Description: This function is called by OSInit() to initialize the free list of OS_TCBs.
1584:./ucOSII/Core/os_core.c **** *
1585:./ucOSII/Core/os_core.c **** * Arguments  : none
1586:./ucOSII/Core/os_core.c **** *
1587:./ucOSII/Core/os_core.c **** * Returns    : none
1588:./ucOSII/Core/os_core.c **** ***************************************************************************************************
1589:./ucOSII/Core/os_core.c **** */
1590:./ucOSII/Core/os_core.c **** 
1591:./ucOSII/Core/os_core.c **** static  void  OS_InitTCBList (void)
1592:./ucOSII/Core/os_core.c **** {
 3344              		.loc 1 1592 1
 3345              		.cfi_startproc
 3346              		@ args = 0, pretend = 0, frame = 16
 3347              		@ frame_needed = 1, uses_anonymous_args = 0
 3348 0000 80B5     		push	{r7, lr}
 3349              	.LCFI112:
 3350              		.cfi_def_cfa_offset 8
 3351              		.cfi_offset 7, -8
 3352              		.cfi_offset 14, -4
 3353 0002 84B0     		sub	sp, sp, #16
 3354              	.LCFI113:
 3355              		.cfi_def_cfa_offset 24
 3356 0004 00AF     		add	r7, sp, #0
 3357              	.LCFI114:
 3358              		.cfi_def_cfa_register 7
1593:./ucOSII/Core/os_core.c ****     INT8U    ix;
1594:./ucOSII/Core/os_core.c ****     INT8U    ix_next;
1595:./ucOSII/Core/os_core.c ****     OS_TCB  *ptcb1;
1596:./ucOSII/Core/os_core.c ****     OS_TCB  *ptcb2;
1597:./ucOSII/Core/os_core.c **** 
1598:./ucOSII/Core/os_core.c **** 
1599:./ucOSII/Core/os_core.c ****     OS_MemClr((INT8U *)&OSTCBTbl[0],     sizeof(OSTCBTbl));      /* Clear all the TCBs             
ARM GAS  /var/folders/yl/_q9l42k90g1g4mdhbs226msm0000gn/T//ccIcJZe8.s 			page 88


 3359              		.loc 1 1599 5
 3360 0006 4FF4FD61 		mov	r1, #2024
 3361 000a 1F48     		ldr	r0, .L182
 3362 000c FFF7FEFF 		bl	OS_MemClr
1600:./ucOSII/Core/os_core.c ****     OS_MemClr((INT8U *)&OSTCBPrioTbl[0], sizeof(OSTCBPrioTbl));  /* Clear the priority table       
 3363              		.loc 1 1600 5
 3364 0010 4FF48071 		mov	r1, #256
 3365 0014 1D48     		ldr	r0, .L182+4
 3366 0016 FFF7FEFF 		bl	OS_MemClr
1601:./ucOSII/Core/os_core.c ****     for (ix = 0u; ix < (OS_MAX_TASKS + OS_N_SYS_TASKS - 1u); ix++) {    /* Init. list of free TCBs 
 3367              		.loc 1 1601 13
 3368 001a 0023     		movs	r3, #0
 3369 001c FB73     		strb	r3, [r7, #15]
 3370              		.loc 1 1601 5
 3371 001e 19E0     		b	.L180
 3372              	.L181:
1602:./ucOSII/Core/os_core.c ****         ix_next =  ix + 1u;
 3373              		.loc 1 1602 17 discriminator 3
 3374 0020 FB7B     		ldrb	r3, [r7, #15]
 3375 0022 0133     		adds	r3, r3, #1
 3376 0024 FB71     		strb	r3, [r7, #7]
1603:./ucOSII/Core/os_core.c ****         ptcb1   = &OSTCBTbl[ix];
 3377              		.loc 1 1603 28 discriminator 3
 3378 0026 FB7B     		ldrb	r3, [r7, #15]	@ zero_extendqisi2
 3379              		.loc 1 1603 17 discriminator 3
 3380 0028 5C22     		movs	r2, #92
 3381 002a 02FB03F3 		mul	r3, r2, r3
 3382 002e 164A     		ldr	r2, .L182
 3383 0030 1344     		add	r3, r3, r2
 3384 0032 BB60     		str	r3, [r7, #8]
1604:./ucOSII/Core/os_core.c ****         ptcb2   = &OSTCBTbl[ix_next];
 3385              		.loc 1 1604 28 discriminator 3
 3386 0034 FB79     		ldrb	r3, [r7, #7]	@ zero_extendqisi2
 3387              		.loc 1 1604 17 discriminator 3
 3388 0036 5C22     		movs	r2, #92
 3389 0038 02FB03F3 		mul	r3, r2, r3
 3390 003c 124A     		ldr	r2, .L182
 3391 003e 1344     		add	r3, r3, r2
 3392 0040 3B60     		str	r3, [r7]
1605:./ucOSII/Core/os_core.c ****         ptcb1->OSTCBNext = ptcb2;
 3393              		.loc 1 1605 26 discriminator 3
 3394 0042 BB68     		ldr	r3, [r7, #8]
 3395 0044 3A68     		ldr	r2, [r7]
 3396 0046 5A61     		str	r2, [r3, #20]
1606:./ucOSII/Core/os_core.c **** #if OS_TASK_NAME_EN > 0u
1607:./ucOSII/Core/os_core.c ****         ptcb1->OSTCBTaskName = (INT8U *)(void *)"?";             /* Unknown name                   
 3397              		.loc 1 1607 30 discriminator 3
 3398 0048 BB68     		ldr	r3, [r7, #8]
 3399 004a 114A     		ldr	r2, .L182+8
 3400 004c 5A65     		str	r2, [r3, #84]
1601:./ucOSII/Core/os_core.c ****         ix_next =  ix + 1u;
 3401              		.loc 1 1601 64 discriminator 3
 3402 004e FB7B     		ldrb	r3, [r7, #15]	@ zero_extendqisi2
 3403 0050 0133     		adds	r3, r3, #1
 3404 0052 FB73     		strb	r3, [r7, #15]
 3405              	.L180:
1601:./ucOSII/Core/os_core.c ****         ix_next =  ix + 1u;
ARM GAS  /var/folders/yl/_q9l42k90g1g4mdhbs226msm0000gn/T//ccIcJZe8.s 			page 89


 3406              		.loc 1 1601 5 discriminator 1
 3407 0054 FB7B     		ldrb	r3, [r7, #15]	@ zero_extendqisi2
 3408 0056 142B     		cmp	r3, #20
 3409 0058 E2D9     		bls	.L181
1608:./ucOSII/Core/os_core.c **** #endif
1609:./ucOSII/Core/os_core.c ****     }
1610:./ucOSII/Core/os_core.c ****     ptcb1                   = &OSTCBTbl[ix];
 3410              		.loc 1 1610 40
 3411 005a FB7B     		ldrb	r3, [r7, #15]	@ zero_extendqisi2
 3412              		.loc 1 1610 29
 3413 005c 5C22     		movs	r2, #92
 3414 005e 02FB03F3 		mul	r3, r2, r3
 3415 0062 094A     		ldr	r2, .L182
 3416 0064 1344     		add	r3, r3, r2
 3417 0066 BB60     		str	r3, [r7, #8]
1611:./ucOSII/Core/os_core.c ****     ptcb1->OSTCBNext        = (OS_TCB *)0;                       /* Last OS_TCB                    
 3418              		.loc 1 1611 29
 3419 0068 BB68     		ldr	r3, [r7, #8]
 3420 006a 0022     		movs	r2, #0
 3421 006c 5A61     		str	r2, [r3, #20]
1612:./ucOSII/Core/os_core.c **** #if OS_TASK_NAME_EN > 0u
1613:./ucOSII/Core/os_core.c ****     ptcb1->OSTCBTaskName    = (INT8U *)(void *)"?";              /* Unknown name                   
 3422              		.loc 1 1613 29
 3423 006e BB68     		ldr	r3, [r7, #8]
 3424 0070 074A     		ldr	r2, .L182+8
 3425 0072 5A65     		str	r2, [r3, #84]
1614:./ucOSII/Core/os_core.c **** #endif
1615:./ucOSII/Core/os_core.c ****     OSTCBList               = (OS_TCB *)0;                       /* TCB lists initializations      
 3426              		.loc 1 1615 29
 3427 0074 074B     		ldr	r3, .L182+12
 3428 0076 0022     		movs	r2, #0
 3429 0078 1A60     		str	r2, [r3]
1616:./ucOSII/Core/os_core.c ****     OSTCBFreeList           = &OSTCBTbl[0];
 3430              		.loc 1 1616 29
 3431 007a 074B     		ldr	r3, .L182+16
 3432 007c 024A     		ldr	r2, .L182
 3433 007e 1A60     		str	r2, [r3]
1617:./ucOSII/Core/os_core.c **** }
 3434              		.loc 1 1617 1
 3435 0080 00BF     		nop
 3436 0082 1037     		adds	r7, r7, #16
 3437              	.LCFI115:
 3438              		.cfi_def_cfa_offset 8
 3439 0084 BD46     		mov	sp, r7
 3440              	.LCFI116:
 3441              		.cfi_def_cfa_register 13
 3442              		@ sp needed
 3443 0086 80BD     		pop	{r7, pc}
 3444              	.L183:
 3445              		.align	2
 3446              	.L182:
 3447 0088 00000000 		.word	OSTCBTbl
 3448 008c 00000000 		.word	OSTCBPrioTbl
 3449 0090 00000000 		.word	.LC0
 3450 0094 00000000 		.word	OSTCBList
 3451 0098 00000000 		.word	OSTCBFreeList
 3452              		.cfi_endproc
ARM GAS  /var/folders/yl/_q9l42k90g1g4mdhbs226msm0000gn/T//ccIcJZe8.s 			page 90


 3453              	.LFE27:
 3455              		.section	.text.OS_MemClr,"ax",%progbits
 3456              		.align	1
 3457              		.global	OS_MemClr
 3458              		.syntax unified
 3459              		.thumb
 3460              		.thumb_func
 3462              	OS_MemClr:
 3463              	.LFB28:
1618:./ucOSII/Core/os_core.c **** 
1619:./ucOSII/Core/os_core.c **** 
1620:./ucOSII/Core/os_core.c **** /*
1621:./ucOSII/Core/os_core.c **** ***************************************************************************************************
1622:./ucOSII/Core/os_core.c **** *                                      CLEAR A SECTION OF MEMORY
1623:./ucOSII/Core/os_core.c **** *
1624:./ucOSII/Core/os_core.c **** * Description: This function is called by other uC/OS-II services to clear a contiguous block of RA
1625:./ucOSII/Core/os_core.c **** *
1626:./ucOSII/Core/os_core.c **** * Arguments  : pdest    is the start of the RAM to clear (i.e. write 0x00 to)
1627:./ucOSII/Core/os_core.c **** *
1628:./ucOSII/Core/os_core.c **** *              size     is the number of bytes to clear.
1629:./ucOSII/Core/os_core.c **** *
1630:./ucOSII/Core/os_core.c **** * Returns    : none
1631:./ucOSII/Core/os_core.c **** *
1632:./ucOSII/Core/os_core.c **** * Notes      : 1) This function is INTERNAL to uC/OS-II and your application should not call it.
1633:./ucOSII/Core/os_core.c **** *              2) Note that we can only clear up to 64K bytes of RAM.  This is not an issue because
1634:./ucOSII/Core/os_core.c **** *                 of the uses of this function gets close to this limit.
1635:./ucOSII/Core/os_core.c **** *              3) The clear is done one byte at a time since this will work on any processor irresp
1636:./ucOSII/Core/os_core.c **** *                 of the alignment of the destination.
1637:./ucOSII/Core/os_core.c **** ***************************************************************************************************
1638:./ucOSII/Core/os_core.c **** */
1639:./ucOSII/Core/os_core.c **** 
1640:./ucOSII/Core/os_core.c **** void  OS_MemClr (INT8U  *pdest,
1641:./ucOSII/Core/os_core.c ****                  INT16U  size)
1642:./ucOSII/Core/os_core.c **** {
 3464              		.loc 1 1642 1
 3465              		.cfi_startproc
 3466              		@ args = 0, pretend = 0, frame = 8
 3467              		@ frame_needed = 1, uses_anonymous_args = 0
 3468              		@ link register save eliminated.
 3469 0000 80B4     		push	{r7}
 3470              	.LCFI117:
 3471              		.cfi_def_cfa_offset 4
 3472              		.cfi_offset 7, -4
 3473 0002 83B0     		sub	sp, sp, #12
 3474              	.LCFI118:
 3475              		.cfi_def_cfa_offset 16
 3476 0004 00AF     		add	r7, sp, #0
 3477              	.LCFI119:
 3478              		.cfi_def_cfa_register 7
 3479 0006 7860     		str	r0, [r7, #4]
 3480 0008 0B46     		mov	r3, r1
 3481 000a 7B80     		strh	r3, [r7, #2]	@ movhi
1643:./ucOSII/Core/os_core.c ****     while (size > 0u) {
 3482              		.loc 1 1643 11
 3483 000c 07E0     		b	.L185
 3484              	.L186:
1644:./ucOSII/Core/os_core.c ****         *pdest++ = (INT8U)0;
ARM GAS  /var/folders/yl/_q9l42k90g1g4mdhbs226msm0000gn/T//ccIcJZe8.s 			page 91


 3485              		.loc 1 1644 15
 3486 000e 7B68     		ldr	r3, [r7, #4]
 3487 0010 5A1C     		adds	r2, r3, #1
 3488 0012 7A60     		str	r2, [r7, #4]
 3489              		.loc 1 1644 18
 3490 0014 0022     		movs	r2, #0
 3491 0016 1A70     		strb	r2, [r3]
1645:./ucOSII/Core/os_core.c ****         size--;
 3492              		.loc 1 1645 13
 3493 0018 7B88     		ldrh	r3, [r7, #2]
 3494 001a 013B     		subs	r3, r3, #1
 3495 001c 7B80     		strh	r3, [r7, #2]	@ movhi
 3496              	.L185:
1643:./ucOSII/Core/os_core.c ****     while (size > 0u) {
 3497              		.loc 1 1643 11
 3498 001e 7B88     		ldrh	r3, [r7, #2]
 3499 0020 002B     		cmp	r3, #0
 3500 0022 F4D1     		bne	.L186
1646:./ucOSII/Core/os_core.c ****     }
1647:./ucOSII/Core/os_core.c **** }
 3501              		.loc 1 1647 1
 3502 0024 00BF     		nop
 3503 0026 00BF     		nop
 3504 0028 0C37     		adds	r7, r7, #12
 3505              	.LCFI120:
 3506              		.cfi_def_cfa_offset 4
 3507 002a BD46     		mov	sp, r7
 3508              	.LCFI121:
 3509              		.cfi_def_cfa_register 13
 3510              		@ sp needed
 3511 002c 5DF8047B 		ldr	r7, [sp], #4
 3512              	.LCFI122:
 3513              		.cfi_restore 7
 3514              		.cfi_def_cfa_offset 0
 3515 0030 7047     		bx	lr
 3516              		.cfi_endproc
 3517              	.LFE28:
 3519              		.section	.text.OS_MemCopy,"ax",%progbits
 3520              		.align	1
 3521              		.global	OS_MemCopy
 3522              		.syntax unified
 3523              		.thumb
 3524              		.thumb_func
 3526              	OS_MemCopy:
 3527              	.LFB29:
1648:./ucOSII/Core/os_core.c **** 
1649:./ucOSII/Core/os_core.c **** 
1650:./ucOSII/Core/os_core.c **** /*
1651:./ucOSII/Core/os_core.c **** ***************************************************************************************************
1652:./ucOSII/Core/os_core.c **** *                                       COPY A BLOCK OF MEMORY
1653:./ucOSII/Core/os_core.c **** *
1654:./ucOSII/Core/os_core.c **** * Description: This function is called by other uC/OS-II services to copy a block of memory from on
1655:./ucOSII/Core/os_core.c **** *              location to another.
1656:./ucOSII/Core/os_core.c **** *
1657:./ucOSII/Core/os_core.c **** * Arguments  : pdest    is a pointer to the 'destination' memory block
1658:./ucOSII/Core/os_core.c **** *
1659:./ucOSII/Core/os_core.c **** *              psrc     is a pointer to the 'source'      memory block
ARM GAS  /var/folders/yl/_q9l42k90g1g4mdhbs226msm0000gn/T//ccIcJZe8.s 			page 92


1660:./ucOSII/Core/os_core.c **** *
1661:./ucOSII/Core/os_core.c **** *              size     is the number of bytes to copy.
1662:./ucOSII/Core/os_core.c **** *
1663:./ucOSII/Core/os_core.c **** * Returns    : none
1664:./ucOSII/Core/os_core.c **** *
1665:./ucOSII/Core/os_core.c **** * Notes      : 1) This function is INTERNAL to uC/OS-II and your application should not call it.  T
1666:./ucOSII/Core/os_core.c **** *                 no provision to handle overlapping memory copy.  However, that's not a problem si
1667:./ucOSII/Core/os_core.c **** *                 is not a situation that will happen.
1668:./ucOSII/Core/os_core.c **** *              2) Note that we can only copy up to 64K bytes of RAM
1669:./ucOSII/Core/os_core.c **** *              3) The copy is done one byte at a time since this will work on any processor irrespe
1670:./ucOSII/Core/os_core.c **** *                 of the alignment of the source and destination.
1671:./ucOSII/Core/os_core.c **** ***************************************************************************************************
1672:./ucOSII/Core/os_core.c **** */
1673:./ucOSII/Core/os_core.c **** 
1674:./ucOSII/Core/os_core.c **** void  OS_MemCopy (INT8U  *pdest,
1675:./ucOSII/Core/os_core.c ****                   INT8U  *psrc,
1676:./ucOSII/Core/os_core.c ****                   INT16U  size)
1677:./ucOSII/Core/os_core.c **** {
 3528              		.loc 1 1677 1
 3529              		.cfi_startproc
 3530              		@ args = 0, pretend = 0, frame = 16
 3531              		@ frame_needed = 1, uses_anonymous_args = 0
 3532              		@ link register save eliminated.
 3533 0000 80B4     		push	{r7}
 3534              	.LCFI123:
 3535              		.cfi_def_cfa_offset 4
 3536              		.cfi_offset 7, -4
 3537 0002 85B0     		sub	sp, sp, #20
 3538              	.LCFI124:
 3539              		.cfi_def_cfa_offset 24
 3540 0004 00AF     		add	r7, sp, #0
 3541              	.LCFI125:
 3542              		.cfi_def_cfa_register 7
 3543 0006 F860     		str	r0, [r7, #12]
 3544 0008 B960     		str	r1, [r7, #8]
 3545 000a 1346     		mov	r3, r2
 3546 000c FB80     		strh	r3, [r7, #6]	@ movhi
1678:./ucOSII/Core/os_core.c ****     while (size > 0u) {
 3547              		.loc 1 1678 11
 3548 000e 0AE0     		b	.L188
 3549              	.L189:
1679:./ucOSII/Core/os_core.c ****         *pdest++ = *psrc++;
 3550              		.loc 1 1679 25
 3551 0010 BA68     		ldr	r2, [r7, #8]
 3552 0012 531C     		adds	r3, r2, #1
 3553 0014 BB60     		str	r3, [r7, #8]
 3554              		.loc 1 1679 15
 3555 0016 FB68     		ldr	r3, [r7, #12]
 3556 0018 591C     		adds	r1, r3, #1
 3557 001a F960     		str	r1, [r7, #12]
 3558              		.loc 1 1679 20
 3559 001c 1278     		ldrb	r2, [r2]	@ zero_extendqisi2
 3560              		.loc 1 1679 18
 3561 001e 1A70     		strb	r2, [r3]
1680:./ucOSII/Core/os_core.c ****         size--;
 3562              		.loc 1 1680 13
 3563 0020 FB88     		ldrh	r3, [r7, #6]
ARM GAS  /var/folders/yl/_q9l42k90g1g4mdhbs226msm0000gn/T//ccIcJZe8.s 			page 93


 3564 0022 013B     		subs	r3, r3, #1
 3565 0024 FB80     		strh	r3, [r7, #6]	@ movhi
 3566              	.L188:
1678:./ucOSII/Core/os_core.c ****     while (size > 0u) {
 3567              		.loc 1 1678 11
 3568 0026 FB88     		ldrh	r3, [r7, #6]
 3569 0028 002B     		cmp	r3, #0
 3570 002a F1D1     		bne	.L189
1681:./ucOSII/Core/os_core.c ****     }
1682:./ucOSII/Core/os_core.c **** }
 3571              		.loc 1 1682 1
 3572 002c 00BF     		nop
 3573 002e 00BF     		nop
 3574 0030 1437     		adds	r7, r7, #20
 3575              	.LCFI126:
 3576              		.cfi_def_cfa_offset 4
 3577 0032 BD46     		mov	sp, r7
 3578              	.LCFI127:
 3579              		.cfi_def_cfa_register 13
 3580              		@ sp needed
 3581 0034 5DF8047B 		ldr	r7, [sp], #4
 3582              	.LCFI128:
 3583              		.cfi_restore 7
 3584              		.cfi_def_cfa_offset 0
 3585 0038 7047     		bx	lr
 3586              		.cfi_endproc
 3587              	.LFE29:
 3589              		.section	.text.OS_Sched,"ax",%progbits
 3590              		.align	1
 3591              		.global	OS_Sched
 3592              		.syntax unified
 3593              		.thumb
 3594              		.thumb_func
 3596              	OS_Sched:
 3597              	.LFB30:
1683:./ucOSII/Core/os_core.c **** 
1684:./ucOSII/Core/os_core.c **** 
1685:./ucOSII/Core/os_core.c **** /*
1686:./ucOSII/Core/os_core.c **** ***************************************************************************************************
1687:./ucOSII/Core/os_core.c **** *                                              SCHEDULER
1688:./ucOSII/Core/os_core.c **** *
1689:./ucOSII/Core/os_core.c **** * Description: This function is called by other uC/OS-II services to determine whether a new, high
1690:./ucOSII/Core/os_core.c **** *              priority task has been made ready to run.  This function is invoked by TASK level co
1691:./ucOSII/Core/os_core.c **** *              and is not used to reschedule tasks from ISRs (see OSIntExit() for ISR rescheduling)
1692:./ucOSII/Core/os_core.c **** *
1693:./ucOSII/Core/os_core.c **** * Arguments  : none
1694:./ucOSII/Core/os_core.c **** *
1695:./ucOSII/Core/os_core.c **** * Returns    : none
1696:./ucOSII/Core/os_core.c **** *
1697:./ucOSII/Core/os_core.c **** * Notes      : 1) This function is INTERNAL to uC/OS-II and your application should not call it.
1698:./ucOSII/Core/os_core.c **** *              2) Rescheduling is prevented when the scheduler is locked (see OS_SchedLock())
1699:./ucOSII/Core/os_core.c **** ***************************************************************************************************
1700:./ucOSII/Core/os_core.c **** */
1701:./ucOSII/Core/os_core.c **** 
1702:./ucOSII/Core/os_core.c **** void  OS_Sched (void)
1703:./ucOSII/Core/os_core.c **** {
 3598              		.loc 1 1703 1
ARM GAS  /var/folders/yl/_q9l42k90g1g4mdhbs226msm0000gn/T//ccIcJZe8.s 			page 94


 3599              		.cfi_startproc
 3600              		@ args = 0, pretend = 0, frame = 8
 3601              		@ frame_needed = 1, uses_anonymous_args = 0
 3602 0000 80B5     		push	{r7, lr}
 3603              	.LCFI129:
 3604              		.cfi_def_cfa_offset 8
 3605              		.cfi_offset 7, -8
 3606              		.cfi_offset 14, -4
 3607 0002 82B0     		sub	sp, sp, #8
 3608              	.LCFI130:
 3609              		.cfi_def_cfa_offset 16
 3610 0004 00AF     		add	r7, sp, #0
 3611              	.LCFI131:
 3612              		.cfi_def_cfa_register 7
1704:./ucOSII/Core/os_core.c **** #if OS_CRITICAL_METHOD == 3u                           /* Allocate storage for CPU status register 
1705:./ucOSII/Core/os_core.c ****     OS_CPU_SR  cpu_sr = 0u;
 3613              		.loc 1 1705 16
 3614 0006 0023     		movs	r3, #0
 3615 0008 7B60     		str	r3, [r7, #4]
1706:./ucOSII/Core/os_core.c **** #endif
1707:./ucOSII/Core/os_core.c **** 
1708:./ucOSII/Core/os_core.c **** 
1709:./ucOSII/Core/os_core.c **** 
1710:./ucOSII/Core/os_core.c ****     OS_ENTER_CRITICAL();
 3616              		.loc 1 1710 5
 3617 000a 4020     		movs	r0, #64
 3618 000c FFF7FEFF 		bl	OS_CPU_SR_Save
 3619 0010 7860     		str	r0, [r7, #4]
1711:./ucOSII/Core/os_core.c ****     if (OSIntNesting == 0u) {                          /* Schedule only if all ISRs done and ...   
 3620              		.loc 1 1711 22
 3621 0012 154B     		ldr	r3, .L192
 3622 0014 1B78     		ldrb	r3, [r3]	@ zero_extendqisi2
 3623              		.loc 1 1711 8
 3624 0016 002B     		cmp	r3, #0
 3625 0018 1FD1     		bne	.L191
1712:./ucOSII/Core/os_core.c ****         if (OSLockNesting == 0u) {                     /* ... scheduler is not locked              
 3626              		.loc 1 1712 27
 3627 001a 144B     		ldr	r3, .L192+4
 3628 001c 1B78     		ldrb	r3, [r3]	@ zero_extendqisi2
 3629              		.loc 1 1712 12
 3630 001e 002B     		cmp	r3, #0
 3631 0020 1BD1     		bne	.L191
1713:./ucOSII/Core/os_core.c ****             OS_SchedNew();
 3632              		.loc 1 1713 13
 3633 0022 FFF7FEFF 		bl	OS_SchedNew
1714:./ucOSII/Core/os_core.c ****             OSTCBHighRdy = OSTCBPrioTbl[OSPrioHighRdy];
 3634              		.loc 1 1714 40
 3635 0026 124B     		ldr	r3, .L192+8
 3636 0028 1B78     		ldrb	r3, [r3]	@ zero_extendqisi2
 3637 002a 1A46     		mov	r2, r3
 3638 002c 114B     		ldr	r3, .L192+12
 3639 002e 53F82230 		ldr	r3, [r3, r2, lsl #2]
 3640              		.loc 1 1714 26
 3641 0032 114A     		ldr	r2, .L192+16
 3642 0034 1360     		str	r3, [r2]
1715:./ucOSII/Core/os_core.c ****             if (OSPrioHighRdy != OSPrioCur) {          /* No Ctx Sw if current task is highest rdy 
 3643              		.loc 1 1715 31
ARM GAS  /var/folders/yl/_q9l42k90g1g4mdhbs226msm0000gn/T//ccIcJZe8.s 			page 95


 3644 0036 0E4B     		ldr	r3, .L192+8
 3645 0038 1A78     		ldrb	r2, [r3]	@ zero_extendqisi2
 3646 003a 104B     		ldr	r3, .L192+20
 3647 003c 1B78     		ldrb	r3, [r3]	@ zero_extendqisi2
 3648              		.loc 1 1715 16
 3649 003e 9A42     		cmp	r2, r3
 3650 0040 0BD0     		beq	.L191
1716:./ucOSII/Core/os_core.c **** #if OS_TASK_PROFILE_EN > 0u
1717:./ucOSII/Core/os_core.c ****                 OSTCBHighRdy->OSTCBCtxSwCtr++;         /* Inc. # of context switches to this task  
 3651              		.loc 1 1717 29
 3652 0042 0D4B     		ldr	r3, .L192+16
 3653 0044 1B68     		ldr	r3, [r3]
 3654 0046 1A6C     		ldr	r2, [r3, #64]
 3655              		.loc 1 1717 44
 3656 0048 0132     		adds	r2, r2, #1
 3657 004a 1A64     		str	r2, [r3, #64]
1718:./ucOSII/Core/os_core.c **** #endif
1719:./ucOSII/Core/os_core.c ****                 OSCtxSwCtr++;                          /* Increment context switch counter         
 3658              		.loc 1 1719 27
 3659 004c 0C4B     		ldr	r3, .L192+24
 3660 004e 1B68     		ldr	r3, [r3]
 3661 0050 0133     		adds	r3, r3, #1
 3662 0052 0B4A     		ldr	r2, .L192+24
 3663 0054 1360     		str	r3, [r2]
1720:./ucOSII/Core/os_core.c **** 
1721:./ucOSII/Core/os_core.c **** #if OS_TASK_CREATE_EXT_EN > 0u
1722:./ucOSII/Core/os_core.c **** #if defined(OS_TLS_TBL_SIZE) && (OS_TLS_TBL_SIZE > 0u)
1723:./ucOSII/Core/os_core.c ****                 OS_TLS_TaskSw();
1724:./ucOSII/Core/os_core.c **** #endif
1725:./ucOSII/Core/os_core.c **** #endif
1726:./ucOSII/Core/os_core.c **** 
1727:./ucOSII/Core/os_core.c ****                 OS_TASK_SW();                          /* Perform a context switch                 
 3664              		.loc 1 1727 17
 3665 0056 FFF7FEFF 		bl	OSCtxSw
 3666              	.L191:
1728:./ucOSII/Core/os_core.c ****             }
1729:./ucOSII/Core/os_core.c ****         }
1730:./ucOSII/Core/os_core.c ****     }
1731:./ucOSII/Core/os_core.c ****     OS_EXIT_CRITICAL();
 3667              		.loc 1 1731 5
 3668 005a 7868     		ldr	r0, [r7, #4]
 3669 005c FFF7FEFF 		bl	OS_CPU_SR_Restore
1732:./ucOSII/Core/os_core.c **** }
 3670              		.loc 1 1732 1
 3671 0060 00BF     		nop
 3672 0062 0837     		adds	r7, r7, #8
 3673              	.LCFI132:
 3674              		.cfi_def_cfa_offset 8
 3675 0064 BD46     		mov	sp, r7
 3676              	.LCFI133:
 3677              		.cfi_def_cfa_register 13
 3678              		@ sp needed
 3679 0066 80BD     		pop	{r7, pc}
 3680              	.L193:
 3681              		.align	2
 3682              	.L192:
 3683 0068 00000000 		.word	OSIntNesting
ARM GAS  /var/folders/yl/_q9l42k90g1g4mdhbs226msm0000gn/T//ccIcJZe8.s 			page 96


 3684 006c 00000000 		.word	OSLockNesting
 3685 0070 00000000 		.word	OSPrioHighRdy
 3686 0074 00000000 		.word	OSTCBPrioTbl
 3687 0078 00000000 		.word	OSTCBHighRdy
 3688 007c 00000000 		.word	OSPrioCur
 3689 0080 00000000 		.word	OSCtxSwCtr
 3690              		.cfi_endproc
 3691              	.LFE30:
 3693              		.section	.text.OS_SchedNew,"ax",%progbits
 3694              		.align	1
 3695              		.syntax unified
 3696              		.thumb
 3697              		.thumb_func
 3699              	OS_SchedNew:
 3700              	.LFB31:
1733:./ucOSII/Core/os_core.c **** 
1734:./ucOSII/Core/os_core.c **** 
1735:./ucOSII/Core/os_core.c **** /*
1736:./ucOSII/Core/os_core.c **** ***************************************************************************************************
1737:./ucOSII/Core/os_core.c **** *                               FIND HIGHEST PRIORITY TASK READY TO RUN
1738:./ucOSII/Core/os_core.c **** *
1739:./ucOSII/Core/os_core.c **** * Description: This function is called by other uC/OS-II services to determine the highest priority
1740:./ucOSII/Core/os_core.c **** *              that is ready to run.  The global variable 'OSPrioHighRdy' is changed accordingly.
1741:./ucOSII/Core/os_core.c **** *
1742:./ucOSII/Core/os_core.c **** * Arguments  : none
1743:./ucOSII/Core/os_core.c **** *
1744:./ucOSII/Core/os_core.c **** * Returns    : none
1745:./ucOSII/Core/os_core.c **** *
1746:./ucOSII/Core/os_core.c **** * Notes      : 1) This function is INTERNAL to uC/OS-II and your application should not call it.
1747:./ucOSII/Core/os_core.c **** *              2) Interrupts are assumed to be disabled when this function is called.
1748:./ucOSII/Core/os_core.c **** ***************************************************************************************************
1749:./ucOSII/Core/os_core.c **** */
1750:./ucOSII/Core/os_core.c **** 
1751:./ucOSII/Core/os_core.c **** static  void  OS_SchedNew (void)
1752:./ucOSII/Core/os_core.c **** {
 3701              		.loc 1 1752 1
 3702              		.cfi_startproc
 3703              		@ args = 0, pretend = 0, frame = 8
 3704              		@ frame_needed = 1, uses_anonymous_args = 0
 3705              		@ link register save eliminated.
 3706 0000 80B4     		push	{r7}
 3707              	.LCFI134:
 3708              		.cfi_def_cfa_offset 4
 3709              		.cfi_offset 7, -4
 3710 0002 83B0     		sub	sp, sp, #12
 3711              	.LCFI135:
 3712              		.cfi_def_cfa_offset 16
 3713 0004 00AF     		add	r7, sp, #0
 3714              	.LCFI136:
 3715              		.cfi_def_cfa_register 7
1753:./ucOSII/Core/os_core.c **** #if OS_LOWEST_PRIO <= 63u                        /* See if we support up to 64 tasks               
1754:./ucOSII/Core/os_core.c ****     INT8U   y;
1755:./ucOSII/Core/os_core.c **** 
1756:./ucOSII/Core/os_core.c **** 
1757:./ucOSII/Core/os_core.c ****     y             = OSUnMapTbl[OSRdyGrp];
 3716              		.loc 1 1757 31
 3717 0006 0C4B     		ldr	r3, .L195
ARM GAS  /var/folders/yl/_q9l42k90g1g4mdhbs226msm0000gn/T//ccIcJZe8.s 			page 97


 3718 0008 1B78     		ldrb	r3, [r3]	@ zero_extendqisi2
 3719 000a 1A46     		mov	r2, r3
 3720              		.loc 1 1757 19
 3721 000c 0B4B     		ldr	r3, .L195+4
 3722 000e 9B5C     		ldrb	r3, [r3, r2]
 3723 0010 FB71     		strb	r3, [r7, #7]
1758:./ucOSII/Core/os_core.c ****     OSPrioHighRdy = (INT8U)((y << 3u) + OSUnMapTbl[OSRdyTbl[y]]);
 3724              		.loc 1 1758 32
 3725 0012 FB79     		ldrb	r3, [r7, #7]
 3726 0014 DB00     		lsls	r3, r3, #3
 3727 0016 DAB2     		uxtb	r2, r3
 3728              		.loc 1 1758 60
 3729 0018 FB79     		ldrb	r3, [r7, #7]	@ zero_extendqisi2
 3730 001a 0949     		ldr	r1, .L195+8
 3731 001c CB5C     		ldrb	r3, [r1, r3]	@ zero_extendqisi2
 3732 001e 1946     		mov	r1, r3
 3733              		.loc 1 1758 51
 3734 0020 064B     		ldr	r3, .L195+4
 3735 0022 5B5C     		ldrb	r3, [r3, r1]	@ zero_extendqisi2
 3736              		.loc 1 1758 21
 3737 0024 1344     		add	r3, r3, r2
 3738 0026 DAB2     		uxtb	r2, r3
 3739              		.loc 1 1758 19
 3740 0028 064B     		ldr	r3, .L195+12
 3741 002a 1A70     		strb	r2, [r3]
1759:./ucOSII/Core/os_core.c **** #else                                            /* We support up to 256 tasks                     
1760:./ucOSII/Core/os_core.c ****     INT8U     y;
1761:./ucOSII/Core/os_core.c ****     OS_PRIO  *ptbl;
1762:./ucOSII/Core/os_core.c **** 
1763:./ucOSII/Core/os_core.c **** 
1764:./ucOSII/Core/os_core.c ****     if ((OSRdyGrp & 0xFFu) != 0u) {
1765:./ucOSII/Core/os_core.c ****         y = OSUnMapTbl[OSRdyGrp & 0xFFu];
1766:./ucOSII/Core/os_core.c ****     } else {
1767:./ucOSII/Core/os_core.c ****         y = OSUnMapTbl[(OS_PRIO)(OSRdyGrp >> 8u) & 0xFFu] + 8u;
1768:./ucOSII/Core/os_core.c ****     }
1769:./ucOSII/Core/os_core.c ****     ptbl = &OSRdyTbl[y];
1770:./ucOSII/Core/os_core.c ****     if ((*ptbl & 0xFFu) != 0u) {
1771:./ucOSII/Core/os_core.c ****         OSPrioHighRdy = (INT8U)((y << 4u) + OSUnMapTbl[(*ptbl & 0xFFu)]);
1772:./ucOSII/Core/os_core.c ****     } else {
1773:./ucOSII/Core/os_core.c ****         OSPrioHighRdy = (INT8U)((y << 4u) + OSUnMapTbl[(OS_PRIO)(*ptbl >> 8u) & 0xFFu] + 8u);
1774:./ucOSII/Core/os_core.c ****     }
1775:./ucOSII/Core/os_core.c **** #endif
1776:./ucOSII/Core/os_core.c **** }
 3742              		.loc 1 1776 1
 3743 002c 00BF     		nop
 3744 002e 0C37     		adds	r7, r7, #12
 3745              	.LCFI137:
 3746              		.cfi_def_cfa_offset 4
 3747 0030 BD46     		mov	sp, r7
 3748              	.LCFI138:
 3749              		.cfi_def_cfa_register 13
 3750              		@ sp needed
 3751 0032 5DF8047B 		ldr	r7, [sp], #4
 3752              	.LCFI139:
 3753              		.cfi_restore 7
 3754              		.cfi_def_cfa_offset 0
 3755 0036 7047     		bx	lr
ARM GAS  /var/folders/yl/_q9l42k90g1g4mdhbs226msm0000gn/T//ccIcJZe8.s 			page 98


 3756              	.L196:
 3757              		.align	2
 3758              	.L195:
 3759 0038 00000000 		.word	OSRdyGrp
 3760 003c 00000000 		.word	OSUnMapTbl
 3761 0040 00000000 		.word	OSRdyTbl
 3762 0044 00000000 		.word	OSPrioHighRdy
 3763              		.cfi_endproc
 3764              	.LFE31:
 3766              		.section	.text.OS_StrLen,"ax",%progbits
 3767              		.align	1
 3768              		.global	OS_StrLen
 3769              		.syntax unified
 3770              		.thumb
 3771              		.thumb_func
 3773              	OS_StrLen:
 3774              	.LFB32:
1777:./ucOSII/Core/os_core.c **** 
1778:./ucOSII/Core/os_core.c **** 
1779:./ucOSII/Core/os_core.c **** /*
1780:./ucOSII/Core/os_core.c **** ***************************************************************************************************
1781:./ucOSII/Core/os_core.c **** *                               DETERMINE THE LENGTH OF AN ASCII STRING
1782:./ucOSII/Core/os_core.c **** *
1783:./ucOSII/Core/os_core.c **** * Description: This function is called by other uC/OS-II services to determine the size of an ASCII
1784:./ucOSII/Core/os_core.c **** *              (excluding the NUL character).
1785:./ucOSII/Core/os_core.c **** *
1786:./ucOSII/Core/os_core.c **** * Arguments  : psrc     is a pointer to the string for which we need to know the size.
1787:./ucOSII/Core/os_core.c **** *
1788:./ucOSII/Core/os_core.c **** * Returns    : The size of the string (excluding the NUL terminating character)
1789:./ucOSII/Core/os_core.c **** *
1790:./ucOSII/Core/os_core.c **** * Notes      : 1) This function is INTERNAL to uC/OS-II and your application should not call it.
1791:./ucOSII/Core/os_core.c **** *              2) The string to check must be less than 255 characters long.
1792:./ucOSII/Core/os_core.c **** ***************************************************************************************************
1793:./ucOSII/Core/os_core.c **** */
1794:./ucOSII/Core/os_core.c **** 
1795:./ucOSII/Core/os_core.c **** #if (OS_EVENT_NAME_EN > 0u) || (OS_FLAG_NAME_EN > 0u) || (OS_MEM_NAME_EN > 0u) || (OS_TASK_NAME_EN 
1796:./ucOSII/Core/os_core.c **** INT8U  OS_StrLen (INT8U *psrc)
1797:./ucOSII/Core/os_core.c **** {
 3775              		.loc 1 1797 1
 3776              		.cfi_startproc
 3777              		@ args = 0, pretend = 0, frame = 16
 3778              		@ frame_needed = 1, uses_anonymous_args = 0
 3779              		@ link register save eliminated.
 3780 0000 80B4     		push	{r7}
 3781              	.LCFI140:
 3782              		.cfi_def_cfa_offset 4
 3783              		.cfi_offset 7, -4
 3784 0002 85B0     		sub	sp, sp, #20
 3785              	.LCFI141:
 3786              		.cfi_def_cfa_offset 24
 3787 0004 00AF     		add	r7, sp, #0
 3788              	.LCFI142:
 3789              		.cfi_def_cfa_register 7
 3790 0006 7860     		str	r0, [r7, #4]
1798:./ucOSII/Core/os_core.c ****     INT8U  len;
1799:./ucOSII/Core/os_core.c **** 
1800:./ucOSII/Core/os_core.c **** 
ARM GAS  /var/folders/yl/_q9l42k90g1g4mdhbs226msm0000gn/T//ccIcJZe8.s 			page 99


1801:./ucOSII/Core/os_core.c **** #if OS_ARG_CHK_EN > 0u
1802:./ucOSII/Core/os_core.c ****     if (psrc == (INT8U *)0) {
 3791              		.loc 1 1802 8
 3792 0008 7B68     		ldr	r3, [r7, #4]
 3793 000a 002B     		cmp	r3, #0
 3794 000c 01D1     		bne	.L198
1803:./ucOSII/Core/os_core.c ****         return (0u);
 3795              		.loc 1 1803 16
 3796 000e 0023     		movs	r3, #0
 3797 0010 0DE0     		b	.L199
 3798              	.L198:
1804:./ucOSII/Core/os_core.c ****     }
1805:./ucOSII/Core/os_core.c **** #endif
1806:./ucOSII/Core/os_core.c **** 
1807:./ucOSII/Core/os_core.c ****     len = 0u;
 3799              		.loc 1 1807 9
 3800 0012 0023     		movs	r3, #0
 3801 0014 FB73     		strb	r3, [r7, #15]
1808:./ucOSII/Core/os_core.c ****     while (*psrc != OS_ASCII_NUL) {
 3802              		.loc 1 1808 11
 3803 0016 05E0     		b	.L200
 3804              	.L201:
1809:./ucOSII/Core/os_core.c ****         psrc++;
 3805              		.loc 1 1809 13
 3806 0018 7B68     		ldr	r3, [r7, #4]
 3807 001a 0133     		adds	r3, r3, #1
 3808 001c 7B60     		str	r3, [r7, #4]
1810:./ucOSII/Core/os_core.c ****         len++;
 3809              		.loc 1 1810 12
 3810 001e FB7B     		ldrb	r3, [r7, #15]	@ zero_extendqisi2
 3811 0020 0133     		adds	r3, r3, #1
 3812 0022 FB73     		strb	r3, [r7, #15]
 3813              	.L200:
1808:./ucOSII/Core/os_core.c ****     while (*psrc != OS_ASCII_NUL) {
 3814              		.loc 1 1808 12
 3815 0024 7B68     		ldr	r3, [r7, #4]
 3816 0026 1B78     		ldrb	r3, [r3]	@ zero_extendqisi2
1808:./ucOSII/Core/os_core.c ****     while (*psrc != OS_ASCII_NUL) {
 3817              		.loc 1 1808 11
 3818 0028 002B     		cmp	r3, #0
 3819 002a F5D1     		bne	.L201
1811:./ucOSII/Core/os_core.c ****     }
1812:./ucOSII/Core/os_core.c ****     return (len);
 3820              		.loc 1 1812 12
 3821 002c FB7B     		ldrb	r3, [r7, #15]	@ zero_extendqisi2
 3822              	.L199:
1813:./ucOSII/Core/os_core.c **** }
 3823              		.loc 1 1813 1
 3824 002e 1846     		mov	r0, r3
 3825 0030 1437     		adds	r7, r7, #20
 3826              	.LCFI143:
 3827              		.cfi_def_cfa_offset 4
 3828 0032 BD46     		mov	sp, r7
 3829              	.LCFI144:
 3830              		.cfi_def_cfa_register 13
 3831              		@ sp needed
 3832 0034 5DF8047B 		ldr	r7, [sp], #4
ARM GAS  /var/folders/yl/_q9l42k90g1g4mdhbs226msm0000gn/T//ccIcJZe8.s 			page 100


 3833              	.LCFI145:
 3834              		.cfi_restore 7
 3835              		.cfi_def_cfa_offset 0
 3836 0038 7047     		bx	lr
 3837              		.cfi_endproc
 3838              	.LFE32:
 3840              		.section	.text.OS_TaskIdle,"ax",%progbits
 3841              		.align	1
 3842              		.global	OS_TaskIdle
 3843              		.syntax unified
 3844              		.thumb
 3845              		.thumb_func
 3847              	OS_TaskIdle:
 3848              	.LFB33:
1814:./ucOSII/Core/os_core.c **** #endif
1815:./ucOSII/Core/os_core.c **** 
1816:./ucOSII/Core/os_core.c **** 
1817:./ucOSII/Core/os_core.c **** /*
1818:./ucOSII/Core/os_core.c **** ***************************************************************************************************
1819:./ucOSII/Core/os_core.c **** *                                              IDLE TASK
1820:./ucOSII/Core/os_core.c **** *
1821:./ucOSII/Core/os_core.c **** * Description: This task is internal to uC/OS-II and executes whenever no other higher priority tas
1822:./ucOSII/Core/os_core.c **** *              executes because they are ALL waiting for event(s) to occur.
1823:./ucOSII/Core/os_core.c **** *
1824:./ucOSII/Core/os_core.c **** * Arguments  : none
1825:./ucOSII/Core/os_core.c **** *
1826:./ucOSII/Core/os_core.c **** * Returns    : none
1827:./ucOSII/Core/os_core.c **** *
1828:./ucOSII/Core/os_core.c **** * Note(s)    : 1) OSTaskIdleHook() is called after the critical section to ensure that interrupts w
1829:./ucOSII/Core/os_core.c **** *                 enabled for at least a few instructions.  On some processors (ex. Philips XA), en
1830:./ucOSII/Core/os_core.c **** *                 and then disabling interrupts didn't allow the processor enough time to have inte
1831:./ucOSII/Core/os_core.c **** *                 enabled before they were disabled again.  uC/OS-II would thus never recognize
1832:./ucOSII/Core/os_core.c **** *                 interrupts.
1833:./ucOSII/Core/os_core.c **** *              2) This hook has been added to allow you to do such things as STOP the CPU to conser
1834:./ucOSII/Core/os_core.c **** *                 power.
1835:./ucOSII/Core/os_core.c **** ***************************************************************************************************
1836:./ucOSII/Core/os_core.c **** */
1837:./ucOSII/Core/os_core.c **** 
1838:./ucOSII/Core/os_core.c **** void  OS_TaskIdle (void *p_arg)
1839:./ucOSII/Core/os_core.c **** {
 3849              		.loc 1 1839 1
 3850              		.cfi_startproc
 3851              		@ args = 0, pretend = 0, frame = 16
 3852              		@ frame_needed = 1, uses_anonymous_args = 0
 3853 0000 80B5     		push	{r7, lr}
 3854              	.LCFI146:
 3855              		.cfi_def_cfa_offset 8
 3856              		.cfi_offset 7, -8
 3857              		.cfi_offset 14, -4
 3858 0002 84B0     		sub	sp, sp, #16
 3859              	.LCFI147:
 3860              		.cfi_def_cfa_offset 24
 3861 0004 00AF     		add	r7, sp, #0
 3862              	.LCFI148:
 3863              		.cfi_def_cfa_register 7
 3864 0006 7860     		str	r0, [r7, #4]
1840:./ucOSII/Core/os_core.c **** #if OS_CRITICAL_METHOD == 3u                     /* Allocate storage for CPU status register       
ARM GAS  /var/folders/yl/_q9l42k90g1g4mdhbs226msm0000gn/T//ccIcJZe8.s 			page 101


1841:./ucOSII/Core/os_core.c ****     OS_CPU_SR  cpu_sr = 0u;
 3865              		.loc 1 1841 16
 3866 0008 0023     		movs	r3, #0
 3867 000a FB60     		str	r3, [r7, #12]
 3868              	.L203:
1842:./ucOSII/Core/os_core.c **** #endif
1843:./ucOSII/Core/os_core.c **** 
1844:./ucOSII/Core/os_core.c ****     (void)p_arg;                                 /* Prevent compiler warning for not using 'p_arg' 
1845:./ucOSII/Core/os_core.c ****     for (;;) {
1846:./ucOSII/Core/os_core.c ****         OS_ENTER_CRITICAL();
 3869              		.loc 1 1846 9 discriminator 1
 3870 000c 4020     		movs	r0, #64
 3871 000e FFF7FEFF 		bl	OS_CPU_SR_Save
 3872 0012 F860     		str	r0, [r7, #12]
1847:./ucOSII/Core/os_core.c ****         OSIdleCtr++;
 3873              		.loc 1 1847 18 discriminator 1
 3874 0014 054B     		ldr	r3, .L204
 3875 0016 1B68     		ldr	r3, [r3]
 3876 0018 0133     		adds	r3, r3, #1
 3877 001a 044A     		ldr	r2, .L204
 3878 001c 1360     		str	r3, [r2]
1848:./ucOSII/Core/os_core.c ****         OS_EXIT_CRITICAL();
 3879              		.loc 1 1848 9 discriminator 1
 3880 001e F868     		ldr	r0, [r7, #12]
 3881 0020 FFF7FEFF 		bl	OS_CPU_SR_Restore
1849:./ucOSII/Core/os_core.c ****         OSTaskIdleHook();                        /* Call user definable HOOK                       
 3882              		.loc 1 1849 9 discriminator 1
 3883 0024 FFF7FEFF 		bl	OSTaskIdleHook
1846:./ucOSII/Core/os_core.c ****         OSIdleCtr++;
 3884              		.loc 1 1846 9 discriminator 1
 3885 0028 F0E7     		b	.L203
 3886              	.L205:
 3887 002a 00BF     		.align	2
 3888              	.L204:
 3889 002c 00000000 		.word	OSIdleCtr
 3890              		.cfi_endproc
 3891              	.LFE33:
 3893              		.section	.text.OS_TaskStat,"ax",%progbits
 3894              		.align	1
 3895              		.global	OS_TaskStat
 3896              		.syntax unified
 3897              		.thumb
 3898              		.thumb_func
 3900              	OS_TaskStat:
 3901              	.LFB34:
1850:./ucOSII/Core/os_core.c ****     }
1851:./ucOSII/Core/os_core.c **** }
1852:./ucOSII/Core/os_core.c **** 
1853:./ucOSII/Core/os_core.c **** 
1854:./ucOSII/Core/os_core.c **** /*
1855:./ucOSII/Core/os_core.c **** ***************************************************************************************************
1856:./ucOSII/Core/os_core.c **** *                                           STATISTICS TASK
1857:./ucOSII/Core/os_core.c **** *
1858:./ucOSII/Core/os_core.c **** * Description: This task is internal to uC/OS-II and is used to compute some statistics about the
1859:./ucOSII/Core/os_core.c **** *              multitasking environment.  Specifically, OS_TaskStat() computes the CPU usage.
1860:./ucOSII/Core/os_core.c **** *              CPU usage is determined by:
1861:./ucOSII/Core/os_core.c **** *
ARM GAS  /var/folders/yl/_q9l42k90g1g4mdhbs226msm0000gn/T//ccIcJZe8.s 			page 102


1862:./ucOSII/Core/os_core.c **** *                                          OSIdleCtr
1863:./ucOSII/Core/os_core.c **** *                 OSCPUUsage = 100 * (1 - ------------)     (units are in %)
1864:./ucOSII/Core/os_core.c **** *                                         OSIdleCtrMax
1865:./ucOSII/Core/os_core.c **** *
1866:./ucOSII/Core/os_core.c **** * Arguments  : parg     this pointer is not used at this time.
1867:./ucOSII/Core/os_core.c **** *
1868:./ucOSII/Core/os_core.c **** * Returns    : none
1869:./ucOSII/Core/os_core.c **** *
1870:./ucOSII/Core/os_core.c **** * Notes      : 1) This task runs at a priority level higher than the idle task.  In fact, it runs a
1871:./ucOSII/Core/os_core.c **** *                 next higher priority, OS_TASK_IDLE_PRIO-1.
1872:./ucOSII/Core/os_core.c **** *              2) You can disable this task by setting the configuration #define OS_TASK_STAT_EN to
1873:./ucOSII/Core/os_core.c **** *              3) You MUST have at least a delay of 2/10 seconds to allow for the system to establi
1874:./ucOSII/Core/os_core.c **** *                 maximum value for the idle counter.
1875:./ucOSII/Core/os_core.c **** ***************************************************************************************************
1876:./ucOSII/Core/os_core.c **** */
1877:./ucOSII/Core/os_core.c **** 
1878:./ucOSII/Core/os_core.c **** #if OS_TASK_STAT_EN > 0u
1879:./ucOSII/Core/os_core.c **** void  OS_TaskStat (void *p_arg)
1880:./ucOSII/Core/os_core.c **** {
 3902              		.loc 1 1880 1
 3903              		.cfi_startproc
 3904              		@ args = 0, pretend = 0, frame = 16
 3905              		@ frame_needed = 1, uses_anonymous_args = 0
 3906 0000 80B5     		push	{r7, lr}
 3907              	.LCFI149:
 3908              		.cfi_def_cfa_offset 8
 3909              		.cfi_offset 7, -8
 3910              		.cfi_offset 14, -4
 3911 0002 84B0     		sub	sp, sp, #16
 3912              	.LCFI150:
 3913              		.cfi_def_cfa_offset 24
 3914 0004 00AF     		add	r7, sp, #0
 3915              	.LCFI151:
 3916              		.cfi_def_cfa_register 7
 3917 0006 7860     		str	r0, [r7, #4]
1881:./ucOSII/Core/os_core.c ****     INT8S  usage;
1882:./ucOSII/Core/os_core.c **** #if OS_CRITICAL_METHOD == 3u                     /* Allocate storage for CPU status register       
1883:./ucOSII/Core/os_core.c ****     OS_CPU_SR  cpu_sr = 0u;
 3918              		.loc 1 1883 16
 3919 0008 0023     		movs	r3, #0
 3920 000a FB60     		str	r3, [r7, #12]
1884:./ucOSII/Core/os_core.c **** #endif
1885:./ucOSII/Core/os_core.c **** 
1886:./ucOSII/Core/os_core.c **** 
1887:./ucOSII/Core/os_core.c **** 
1888:./ucOSII/Core/os_core.c ****     p_arg = p_arg;                               /* Prevent compiler warning for not using 'p_arg' 
1889:./ucOSII/Core/os_core.c ****     while (OSStatRdy == OS_FALSE) {
 3921              		.loc 1 1889 11
 3922 000c 02E0     		b	.L207
 3923              	.L208:
1890:./ucOSII/Core/os_core.c ****         OSTimeDly(2u * OS_TICKS_PER_SEC / 10u);  /* Wait until statistic task is ready             
 3924              		.loc 1 1890 9
 3925 000e 1420     		movs	r0, #20
 3926 0010 FFF7FEFF 		bl	OSTimeDly
 3927              	.L207:
1889:./ucOSII/Core/os_core.c ****         OSTimeDly(2u * OS_TICKS_PER_SEC / 10u);  /* Wait until statistic task is ready             
 3928              		.loc 1 1889 22
ARM GAS  /var/folders/yl/_q9l42k90g1g4mdhbs226msm0000gn/T//ccIcJZe8.s 			page 103


 3929 0014 304B     		ldr	r3, .L213
 3930 0016 1B78     		ldrb	r3, [r3]	@ zero_extendqisi2
1889:./ucOSII/Core/os_core.c ****         OSTimeDly(2u * OS_TICKS_PER_SEC / 10u);  /* Wait until statistic task is ready             
 3931              		.loc 1 1889 11
 3932 0018 002B     		cmp	r3, #0
 3933 001a F8D0     		beq	.L208
1891:./ucOSII/Core/os_core.c ****     }
1892:./ucOSII/Core/os_core.c ****     OSIdleCtrMax /= 100uL;
 3934              		.loc 1 1892 18
 3935 001c 2F4B     		ldr	r3, .L213+4
 3936 001e 1B68     		ldr	r3, [r3]
 3937 0020 2F4A     		ldr	r2, .L213+8
 3938 0022 A2FB0323 		umull	r2, r3, r2, r3
 3939 0026 5B09     		lsrs	r3, r3, #5
 3940 0028 2C4A     		ldr	r2, .L213+4
 3941 002a 1360     		str	r3, [r2]
1893:./ucOSII/Core/os_core.c ****     if (OSIdleCtrMax == 0uL) {
 3942              		.loc 1 1893 22
 3943 002c 2B4B     		ldr	r3, .L213+4
 3944 002e 1B68     		ldr	r3, [r3]
 3945              		.loc 1 1893 8
 3946 0030 002B     		cmp	r3, #0
 3947 0032 05D1     		bne	.L209
1894:./ucOSII/Core/os_core.c ****         OSCPUUsage = 0u;
 3948              		.loc 1 1894 20
 3949 0034 2B4B     		ldr	r3, .L213+12
 3950 0036 0022     		movs	r2, #0
 3951 0038 1A70     		strb	r2, [r3]
1895:./ucOSII/Core/os_core.c **** #if OS_TASK_SUSPEND_EN > 0u
1896:./ucOSII/Core/os_core.c ****         (void)OSTaskSuspend(OS_PRIO_SELF);
 3952              		.loc 1 1896 15
 3953 003a FF20     		movs	r0, #255
 3954 003c FFF7FEFF 		bl	OSTaskSuspend
 3955              	.L209:
1897:./ucOSII/Core/os_core.c **** #else
1898:./ucOSII/Core/os_core.c ****         for (;;) {
1899:./ucOSII/Core/os_core.c ****             OSTimeDly(OS_TICKS_PER_SEC);
1900:./ucOSII/Core/os_core.c ****         }
1901:./ucOSII/Core/os_core.c **** #endif
1902:./ucOSII/Core/os_core.c ****     }
1903:./ucOSII/Core/os_core.c ****     OS_ENTER_CRITICAL();
 3956              		.loc 1 1903 5
 3957 0040 4020     		movs	r0, #64
 3958 0042 FFF7FEFF 		bl	OS_CPU_SR_Save
 3959 0046 F860     		str	r0, [r7, #12]
1904:./ucOSII/Core/os_core.c ****     OSIdleCtr = OSIdleCtrMax * 100uL;            /* Set initial CPU usage as 0%                    
 3960              		.loc 1 1904 30
 3961 0048 244B     		ldr	r3, .L213+4
 3962 004a 1B68     		ldr	r3, [r3]
 3963 004c 6422     		movs	r2, #100
 3964 004e 02FB03F3 		mul	r3, r2, r3
 3965              		.loc 1 1904 15
 3966 0052 254A     		ldr	r2, .L213+16
 3967 0054 1360     		str	r3, [r2]
1905:./ucOSII/Core/os_core.c ****     OS_EXIT_CRITICAL();
 3968              		.loc 1 1905 5
 3969 0056 F868     		ldr	r0, [r7, #12]
ARM GAS  /var/folders/yl/_q9l42k90g1g4mdhbs226msm0000gn/T//ccIcJZe8.s 			page 104


 3970 0058 FFF7FEFF 		bl	OS_CPU_SR_Restore
 3971              	.L212:
1906:./ucOSII/Core/os_core.c ****     for (;;) {
1907:./ucOSII/Core/os_core.c ****         OSTimeDly(1);                            /* Synchronize with clock tick                    
 3972              		.loc 1 1907 9
 3973 005c 0120     		movs	r0, #1
 3974 005e FFF7FEFF 		bl	OSTimeDly
1908:./ucOSII/Core/os_core.c **** 
1909:./ucOSII/Core/os_core.c ****         OS_ENTER_CRITICAL();
 3975              		.loc 1 1909 9
 3976 0062 4020     		movs	r0, #64
 3977 0064 FFF7FEFF 		bl	OS_CPU_SR_Save
 3978 0068 F860     		str	r0, [r7, #12]
1910:./ucOSII/Core/os_core.c ****         OSIdleCtr = 0uL;                        /* Reset the idle counter for the next second      
 3979              		.loc 1 1910 19
 3980 006a 1F4B     		ldr	r3, .L213+16
 3981 006c 0022     		movs	r2, #0
 3982 006e 1A60     		str	r2, [r3]
1911:./ucOSII/Core/os_core.c ****         OS_EXIT_CRITICAL();
 3983              		.loc 1 1911 9
 3984 0070 F868     		ldr	r0, [r7, #12]
 3985 0072 FFF7FEFF 		bl	OS_CPU_SR_Restore
1912:./ucOSII/Core/os_core.c **** 
1913:./ucOSII/Core/os_core.c ****         OSTimeDly(OS_TICKS_PER_SEC / 10u);       /* Accumulate OSIdleCtr for the next 1/10 second  
 3986              		.loc 1 1913 9
 3987 0076 0A20     		movs	r0, #10
 3988 0078 FFF7FEFF 		bl	OSTimeDly
1914:./ucOSII/Core/os_core.c **** 
1915:./ucOSII/Core/os_core.c ****         OS_ENTER_CRITICAL();
 3989              		.loc 1 1915 9
 3990 007c 4020     		movs	r0, #64
 3991 007e FFF7FEFF 		bl	OS_CPU_SR_Save
 3992 0082 F860     		str	r0, [r7, #12]
1916:./ucOSII/Core/os_core.c ****         OSIdleCtrRun = OSIdleCtr;                /* Store number of cycles which elapsed while idle
 3993              		.loc 1 1916 22
 3994 0084 184B     		ldr	r3, .L213+16
 3995 0086 1B68     		ldr	r3, [r3]
 3996 0088 184A     		ldr	r2, .L213+20
 3997 008a 1360     		str	r3, [r2]
1917:./ucOSII/Core/os_core.c ****         OS_EXIT_CRITICAL();
 3998              		.loc 1 1917 9
 3999 008c F868     		ldr	r0, [r7, #12]
 4000 008e FFF7FEFF 		bl	OS_CPU_SR_Restore
1918:./ucOSII/Core/os_core.c **** 
1919:./ucOSII/Core/os_core.c ****         usage            = 100 - (INT8S)(OSIdleCtrRun / OSIdleCtrMax);
 4001              		.loc 1 1919 55
 4002 0092 164B     		ldr	r3, .L213+20
 4003 0094 1A68     		ldr	r2, [r3]
 4004 0096 114B     		ldr	r3, .L213+4
 4005 0098 1B68     		ldr	r3, [r3]
 4006 009a B2FBF3F3 		udiv	r3, r2, r3
 4007              		.loc 1 1919 34
 4008 009e DBB2     		uxtb	r3, r3
 4009              		.loc 1 1919 32
 4010 00a0 C3F16403 		rsb	r3, r3, #100
 4011 00a4 DBB2     		uxtb	r3, r3
 4012              		.loc 1 1919 26
ARM GAS  /var/folders/yl/_q9l42k90g1g4mdhbs226msm0000gn/T//ccIcJZe8.s 			page 105


 4013 00a6 FB72     		strb	r3, [r7, #11]
1920:./ucOSII/Core/os_core.c ****         if (usage >= 0) {                        /* Make sure we don't have a negative percentage  
 4014              		.loc 1 1920 12
 4015 00a8 97F90B30 		ldrsb	r3, [r7, #11]
 4016 00ac 002B     		cmp	r3, #0
 4017 00ae 03DB     		blt	.L210
1921:./ucOSII/Core/os_core.c ****             OSCPUUsage   = (INT8U)usage;
 4018              		.loc 1 1921 28
 4019 00b0 FA7A     		ldrb	r2, [r7, #11]	@ zero_extendqisi2
 4020              		.loc 1 1921 26
 4021 00b2 0C4B     		ldr	r3, .L213+12
 4022 00b4 1A70     		strb	r2, [r3]
 4023 00b6 0AE0     		b	.L211
 4024              	.L210:
1922:./ucOSII/Core/os_core.c ****         } else {
1923:./ucOSII/Core/os_core.c ****             OSCPUUsage   = 0u;
 4025              		.loc 1 1923 26
 4026 00b8 0A4B     		ldr	r3, .L213+12
 4027 00ba 0022     		movs	r2, #0
 4028 00bc 1A70     		strb	r2, [r3]
1924:./ucOSII/Core/os_core.c ****             OSIdleCtrMax = OSIdleCtrRun / 100uL; /* Update max counter value to current one        
 4029              		.loc 1 1924 41
 4030 00be 0B4B     		ldr	r3, .L213+20
 4031 00c0 1B68     		ldr	r3, [r3]
 4032 00c2 074A     		ldr	r2, .L213+8
 4033 00c4 A2FB0323 		umull	r2, r3, r2, r3
 4034 00c8 5B09     		lsrs	r3, r3, #5
 4035              		.loc 1 1924 26
 4036 00ca 044A     		ldr	r2, .L213+4
 4037 00cc 1360     		str	r3, [r2]
 4038              	.L211:
1925:./ucOSII/Core/os_core.c ****         }
1926:./ucOSII/Core/os_core.c **** 
1927:./ucOSII/Core/os_core.c ****         OSTaskStatHook();                        /* Invoke user definable hook                     
 4039              		.loc 1 1927 9
 4040 00ce FFF7FEFF 		bl	OSTaskStatHook
1928:./ucOSII/Core/os_core.c **** #if (OS_TASK_STAT_STK_CHK_EN > 0u) && (OS_TASK_CREATE_EXT_EN > 0u)
1929:./ucOSII/Core/os_core.c ****         OS_TaskStatStkChk();                     /* Check the stacks for each task                 
 4041              		.loc 1 1929 9
 4042 00d2 FFF7FEFF 		bl	OS_TaskStatStkChk
1907:./ucOSII/Core/os_core.c **** 
 4043              		.loc 1 1907 9
 4044 00d6 C1E7     		b	.L212
 4045              	.L214:
 4046              		.align	2
 4047              	.L213:
 4048 00d8 00000000 		.word	OSStatRdy
 4049 00dc 00000000 		.word	OSIdleCtrMax
 4050 00e0 1F85EB51 		.word	1374389535
 4051 00e4 00000000 		.word	OSCPUUsage
 4052 00e8 00000000 		.word	OSIdleCtr
 4053 00ec 00000000 		.word	OSIdleCtrRun
 4054              		.cfi_endproc
 4055              	.LFE34:
 4057              		.section	.text.OS_TaskStatStkChk,"ax",%progbits
 4058              		.align	1
 4059              		.global	OS_TaskStatStkChk
ARM GAS  /var/folders/yl/_q9l42k90g1g4mdhbs226msm0000gn/T//ccIcJZe8.s 			page 106


 4060              		.syntax unified
 4061              		.thumb
 4062              		.thumb_func
 4064              	OS_TaskStatStkChk:
 4065              	.LFB35:
1930:./ucOSII/Core/os_core.c **** #endif
1931:./ucOSII/Core/os_core.c ****     }
1932:./ucOSII/Core/os_core.c **** }
1933:./ucOSII/Core/os_core.c **** #endif
1934:./ucOSII/Core/os_core.c **** 
1935:./ucOSII/Core/os_core.c **** 
1936:./ucOSII/Core/os_core.c **** /*
1937:./ucOSII/Core/os_core.c **** ***************************************************************************************************
1938:./ucOSII/Core/os_core.c **** *                                        CHECK ALL TASK STACKS
1939:./ucOSII/Core/os_core.c **** *
1940:./ucOSII/Core/os_core.c **** * Description: This function is called by OS_TaskStat() to check the stacks of each active task.
1941:./ucOSII/Core/os_core.c **** *
1942:./ucOSII/Core/os_core.c **** * Arguments  : none
1943:./ucOSII/Core/os_core.c **** *
1944:./ucOSII/Core/os_core.c **** * Returns    : none
1945:./ucOSII/Core/os_core.c **** ***************************************************************************************************
1946:./ucOSII/Core/os_core.c **** */
1947:./ucOSII/Core/os_core.c **** 
1948:./ucOSII/Core/os_core.c **** #if (OS_TASK_STAT_STK_CHK_EN > 0u) && (OS_TASK_CREATE_EXT_EN > 0u)
1949:./ucOSII/Core/os_core.c **** void  OS_TaskStatStkChk (void)
1950:./ucOSII/Core/os_core.c **** {
 4066              		.loc 1 1950 1
 4067              		.cfi_startproc
 4068              		@ args = 0, pretend = 0, frame = 16
 4069              		@ frame_needed = 1, uses_anonymous_args = 0
 4070 0000 80B5     		push	{r7, lr}
 4071              	.LCFI152:
 4072              		.cfi_def_cfa_offset 8
 4073              		.cfi_offset 7, -8
 4074              		.cfi_offset 14, -4
 4075 0002 84B0     		sub	sp, sp, #16
 4076              	.LCFI153:
 4077              		.cfi_def_cfa_offset 24
 4078 0004 00AF     		add	r7, sp, #0
 4079              	.LCFI154:
 4080              		.cfi_def_cfa_register 7
1951:./ucOSII/Core/os_core.c ****     OS_TCB      *ptcb;
1952:./ucOSII/Core/os_core.c ****     OS_STK_DATA  stk_data;
1953:./ucOSII/Core/os_core.c ****     INT8U        err;
1954:./ucOSII/Core/os_core.c ****     INT8U        prio;
1955:./ucOSII/Core/os_core.c **** 
1956:./ucOSII/Core/os_core.c **** 
1957:./ucOSII/Core/os_core.c ****     for (prio = 0u; prio <= OS_TASK_IDLE_PRIO; prio++) {
 4081              		.loc 1 1957 15
 4082 0006 0023     		movs	r3, #0
 4083 0008 FB73     		strb	r3, [r7, #15]
 4084              		.loc 1 1957 5
 4085 000a 23E0     		b	.L216
 4086              	.L218:
1958:./ucOSII/Core/os_core.c ****         err = OSTaskStkChk(prio, &stk_data);
 4087              		.loc 1 1958 15
 4088 000c 3A46     		mov	r2, r7
ARM GAS  /var/folders/yl/_q9l42k90g1g4mdhbs226msm0000gn/T//ccIcJZe8.s 			page 107


 4089 000e FB7B     		ldrb	r3, [r7, #15]	@ zero_extendqisi2
 4090 0010 1146     		mov	r1, r2
 4091 0012 1846     		mov	r0, r3
 4092 0014 FFF7FEFF 		bl	OSTaskStkChk
 4093 0018 0346     		mov	r3, r0
 4094 001a BB73     		strb	r3, [r7, #14]
1959:./ucOSII/Core/os_core.c ****         if (err == OS_ERR_NONE) {
 4095              		.loc 1 1959 12
 4096 001c BB7B     		ldrb	r3, [r7, #14]	@ zero_extendqisi2
 4097 001e 002B     		cmp	r3, #0
 4098 0020 15D1     		bne	.L217
1960:./ucOSII/Core/os_core.c ****             ptcb = OSTCBPrioTbl[prio];
 4099              		.loc 1 1960 32
 4100 0022 FB7B     		ldrb	r3, [r7, #15]	@ zero_extendqisi2
 4101              		.loc 1 1960 18
 4102 0024 0F4A     		ldr	r2, .L219
 4103 0026 52F82330 		ldr	r3, [r2, r3, lsl #2]
 4104 002a BB60     		str	r3, [r7, #8]
1961:./ucOSII/Core/os_core.c ****             if (ptcb != (OS_TCB *)0) {                               /* Make sure task 'ptcb' is ..
 4105              		.loc 1 1961 16
 4106 002c BB68     		ldr	r3, [r7, #8]
 4107 002e 002B     		cmp	r3, #0
 4108 0030 0DD0     		beq	.L217
1962:./ucOSII/Core/os_core.c ****                 if (ptcb != OS_TCB_RESERVED) {                       /* ... still valid.           
 4109              		.loc 1 1962 20
 4110 0032 BB68     		ldr	r3, [r7, #8]
 4111 0034 012B     		cmp	r3, #1
 4112 0036 0AD0     		beq	.L217
1963:./ucOSII/Core/os_core.c **** #if OS_TASK_PROFILE_EN > 0u
1964:./ucOSII/Core/os_core.c ****                     #if OS_STK_GROWTH == 1u
1965:./ucOSII/Core/os_core.c ****                     ptcb->OSTCBStkBase = ptcb->OSTCBStkBottom + ptcb->OSTCBStkSize;
 4113              		.loc 1 1965 46
 4114 0038 BB68     		ldr	r3, [r7, #8]
 4115 003a 9A68     		ldr	r2, [r3, #8]
 4116              		.loc 1 1965 69
 4117 003c BB68     		ldr	r3, [r7, #8]
 4118 003e DB68     		ldr	r3, [r3, #12]
 4119              		.loc 1 1965 63
 4120 0040 9B00     		lsls	r3, r3, #2
 4121 0042 1A44     		add	r2, r2, r3
 4122              		.loc 1 1965 40
 4123 0044 BB68     		ldr	r3, [r7, #8]
 4124 0046 DA64     		str	r2, [r3, #76]
1966:./ucOSII/Core/os_core.c ****                     #else
1967:./ucOSII/Core/os_core.c ****                     ptcb->OSTCBStkBase = ptcb->OSTCBStkBottom - ptcb->OSTCBStkSize;
1968:./ucOSII/Core/os_core.c ****                     #endif
1969:./ucOSII/Core/os_core.c ****                     ptcb->OSTCBStkUsed = stk_data.OSUsed;            /* Store number of entries use
 4125              		.loc 1 1969 50
 4126 0048 7A68     		ldr	r2, [r7, #4]
 4127              		.loc 1 1969 40
 4128 004a BB68     		ldr	r3, [r7, #8]
 4129 004c 1A65     		str	r2, [r3, #80]
 4130              	.L217:
1957:./ucOSII/Core/os_core.c ****         err = OSTaskStkChk(prio, &stk_data);
 4131              		.loc 1 1957 52 discriminator 2
 4132 004e FB7B     		ldrb	r3, [r7, #15]	@ zero_extendqisi2
 4133 0050 0133     		adds	r3, r3, #1
ARM GAS  /var/folders/yl/_q9l42k90g1g4mdhbs226msm0000gn/T//ccIcJZe8.s 			page 108


 4134 0052 FB73     		strb	r3, [r7, #15]
 4135              	.L216:
1957:./ucOSII/Core/os_core.c ****         err = OSTaskStkChk(prio, &stk_data);
 4136              		.loc 1 1957 5 discriminator 1
 4137 0054 FB7B     		ldrb	r3, [r7, #15]	@ zero_extendqisi2
 4138 0056 3F2B     		cmp	r3, #63
 4139 0058 D8D9     		bls	.L218
1970:./ucOSII/Core/os_core.c **** #endif
1971:./ucOSII/Core/os_core.c ****                 }
1972:./ucOSII/Core/os_core.c ****             }
1973:./ucOSII/Core/os_core.c ****         }
1974:./ucOSII/Core/os_core.c ****     }
1975:./ucOSII/Core/os_core.c **** }
 4140              		.loc 1 1975 1
 4141 005a 00BF     		nop
 4142 005c 00BF     		nop
 4143 005e 1037     		adds	r7, r7, #16
 4144              	.LCFI155:
 4145              		.cfi_def_cfa_offset 8
 4146 0060 BD46     		mov	sp, r7
 4147              	.LCFI156:
 4148              		.cfi_def_cfa_register 13
 4149              		@ sp needed
 4150 0062 80BD     		pop	{r7, pc}
 4151              	.L220:
 4152              		.align	2
 4153              	.L219:
 4154 0064 00000000 		.word	OSTCBPrioTbl
 4155              		.cfi_endproc
 4156              	.LFE35:
 4158              		.section	.text.OS_TCBInit,"ax",%progbits
 4159              		.align	1
 4160              		.global	OS_TCBInit
 4161              		.syntax unified
 4162              		.thumb
 4163              		.thumb_func
 4165              	OS_TCBInit:
 4166              	.LFB36:
1976:./ucOSII/Core/os_core.c **** #endif
1977:./ucOSII/Core/os_core.c **** 
1978:./ucOSII/Core/os_core.c **** 
1979:./ucOSII/Core/os_core.c **** /*
1980:./ucOSII/Core/os_core.c **** ***************************************************************************************************
1981:./ucOSII/Core/os_core.c **** *                                           INITIALIZE TCB
1982:./ucOSII/Core/os_core.c **** *
1983:./ucOSII/Core/os_core.c **** * Description: This function is internal to uC/OS-II and is used to initialize a Task Control Block
1984:./ucOSII/Core/os_core.c **** *              a task is created (see OSTaskCreate() and OSTaskCreateExt()).
1985:./ucOSII/Core/os_core.c **** *
1986:./ucOSII/Core/os_core.c **** * Arguments  : prio          is the priority of the task being created
1987:./ucOSII/Core/os_core.c **** *
1988:./ucOSII/Core/os_core.c **** *              ptos          is a pointer to the task's top-of-stack assuming that the CPU register
1989:./ucOSII/Core/os_core.c **** *                            have been placed on the stack.  Note that the top-of-stack corresponds
1990:./ucOSII/Core/os_core.c **** *                            'high' memory location is OS_STK_GROWTH is set to 1 and a 'low' memory
1991:./ucOSII/Core/os_core.c **** *                            location if OS_STK_GROWTH is set to 0.  Note that stack growth is CPU
1992:./ucOSII/Core/os_core.c **** *                            specific.
1993:./ucOSII/Core/os_core.c **** *
1994:./ucOSII/Core/os_core.c **** *              pbos          is a pointer to the bottom of stack.  A NULL pointer is passed if call
ARM GAS  /var/folders/yl/_q9l42k90g1g4mdhbs226msm0000gn/T//ccIcJZe8.s 			page 109


1995:./ucOSII/Core/os_core.c **** *                            'OSTaskCreate()'.
1996:./ucOSII/Core/os_core.c **** *
1997:./ucOSII/Core/os_core.c **** *              id            is the task's ID (0..65535)
1998:./ucOSII/Core/os_core.c **** *
1999:./ucOSII/Core/os_core.c **** *              stk_size      is the size of the stack (in 'stack units').  If the stack units are I
2000:./ucOSII/Core/os_core.c **** *                            then, 'stk_size' contains the number of bytes for the stack.  If the s
2001:./ucOSII/Core/os_core.c **** *                            units are INT32Us then, the stack contains '4 * stk_size' bytes.  The 
2002:./ucOSII/Core/os_core.c **** *                            units are established by the #define constant OS_STK which is CPU
2003:./ucOSII/Core/os_core.c **** *                            specific.  'stk_size' is 0 if called by 'OSTaskCreate()'.
2004:./ucOSII/Core/os_core.c **** *
2005:./ucOSII/Core/os_core.c **** *              pext          is a pointer to a user supplied memory area that is used to extend the
2006:./ucOSII/Core/os_core.c **** *                            control block.  This allows you to store the contents of floating-poin
2007:./ucOSII/Core/os_core.c **** *                            registers, MMU registers or anything else you could find useful during
2008:./ucOSII/Core/os_core.c **** *                            context switch.  You can even assign a name to each task and store thi
2009:./ucOSII/Core/os_core.c **** *                            in this TCB extension.  A NULL pointer is passed if called by OSTaskCr
2010:./ucOSII/Core/os_core.c **** *
2011:./ucOSII/Core/os_core.c **** *              opt           options as passed to 'OSTaskCreateExt()' or,
2012:./ucOSII/Core/os_core.c **** *                            0 if called from 'OSTaskCreate()'.
2013:./ucOSII/Core/os_core.c **** *
2014:./ucOSII/Core/os_core.c **** * Returns    : OS_ERR_NONE              if the call was successful
2015:./ucOSII/Core/os_core.c **** *              OS_ERR_TASK_NO_MORE_TCB  if there are no more free TCBs to be allocated and thus, th
2016:./ucOSII/Core/os_core.c **** *                                       cannot be created.
2017:./ucOSII/Core/os_core.c **** *
2018:./ucOSII/Core/os_core.c **** * Note       : This function is INTERNAL to uC/OS-II and your application should not call it.
2019:./ucOSII/Core/os_core.c **** ***************************************************************************************************
2020:./ucOSII/Core/os_core.c **** */
2021:./ucOSII/Core/os_core.c **** 
2022:./ucOSII/Core/os_core.c **** INT8U  OS_TCBInit (INT8U    prio,
2023:./ucOSII/Core/os_core.c ****                    OS_STK  *ptos,
2024:./ucOSII/Core/os_core.c ****                    OS_STK  *pbos,
2025:./ucOSII/Core/os_core.c ****                    INT16U   id,
2026:./ucOSII/Core/os_core.c ****                    INT32U   stk_size,
2027:./ucOSII/Core/os_core.c ****                    void    *pext,
2028:./ucOSII/Core/os_core.c ****                    INT16U   opt)
2029:./ucOSII/Core/os_core.c **** {
 4167              		.loc 1 2029 1
 4168              		.cfi_startproc
 4169              		@ args = 12, pretend = 0, frame = 32
 4170              		@ frame_needed = 1, uses_anonymous_args = 0
 4171 0000 80B5     		push	{r7, lr}
 4172              	.LCFI157:
 4173              		.cfi_def_cfa_offset 8
 4174              		.cfi_offset 7, -8
 4175              		.cfi_offset 14, -4
 4176 0002 88B0     		sub	sp, sp, #32
 4177              	.LCFI158:
 4178              		.cfi_def_cfa_offset 40
 4179 0004 00AF     		add	r7, sp, #0
 4180              	.LCFI159:
 4181              		.cfi_def_cfa_register 7
 4182 0006 B960     		str	r1, [r7, #8]
 4183 0008 7A60     		str	r2, [r7, #4]
 4184 000a 1A46     		mov	r2, r3
 4185 000c 0346     		mov	r3, r0
 4186 000e FB73     		strb	r3, [r7, #15]
 4187 0010 1346     		mov	r3, r2	@ movhi
 4188 0012 BB81     		strh	r3, [r7, #12]	@ movhi
ARM GAS  /var/folders/yl/_q9l42k90g1g4mdhbs226msm0000gn/T//ccIcJZe8.s 			page 110


2030:./ucOSII/Core/os_core.c ****     OS_TCB    *ptcb;
2031:./ucOSII/Core/os_core.c **** #if OS_CRITICAL_METHOD == 3u                               /* Allocate storage for CPU status regis
2032:./ucOSII/Core/os_core.c ****     OS_CPU_SR  cpu_sr = 0u;
 4189              		.loc 1 2032 16
 4190 0014 0023     		movs	r3, #0
 4191 0016 BB61     		str	r3, [r7, #24]
2033:./ucOSII/Core/os_core.c **** #endif
2034:./ucOSII/Core/os_core.c **** #if OS_TASK_REG_TBL_SIZE > 0u
2035:./ucOSII/Core/os_core.c ****     INT8U      i;
2036:./ucOSII/Core/os_core.c **** #endif
2037:./ucOSII/Core/os_core.c **** #if OS_TASK_CREATE_EXT_EN > 0u
2038:./ucOSII/Core/os_core.c **** #if defined(OS_TLS_TBL_SIZE) && (OS_TLS_TBL_SIZE > 0u)
2039:./ucOSII/Core/os_core.c ****     INT8U      j;
2040:./ucOSII/Core/os_core.c **** #endif
2041:./ucOSII/Core/os_core.c **** #endif
2042:./ucOSII/Core/os_core.c **** 
2043:./ucOSII/Core/os_core.c **** 
2044:./ucOSII/Core/os_core.c ****     OS_ENTER_CRITICAL();
 4192              		.loc 1 2044 5
 4193 0018 4020     		movs	r0, #64
 4194 001a FFF7FEFF 		bl	OS_CPU_SR_Save
 4195 001e B861     		str	r0, [r7, #24]
2045:./ucOSII/Core/os_core.c ****     ptcb = OSTCBFreeList;                                  /* Get a free TCB from the free TCB list
 4196              		.loc 1 2045 10
 4197 0020 6D4B     		ldr	r3, .L227
 4198 0022 1B68     		ldr	r3, [r3]
 4199 0024 7B61     		str	r3, [r7, #20]
2046:./ucOSII/Core/os_core.c ****     if (ptcb != (OS_TCB *)0) {
 4200              		.loc 1 2046 8
 4201 0026 7B69     		ldr	r3, [r7, #20]
 4202 0028 002B     		cmp	r3, #0
 4203 002a 00F0CD80 		beq	.L222
2047:./ucOSII/Core/os_core.c ****         OSTCBFreeList            = ptcb->OSTCBNext;        /* Update pointer to free TCB list      
 4204              		.loc 1 2047 40
 4205 002e 7B69     		ldr	r3, [r7, #20]
 4206 0030 5B69     		ldr	r3, [r3, #20]
 4207              		.loc 1 2047 34
 4208 0032 694A     		ldr	r2, .L227
 4209 0034 1360     		str	r3, [r2]
2048:./ucOSII/Core/os_core.c ****         OS_EXIT_CRITICAL();
 4210              		.loc 1 2048 9
 4211 0036 B869     		ldr	r0, [r7, #24]
 4212 0038 FFF7FEFF 		bl	OS_CPU_SR_Restore
2049:./ucOSII/Core/os_core.c ****         ptcb->OSTCBStkPtr        = ptos;                   /* Load Stack pointer in TCB            
 4213              		.loc 1 2049 34
 4214 003c 7B69     		ldr	r3, [r7, #20]
 4215 003e BA68     		ldr	r2, [r7, #8]
 4216 0040 1A60     		str	r2, [r3]
2050:./ucOSII/Core/os_core.c ****         ptcb->OSTCBPrio          = prio;                   /* Load task priority into TCB          
 4217              		.loc 1 2050 34
 4218 0042 7B69     		ldr	r3, [r7, #20]
 4219 0044 FA7B     		ldrb	r2, [r7, #15]
 4220 0046 83F83A20 		strb	r2, [r3, #58]
2051:./ucOSII/Core/os_core.c ****         ptcb->OSTCBStat          = OS_STAT_RDY;            /* Task is ready to run                 
 4221              		.loc 1 2051 34
 4222 004a 7B69     		ldr	r3, [r7, #20]
 4223 004c 0022     		movs	r2, #0
ARM GAS  /var/folders/yl/_q9l42k90g1g4mdhbs226msm0000gn/T//ccIcJZe8.s 			page 111


 4224 004e 83F83820 		strb	r2, [r3, #56]
2052:./ucOSII/Core/os_core.c ****         ptcb->OSTCBStatPend      = OS_STAT_PEND_OK;        /* Clear pend status                    
 4225              		.loc 1 2052 34
 4226 0052 7B69     		ldr	r3, [r7, #20]
 4227 0054 0022     		movs	r2, #0
 4228 0056 83F83920 		strb	r2, [r3, #57]
2053:./ucOSII/Core/os_core.c ****         ptcb->OSTCBDly           = 0u;                     /* Task is not delayed                  
 4229              		.loc 1 2053 34
 4230 005a 7B69     		ldr	r3, [r7, #20]
 4231 005c 0022     		movs	r2, #0
 4232 005e 5A63     		str	r2, [r3, #52]
2054:./ucOSII/Core/os_core.c **** 
2055:./ucOSII/Core/os_core.c **** #if OS_TASK_CREATE_EXT_EN > 0u
2056:./ucOSII/Core/os_core.c ****         ptcb->OSTCBExtPtr        = pext;                   /* Store pointer to TCB extension       
 4233              		.loc 1 2056 34
 4234 0060 7B69     		ldr	r3, [r7, #20]
 4235 0062 FA6A     		ldr	r2, [r7, #44]
 4236 0064 5A60     		str	r2, [r3, #4]
2057:./ucOSII/Core/os_core.c ****         ptcb->OSTCBStkSize       = stk_size;               /* Store stack size                     
 4237              		.loc 1 2057 34
 4238 0066 7B69     		ldr	r3, [r7, #20]
 4239 0068 BA6A     		ldr	r2, [r7, #40]
 4240 006a DA60     		str	r2, [r3, #12]
2058:./ucOSII/Core/os_core.c ****         ptcb->OSTCBStkBottom     = pbos;                   /* Store pointer to bottom of stack     
 4241              		.loc 1 2058 34
 4242 006c 7B69     		ldr	r3, [r7, #20]
 4243 006e 7A68     		ldr	r2, [r7, #4]
 4244 0070 9A60     		str	r2, [r3, #8]
2059:./ucOSII/Core/os_core.c ****         ptcb->OSTCBOpt           = opt;                    /* Store task options                   
 4245              		.loc 1 2059 34
 4246 0072 7B69     		ldr	r3, [r7, #20]
 4247 0074 3A8E     		ldrh	r2, [r7, #48]	@ movhi
 4248 0076 1A82     		strh	r2, [r3, #16]	@ movhi
2060:./ucOSII/Core/os_core.c ****         ptcb->OSTCBId            = id;                     /* Store task ID                        
 4249              		.loc 1 2060 34
 4250 0078 7B69     		ldr	r3, [r7, #20]
 4251 007a BA89     		ldrh	r2, [r7, #12]	@ movhi
 4252 007c 5A82     		strh	r2, [r3, #18]	@ movhi
2061:./ucOSII/Core/os_core.c **** #else
2062:./ucOSII/Core/os_core.c ****         pext                     = pext;                   /* Prevent compiler warning if not used 
2063:./ucOSII/Core/os_core.c ****         stk_size                 = stk_size;
2064:./ucOSII/Core/os_core.c ****         pbos                     = pbos;
2065:./ucOSII/Core/os_core.c ****         opt                      = opt;
2066:./ucOSII/Core/os_core.c ****         id                       = id;
2067:./ucOSII/Core/os_core.c **** #endif
2068:./ucOSII/Core/os_core.c **** 
2069:./ucOSII/Core/os_core.c **** #if OS_TASK_DEL_EN > 0u
2070:./ucOSII/Core/os_core.c ****         ptcb->OSTCBDelReq        = OS_ERR_NONE;
 4253              		.loc 1 2070 34
 4254 007e 7B69     		ldr	r3, [r7, #20]
 4255 0080 0022     		movs	r2, #0
 4256 0082 83F83F20 		strb	r2, [r3, #63]
2071:./ucOSII/Core/os_core.c **** #endif
2072:./ucOSII/Core/os_core.c **** 
2073:./ucOSII/Core/os_core.c **** #if OS_LOWEST_PRIO <= 63u                                         /* Pre-compute X, Y              
2074:./ucOSII/Core/os_core.c ****         ptcb->OSTCBY             = (INT8U)(prio >> 3u);
 4257              		.loc 1 2074 36
ARM GAS  /var/folders/yl/_q9l42k90g1g4mdhbs226msm0000gn/T//ccIcJZe8.s 			page 112


 4258 0086 FB7B     		ldrb	r3, [r7, #15]	@ zero_extendqisi2
 4259 0088 DB08     		lsrs	r3, r3, #3
 4260 008a DAB2     		uxtb	r2, r3
 4261              		.loc 1 2074 34
 4262 008c 7B69     		ldr	r3, [r7, #20]
 4263 008e 83F83C20 		strb	r2, [r3, #60]
2075:./ucOSII/Core/os_core.c ****         ptcb->OSTCBX             = (INT8U)(prio & 0x07u);
 4264              		.loc 1 2075 36
 4265 0092 FB7B     		ldrb	r3, [r7, #15]
 4266 0094 03F00703 		and	r3, r3, #7
 4267 0098 DAB2     		uxtb	r2, r3
 4268              		.loc 1 2075 34
 4269 009a 7B69     		ldr	r3, [r7, #20]
 4270 009c 83F83B20 		strb	r2, [r3, #59]
2076:./ucOSII/Core/os_core.c **** #else                                                             /* Pre-compute X, Y              
2077:./ucOSII/Core/os_core.c ****         ptcb->OSTCBY             = (INT8U)((INT8U)(prio >> 4u) & 0xFFu);
2078:./ucOSII/Core/os_core.c ****         ptcb->OSTCBX             = (INT8U) (prio & 0x0Fu);
2079:./ucOSII/Core/os_core.c **** #endif
2080:./ucOSII/Core/os_core.c ****                                                                   /* Pre-compute BitX and BitY     
2081:./ucOSII/Core/os_core.c ****         ptcb->OSTCBBitY          = (OS_PRIO)(1uL << ptcb->OSTCBY);
 4271              		.loc 1 2081 57
 4272 00a0 7B69     		ldr	r3, [r7, #20]
 4273 00a2 93F83C30 		ldrb	r3, [r3, #60]	@ zero_extendqisi2
 4274 00a6 1A46     		mov	r2, r3
 4275              		.loc 1 2081 50
 4276 00a8 0123     		movs	r3, #1
 4277 00aa 9340     		lsls	r3, r3, r2
 4278              		.loc 1 2081 36
 4279 00ac DAB2     		uxtb	r2, r3
 4280              		.loc 1 2081 34
 4281 00ae 7B69     		ldr	r3, [r7, #20]
 4282 00b0 83F83E20 		strb	r2, [r3, #62]
2082:./ucOSII/Core/os_core.c ****         ptcb->OSTCBBitX          = (OS_PRIO)(1uL << ptcb->OSTCBX);
 4283              		.loc 1 2082 57
 4284 00b4 7B69     		ldr	r3, [r7, #20]
 4285 00b6 93F83B30 		ldrb	r3, [r3, #59]	@ zero_extendqisi2
 4286 00ba 1A46     		mov	r2, r3
 4287              		.loc 1 2082 50
 4288 00bc 0123     		movs	r3, #1
 4289 00be 9340     		lsls	r3, r3, r2
 4290              		.loc 1 2082 36
 4291 00c0 DAB2     		uxtb	r2, r3
 4292              		.loc 1 2082 34
 4293 00c2 7B69     		ldr	r3, [r7, #20]
 4294 00c4 83F83D20 		strb	r2, [r3, #61]
2083:./ucOSII/Core/os_core.c **** 
2084:./ucOSII/Core/os_core.c **** #if (OS_EVENT_EN)
2085:./ucOSII/Core/os_core.c ****         ptcb->OSTCBEventPtr      = (OS_EVENT  *)0;         /* Task is not pending on an  event     
 4295              		.loc 1 2085 34
 4296 00c8 7B69     		ldr	r3, [r7, #20]
 4297 00ca 0022     		movs	r2, #0
 4298 00cc DA61     		str	r2, [r3, #28]
2086:./ucOSII/Core/os_core.c **** #if (OS_EVENT_MULTI_EN > 0u)
2087:./ucOSII/Core/os_core.c ****         ptcb->OSTCBEventMultiPtr = (OS_EVENT **)0;         /* Task is not pending on any events    
 4299              		.loc 1 2087 34
 4300 00ce 7B69     		ldr	r3, [r7, #20]
 4301 00d0 0022     		movs	r2, #0
ARM GAS  /var/folders/yl/_q9l42k90g1g4mdhbs226msm0000gn/T//ccIcJZe8.s 			page 113


 4302 00d2 1A62     		str	r2, [r3, #32]
2088:./ucOSII/Core/os_core.c ****         ptcb->OSTCBEventMultiRdy = (OS_EVENT  *)0;         /* No events readied for Multipend      
 4303              		.loc 1 2088 34
 4304 00d4 7B69     		ldr	r3, [r7, #20]
 4305 00d6 0022     		movs	r2, #0
 4306 00d8 5A62     		str	r2, [r3, #36]
2089:./ucOSII/Core/os_core.c **** #endif
2090:./ucOSII/Core/os_core.c **** #endif
2091:./ucOSII/Core/os_core.c **** 
2092:./ucOSII/Core/os_core.c **** #if (OS_FLAG_EN > 0u) && (OS_MAX_FLAGS > 0u) && (OS_TASK_DEL_EN > 0u)
2093:./ucOSII/Core/os_core.c ****         ptcb->OSTCBFlagNode      = (OS_FLAG_NODE *)0;      /* Task is not pending on an event flag 
 4307              		.loc 1 2093 34
 4308 00da 7B69     		ldr	r3, [r7, #20]
 4309 00dc 0022     		movs	r2, #0
 4310 00de DA62     		str	r2, [r3, #44]
2094:./ucOSII/Core/os_core.c **** #endif
2095:./ucOSII/Core/os_core.c **** 
2096:./ucOSII/Core/os_core.c **** #if (OS_MBOX_EN > 0u) || ((OS_Q_EN > 0u) && (OS_MAX_QS > 0u))
2097:./ucOSII/Core/os_core.c ****         ptcb->OSTCBMsg           = (void *)0;              /* No message received                  
 4311              		.loc 1 2097 34
 4312 00e0 7B69     		ldr	r3, [r7, #20]
 4313 00e2 0022     		movs	r2, #0
 4314 00e4 9A62     		str	r2, [r3, #40]
2098:./ucOSII/Core/os_core.c **** #endif
2099:./ucOSII/Core/os_core.c **** 
2100:./ucOSII/Core/os_core.c **** #if OS_TASK_PROFILE_EN > 0u
2101:./ucOSII/Core/os_core.c ****         ptcb->OSTCBCtxSwCtr      = 0uL;                    /* Initialize profiling variables       
 4315              		.loc 1 2101 34
 4316 00e6 7B69     		ldr	r3, [r7, #20]
 4317 00e8 0022     		movs	r2, #0
 4318 00ea 1A64     		str	r2, [r3, #64]
2102:./ucOSII/Core/os_core.c ****         ptcb->OSTCBCyclesStart   = 0uL;
 4319              		.loc 1 2102 34
 4320 00ec 7B69     		ldr	r3, [r7, #20]
 4321 00ee 0022     		movs	r2, #0
 4322 00f0 9A64     		str	r2, [r3, #72]
2103:./ucOSII/Core/os_core.c ****         ptcb->OSTCBCyclesTot     = 0uL;
 4323              		.loc 1 2103 34
 4324 00f2 7B69     		ldr	r3, [r7, #20]
 4325 00f4 0022     		movs	r2, #0
 4326 00f6 5A64     		str	r2, [r3, #68]
2104:./ucOSII/Core/os_core.c ****         ptcb->OSTCBStkBase       = (OS_STK *)0;
 4327              		.loc 1 2104 34
 4328 00f8 7B69     		ldr	r3, [r7, #20]
 4329 00fa 0022     		movs	r2, #0
 4330 00fc DA64     		str	r2, [r3, #76]
2105:./ucOSII/Core/os_core.c ****         ptcb->OSTCBStkUsed       = 0uL;
 4331              		.loc 1 2105 34
 4332 00fe 7B69     		ldr	r3, [r7, #20]
 4333 0100 0022     		movs	r2, #0
 4334 0102 1A65     		str	r2, [r3, #80]
2106:./ucOSII/Core/os_core.c **** #endif
2107:./ucOSII/Core/os_core.c **** 
2108:./ucOSII/Core/os_core.c **** #if OS_TASK_NAME_EN > 0u
2109:./ucOSII/Core/os_core.c ****         ptcb->OSTCBTaskName      = (INT8U *)(void *)"?";
 4335              		.loc 1 2109 34
 4336 0104 7B69     		ldr	r3, [r7, #20]
ARM GAS  /var/folders/yl/_q9l42k90g1g4mdhbs226msm0000gn/T//ccIcJZe8.s 			page 114


 4337 0106 354A     		ldr	r2, .L227+4
 4338 0108 5A65     		str	r2, [r3, #84]
2110:./ucOSII/Core/os_core.c **** #endif
2111:./ucOSII/Core/os_core.c **** 
2112:./ucOSII/Core/os_core.c **** #if OS_TASK_REG_TBL_SIZE > 0u                              /* Initialize the task variables        
2113:./ucOSII/Core/os_core.c ****         for (i = 0u; i < OS_TASK_REG_TBL_SIZE; i++) {
 4339              		.loc 1 2113 16
 4340 010a 0023     		movs	r3, #0
 4341 010c FB77     		strb	r3, [r7, #31]
 4342              		.loc 1 2113 9
 4343 010e 08E0     		b	.L223
 4344              	.L224:
2114:./ucOSII/Core/os_core.c ****             ptcb->OSTCBRegTbl[i] = 0u;
 4345              		.loc 1 2114 30 discriminator 3
 4346 0110 FA7F     		ldrb	r2, [r7, #31]	@ zero_extendqisi2
 4347              		.loc 1 2114 34 discriminator 3
 4348 0112 7B69     		ldr	r3, [r7, #20]
 4349 0114 1632     		adds	r2, r2, #22
 4350 0116 0021     		movs	r1, #0
 4351 0118 43F82210 		str	r1, [r3, r2, lsl #2]
2113:./ucOSII/Core/os_core.c ****             ptcb->OSTCBRegTbl[i] = 0u;
 4352              		.loc 1 2113 49 discriminator 3
 4353 011c FB7F     		ldrb	r3, [r7, #31]	@ zero_extendqisi2
 4354 011e 0133     		adds	r3, r3, #1
 4355 0120 FB77     		strb	r3, [r7, #31]
 4356              	.L223:
2113:./ucOSII/Core/os_core.c ****             ptcb->OSTCBRegTbl[i] = 0u;
 4357              		.loc 1 2113 9 discriminator 1
 4358 0122 FB7F     		ldrb	r3, [r7, #31]	@ zero_extendqisi2
 4359 0124 002B     		cmp	r3, #0
 4360 0126 F3D0     		beq	.L224
2115:./ucOSII/Core/os_core.c ****         }
2116:./ucOSII/Core/os_core.c **** #endif
2117:./ucOSII/Core/os_core.c **** 
2118:./ucOSII/Core/os_core.c ****         OSTCBInitHook(ptcb);
 4361              		.loc 1 2118 9
 4362 0128 7869     		ldr	r0, [r7, #20]
 4363 012a FFF7FEFF 		bl	OSTCBInitHook
2119:./ucOSII/Core/os_core.c **** 
2120:./ucOSII/Core/os_core.c ****         OS_ENTER_CRITICAL();
 4364              		.loc 1 2120 9
 4365 012e 4020     		movs	r0, #64
 4366 0130 FFF7FEFF 		bl	OS_CPU_SR_Save
 4367 0134 B861     		str	r0, [r7, #24]
2121:./ucOSII/Core/os_core.c ****         OSTCBPrioTbl[prio] = ptcb;
 4368              		.loc 1 2121 21
 4369 0136 FB7B     		ldrb	r3, [r7, #15]	@ zero_extendqisi2
 4370              		.loc 1 2121 28
 4371 0138 2949     		ldr	r1, .L227+8
 4372 013a 7A69     		ldr	r2, [r7, #20]
 4373 013c 41F82320 		str	r2, [r1, r3, lsl #2]
2122:./ucOSII/Core/os_core.c ****         OS_EXIT_CRITICAL();
 4374              		.loc 1 2122 9
 4375 0140 B869     		ldr	r0, [r7, #24]
 4376 0142 FFF7FEFF 		bl	OS_CPU_SR_Restore
2123:./ucOSII/Core/os_core.c **** 
2124:./ucOSII/Core/os_core.c ****         OSTaskCreateHook(ptcb);                            /* Call user defined hook               
ARM GAS  /var/folders/yl/_q9l42k90g1g4mdhbs226msm0000gn/T//ccIcJZe8.s 			page 115


 4377              		.loc 1 2124 9
 4378 0146 7869     		ldr	r0, [r7, #20]
 4379 0148 FFF7FEFF 		bl	OSTaskCreateHook
2125:./ucOSII/Core/os_core.c **** 
2126:./ucOSII/Core/os_core.c **** #if OS_TASK_CREATE_EXT_EN > 0u
2127:./ucOSII/Core/os_core.c **** #if defined(OS_TLS_TBL_SIZE) && (OS_TLS_TBL_SIZE > 0u)
2128:./ucOSII/Core/os_core.c ****         for (j = 0u; j < OS_TLS_TBL_SIZE; j++) {
2129:./ucOSII/Core/os_core.c ****             ptcb->OSTCBTLSTbl[j] = (OS_TLS)0;
2130:./ucOSII/Core/os_core.c ****         }
2131:./ucOSII/Core/os_core.c ****         OS_TLS_TaskCreate(ptcb);                           /* Call TLS hook                        
2132:./ucOSII/Core/os_core.c **** #endif
2133:./ucOSII/Core/os_core.c **** #endif
2134:./ucOSII/Core/os_core.c **** 
2135:./ucOSII/Core/os_core.c ****         OS_ENTER_CRITICAL();
 4380              		.loc 1 2135 9
 4381 014c 4020     		movs	r0, #64
 4382 014e FFF7FEFF 		bl	OS_CPU_SR_Save
 4383 0152 B861     		str	r0, [r7, #24]
2136:./ucOSII/Core/os_core.c ****         ptcb->OSTCBNext = OSTCBList;                       /* Link into TCB chain                  
 4384              		.loc 1 2136 25
 4385 0154 234B     		ldr	r3, .L227+12
 4386 0156 1A68     		ldr	r2, [r3]
 4387 0158 7B69     		ldr	r3, [r7, #20]
 4388 015a 5A61     		str	r2, [r3, #20]
2137:./ucOSII/Core/os_core.c ****         ptcb->OSTCBPrev = (OS_TCB *)0;
 4389              		.loc 1 2137 25
 4390 015c 7B69     		ldr	r3, [r7, #20]
 4391 015e 0022     		movs	r2, #0
 4392 0160 9A61     		str	r2, [r3, #24]
2138:./ucOSII/Core/os_core.c ****         if (OSTCBList != (OS_TCB *)0) {
 4393              		.loc 1 2138 23
 4394 0162 204B     		ldr	r3, .L227+12
 4395 0164 1B68     		ldr	r3, [r3]
 4396              		.loc 1 2138 12
 4397 0166 002B     		cmp	r3, #0
 4398 0168 03D0     		beq	.L225
2139:./ucOSII/Core/os_core.c ****             OSTCBList->OSTCBPrev = ptcb;
 4399              		.loc 1 2139 22
 4400 016a 1E4B     		ldr	r3, .L227+12
 4401 016c 1B68     		ldr	r3, [r3]
 4402              		.loc 1 2139 34
 4403 016e 7A69     		ldr	r2, [r7, #20]
 4404 0170 9A61     		str	r2, [r3, #24]
 4405              	.L225:
2140:./ucOSII/Core/os_core.c ****         }
2141:./ucOSII/Core/os_core.c ****         OSTCBList               = ptcb;
 4406              		.loc 1 2141 33
 4407 0172 1C4A     		ldr	r2, .L227+12
 4408 0174 7B69     		ldr	r3, [r7, #20]
 4409 0176 1360     		str	r3, [r2]
2142:./ucOSII/Core/os_core.c ****         OSRdyGrp               |= ptcb->OSTCBBitY;         /* Make task ready to run               
 4410              		.loc 1 2142 39
 4411 0178 7B69     		ldr	r3, [r7, #20]
 4412 017a 93F83E20 		ldrb	r2, [r3, #62]	@ zero_extendqisi2
 4413              		.loc 1 2142 32
 4414 017e 1A4B     		ldr	r3, .L227+16
 4415 0180 1B78     		ldrb	r3, [r3]	@ zero_extendqisi2
ARM GAS  /var/folders/yl/_q9l42k90g1g4mdhbs226msm0000gn/T//ccIcJZe8.s 			page 116


 4416 0182 1343     		orrs	r3, r3, r2
 4417 0184 DAB2     		uxtb	r2, r3
 4418 0186 184B     		ldr	r3, .L227+16
 4419 0188 1A70     		strb	r2, [r3]
2143:./ucOSII/Core/os_core.c ****         OSRdyTbl[ptcb->OSTCBY] |= ptcb->OSTCBBitX;
 4420              		.loc 1 2143 22
 4421 018a 7B69     		ldr	r3, [r7, #20]
 4422 018c 93F83C30 		ldrb	r3, [r3, #60]	@ zero_extendqisi2
 4423              		.loc 1 2143 32
 4424 0190 1A46     		mov	r2, r3
 4425 0192 164B     		ldr	r3, .L227+20
 4426 0194 9A5C     		ldrb	r2, [r3, r2]	@ zero_extendqisi2
 4427              		.loc 1 2143 39
 4428 0196 7B69     		ldr	r3, [r7, #20]
 4429 0198 93F83D30 		ldrb	r3, [r3, #61]	@ zero_extendqisi2
 4430              		.loc 1 2143 22
 4431 019c 7969     		ldr	r1, [r7, #20]
 4432 019e 91F83C10 		ldrb	r1, [r1, #60]	@ zero_extendqisi2
 4433              		.loc 1 2143 32
 4434 01a2 1343     		orrs	r3, r3, r2
 4435 01a4 DAB2     		uxtb	r2, r3
 4436 01a6 114B     		ldr	r3, .L227+20
 4437 01a8 5A54     		strb	r2, [r3, r1]
2144:./ucOSII/Core/os_core.c ****         OSTaskCtr++;                                       /* Increment the #tasks counter         
 4438              		.loc 1 2144 18
 4439 01aa 114B     		ldr	r3, .L227+24
 4440 01ac 1B78     		ldrb	r3, [r3]	@ zero_extendqisi2
 4441 01ae 0133     		adds	r3, r3, #1
 4442 01b0 DAB2     		uxtb	r2, r3
 4443 01b2 0F4B     		ldr	r3, .L227+24
 4444 01b4 1A70     		strb	r2, [r3]
2145:./ucOSII/Core/os_core.c ****         OS_TRACE_TASK_READY(ptcb);
 4445              		.loc 1 2145 9
 4446 01b6 7B69     		ldr	r3, [r7, #20]
 4447 01b8 1846     		mov	r0, r3
 4448 01ba FFF7FEFF 		bl	SYSVIEW_TaskReady
2146:./ucOSII/Core/os_core.c ****         OS_EXIT_CRITICAL();
 4449              		.loc 1 2146 9
 4450 01be B869     		ldr	r0, [r7, #24]
 4451 01c0 FFF7FEFF 		bl	OS_CPU_SR_Restore
2147:./ucOSII/Core/os_core.c ****         return (OS_ERR_NONE);
 4452              		.loc 1 2147 16
 4453 01c4 0023     		movs	r3, #0
 4454 01c6 03E0     		b	.L226
 4455              	.L222:
2148:./ucOSII/Core/os_core.c ****     }
2149:./ucOSII/Core/os_core.c ****     OS_EXIT_CRITICAL();
 4456              		.loc 1 2149 5
 4457 01c8 B869     		ldr	r0, [r7, #24]
 4458 01ca FFF7FEFF 		bl	OS_CPU_SR_Restore
2150:./ucOSII/Core/os_core.c ****     return (OS_ERR_TASK_NO_MORE_TCB);
 4459              		.loc 1 2150 12
 4460 01ce 4223     		movs	r3, #66
 4461              	.L226:
2151:./ucOSII/Core/os_core.c **** }
 4462              		.loc 1 2151 1
 4463 01d0 1846     		mov	r0, r3
ARM GAS  /var/folders/yl/_q9l42k90g1g4mdhbs226msm0000gn/T//ccIcJZe8.s 			page 117


 4464 01d2 2037     		adds	r7, r7, #32
 4465              	.LCFI160:
 4466              		.cfi_def_cfa_offset 8
 4467 01d4 BD46     		mov	sp, r7
 4468              	.LCFI161:
 4469              		.cfi_def_cfa_register 13
 4470              		@ sp needed
 4471 01d6 80BD     		pop	{r7, pc}
 4472              	.L228:
 4473              		.align	2
 4474              	.L227:
 4475 01d8 00000000 		.word	OSTCBFreeList
 4476 01dc 00000000 		.word	.LC0
 4477 01e0 00000000 		.word	OSTCBPrioTbl
 4478 01e4 00000000 		.word	OSTCBList
 4479 01e8 00000000 		.word	OSRdyGrp
 4480 01ec 00000000 		.word	OSRdyTbl
 4481 01f0 00000000 		.word	OSTaskCtr
 4482              		.cfi_endproc
 4483              	.LFE36:
 4485              		.text
 4486              	.Letext0:
 4487              		.file 2 "./ucOSII/Port/os_cpu.h"
 4488              		.file 3 "./ucOSII/Core/ucos_ii.h"
ARM GAS  /var/folders/yl/_q9l42k90g1g4mdhbs226msm0000gn/T//ccIcJZe8.s 			page 118


DEFINED SYMBOLS
                            *ABS*:0000000000000000 os_core.c
/var/folders/yl/_q9l42k90g1g4mdhbs226msm0000gn/T//ccIcJZe8.s:24     .bss.OSCtxSwCtr:0000000000000000 OSCtxSwCtr
/var/folders/yl/_q9l42k90g1g4mdhbs226msm0000gn/T//ccIcJZe8.s:21     .bss.OSCtxSwCtr:0000000000000000 $d
/var/folders/yl/_q9l42k90g1g4mdhbs226msm0000gn/T//ccIcJZe8.s:31     .bss.OSEventFreeList:0000000000000000 OSEventFreeList
/var/folders/yl/_q9l42k90g1g4mdhbs226msm0000gn/T//ccIcJZe8.s:28     .bss.OSEventFreeList:0000000000000000 $d
/var/folders/yl/_q9l42k90g1g4mdhbs226msm0000gn/T//ccIcJZe8.s:38     .bss.OSEventTbl:0000000000000000 OSEventTbl
/var/folders/yl/_q9l42k90g1g4mdhbs226msm0000gn/T//ccIcJZe8.s:35     .bss.OSEventTbl:0000000000000000 $d
/var/folders/yl/_q9l42k90g1g4mdhbs226msm0000gn/T//ccIcJZe8.s:45     .bss.OSFlagTbl:0000000000000000 OSFlagTbl
/var/folders/yl/_q9l42k90g1g4mdhbs226msm0000gn/T//ccIcJZe8.s:42     .bss.OSFlagTbl:0000000000000000 $d
/var/folders/yl/_q9l42k90g1g4mdhbs226msm0000gn/T//ccIcJZe8.s:52     .bss.OSFlagFreeList:0000000000000000 OSFlagFreeList
/var/folders/yl/_q9l42k90g1g4mdhbs226msm0000gn/T//ccIcJZe8.s:49     .bss.OSFlagFreeList:0000000000000000 $d
/var/folders/yl/_q9l42k90g1g4mdhbs226msm0000gn/T//ccIcJZe8.s:58     .bss.OSCPUUsage:0000000000000000 OSCPUUsage
/var/folders/yl/_q9l42k90g1g4mdhbs226msm0000gn/T//ccIcJZe8.s:59     .bss.OSCPUUsage:0000000000000000 $d
/var/folders/yl/_q9l42k90g1g4mdhbs226msm0000gn/T//ccIcJZe8.s:65     .bss.OSIdleCtrMax:0000000000000000 OSIdleCtrMax
/var/folders/yl/_q9l42k90g1g4mdhbs226msm0000gn/T//ccIcJZe8.s:62     .bss.OSIdleCtrMax:0000000000000000 $d
/var/folders/yl/_q9l42k90g1g4mdhbs226msm0000gn/T//ccIcJZe8.s:72     .bss.OSIdleCtrRun:0000000000000000 OSIdleCtrRun
/var/folders/yl/_q9l42k90g1g4mdhbs226msm0000gn/T//ccIcJZe8.s:69     .bss.OSIdleCtrRun:0000000000000000 $d
/var/folders/yl/_q9l42k90g1g4mdhbs226msm0000gn/T//ccIcJZe8.s:78     .bss.OSStatRdy:0000000000000000 OSStatRdy
/var/folders/yl/_q9l42k90g1g4mdhbs226msm0000gn/T//ccIcJZe8.s:79     .bss.OSStatRdy:0000000000000000 $d
/var/folders/yl/_q9l42k90g1g4mdhbs226msm0000gn/T//ccIcJZe8.s:85     .bss.OSTaskStatStk:0000000000000000 OSTaskStatStk
/var/folders/yl/_q9l42k90g1g4mdhbs226msm0000gn/T//ccIcJZe8.s:82     .bss.OSTaskStatStk:0000000000000000 $d
/var/folders/yl/_q9l42k90g1g4mdhbs226msm0000gn/T//ccIcJZe8.s:91     .bss.OSIntNesting:0000000000000000 OSIntNesting
/var/folders/yl/_q9l42k90g1g4mdhbs226msm0000gn/T//ccIcJZe8.s:92     .bss.OSIntNesting:0000000000000000 $d
/var/folders/yl/_q9l42k90g1g4mdhbs226msm0000gn/T//ccIcJZe8.s:97     .bss.OSLockNesting:0000000000000000 OSLockNesting
/var/folders/yl/_q9l42k90g1g4mdhbs226msm0000gn/T//ccIcJZe8.s:98     .bss.OSLockNesting:0000000000000000 $d
/var/folders/yl/_q9l42k90g1g4mdhbs226msm0000gn/T//ccIcJZe8.s:103    .bss.OSPrioCur:0000000000000000 OSPrioCur
/var/folders/yl/_q9l42k90g1g4mdhbs226msm0000gn/T//ccIcJZe8.s:104    .bss.OSPrioCur:0000000000000000 $d
/var/folders/yl/_q9l42k90g1g4mdhbs226msm0000gn/T//ccIcJZe8.s:109    .bss.OSPrioHighRdy:0000000000000000 OSPrioHighRdy
/var/folders/yl/_q9l42k90g1g4mdhbs226msm0000gn/T//ccIcJZe8.s:110    .bss.OSPrioHighRdy:0000000000000000 $d
/var/folders/yl/_q9l42k90g1g4mdhbs226msm0000gn/T//ccIcJZe8.s:115    .bss.OSRdyGrp:0000000000000000 OSRdyGrp
/var/folders/yl/_q9l42k90g1g4mdhbs226msm0000gn/T//ccIcJZe8.s:116    .bss.OSRdyGrp:0000000000000000 $d
/var/folders/yl/_q9l42k90g1g4mdhbs226msm0000gn/T//ccIcJZe8.s:122    .bss.OSRdyTbl:0000000000000000 OSRdyTbl
/var/folders/yl/_q9l42k90g1g4mdhbs226msm0000gn/T//ccIcJZe8.s:119    .bss.OSRdyTbl:0000000000000000 $d
/var/folders/yl/_q9l42k90g1g4mdhbs226msm0000gn/T//ccIcJZe8.s:128    .bss.OSRunning:0000000000000000 OSRunning
/var/folders/yl/_q9l42k90g1g4mdhbs226msm0000gn/T//ccIcJZe8.s:129    .bss.OSRunning:0000000000000000 $d
/var/folders/yl/_q9l42k90g1g4mdhbs226msm0000gn/T//ccIcJZe8.s:134    .bss.OSTaskCtr:0000000000000000 OSTaskCtr
/var/folders/yl/_q9l42k90g1g4mdhbs226msm0000gn/T//ccIcJZe8.s:135    .bss.OSTaskCtr:0000000000000000 $d
/var/folders/yl/_q9l42k90g1g4mdhbs226msm0000gn/T//ccIcJZe8.s:141    .bss.OSIdleCtr:0000000000000000 OSIdleCtr
/var/folders/yl/_q9l42k90g1g4mdhbs226msm0000gn/T//ccIcJZe8.s:138    .bss.OSIdleCtr:0000000000000000 $d
/var/folders/yl/_q9l42k90g1g4mdhbs226msm0000gn/T//ccIcJZe8.s:148    .bss.OSTaskIdleStk:0000000000000000 OSTaskIdleStk
/var/folders/yl/_q9l42k90g1g4mdhbs226msm0000gn/T//ccIcJZe8.s:145    .bss.OSTaskIdleStk:0000000000000000 $d
/var/folders/yl/_q9l42k90g1g4mdhbs226msm0000gn/T//ccIcJZe8.s:155    .bss.OSTCBCur:0000000000000000 OSTCBCur
/var/folders/yl/_q9l42k90g1g4mdhbs226msm0000gn/T//ccIcJZe8.s:152    .bss.OSTCBCur:0000000000000000 $d
/var/folders/yl/_q9l42k90g1g4mdhbs226msm0000gn/T//ccIcJZe8.s:162    .bss.OSTCBFreeList:0000000000000000 OSTCBFreeList
/var/folders/yl/_q9l42k90g1g4mdhbs226msm0000gn/T//ccIcJZe8.s:159    .bss.OSTCBFreeList:0000000000000000 $d
/var/folders/yl/_q9l42k90g1g4mdhbs226msm0000gn/T//ccIcJZe8.s:169    .bss.OSTCBHighRdy:0000000000000000 OSTCBHighRdy
/var/folders/yl/_q9l42k90g1g4mdhbs226msm0000gn/T//ccIcJZe8.s:166    .bss.OSTCBHighRdy:0000000000000000 $d
/var/folders/yl/_q9l42k90g1g4mdhbs226msm0000gn/T//ccIcJZe8.s:176    .bss.OSTCBList:0000000000000000 OSTCBList
/var/folders/yl/_q9l42k90g1g4mdhbs226msm0000gn/T//ccIcJZe8.s:173    .bss.OSTCBList:0000000000000000 $d
/var/folders/yl/_q9l42k90g1g4mdhbs226msm0000gn/T//ccIcJZe8.s:183    .bss.OSTCBPrioTbl:0000000000000000 OSTCBPrioTbl
/var/folders/yl/_q9l42k90g1g4mdhbs226msm0000gn/T//ccIcJZe8.s:180    .bss.OSTCBPrioTbl:0000000000000000 $d
/var/folders/yl/_q9l42k90g1g4mdhbs226msm0000gn/T//ccIcJZe8.s:190    .bss.OSTCBTbl:0000000000000000 OSTCBTbl
/var/folders/yl/_q9l42k90g1g4mdhbs226msm0000gn/T//ccIcJZe8.s:187    .bss.OSTCBTbl:0000000000000000 $d
/var/folders/yl/_q9l42k90g1g4mdhbs226msm0000gn/T//ccIcJZe8.s:196    .bss.OSTickStepState:0000000000000000 OSTickStepState
/var/folders/yl/_q9l42k90g1g4mdhbs226msm0000gn/T//ccIcJZe8.s:197    .bss.OSTickStepState:0000000000000000 $d
/var/folders/yl/_q9l42k90g1g4mdhbs226msm0000gn/T//ccIcJZe8.s:203    .bss.OSMemFreeList:0000000000000000 OSMemFreeList
ARM GAS  /var/folders/yl/_q9l42k90g1g4mdhbs226msm0000gn/T//ccIcJZe8.s 			page 119


/var/folders/yl/_q9l42k90g1g4mdhbs226msm0000gn/T//ccIcJZe8.s:200    .bss.OSMemFreeList:0000000000000000 $d
/var/folders/yl/_q9l42k90g1g4mdhbs226msm0000gn/T//ccIcJZe8.s:210    .bss.OSMemTbl:0000000000000000 OSMemTbl
/var/folders/yl/_q9l42k90g1g4mdhbs226msm0000gn/T//ccIcJZe8.s:207    .bss.OSMemTbl:0000000000000000 $d
/var/folders/yl/_q9l42k90g1g4mdhbs226msm0000gn/T//ccIcJZe8.s:217    .bss.OSQFreeList:0000000000000000 OSQFreeList
/var/folders/yl/_q9l42k90g1g4mdhbs226msm0000gn/T//ccIcJZe8.s:214    .bss.OSQFreeList:0000000000000000 $d
/var/folders/yl/_q9l42k90g1g4mdhbs226msm0000gn/T//ccIcJZe8.s:224    .bss.OSQTbl:0000000000000000 OSQTbl
/var/folders/yl/_q9l42k90g1g4mdhbs226msm0000gn/T//ccIcJZe8.s:221    .bss.OSQTbl:0000000000000000 $d
/var/folders/yl/_q9l42k90g1g4mdhbs226msm0000gn/T//ccIcJZe8.s:230    .bss.OSTaskRegNextAvailID:0000000000000000 OSTaskRegNextAvailID
/var/folders/yl/_q9l42k90g1g4mdhbs226msm0000gn/T//ccIcJZe8.s:231    .bss.OSTaskRegNextAvailID:0000000000000000 $d
/var/folders/yl/_q9l42k90g1g4mdhbs226msm0000gn/T//ccIcJZe8.s:237    .bss.OSTime:0000000000000000 OSTime
/var/folders/yl/_q9l42k90g1g4mdhbs226msm0000gn/T//ccIcJZe8.s:234    .bss.OSTime:0000000000000000 $d
/var/folders/yl/_q9l42k90g1g4mdhbs226msm0000gn/T//ccIcJZe8.s:244    .bss.OSTmrFree:0000000000000000 OSTmrFree
/var/folders/yl/_q9l42k90g1g4mdhbs226msm0000gn/T//ccIcJZe8.s:241    .bss.OSTmrFree:0000000000000000 $d
/var/folders/yl/_q9l42k90g1g4mdhbs226msm0000gn/T//ccIcJZe8.s:251    .bss.OSTmrUsed:0000000000000000 OSTmrUsed
/var/folders/yl/_q9l42k90g1g4mdhbs226msm0000gn/T//ccIcJZe8.s:248    .bss.OSTmrUsed:0000000000000000 $d
/var/folders/yl/_q9l42k90g1g4mdhbs226msm0000gn/T//ccIcJZe8.s:258    .bss.OSTmrTime:0000000000000000 OSTmrTime
/var/folders/yl/_q9l42k90g1g4mdhbs226msm0000gn/T//ccIcJZe8.s:255    .bss.OSTmrTime:0000000000000000 $d
/var/folders/yl/_q9l42k90g1g4mdhbs226msm0000gn/T//ccIcJZe8.s:265    .bss.OSTmrSem:0000000000000000 OSTmrSem
/var/folders/yl/_q9l42k90g1g4mdhbs226msm0000gn/T//ccIcJZe8.s:262    .bss.OSTmrSem:0000000000000000 $d
/var/folders/yl/_q9l42k90g1g4mdhbs226msm0000gn/T//ccIcJZe8.s:272    .bss.OSTmrSemSignal:0000000000000000 OSTmrSemSignal
/var/folders/yl/_q9l42k90g1g4mdhbs226msm0000gn/T//ccIcJZe8.s:269    .bss.OSTmrSemSignal:0000000000000000 $d
/var/folders/yl/_q9l42k90g1g4mdhbs226msm0000gn/T//ccIcJZe8.s:279    .bss.OSTmrTbl:0000000000000000 OSTmrTbl
/var/folders/yl/_q9l42k90g1g4mdhbs226msm0000gn/T//ccIcJZe8.s:276    .bss.OSTmrTbl:0000000000000000 $d
/var/folders/yl/_q9l42k90g1g4mdhbs226msm0000gn/T//ccIcJZe8.s:286    .bss.OSTmrFreeList:0000000000000000 OSTmrFreeList
/var/folders/yl/_q9l42k90g1g4mdhbs226msm0000gn/T//ccIcJZe8.s:283    .bss.OSTmrFreeList:0000000000000000 $d
/var/folders/yl/_q9l42k90g1g4mdhbs226msm0000gn/T//ccIcJZe8.s:293    .bss.OSTmrTaskStk:0000000000000000 OSTmrTaskStk
/var/folders/yl/_q9l42k90g1g4mdhbs226msm0000gn/T//ccIcJZe8.s:290    .bss.OSTmrTaskStk:0000000000000000 $d
/var/folders/yl/_q9l42k90g1g4mdhbs226msm0000gn/T//ccIcJZe8.s:300    .bss.OSTmrWheelTbl:0000000000000000 OSTmrWheelTbl
/var/folders/yl/_q9l42k90g1g4mdhbs226msm0000gn/T//ccIcJZe8.s:297    .bss.OSTmrWheelTbl:0000000000000000 $d
/var/folders/yl/_q9l42k90g1g4mdhbs226msm0000gn/T//ccIcJZe8.s:307    .rodata.OSUnMapTbl:0000000000000000 OSUnMapTbl
/var/folders/yl/_q9l42k90g1g4mdhbs226msm0000gn/T//ccIcJZe8.s:304    .rodata.OSUnMapTbl:0000000000000000 $d
/var/folders/yl/_q9l42k90g1g4mdhbs226msm0000gn/T//ccIcJZe8.s:329    .text.OSEventNameGet:0000000000000000 $t
/var/folders/yl/_q9l42k90g1g4mdhbs226msm0000gn/T//ccIcJZe8.s:335    .text.OSEventNameGet:0000000000000000 OSEventNameGet
/var/folders/yl/_q9l42k90g1g4mdhbs226msm0000gn/T//ccIcJZe8.s:3773   .text.OS_StrLen:0000000000000000 OS_StrLen
/var/folders/yl/_q9l42k90g1g4mdhbs226msm0000gn/T//ccIcJZe8.s:454    .text.OSEventNameGet:000000000000008c $d
/var/folders/yl/_q9l42k90g1g4mdhbs226msm0000gn/T//ccIcJZe8.s:459    .text.OSEventNameSet:0000000000000000 $t
/var/folders/yl/_q9l42k90g1g4mdhbs226msm0000gn/T//ccIcJZe8.s:465    .text.OSEventNameSet:0000000000000000 OSEventNameSet
/var/folders/yl/_q9l42k90g1g4mdhbs226msm0000gn/T//ccIcJZe8.s:581    .text.OSEventNameSet:0000000000000088 $d
/var/folders/yl/_q9l42k90g1g4mdhbs226msm0000gn/T//ccIcJZe8.s:586    .text.OSEventPendMulti:0000000000000000 $t
/var/folders/yl/_q9l42k90g1g4mdhbs226msm0000gn/T//ccIcJZe8.s:592    .text.OSEventPendMulti:0000000000000000 OSEventPendMulti
/var/folders/yl/_q9l42k90g1g4mdhbs226msm0000gn/T//ccIcJZe8.s:2453   .text.OS_EventTaskWaitMulti:0000000000000000 OS_EventTaskWaitMulti
/var/folders/yl/_q9l42k90g1g4mdhbs226msm0000gn/T//ccIcJZe8.s:3596   .text.OS_Sched:0000000000000000 OS_Sched
/var/folders/yl/_q9l42k90g1g4mdhbs226msm0000gn/T//ccIcJZe8.s:2710   .text.OS_EventTaskRemoveMulti:0000000000000000 OS_EventTaskRemoveMulti
/var/folders/yl/_q9l42k90g1g4mdhbs226msm0000gn/T//ccIcJZe8.s:1143   .text.OSEventPendMulti:00000000000002fc $d
/var/folders/yl/_q9l42k90g1g4mdhbs226msm0000gn/T//ccIcJZe8.s:1148   .text.OSEventPendMulti:0000000000000308 $t
/var/folders/yl/_q9l42k90g1g4mdhbs226msm0000gn/T//ccIcJZe8.s:1246   .text.OSEventPendMulti:0000000000000388 $d
/var/folders/yl/_q9l42k90g1g4mdhbs226msm0000gn/T//ccIcJZe8.s:1251   .text.OSInit:0000000000000000 $t
/var/folders/yl/_q9l42k90g1g4mdhbs226msm0000gn/T//ccIcJZe8.s:1257   .text.OSInit:0000000000000000 OSInit
/var/folders/yl/_q9l42k90g1g4mdhbs226msm0000gn/T//ccIcJZe8.s:3022   .text.OS_InitMisc:0000000000000000 OS_InitMisc
/var/folders/yl/_q9l42k90g1g4mdhbs226msm0000gn/T//ccIcJZe8.s:3114   .text.OS_InitRdyList:0000000000000000 OS_InitRdyList
/var/folders/yl/_q9l42k90g1g4mdhbs226msm0000gn/T//ccIcJZe8.s:3342   .text.OS_InitTCBList:0000000000000000 OS_InitTCBList
/var/folders/yl/_q9l42k90g1g4mdhbs226msm0000gn/T//ccIcJZe8.s:2899   .text.OS_InitEventList:0000000000000000 OS_InitEventList
/var/folders/yl/_q9l42k90g1g4mdhbs226msm0000gn/T//ccIcJZe8.s:3208   .text.OS_InitTaskIdle:0000000000000000 OS_InitTaskIdle
/var/folders/yl/_q9l42k90g1g4mdhbs226msm0000gn/T//ccIcJZe8.s:3277   .text.OS_InitTaskStat:0000000000000000 OS_InitTaskStat
/var/folders/yl/_q9l42k90g1g4mdhbs226msm0000gn/T//ccIcJZe8.s:1304   .text.OSIntEnter:0000000000000000 $t
/var/folders/yl/_q9l42k90g1g4mdhbs226msm0000gn/T//ccIcJZe8.s:1310   .text.OSIntEnter:0000000000000000 OSIntEnter
/var/folders/yl/_q9l42k90g1g4mdhbs226msm0000gn/T//ccIcJZe8.s:1353   .text.OSIntEnter:0000000000000028 $d
ARM GAS  /var/folders/yl/_q9l42k90g1g4mdhbs226msm0000gn/T//ccIcJZe8.s 			page 120


/var/folders/yl/_q9l42k90g1g4mdhbs226msm0000gn/T//ccIcJZe8.s:1359   .text.OSIntExit:0000000000000000 $t
/var/folders/yl/_q9l42k90g1g4mdhbs226msm0000gn/T//ccIcJZe8.s:1365   .text.OSIntExit:0000000000000000 OSIntExit
/var/folders/yl/_q9l42k90g1g4mdhbs226msm0000gn/T//ccIcJZe8.s:3699   .text.OS_SchedNew:0000000000000000 OS_SchedNew
/var/folders/yl/_q9l42k90g1g4mdhbs226msm0000gn/T//ccIcJZe8.s:1487   .text.OSIntExit:000000000000009c $d
/var/folders/yl/_q9l42k90g1g4mdhbs226msm0000gn/T//ccIcJZe8.s:1499   .text.OSSchedLock:0000000000000000 $t
/var/folders/yl/_q9l42k90g1g4mdhbs226msm0000gn/T//ccIcJZe8.s:1505   .text.OSSchedLock:0000000000000000 OSSchedLock
/var/folders/yl/_q9l42k90g1g4mdhbs226msm0000gn/T//ccIcJZe8.s:1572   .text.OSSchedLock:0000000000000044 $d
/var/folders/yl/_q9l42k90g1g4mdhbs226msm0000gn/T//ccIcJZe8.s:1579   .text.OSSchedUnlock:0000000000000000 $t
/var/folders/yl/_q9l42k90g1g4mdhbs226msm0000gn/T//ccIcJZe8.s:1585   .text.OSSchedUnlock:0000000000000000 OSSchedUnlock
/var/folders/yl/_q9l42k90g1g4mdhbs226msm0000gn/T//ccIcJZe8.s:1677   .text.OSSchedUnlock:0000000000000068 $d
/var/folders/yl/_q9l42k90g1g4mdhbs226msm0000gn/T//ccIcJZe8.s:1684   .text.OSStart:0000000000000000 $t
/var/folders/yl/_q9l42k90g1g4mdhbs226msm0000gn/T//ccIcJZe8.s:1690   .text.OSStart:0000000000000000 OSStart
/var/folders/yl/_q9l42k90g1g4mdhbs226msm0000gn/T//ccIcJZe8.s:1740   .text.OSStart:0000000000000038 $d
/var/folders/yl/_q9l42k90g1g4mdhbs226msm0000gn/T//ccIcJZe8.s:1750   .text.OSStatInit:0000000000000000 $t
/var/folders/yl/_q9l42k90g1g4mdhbs226msm0000gn/T//ccIcJZe8.s:1756   .text.OSStatInit:0000000000000000 OSStatInit
/var/folders/yl/_q9l42k90g1g4mdhbs226msm0000gn/T//ccIcJZe8.s:1822   .text.OSStatInit:0000000000000050 $d
/var/folders/yl/_q9l42k90g1g4mdhbs226msm0000gn/T//ccIcJZe8.s:1829   .text.OSTimeTick:0000000000000000 $t
/var/folders/yl/_q9l42k90g1g4mdhbs226msm0000gn/T//ccIcJZe8.s:1835   .text.OSTimeTick:0000000000000000 OSTimeTick
/var/folders/yl/_q9l42k90g1g4mdhbs226msm0000gn/T//ccIcJZe8.s:2059   .text.OSTimeTick:0000000000000140 $d
/var/folders/yl/_q9l42k90g1g4mdhbs226msm0000gn/T//ccIcJZe8.s:2069   .text.OSVersion:0000000000000000 $t
/var/folders/yl/_q9l42k90g1g4mdhbs226msm0000gn/T//ccIcJZe8.s:2075   .text.OSVersion:0000000000000000 OSVersion
/var/folders/yl/_q9l42k90g1g4mdhbs226msm0000gn/T//ccIcJZe8.s:2106   .text.OS_Dummy:0000000000000000 $t
/var/folders/yl/_q9l42k90g1g4mdhbs226msm0000gn/T//ccIcJZe8.s:2112   .text.OS_Dummy:0000000000000000 OS_Dummy
/var/folders/yl/_q9l42k90g1g4mdhbs226msm0000gn/T//ccIcJZe8.s:2141   .text.OS_EventTaskRdy:0000000000000000 $t
/var/folders/yl/_q9l42k90g1g4mdhbs226msm0000gn/T//ccIcJZe8.s:2147   .text.OS_EventTaskRdy:0000000000000000 OS_EventTaskRdy
/var/folders/yl/_q9l42k90g1g4mdhbs226msm0000gn/T//ccIcJZe8.s:2617   .text.OS_EventTaskRemove:0000000000000000 OS_EventTaskRemove
/var/folders/yl/_q9l42k90g1g4mdhbs226msm0000gn/T//ccIcJZe8.s:2304   .text.OS_EventTaskRdy:00000000000000e4 $d
/var/folders/yl/_q9l42k90g1g4mdhbs226msm0000gn/T//ccIcJZe8.s:2312   .text.OS_EventTaskWait:0000000000000000 $t
/var/folders/yl/_q9l42k90g1g4mdhbs226msm0000gn/T//ccIcJZe8.s:2318   .text.OS_EventTaskWait:0000000000000000 OS_EventTaskWait
/var/folders/yl/_q9l42k90g1g4mdhbs226msm0000gn/T//ccIcJZe8.s:2440   .text.OS_EventTaskWait:00000000000000a8 $d
/var/folders/yl/_q9l42k90g1g4mdhbs226msm0000gn/T//ccIcJZe8.s:2447   .text.OS_EventTaskWaitMulti:0000000000000000 $t
/var/folders/yl/_q9l42k90g1g4mdhbs226msm0000gn/T//ccIcJZe8.s:2604   .text.OS_EventTaskWaitMulti:00000000000000d0 $d
/var/folders/yl/_q9l42k90g1g4mdhbs226msm0000gn/T//ccIcJZe8.s:2611   .text.OS_EventTaskRemove:0000000000000000 $t
/var/folders/yl/_q9l42k90g1g4mdhbs226msm0000gn/T//ccIcJZe8.s:2704   .text.OS_EventTaskRemoveMulti:0000000000000000 $t
/var/folders/yl/_q9l42k90g1g4mdhbs226msm0000gn/T//ccIcJZe8.s:2821   .text.OS_EventWaitListInit:0000000000000000 $t
/var/folders/yl/_q9l42k90g1g4mdhbs226msm0000gn/T//ccIcJZe8.s:2827   .text.OS_EventWaitListInit:0000000000000000 OS_EventWaitListInit
/var/folders/yl/_q9l42k90g1g4mdhbs226msm0000gn/T//ccIcJZe8.s:2890   .rodata:0000000000000000 $d
/var/folders/yl/_q9l42k90g1g4mdhbs226msm0000gn/T//ccIcJZe8.s:2894   .text.OS_InitEventList:0000000000000000 $t
/var/folders/yl/_q9l42k90g1g4mdhbs226msm0000gn/T//ccIcJZe8.s:3462   .text.OS_MemClr:0000000000000000 OS_MemClr
/var/folders/yl/_q9l42k90g1g4mdhbs226msm0000gn/T//ccIcJZe8.s:3010   .text.OS_InitEventList:0000000000000088 $d
/var/folders/yl/_q9l42k90g1g4mdhbs226msm0000gn/T//ccIcJZe8.s:3017   .text.OS_InitMisc:0000000000000000 $t
/var/folders/yl/_q9l42k90g1g4mdhbs226msm0000gn/T//ccIcJZe8.s:3094   .text.OS_InitMisc:0000000000000050 $d
/var/folders/yl/_q9l42k90g1g4mdhbs226msm0000gn/T//ccIcJZe8.s:3109   .text.OS_InitRdyList:0000000000000000 $t
/var/folders/yl/_q9l42k90g1g4mdhbs226msm0000gn/T//ccIcJZe8.s:3189   .text.OS_InitRdyList:000000000000004c $d
/var/folders/yl/_q9l42k90g1g4mdhbs226msm0000gn/T//ccIcJZe8.s:3203   .text.OS_InitTaskIdle:0000000000000000 $t
/var/folders/yl/_q9l42k90g1g4mdhbs226msm0000gn/T//ccIcJZe8.s:3260   .text.OS_InitTaskIdle:000000000000003c $d
/var/folders/yl/_q9l42k90g1g4mdhbs226msm0000gn/T//ccIcJZe8.s:3847   .text.OS_TaskIdle:0000000000000000 OS_TaskIdle
/var/folders/yl/_q9l42k90g1g4mdhbs226msm0000gn/T//ccIcJZe8.s:3272   .text.OS_InitTaskStat:0000000000000000 $t
/var/folders/yl/_q9l42k90g1g4mdhbs226msm0000gn/T//ccIcJZe8.s:3329   .text.OS_InitTaskStat:000000000000003c $d
/var/folders/yl/_q9l42k90g1g4mdhbs226msm0000gn/T//ccIcJZe8.s:3900   .text.OS_TaskStat:0000000000000000 OS_TaskStat
/var/folders/yl/_q9l42k90g1g4mdhbs226msm0000gn/T//ccIcJZe8.s:3337   .text.OS_InitTCBList:0000000000000000 $t
/var/folders/yl/_q9l42k90g1g4mdhbs226msm0000gn/T//ccIcJZe8.s:3447   .text.OS_InitTCBList:0000000000000088 $d
/var/folders/yl/_q9l42k90g1g4mdhbs226msm0000gn/T//ccIcJZe8.s:3456   .text.OS_MemClr:0000000000000000 $t
/var/folders/yl/_q9l42k90g1g4mdhbs226msm0000gn/T//ccIcJZe8.s:3520   .text.OS_MemCopy:0000000000000000 $t
/var/folders/yl/_q9l42k90g1g4mdhbs226msm0000gn/T//ccIcJZe8.s:3526   .text.OS_MemCopy:0000000000000000 OS_MemCopy
/var/folders/yl/_q9l42k90g1g4mdhbs226msm0000gn/T//ccIcJZe8.s:3590   .text.OS_Sched:0000000000000000 $t
/var/folders/yl/_q9l42k90g1g4mdhbs226msm0000gn/T//ccIcJZe8.s:3683   .text.OS_Sched:0000000000000068 $d
ARM GAS  /var/folders/yl/_q9l42k90g1g4mdhbs226msm0000gn/T//ccIcJZe8.s 			page 121


/var/folders/yl/_q9l42k90g1g4mdhbs226msm0000gn/T//ccIcJZe8.s:3694   .text.OS_SchedNew:0000000000000000 $t
/var/folders/yl/_q9l42k90g1g4mdhbs226msm0000gn/T//ccIcJZe8.s:3759   .text.OS_SchedNew:0000000000000038 $d
/var/folders/yl/_q9l42k90g1g4mdhbs226msm0000gn/T//ccIcJZe8.s:3767   .text.OS_StrLen:0000000000000000 $t
/var/folders/yl/_q9l42k90g1g4mdhbs226msm0000gn/T//ccIcJZe8.s:3841   .text.OS_TaskIdle:0000000000000000 $t
/var/folders/yl/_q9l42k90g1g4mdhbs226msm0000gn/T//ccIcJZe8.s:3889   .text.OS_TaskIdle:000000000000002c $d
/var/folders/yl/_q9l42k90g1g4mdhbs226msm0000gn/T//ccIcJZe8.s:3894   .text.OS_TaskStat:0000000000000000 $t
/var/folders/yl/_q9l42k90g1g4mdhbs226msm0000gn/T//ccIcJZe8.s:4064   .text.OS_TaskStatStkChk:0000000000000000 OS_TaskStatStkChk
/var/folders/yl/_q9l42k90g1g4mdhbs226msm0000gn/T//ccIcJZe8.s:4048   .text.OS_TaskStat:00000000000000d8 $d
/var/folders/yl/_q9l42k90g1g4mdhbs226msm0000gn/T//ccIcJZe8.s:4058   .text.OS_TaskStatStkChk:0000000000000000 $t
/var/folders/yl/_q9l42k90g1g4mdhbs226msm0000gn/T//ccIcJZe8.s:4154   .text.OS_TaskStatStkChk:0000000000000064 $d
/var/folders/yl/_q9l42k90g1g4mdhbs226msm0000gn/T//ccIcJZe8.s:4159   .text.OS_TCBInit:0000000000000000 $t
/var/folders/yl/_q9l42k90g1g4mdhbs226msm0000gn/T//ccIcJZe8.s:4165   .text.OS_TCBInit:0000000000000000 OS_TCBInit
/var/folders/yl/_q9l42k90g1g4mdhbs226msm0000gn/T//ccIcJZe8.s:4475   .text.OS_TCBInit:00000000000001d8 $d

UNDEFINED SYMBOLS
OS_CPU_SR_Save
OS_CPU_SR_Restore
SYSVIEW_UpdateResource
OSInitHookBegin
OS_FlagInit
OS_MemInit
OS_QInit
OSTmr_Init
OSInitHookEnd
OSDebugInit
SEGGER_SYSVIEW_RecordEnterISR
SEGGER_SYSVIEW_RecordExitISRToScheduler
OSIntCtxSw
SEGGER_SYSVIEW_RecordExitISR
OSStartHighRdy
OSTimeDly
OSTimeTickHook
SEGGER_SYSVIEW_RecordU32
SYSVIEW_TaskReady
SYSVIEW_TaskSuspend
OSTaskCreateExt
OSTaskNameSet
OSCtxSw
OSTaskIdleHook
OSTaskSuspend
OSTaskStatHook
OSTaskStkChk
OSTCBInitHook
OSTaskCreateHook
