ARM GAS  /var/folders/yl/_q9l42k90g1g4mdhbs226msm0000gn/T//ccvymW0p.s 			page 1


   1              		.cpu cortex-m4
   2              		.arch armv7e-m
   3              		.fpu fpv4-sp-d16
   4              		.eabi_attribute 27, 1
   5              		.eabi_attribute 28, 1
   6              		.eabi_attribute 20, 1
   7              		.eabi_attribute 21, 1
   8              		.eabi_attribute 23, 3
   9              		.eabi_attribute 24, 1
  10              		.eabi_attribute 25, 1
  11              		.eabi_attribute 26, 1
  12              		.eabi_attribute 30, 6
  13              		.eabi_attribute 34, 1
  14              		.eabi_attribute 18, 4
  15              		.file	"os_flag.c"
  16              		.text
  17              	.Ltext0:
  18              		.cfi_sections	.debug_frame
  19              		.section	.text.OSFlagAccept,"ax",%progbits
  20              		.align	1
  21              		.global	OSFlagAccept
  22              		.syntax unified
  23              		.thumb
  24              		.thumb_func
  26              	OSFlagAccept:
  27              	.LFB3:
  28              		.file 1 "./ucOSII/Core/os_flag.c"
   1:./ucOSII/Core/os_flag.c **** /*
   2:./ucOSII/Core/os_flag.c **** ***************************************************************************************************
   3:./ucOSII/Core/os_flag.c **** *                                              uC/OS-II
   4:./ucOSII/Core/os_flag.c **** *                                        The Real-Time Kernel
   5:./ucOSII/Core/os_flag.c **** *
   6:./ucOSII/Core/os_flag.c **** *                    Copyright 1992-2021 Silicon Laboratories Inc. www.silabs.com
   7:./ucOSII/Core/os_flag.c **** *
   8:./ucOSII/Core/os_flag.c **** *                                 SPDX-License-Identifier: APACHE-2.0
   9:./ucOSII/Core/os_flag.c **** *
  10:./ucOSII/Core/os_flag.c **** *               This software is subject to an open source license and is distributed by
  11:./ucOSII/Core/os_flag.c **** *                Silicon Laboratories Inc. pursuant to the terms of the Apache License,
  12:./ucOSII/Core/os_flag.c **** *                    Version 2.0 available at www.apache.org/licenses/LICENSE-2.0.
  13:./ucOSII/Core/os_flag.c **** *
  14:./ucOSII/Core/os_flag.c **** ***************************************************************************************************
  15:./ucOSII/Core/os_flag.c **** */
  16:./ucOSII/Core/os_flag.c **** 
  17:./ucOSII/Core/os_flag.c **** 
  18:./ucOSII/Core/os_flag.c **** /*
  19:./ucOSII/Core/os_flag.c **** ***************************************************************************************************
  20:./ucOSII/Core/os_flag.c **** *
  21:./ucOSII/Core/os_flag.c **** *                                        EVENT FLAG  MANAGEMENT
  22:./ucOSII/Core/os_flag.c **** *
  23:./ucOSII/Core/os_flag.c **** * Filename : os_flag.c
  24:./ucOSII/Core/os_flag.c **** * Version  : V2.93.01
  25:./ucOSII/Core/os_flag.c **** ***************************************************************************************************
  26:./ucOSII/Core/os_flag.c **** */
  27:./ucOSII/Core/os_flag.c **** 
  28:./ucOSII/Core/os_flag.c **** #ifndef  OS_FLAG_C
  29:./ucOSII/Core/os_flag.c **** #define  OS_FLAG_C
  30:./ucOSII/Core/os_flag.c **** 
ARM GAS  /var/folders/yl/_q9l42k90g1g4mdhbs226msm0000gn/T//ccvymW0p.s 			page 2


  31:./ucOSII/Core/os_flag.c **** #define  MICRIUM_SOURCE
  32:./ucOSII/Core/os_flag.c **** 
  33:./ucOSII/Core/os_flag.c **** #ifndef  OS_MASTER_FILE
  34:./ucOSII/Core/os_flag.c **** #include <ucos_ii.h>
  35:./ucOSII/Core/os_flag.c **** #endif
  36:./ucOSII/Core/os_flag.c **** 
  37:./ucOSII/Core/os_flag.c **** #if (OS_FLAG_EN > 0u) && (OS_MAX_FLAGS > 0u)
  38:./ucOSII/Core/os_flag.c **** /*
  39:./ucOSII/Core/os_flag.c **** ***************************************************************************************************
  40:./ucOSII/Core/os_flag.c **** *                                          LOCAL PROTOTYPES
  41:./ucOSII/Core/os_flag.c **** ***************************************************************************************************
  42:./ucOSII/Core/os_flag.c **** */
  43:./ucOSII/Core/os_flag.c **** 
  44:./ucOSII/Core/os_flag.c **** static  void     OS_FlagBlock(OS_FLAG_GRP *pgrp, OS_FLAG_NODE *pnode, OS_FLAGS flags, INT8U wait_ty
  45:./ucOSII/Core/os_flag.c **** static  BOOLEAN  OS_FlagTaskRdy(OS_FLAG_NODE *pnode, OS_FLAGS flags_rdy, INT8U pend_stat);
  46:./ucOSII/Core/os_flag.c **** 
  47:./ucOSII/Core/os_flag.c **** 
  48:./ucOSII/Core/os_flag.c **** /*
  49:./ucOSII/Core/os_flag.c **** ***************************************************************************************************
  50:./ucOSII/Core/os_flag.c **** *                          CHECK THE STATUS OF FLAGS IN AN EVENT FLAG GROUP
  51:./ucOSII/Core/os_flag.c **** *
  52:./ucOSII/Core/os_flag.c **** * Description: This function is called to check the status of a combination of bits to be set or cl
  53:./ucOSII/Core/os_flag.c **** *              in an event flag group.  Your application can check for ANY bit to be set/cleared or
  54:./ucOSII/Core/os_flag.c **** *              bits to be set/cleared.
  55:./ucOSII/Core/os_flag.c **** *
  56:./ucOSII/Core/os_flag.c **** *              This call does not block if the desired flags are not present.
  57:./ucOSII/Core/os_flag.c **** *
  58:./ucOSII/Core/os_flag.c **** * Arguments  : pgrp          is a pointer to the desired event flag group.
  59:./ucOSII/Core/os_flag.c **** *
  60:./ucOSII/Core/os_flag.c **** *              flags         Is a bit pattern indicating which bit(s) (i.e. flags) you wish to chec
  61:./ucOSII/Core/os_flag.c **** *                            The bits you want are specified by setting the corresponding bits in
  62:./ucOSII/Core/os_flag.c **** *                            'flags'.  e.g. if your application wants to wait for bits 0 and 1 then
  63:./ucOSII/Core/os_flag.c **** *                            'flags' would contain 0x03.
  64:./ucOSII/Core/os_flag.c **** *
  65:./ucOSII/Core/os_flag.c **** *              wait_type     specifies whether you want ALL bits to be set/cleared or ANY of the bi
  66:./ucOSII/Core/os_flag.c **** *                            to be set/cleared.
  67:./ucOSII/Core/os_flag.c **** *                            You can specify the following argument:
  68:./ucOSII/Core/os_flag.c **** *
  69:./ucOSII/Core/os_flag.c **** *                            OS_FLAG_WAIT_CLR_ALL   You will check ALL bits in 'flags' to be clear 
  70:./ucOSII/Core/os_flag.c **** *                            OS_FLAG_WAIT_CLR_ANY   You will check ANY bit  in 'flags' to be clear 
  71:./ucOSII/Core/os_flag.c **** *                            OS_FLAG_WAIT_SET_ALL   You will check ALL bits in 'flags' to be set   
  72:./ucOSII/Core/os_flag.c **** *                            OS_FLAG_WAIT_SET_ANY   You will check ANY bit  in 'flags' to be set   
  73:./ucOSII/Core/os_flag.c **** *
  74:./ucOSII/Core/os_flag.c **** *                            NOTE: Add OS_FLAG_CONSUME if you want the event flag to be 'consumed' 
  75:./ucOSII/Core/os_flag.c **** *                                  the call.  Example, to wait for any flag in a group AND then cle
  76:./ucOSII/Core/os_flag.c **** *                                  the flags that are present, set 'wait_type' to:
  77:./ucOSII/Core/os_flag.c **** *
  78:./ucOSII/Core/os_flag.c **** *                                  OS_FLAG_WAIT_SET_ANY + OS_FLAG_CONSUME
  79:./ucOSII/Core/os_flag.c **** *
  80:./ucOSII/Core/os_flag.c **** *              perr          is a pointer to an error code and can be:
  81:./ucOSII/Core/os_flag.c **** *                            OS_ERR_NONE               No error
  82:./ucOSII/Core/os_flag.c **** *                            OS_ERR_EVENT_TYPE         You are not pointing to an event flag group
  83:./ucOSII/Core/os_flag.c **** *                            OS_ERR_FLAG_WAIT_TYPE     You didn't specify a proper 'wait_type' argu
  84:./ucOSII/Core/os_flag.c **** *                            OS_ERR_FLAG_INVALID_PGRP  You passed a NULL pointer instead of the eve
  85:./ucOSII/Core/os_flag.c **** *                                                      group handle.
  86:./ucOSII/Core/os_flag.c **** *                            OS_ERR_FLAG_NOT_RDY       The desired flags you are waiting for are no
  87:./ucOSII/Core/os_flag.c **** *                                                      available.
ARM GAS  /var/folders/yl/_q9l42k90g1g4mdhbs226msm0000gn/T//ccvymW0p.s 			page 3


  88:./ucOSII/Core/os_flag.c **** *
  89:./ucOSII/Core/os_flag.c **** * Returns    : The flags in the event flag group that made the task ready or, 0 if a timeout or an 
  90:./ucOSII/Core/os_flag.c **** *              occurred.
  91:./ucOSII/Core/os_flag.c **** *
  92:./ucOSII/Core/os_flag.c **** * Called from: Task or ISR
  93:./ucOSII/Core/os_flag.c **** *
  94:./ucOSII/Core/os_flag.c **** * Note(s)    : 1) IMPORTANT, the behavior of this function has changed from PREVIOUS versions.  The
  95:./ucOSII/Core/os_flag.c **** *                 function NOW returns the flags that were ready INSTEAD of the current state of th
  96:./ucOSII/Core/os_flag.c **** *                 event flags.
  97:./ucOSII/Core/os_flag.c **** ***************************************************************************************************
  98:./ucOSII/Core/os_flag.c **** */
  99:./ucOSII/Core/os_flag.c **** 
 100:./ucOSII/Core/os_flag.c **** #if OS_FLAG_ACCEPT_EN > 0u
 101:./ucOSII/Core/os_flag.c **** OS_FLAGS  OSFlagAccept (OS_FLAG_GRP  *pgrp,
 102:./ucOSII/Core/os_flag.c ****                         OS_FLAGS      flags,
 103:./ucOSII/Core/os_flag.c ****                         INT8U         wait_type,
 104:./ucOSII/Core/os_flag.c ****                         INT8U        *perr)
 105:./ucOSII/Core/os_flag.c **** {
  29              		.loc 1 105 1
  30              		.cfi_startproc
  31              		@ args = 0, pretend = 0, frame = 32
  32              		@ frame_needed = 1, uses_anonymous_args = 0
  33 0000 80B5     		push	{r7, lr}
  34              	.LCFI0:
  35              		.cfi_def_cfa_offset 8
  36              		.cfi_offset 7, -8
  37              		.cfi_offset 14, -4
  38 0002 88B0     		sub	sp, sp, #32
  39              	.LCFI1:
  40              		.cfi_def_cfa_offset 40
  41 0004 00AF     		add	r7, sp, #0
  42              	.LCFI2:
  43              		.cfi_def_cfa_register 7
  44 0006 F860     		str	r0, [r7, #12]
  45 0008 7B60     		str	r3, [r7, #4]
  46 000a 0B46     		mov	r3, r1	@ movhi
  47 000c 7B81     		strh	r3, [r7, #10]	@ movhi
  48 000e 1346     		mov	r3, r2
  49 0010 7B72     		strb	r3, [r7, #9]
 106:./ucOSII/Core/os_flag.c ****     OS_FLAGS      flags_rdy;
 107:./ucOSII/Core/os_flag.c ****     INT8U         result;
 108:./ucOSII/Core/os_flag.c ****     BOOLEAN       consume;
 109:./ucOSII/Core/os_flag.c **** #if OS_CRITICAL_METHOD == 3u                               /* Allocate storage for CPU status regis
 110:./ucOSII/Core/os_flag.c ****     OS_CPU_SR     cpu_sr = 0u;
  50              		.loc 1 110 19
  51 0012 0023     		movs	r3, #0
  52 0014 BB61     		str	r3, [r7, #24]
 111:./ucOSII/Core/os_flag.c **** #endif
 112:./ucOSII/Core/os_flag.c **** 
 113:./ucOSII/Core/os_flag.c **** 
 114:./ucOSII/Core/os_flag.c **** 
 115:./ucOSII/Core/os_flag.c **** #ifdef OS_SAFETY_CRITICAL
 116:./ucOSII/Core/os_flag.c ****     if (perr == (INT8U *)0) {
 117:./ucOSII/Core/os_flag.c ****         OS_SAFETY_CRITICAL_EXCEPTION();
 118:./ucOSII/Core/os_flag.c ****         return ((OS_FLAGS)0);
 119:./ucOSII/Core/os_flag.c ****     }
 120:./ucOSII/Core/os_flag.c **** #endif
ARM GAS  /var/folders/yl/_q9l42k90g1g4mdhbs226msm0000gn/T//ccvymW0p.s 			page 4


 121:./ucOSII/Core/os_flag.c **** 
 122:./ucOSII/Core/os_flag.c **** #if OS_ARG_CHK_EN > 0u
 123:./ucOSII/Core/os_flag.c ****     if (pgrp == (OS_FLAG_GRP *)0) {                        /* Validate 'pgrp'                      
  53              		.loc 1 123 8
  54 0016 FB68     		ldr	r3, [r7, #12]
  55 0018 002B     		cmp	r3, #0
  56 001a 04D1     		bne	.L2
 124:./ucOSII/Core/os_flag.c ****         *perr = OS_ERR_FLAG_INVALID_PGRP;
  57              		.loc 1 124 15
  58 001c 7B68     		ldr	r3, [r7, #4]
  59 001e 6E22     		movs	r2, #110
  60 0020 1A70     		strb	r2, [r3]
 125:./ucOSII/Core/os_flag.c ****         return ((OS_FLAGS)0);
  61              		.loc 1 125 16
  62 0022 0023     		movs	r3, #0
  63 0024 AAE0     		b	.L3
  64              	.L2:
 126:./ucOSII/Core/os_flag.c ****     }
 127:./ucOSII/Core/os_flag.c **** #endif
 128:./ucOSII/Core/os_flag.c ****     if (pgrp->OSFlagType != OS_EVENT_TYPE_FLAG) {          /* Validate event block type            
  65              		.loc 1 128 13
  66 0026 FB68     		ldr	r3, [r7, #12]
  67 0028 1B78     		ldrb	r3, [r3]	@ zero_extendqisi2
  68              		.loc 1 128 8
  69 002a 052B     		cmp	r3, #5
  70 002c 04D0     		beq	.L4
 129:./ucOSII/Core/os_flag.c ****         *perr = OS_ERR_EVENT_TYPE;
  71              		.loc 1 129 15
  72 002e 7B68     		ldr	r3, [r7, #4]
  73 0030 0122     		movs	r2, #1
  74 0032 1A70     		strb	r2, [r3]
 130:./ucOSII/Core/os_flag.c ****         return ((OS_FLAGS)0);
  75              		.loc 1 130 16
  76 0034 0023     		movs	r3, #0
  77 0036 A1E0     		b	.L3
  78              	.L4:
 131:./ucOSII/Core/os_flag.c ****     }
 132:./ucOSII/Core/os_flag.c ****     result = (INT8U)(wait_type & OS_FLAG_CONSUME);
  79              		.loc 1 132 12
  80 0038 7B7A     		ldrb	r3, [r7, #9]
  81 003a 23F07F03 		bic	r3, r3, #127
  82 003e FB75     		strb	r3, [r7, #23]
 133:./ucOSII/Core/os_flag.c ****     if (result != (INT8U)0) {                              /* See if we need to consume the flags  
  83              		.loc 1 133 8
  84 0040 FB7D     		ldrb	r3, [r7, #23]	@ zero_extendqisi2
  85 0042 002B     		cmp	r3, #0
  86 0044 06D0     		beq	.L5
 134:./ucOSII/Core/os_flag.c ****         wait_type &= ~OS_FLAG_CONSUME;
  87              		.loc 1 134 19
  88 0046 7B7A     		ldrb	r3, [r7, #9]
  89 0048 03F07F03 		and	r3, r3, #127
  90 004c 7B72     		strb	r3, [r7, #9]
 135:./ucOSII/Core/os_flag.c ****         consume    = OS_TRUE;
  91              		.loc 1 135 20
  92 004e 0123     		movs	r3, #1
  93 0050 7B77     		strb	r3, [r7, #29]
  94 0052 01E0     		b	.L6
ARM GAS  /var/folders/yl/_q9l42k90g1g4mdhbs226msm0000gn/T//ccvymW0p.s 			page 5


  95              	.L5:
 136:./ucOSII/Core/os_flag.c ****     } else {
 137:./ucOSII/Core/os_flag.c ****         consume    = OS_FALSE;
  96              		.loc 1 137 20
  97 0054 0023     		movs	r3, #0
  98 0056 7B77     		strb	r3, [r7, #29]
  99              	.L6:
 138:./ucOSII/Core/os_flag.c ****     }
 139:./ucOSII/Core/os_flag.c **** 
 140:./ucOSII/Core/os_flag.c ****     *perr = OS_ERR_NONE;                                   /* Assume NO error until proven otherwis
 100              		.loc 1 140 11
 101 0058 7B68     		ldr	r3, [r7, #4]
 102 005a 0022     		movs	r2, #0
 103 005c 1A70     		strb	r2, [r3]
 141:./ucOSII/Core/os_flag.c ****     OS_ENTER_CRITICAL();
 104              		.loc 1 141 5
 105 005e 4020     		movs	r0, #64
 106 0060 FFF7FEFF 		bl	OS_CPU_SR_Save
 107 0064 B861     		str	r0, [r7, #24]
 142:./ucOSII/Core/os_flag.c ****     switch (wait_type) {
 108              		.loc 1 142 5
 109 0066 7B7A     		ldrb	r3, [r7, #9]	@ zero_extendqisi2
 110 0068 032B     		cmp	r3, #3
 111 006a 7DD8     		bhi	.L7
 112 006c 01A2     		adr	r2, .L9
 113 006e 52F823F0 		ldr	pc, [r2, r3, lsl #2]
 114 0072 00BF     		.p2align 2
 115              	.L9:
 116 0074 F7000000 		.word	.L12+1
 117 0078 31010000 		.word	.L11+1
 118 007c 85000000 		.word	.L10+1
 119 0080 BF000000 		.word	.L8+1
 120              		.p2align 1
 121              	.L10:
 143:./ucOSII/Core/os_flag.c ****         case OS_FLAG_WAIT_SET_ALL:                         /* See if all required flags are set    
 144:./ucOSII/Core/os_flag.c ****              flags_rdy = (OS_FLAGS)(pgrp->OSFlagFlags & flags);     /* Extract only the bits we wan
 122              		.loc 1 144 41
 123 0084 FB68     		ldr	r3, [r7, #12]
 124 0086 1A89     		ldrh	r2, [r3, #8]
 125              		.loc 1 144 24
 126 0088 7B89     		ldrh	r3, [r7, #10]	@ movhi
 127 008a 1340     		ands	r3, r3, r2
 128 008c FB83     		strh	r3, [r7, #30]	@ movhi
 145:./ucOSII/Core/os_flag.c ****              if (flags_rdy == flags) {                     /* Must match ALL the bits that we want 
 129              		.loc 1 145 17
 130 008e FA8B     		ldrh	r2, [r7, #30]
 131 0090 7B89     		ldrh	r3, [r7, #10]
 132 0092 9A42     		cmp	r2, r3
 133 0094 0CD1     		bne	.L13
 146:./ucOSII/Core/os_flag.c ****                  if (consume == OS_TRUE) {                 /* See if we need to consume the flags  
 134              		.loc 1 146 21
 135 0096 7B7F     		ldrb	r3, [r7, #29]	@ zero_extendqisi2
 136 0098 012B     		cmp	r3, #1
 137 009a 0CD1     		bne	.L14
 147:./ucOSII/Core/os_flag.c ****                      pgrp->OSFlagFlags &= (OS_FLAGS)~flags_rdy;     /* Clear ONLY the flags we want
 138              		.loc 1 147 40
 139 009c FB68     		ldr	r3, [r7, #12]
ARM GAS  /var/folders/yl/_q9l42k90g1g4mdhbs226msm0000gn/T//ccvymW0p.s 			page 6


 140 009e 1A89     		ldrh	r2, [r3, #8]
 141              		.loc 1 147 43
 142 00a0 FB8B     		ldrh	r3, [r7, #30]	@ movhi
 143 00a2 DB43     		mvns	r3, r3
 144 00a4 9BB2     		uxth	r3, r3
 145              		.loc 1 147 40
 146 00a6 1340     		ands	r3, r3, r2
 147 00a8 9AB2     		uxth	r2, r3
 148 00aa FB68     		ldr	r3, [r7, #12]
 149 00ac 1A81     		strh	r2, [r3, #8]	@ movhi
 150 00ae 02E0     		b	.L14
 151              	.L13:
 148:./ucOSII/Core/os_flag.c ****                  }
 149:./ucOSII/Core/os_flag.c ****              } else {
 150:./ucOSII/Core/os_flag.c ****                  *perr = OS_ERR_FLAG_NOT_RDY;
 152              		.loc 1 150 24
 153 00b0 7B68     		ldr	r3, [r7, #4]
 154 00b2 7022     		movs	r2, #112
 155 00b4 1A70     		strb	r2, [r3]
 156              	.L14:
 151:./ucOSII/Core/os_flag.c ****              }
 152:./ucOSII/Core/os_flag.c ****              OS_EXIT_CRITICAL();
 157              		.loc 1 152 14
 158 00b6 B869     		ldr	r0, [r7, #24]
 159 00b8 FFF7FEFF 		bl	OS_CPU_SR_Restore
 153:./ucOSII/Core/os_flag.c ****              break;
 160              		.loc 1 153 14
 161 00bc 5DE0     		b	.L15
 162              	.L8:
 154:./ucOSII/Core/os_flag.c **** 
 155:./ucOSII/Core/os_flag.c ****         case OS_FLAG_WAIT_SET_ANY:
 156:./ucOSII/Core/os_flag.c ****              flags_rdy = (OS_FLAGS)(pgrp->OSFlagFlags & flags);     /* Extract only the bits we wan
 163              		.loc 1 156 41
 164 00be FB68     		ldr	r3, [r7, #12]
 165 00c0 1A89     		ldrh	r2, [r3, #8]
 166              		.loc 1 156 24
 167 00c2 7B89     		ldrh	r3, [r7, #10]	@ movhi
 168 00c4 1340     		ands	r3, r3, r2
 169 00c6 FB83     		strh	r3, [r7, #30]	@ movhi
 157:./ucOSII/Core/os_flag.c ****              if (flags_rdy != (OS_FLAGS)0) {               /* See if any flag set                  
 170              		.loc 1 157 17
 171 00c8 FB8B     		ldrh	r3, [r7, #30]
 172 00ca 002B     		cmp	r3, #0
 173 00cc 0CD0     		beq	.L16
 158:./ucOSII/Core/os_flag.c ****                  if (consume == OS_TRUE) {                 /* See if we need to consume the flags  
 174              		.loc 1 158 21
 175 00ce 7B7F     		ldrb	r3, [r7, #29]	@ zero_extendqisi2
 176 00d0 012B     		cmp	r3, #1
 177 00d2 0CD1     		bne	.L17
 159:./ucOSII/Core/os_flag.c ****                      pgrp->OSFlagFlags &= (OS_FLAGS)~flags_rdy;     /* Clear ONLY the flags we got 
 178              		.loc 1 159 40
 179 00d4 FB68     		ldr	r3, [r7, #12]
 180 00d6 1A89     		ldrh	r2, [r3, #8]
 181              		.loc 1 159 43
 182 00d8 FB8B     		ldrh	r3, [r7, #30]	@ movhi
 183 00da DB43     		mvns	r3, r3
 184 00dc 9BB2     		uxth	r3, r3
ARM GAS  /var/folders/yl/_q9l42k90g1g4mdhbs226msm0000gn/T//ccvymW0p.s 			page 7


 185              		.loc 1 159 40
 186 00de 1340     		ands	r3, r3, r2
 187 00e0 9AB2     		uxth	r2, r3
 188 00e2 FB68     		ldr	r3, [r7, #12]
 189 00e4 1A81     		strh	r2, [r3, #8]	@ movhi
 190 00e6 02E0     		b	.L17
 191              	.L16:
 160:./ucOSII/Core/os_flag.c ****                  }
 161:./ucOSII/Core/os_flag.c ****              } else {
 162:./ucOSII/Core/os_flag.c ****                  *perr = OS_ERR_FLAG_NOT_RDY;
 192              		.loc 1 162 24
 193 00e8 7B68     		ldr	r3, [r7, #4]
 194 00ea 7022     		movs	r2, #112
 195 00ec 1A70     		strb	r2, [r3]
 196              	.L17:
 163:./ucOSII/Core/os_flag.c ****              }
 164:./ucOSII/Core/os_flag.c ****              OS_EXIT_CRITICAL();
 197              		.loc 1 164 14
 198 00ee B869     		ldr	r0, [r7, #24]
 199 00f0 FFF7FEFF 		bl	OS_CPU_SR_Restore
 165:./ucOSII/Core/os_flag.c ****              break;
 200              		.loc 1 165 14
 201 00f4 41E0     		b	.L15
 202              	.L12:
 166:./ucOSII/Core/os_flag.c **** 
 167:./ucOSII/Core/os_flag.c **** #if OS_FLAG_WAIT_CLR_EN > 0u
 168:./ucOSII/Core/os_flag.c ****         case OS_FLAG_WAIT_CLR_ALL:                         /* See if all required flags are cleared
 169:./ucOSII/Core/os_flag.c ****              flags_rdy = (OS_FLAGS)~pgrp->OSFlagFlags & flags;    /* Extract only the bits we want 
 203              		.loc 1 169 41
 204 00f6 FB68     		ldr	r3, [r7, #12]
 205 00f8 1B89     		ldrh	r3, [r3, #8]
 206              		.loc 1 169 26
 207 00fa DB43     		mvns	r3, r3
 208 00fc 9AB2     		uxth	r2, r3
 209              		.loc 1 169 24
 210 00fe 7B89     		ldrh	r3, [r7, #10]	@ movhi
 211 0100 1340     		ands	r3, r3, r2
 212 0102 FB83     		strh	r3, [r7, #30]	@ movhi
 170:./ucOSII/Core/os_flag.c ****              if (flags_rdy == flags) {                     /* Must match ALL the bits that we want 
 213              		.loc 1 170 17
 214 0104 FA8B     		ldrh	r2, [r7, #30]
 215 0106 7B89     		ldrh	r3, [r7, #10]
 216 0108 9A42     		cmp	r2, r3
 217 010a 0AD1     		bne	.L18
 171:./ucOSII/Core/os_flag.c ****                  if (consume == OS_TRUE) {                 /* See if we need to consume the flags  
 218              		.loc 1 171 21
 219 010c 7B7F     		ldrb	r3, [r7, #29]	@ zero_extendqisi2
 220 010e 012B     		cmp	r3, #1
 221 0110 0AD1     		bne	.L19
 172:./ucOSII/Core/os_flag.c ****                      pgrp->OSFlagFlags |= flags_rdy;       /* Set ONLY the flags that we wanted    
 222              		.loc 1 172 40
 223 0112 FB68     		ldr	r3, [r7, #12]
 224 0114 1A89     		ldrh	r2, [r3, #8]
 225 0116 FB8B     		ldrh	r3, [r7, #30]	@ movhi
 226 0118 1343     		orrs	r3, r3, r2
 227 011a 9AB2     		uxth	r2, r3
 228 011c FB68     		ldr	r3, [r7, #12]
ARM GAS  /var/folders/yl/_q9l42k90g1g4mdhbs226msm0000gn/T//ccvymW0p.s 			page 8


 229 011e 1A81     		strh	r2, [r3, #8]	@ movhi
 230 0120 02E0     		b	.L19
 231              	.L18:
 173:./ucOSII/Core/os_flag.c ****                  }
 174:./ucOSII/Core/os_flag.c ****              } else {
 175:./ucOSII/Core/os_flag.c ****                  *perr = OS_ERR_FLAG_NOT_RDY;
 232              		.loc 1 175 24
 233 0122 7B68     		ldr	r3, [r7, #4]
 234 0124 7022     		movs	r2, #112
 235 0126 1A70     		strb	r2, [r3]
 236              	.L19:
 176:./ucOSII/Core/os_flag.c ****              }
 177:./ucOSII/Core/os_flag.c ****              OS_EXIT_CRITICAL();
 237              		.loc 1 177 14
 238 0128 B869     		ldr	r0, [r7, #24]
 239 012a FFF7FEFF 		bl	OS_CPU_SR_Restore
 178:./ucOSII/Core/os_flag.c ****              break;
 240              		.loc 1 178 14
 241 012e 24E0     		b	.L15
 242              	.L11:
 179:./ucOSII/Core/os_flag.c **** 
 180:./ucOSII/Core/os_flag.c ****         case OS_FLAG_WAIT_CLR_ANY:
 181:./ucOSII/Core/os_flag.c ****              flags_rdy = (OS_FLAGS)~pgrp->OSFlagFlags & flags;   /* Extract only the bits we want  
 243              		.loc 1 181 41
 244 0130 FB68     		ldr	r3, [r7, #12]
 245 0132 1B89     		ldrh	r3, [r3, #8]
 246              		.loc 1 181 26
 247 0134 DB43     		mvns	r3, r3
 248 0136 9AB2     		uxth	r2, r3
 249              		.loc 1 181 24
 250 0138 7B89     		ldrh	r3, [r7, #10]	@ movhi
 251 013a 1340     		ands	r3, r3, r2
 252 013c FB83     		strh	r3, [r7, #30]	@ movhi
 182:./ucOSII/Core/os_flag.c ****              if (flags_rdy != (OS_FLAGS)0) {               /* See if any flag cleared              
 253              		.loc 1 182 17
 254 013e FB8B     		ldrh	r3, [r7, #30]
 255 0140 002B     		cmp	r3, #0
 256 0142 0AD0     		beq	.L20
 183:./ucOSII/Core/os_flag.c ****                  if (consume == OS_TRUE) {                 /* See if we need to consume the flags  
 257              		.loc 1 183 21
 258 0144 7B7F     		ldrb	r3, [r7, #29]	@ zero_extendqisi2
 259 0146 012B     		cmp	r3, #1
 260 0148 0AD1     		bne	.L21
 184:./ucOSII/Core/os_flag.c ****                      pgrp->OSFlagFlags |= flags_rdy;       /* Set ONLY the flags that we got       
 261              		.loc 1 184 40
 262 014a FB68     		ldr	r3, [r7, #12]
 263 014c 1A89     		ldrh	r2, [r3, #8]
 264 014e FB8B     		ldrh	r3, [r7, #30]	@ movhi
 265 0150 1343     		orrs	r3, r3, r2
 266 0152 9AB2     		uxth	r2, r3
 267 0154 FB68     		ldr	r3, [r7, #12]
 268 0156 1A81     		strh	r2, [r3, #8]	@ movhi
 269 0158 02E0     		b	.L21
 270              	.L20:
 185:./ucOSII/Core/os_flag.c ****                  }
 186:./ucOSII/Core/os_flag.c ****              } else {
 187:./ucOSII/Core/os_flag.c ****                  *perr = OS_ERR_FLAG_NOT_RDY;
ARM GAS  /var/folders/yl/_q9l42k90g1g4mdhbs226msm0000gn/T//ccvymW0p.s 			page 9


 271              		.loc 1 187 24
 272 015a 7B68     		ldr	r3, [r7, #4]
 273 015c 7022     		movs	r2, #112
 274 015e 1A70     		strb	r2, [r3]
 275              	.L21:
 188:./ucOSII/Core/os_flag.c ****              }
 189:./ucOSII/Core/os_flag.c ****              OS_EXIT_CRITICAL();
 276              		.loc 1 189 14
 277 0160 B869     		ldr	r0, [r7, #24]
 278 0162 FFF7FEFF 		bl	OS_CPU_SR_Restore
 190:./ucOSII/Core/os_flag.c ****              break;
 279              		.loc 1 190 14
 280 0166 08E0     		b	.L15
 281              	.L7:
 191:./ucOSII/Core/os_flag.c **** #endif
 192:./ucOSII/Core/os_flag.c **** 
 193:./ucOSII/Core/os_flag.c ****         default:
 194:./ucOSII/Core/os_flag.c ****              OS_EXIT_CRITICAL();
 282              		.loc 1 194 14
 283 0168 B869     		ldr	r0, [r7, #24]
 284 016a FFF7FEFF 		bl	OS_CPU_SR_Restore
 195:./ucOSII/Core/os_flag.c ****              flags_rdy = (OS_FLAGS)0;
 285              		.loc 1 195 24
 286 016e 0023     		movs	r3, #0
 287 0170 FB83     		strh	r3, [r7, #30]	@ movhi
 196:./ucOSII/Core/os_flag.c ****              *perr     = OS_ERR_FLAG_WAIT_TYPE;
 288              		.loc 1 196 24
 289 0172 7B68     		ldr	r3, [r7, #4]
 290 0174 6F22     		movs	r2, #111
 291 0176 1A70     		strb	r2, [r3]
 197:./ucOSII/Core/os_flag.c ****              break;
 292              		.loc 1 197 14
 293 0178 00BF     		nop
 294              	.L15:
 198:./ucOSII/Core/os_flag.c ****     }
 199:./ucOSII/Core/os_flag.c ****     return (flags_rdy);
 295              		.loc 1 199 12
 296 017a FB8B     		ldrh	r3, [r7, #30]
 297              	.L3:
 200:./ucOSII/Core/os_flag.c **** }
 298              		.loc 1 200 1
 299 017c 1846     		mov	r0, r3
 300 017e 2037     		adds	r7, r7, #32
 301              	.LCFI3:
 302              		.cfi_def_cfa_offset 8
 303 0180 BD46     		mov	sp, r7
 304              	.LCFI4:
 305              		.cfi_def_cfa_register 13
 306              		@ sp needed
 307 0182 80BD     		pop	{r7, pc}
 308              		.cfi_endproc
 309              	.LFE3:
 311              		.section	.rodata
 312              		.align	2
 313              	.LC0:
 314 0000 3F00     		.ascii	"?\000"
 315              		.section	.text.OSFlagCreate,"ax",%progbits
ARM GAS  /var/folders/yl/_q9l42k90g1g4mdhbs226msm0000gn/T//ccvymW0p.s 			page 10


 316              		.align	1
 317              		.global	OSFlagCreate
 318              		.syntax unified
 319              		.thumb
 320              		.thumb_func
 322              	OSFlagCreate:
 323              	.LFB4:
 201:./ucOSII/Core/os_flag.c **** #endif
 202:./ucOSII/Core/os_flag.c **** 
 203:./ucOSII/Core/os_flag.c **** 
 204:./ucOSII/Core/os_flag.c **** /*
 205:./ucOSII/Core/os_flag.c **** ***************************************************************************************************
 206:./ucOSII/Core/os_flag.c **** *                                        CREATE AN EVENT FLAG
 207:./ucOSII/Core/os_flag.c **** *
 208:./ucOSII/Core/os_flag.c **** * Description: This function is called to create an event flag group.
 209:./ucOSII/Core/os_flag.c **** *
 210:./ucOSII/Core/os_flag.c **** * Arguments  : flags         Contains the initial value to store in the event flag group.
 211:./ucOSII/Core/os_flag.c **** *
 212:./ucOSII/Core/os_flag.c **** *              perr          is a pointer to an error code which will be returned to your applicati
 213:./ucOSII/Core/os_flag.c **** *                               OS_ERR_NONE                     if the call was successful.
 214:./ucOSII/Core/os_flag.c **** *                               OS_ERR_CREATE_ISR               if you attempted to create an Event
 215:./ucOSII/Core/os_flag.c **** *                                                               ISR.
 216:./ucOSII/Core/os_flag.c **** *                               OS_ERR_FLAG_GRP_DEPLETED        if there are no more event flag gro
 217:./ucOSII/Core/os_flag.c **** *                               OS_ERR_ILLEGAL_CREATE_RUN_TIME  if you tried to create an event fla
 218:./ucOSII/Core/os_flag.c **** *                                                               safety critical operation started.
 219:./ucOSII/Core/os_flag.c **** *
 220:./ucOSII/Core/os_flag.c **** * Returns    : A pointer to an event flag group or a NULL pointer if no more groups are available.
 221:./ucOSII/Core/os_flag.c **** *
 222:./ucOSII/Core/os_flag.c **** * Called from: Task ONLY
 223:./ucOSII/Core/os_flag.c **** ***************************************************************************************************
 224:./ucOSII/Core/os_flag.c **** */
 225:./ucOSII/Core/os_flag.c **** 
 226:./ucOSII/Core/os_flag.c **** OS_FLAG_GRP  *OSFlagCreate (OS_FLAGS  flags,
 227:./ucOSII/Core/os_flag.c ****                             INT8U    *perr)
 228:./ucOSII/Core/os_flag.c **** {
 324              		.loc 1 228 1
 325              		.cfi_startproc
 326              		@ args = 0, pretend = 0, frame = 16
 327              		@ frame_needed = 1, uses_anonymous_args = 0
 328 0000 80B5     		push	{r7, lr}
 329              	.LCFI5:
 330              		.cfi_def_cfa_offset 8
 331              		.cfi_offset 7, -8
 332              		.cfi_offset 14, -4
 333 0002 84B0     		sub	sp, sp, #16
 334              	.LCFI6:
 335              		.cfi_def_cfa_offset 24
 336 0004 00AF     		add	r7, sp, #0
 337              	.LCFI7:
 338              		.cfi_def_cfa_register 7
 339 0006 0346     		mov	r3, r0
 340 0008 3960     		str	r1, [r7]
 341 000a FB80     		strh	r3, [r7, #6]	@ movhi
 229:./ucOSII/Core/os_flag.c ****     OS_FLAG_GRP *pgrp;
 230:./ucOSII/Core/os_flag.c **** #if OS_CRITICAL_METHOD == 3u                        /* Allocate storage for CPU status register    
 231:./ucOSII/Core/os_flag.c ****     OS_CPU_SR    cpu_sr = 0u;
 342              		.loc 1 231 18
ARM GAS  /var/folders/yl/_q9l42k90g1g4mdhbs226msm0000gn/T//ccvymW0p.s 			page 11


 343 000c 0023     		movs	r3, #0
 344 000e FB60     		str	r3, [r7, #12]
 232:./ucOSII/Core/os_flag.c **** #endif
 233:./ucOSII/Core/os_flag.c **** 
 234:./ucOSII/Core/os_flag.c **** 
 235:./ucOSII/Core/os_flag.c **** 
 236:./ucOSII/Core/os_flag.c **** #ifdef OS_SAFETY_CRITICAL
 237:./ucOSII/Core/os_flag.c ****     if (perr == (INT8U *)0) {
 238:./ucOSII/Core/os_flag.c ****         OS_SAFETY_CRITICAL_EXCEPTION();
 239:./ucOSII/Core/os_flag.c ****         return ((OS_FLAG_GRP *)0);
 240:./ucOSII/Core/os_flag.c ****     }
 241:./ucOSII/Core/os_flag.c **** #endif
 242:./ucOSII/Core/os_flag.c **** 
 243:./ucOSII/Core/os_flag.c **** #ifdef OS_SAFETY_CRITICAL_IEC61508
 244:./ucOSII/Core/os_flag.c ****     if (OSSafetyCriticalStartFlag == OS_TRUE) {
 245:./ucOSII/Core/os_flag.c ****         OS_SAFETY_CRITICAL_EXCEPTION();
 246:./ucOSII/Core/os_flag.c ****         *perr = OS_ERR_ILLEGAL_CREATE_RUN_TIME;
 247:./ucOSII/Core/os_flag.c ****         return ((OS_FLAG_GRP *)0);
 248:./ucOSII/Core/os_flag.c ****     }
 249:./ucOSII/Core/os_flag.c **** #endif
 250:./ucOSII/Core/os_flag.c **** 
 251:./ucOSII/Core/os_flag.c ****     if (OSIntNesting > 0u) {                        /* See if called from ISR ...                  
 345              		.loc 1 251 22
 346 0010 1E4B     		ldr	r3, .L27
 347 0012 1B78     		ldrb	r3, [r3]	@ zero_extendqisi2
 348              		.loc 1 251 8
 349 0014 002B     		cmp	r3, #0
 350 0016 04D0     		beq	.L23
 252:./ucOSII/Core/os_flag.c ****         *perr = OS_ERR_CREATE_ISR;                  /* ... can't CREATE from an ISR                
 351              		.loc 1 252 15
 352 0018 3B68     		ldr	r3, [r7]
 353 001a 1022     		movs	r2, #16
 354 001c 1A70     		strb	r2, [r3]
 253:./ucOSII/Core/os_flag.c ****         return ((OS_FLAG_GRP *)0);
 355              		.loc 1 253 16
 356 001e 0023     		movs	r3, #0
 357 0020 2FE0     		b	.L24
 358              	.L23:
 254:./ucOSII/Core/os_flag.c ****     }
 255:./ucOSII/Core/os_flag.c ****     OS_ENTER_CRITICAL();
 359              		.loc 1 255 5
 360 0022 4020     		movs	r0, #64
 361 0024 FFF7FEFF 		bl	OS_CPU_SR_Save
 362 0028 F860     		str	r0, [r7, #12]
 256:./ucOSII/Core/os_flag.c ****     pgrp = OSFlagFreeList;                          /* Get next free event flag                    
 363              		.loc 1 256 10
 364 002a 194B     		ldr	r3, .L27+4
 365 002c 1B68     		ldr	r3, [r3]
 366 002e BB60     		str	r3, [r7, #8]
 257:./ucOSII/Core/os_flag.c ****     if (pgrp != (OS_FLAG_GRP *)0) {                 /* See if we have event flag groups available  
 367              		.loc 1 257 8
 368 0030 BB68     		ldr	r3, [r7, #8]
 369 0032 002B     		cmp	r3, #0
 370 0034 1ED0     		beq	.L25
 258:./ucOSII/Core/os_flag.c ****                                                     /* Adjust free list                            
 259:./ucOSII/Core/os_flag.c ****         OSFlagFreeList       = (OS_FLAG_GRP *)OSFlagFreeList->OSFlagWaitList;
 371              		.loc 1 259 61
ARM GAS  /var/folders/yl/_q9l42k90g1g4mdhbs226msm0000gn/T//ccvymW0p.s 			page 12


 372 0036 164B     		ldr	r3, .L27+4
 373 0038 1B68     		ldr	r3, [r3]
 374 003a 5B68     		ldr	r3, [r3, #4]
 375              		.loc 1 259 30
 376 003c 144A     		ldr	r2, .L27+4
 377 003e 1360     		str	r3, [r2]
 260:./ucOSII/Core/os_flag.c ****         pgrp->OSFlagType     = OS_EVENT_TYPE_FLAG;  /* Set to event flag group type                
 378              		.loc 1 260 30
 379 0040 BB68     		ldr	r3, [r7, #8]
 380 0042 0522     		movs	r2, #5
 381 0044 1A70     		strb	r2, [r3]
 261:./ucOSII/Core/os_flag.c ****         pgrp->OSFlagFlags    = flags;               /* Set to desired initial value                
 382              		.loc 1 261 30
 383 0046 BB68     		ldr	r3, [r7, #8]
 384 0048 FA88     		ldrh	r2, [r7, #6]	@ movhi
 385 004a 1A81     		strh	r2, [r3, #8]	@ movhi
 262:./ucOSII/Core/os_flag.c ****         pgrp->OSFlagWaitList = (void *)0;           /* Clear list of tasks waiting on flags        
 386              		.loc 1 262 30
 387 004c BB68     		ldr	r3, [r7, #8]
 388 004e 0022     		movs	r2, #0
 389 0050 5A60     		str	r2, [r3, #4]
 263:./ucOSII/Core/os_flag.c **** #if OS_FLAG_NAME_EN > 0u
 264:./ucOSII/Core/os_flag.c ****         pgrp->OSFlagName     = (INT8U *)(void *)"?";
 390              		.loc 1 264 30
 391 0052 BB68     		ldr	r3, [r7, #8]
 392 0054 0F4A     		ldr	r2, .L27+8
 393 0056 DA60     		str	r2, [r3, #12]
 265:./ucOSII/Core/os_flag.c **** #endif
 266:./ucOSII/Core/os_flag.c ****         OS_TRACE_FLAG_CREATE(pgrp, pgrp->OSFlagName);
 394              		.loc 1 266 9
 395 0058 B968     		ldr	r1, [r7, #8]
 396 005a BB68     		ldr	r3, [r7, #8]
 397 005c DB68     		ldr	r3, [r3, #12]
 398 005e 1A46     		mov	r2, r3
 399 0060 3820     		movs	r0, #56
 400 0062 FFF7FEFF 		bl	SYSVIEW_RecordU32Register
 267:./ucOSII/Core/os_flag.c ****         OS_EXIT_CRITICAL();
 401              		.loc 1 267 9
 402 0066 F868     		ldr	r0, [r7, #12]
 403 0068 FFF7FEFF 		bl	OS_CPU_SR_Restore
 268:./ucOSII/Core/os_flag.c ****         *perr                = OS_ERR_NONE;
 404              		.loc 1 268 30
 405 006c 3B68     		ldr	r3, [r7]
 406 006e 0022     		movs	r2, #0
 407 0070 1A70     		strb	r2, [r3]
 408 0072 05E0     		b	.L26
 409              	.L25:
 269:./ucOSII/Core/os_flag.c ****     } else {
 270:./ucOSII/Core/os_flag.c ****         OS_EXIT_CRITICAL();
 410              		.loc 1 270 9
 411 0074 F868     		ldr	r0, [r7, #12]
 412 0076 FFF7FEFF 		bl	OS_CPU_SR_Restore
 271:./ucOSII/Core/os_flag.c ****         *perr                = OS_ERR_FLAG_GRP_DEPLETED;
 413              		.loc 1 271 30
 414 007a 3B68     		ldr	r3, [r7]
 415 007c 7222     		movs	r2, #114
 416 007e 1A70     		strb	r2, [r3]
ARM GAS  /var/folders/yl/_q9l42k90g1g4mdhbs226msm0000gn/T//ccvymW0p.s 			page 13


 417              	.L26:
 272:./ucOSII/Core/os_flag.c ****     }
 273:./ucOSII/Core/os_flag.c ****     return (pgrp);                                  /* Return pointer to event flag group          
 418              		.loc 1 273 12
 419 0080 BB68     		ldr	r3, [r7, #8]
 420              	.L24:
 274:./ucOSII/Core/os_flag.c **** }
 421              		.loc 1 274 1
 422 0082 1846     		mov	r0, r3
 423 0084 1037     		adds	r7, r7, #16
 424              	.LCFI8:
 425              		.cfi_def_cfa_offset 8
 426 0086 BD46     		mov	sp, r7
 427              	.LCFI9:
 428              		.cfi_def_cfa_register 13
 429              		@ sp needed
 430 0088 80BD     		pop	{r7, pc}
 431              	.L28:
 432 008a 00BF     		.align	2
 433              	.L27:
 434 008c 00000000 		.word	OSIntNesting
 435 0090 00000000 		.word	OSFlagFreeList
 436 0094 00000000 		.word	.LC0
 437              		.cfi_endproc
 438              	.LFE4:
 440              		.section	.text.OSFlagDel,"ax",%progbits
 441              		.align	1
 442              		.global	OSFlagDel
 443              		.syntax unified
 444              		.thumb
 445              		.thumb_func
 447              	OSFlagDel:
 448              	.LFB5:
 275:./ucOSII/Core/os_flag.c **** 
 276:./ucOSII/Core/os_flag.c **** 
 277:./ucOSII/Core/os_flag.c **** /*
 278:./ucOSII/Core/os_flag.c **** ***************************************************************************************************
 279:./ucOSII/Core/os_flag.c **** *                                     DELETE AN EVENT FLAG GROUP
 280:./ucOSII/Core/os_flag.c **** *
 281:./ucOSII/Core/os_flag.c **** * Description: This function deletes an event flag group and readies all tasks pending on the event
 282:./ucOSII/Core/os_flag.c **** *              group.
 283:./ucOSII/Core/os_flag.c **** *
 284:./ucOSII/Core/os_flag.c **** * Arguments  : pgrp          is a pointer to the desired event flag group.
 285:./ucOSII/Core/os_flag.c **** *
 286:./ucOSII/Core/os_flag.c **** *              opt           determines delete options as follows:
 287:./ucOSII/Core/os_flag.c **** *                            opt == OS_DEL_NO_PEND   Deletes the event flag group ONLY if no task p
 288:./ucOSII/Core/os_flag.c **** *                            opt == OS_DEL_ALWAYS    Deletes the event flag group even if tasks are
 289:./ucOSII/Core/os_flag.c **** *                                                    waiting.  In this case, all the tasks pending 
 290:./ucOSII/Core/os_flag.c **** *                                                    readied.
 291:./ucOSII/Core/os_flag.c **** *
 292:./ucOSII/Core/os_flag.c **** *              perr          is a pointer to an error code that can contain one of the following va
 293:./ucOSII/Core/os_flag.c **** *                            OS_ERR_NONE                  The call was successful and the event fla
 294:./ucOSII/Core/os_flag.c **** *                                                         deleted
 295:./ucOSII/Core/os_flag.c **** *                            OS_ERR_DEL_ISR               If you attempted to delete the event flag
 296:./ucOSII/Core/os_flag.c **** *                                                         an ISR
 297:./ucOSII/Core/os_flag.c **** *                            OS_ERR_FLAG_INVALID_PGRP     If 'pgrp' is a NULL pointer.
 298:./ucOSII/Core/os_flag.c **** *                            OS_ERR_EVENT_TYPE            If you didn't pass a pointer to an event 
ARM GAS  /var/folders/yl/_q9l42k90g1g4mdhbs226msm0000gn/T//ccvymW0p.s 			page 14


 299:./ucOSII/Core/os_flag.c **** *                            OS_ERR_ILLEGAL_DEL_RUN_TIME  If you tried to delete an event flag afte
 300:./ucOSII/Core/os_flag.c **** *                                                         safety critical operation started.
 301:./ucOSII/Core/os_flag.c **** *                            OS_ERR_INVALID_OPT           An invalid option was specified
 302:./ucOSII/Core/os_flag.c **** *                            OS_ERR_TASK_WAITING          One or more tasks were waiting on the eve
 303:./ucOSII/Core/os_flag.c **** *                                                         group.
 304:./ucOSII/Core/os_flag.c **** *
 305:./ucOSII/Core/os_flag.c **** * Returns    : pgrp          upon error
 306:./ucOSII/Core/os_flag.c **** *              (OS_EVENT *)0 if the event flag group was successfully deleted.
 307:./ucOSII/Core/os_flag.c **** *
 308:./ucOSII/Core/os_flag.c **** * Note(s)    : 1) This function must be used with care.  Tasks that would normally expect the prese
 309:./ucOSII/Core/os_flag.c **** *                 the event flag group MUST check the return code of OSFlagAccept() and OSFlagPend(
 310:./ucOSII/Core/os_flag.c **** *              2) This call can potentially disable interrupts for a long time.  The interrupt disa
 311:./ucOSII/Core/os_flag.c **** *                 time is directly proportional to the number of tasks waiting on the event flag gr
 312:./ucOSII/Core/os_flag.c **** *              3) All tasks that were waiting for the event flag will be readied and returned an
 313:./ucOSII/Core/os_flag.c **** *                 OS_ERR_PEND_ABORT if OSFlagDel() was called with OS_DEL_ALWAYS
 314:./ucOSII/Core/os_flag.c **** ***************************************************************************************************
 315:./ucOSII/Core/os_flag.c **** */
 316:./ucOSII/Core/os_flag.c **** 
 317:./ucOSII/Core/os_flag.c **** #if OS_FLAG_DEL_EN > 0u
 318:./ucOSII/Core/os_flag.c **** OS_FLAG_GRP  *OSFlagDel (OS_FLAG_GRP  *pgrp,
 319:./ucOSII/Core/os_flag.c ****                          INT8U         opt,
 320:./ucOSII/Core/os_flag.c ****                          INT8U        *perr)
 321:./ucOSII/Core/os_flag.c **** {
 449              		.loc 1 321 1
 450              		.cfi_startproc
 451              		@ args = 0, pretend = 0, frame = 32
 452              		@ frame_needed = 1, uses_anonymous_args = 0
 453 0000 80B5     		push	{r7, lr}
 454              	.LCFI10:
 455              		.cfi_def_cfa_offset 8
 456              		.cfi_offset 7, -8
 457              		.cfi_offset 14, -4
 458 0002 88B0     		sub	sp, sp, #32
 459              	.LCFI11:
 460              		.cfi_def_cfa_offset 40
 461 0004 00AF     		add	r7, sp, #0
 462              	.LCFI12:
 463              		.cfi_def_cfa_register 7
 464 0006 F860     		str	r0, [r7, #12]
 465 0008 0B46     		mov	r3, r1
 466 000a 7A60     		str	r2, [r7, #4]
 467 000c FB72     		strb	r3, [r7, #11]
 322:./ucOSII/Core/os_flag.c ****     BOOLEAN       tasks_waiting;
 323:./ucOSII/Core/os_flag.c ****     OS_FLAG_NODE *pnode;
 324:./ucOSII/Core/os_flag.c ****     OS_FLAG_GRP  *pgrp_return;
 325:./ucOSII/Core/os_flag.c **** #if OS_CRITICAL_METHOD == 3u                               /* Allocate storage for CPU status regis
 326:./ucOSII/Core/os_flag.c ****     OS_CPU_SR     cpu_sr = 0u;
 468              		.loc 1 326 19
 469 000e 0023     		movs	r3, #0
 470 0010 3B61     		str	r3, [r7, #16]
 327:./ucOSII/Core/os_flag.c **** #endif
 328:./ucOSII/Core/os_flag.c **** 
 329:./ucOSII/Core/os_flag.c **** 
 330:./ucOSII/Core/os_flag.c **** #ifdef OS_SAFETY_CRITICAL
 331:./ucOSII/Core/os_flag.c ****     if (perr == (INT8U *)0) {
 332:./ucOSII/Core/os_flag.c ****         OS_SAFETY_CRITICAL_EXCEPTION();
 333:./ucOSII/Core/os_flag.c ****         return ((OS_FLAG_GRP *)0);
ARM GAS  /var/folders/yl/_q9l42k90g1g4mdhbs226msm0000gn/T//ccvymW0p.s 			page 15


 334:./ucOSII/Core/os_flag.c ****     }
 335:./ucOSII/Core/os_flag.c **** #endif
 336:./ucOSII/Core/os_flag.c **** 
 337:./ucOSII/Core/os_flag.c **** #ifdef OS_SAFETY_CRITICAL_IEC61508
 338:./ucOSII/Core/os_flag.c ****     if (OSSafetyCriticalStartFlag == OS_TRUE) {
 339:./ucOSII/Core/os_flag.c ****         OS_SAFETY_CRITICAL_EXCEPTION();
 340:./ucOSII/Core/os_flag.c ****         *perr = OS_ERR_ILLEGAL_DEL_RUN_TIME;
 341:./ucOSII/Core/os_flag.c ****         return ((OS_FLAG_GRP *)0);
 342:./ucOSII/Core/os_flag.c ****     }
 343:./ucOSII/Core/os_flag.c **** #endif
 344:./ucOSII/Core/os_flag.c **** 
 345:./ucOSII/Core/os_flag.c **** #if OS_ARG_CHK_EN > 0u
 346:./ucOSII/Core/os_flag.c ****     if (pgrp == (OS_FLAG_GRP *)0) {                        /* Validate 'pgrp'                      
 471              		.loc 1 346 8
 472 0012 FB68     		ldr	r3, [r7, #12]
 473 0014 002B     		cmp	r3, #0
 474 0016 04D1     		bne	.L30
 347:./ucOSII/Core/os_flag.c ****         *perr = OS_ERR_FLAG_INVALID_PGRP;
 475              		.loc 1 347 15
 476 0018 7B68     		ldr	r3, [r7, #4]
 477 001a 6E22     		movs	r2, #110
 478 001c 1A70     		strb	r2, [r3]
 348:./ucOSII/Core/os_flag.c ****         return (pgrp);
 479              		.loc 1 348 16
 480 001e FB68     		ldr	r3, [r7, #12]
 481 0020 9CE0     		b	.L31
 482              	.L30:
 349:./ucOSII/Core/os_flag.c ****     }
 350:./ucOSII/Core/os_flag.c **** #endif
 351:./ucOSII/Core/os_flag.c **** 
 352:./ucOSII/Core/os_flag.c ****     OS_TRACE_FLAG_DEL_ENTER(pgrp, opt);
 483              		.loc 1 352 5
 484 0022 FB68     		ldr	r3, [r7, #12]
 485 0024 1846     		mov	r0, r3
 486 0026 FFF7FEFF 		bl	SEGGER_SYSVIEW_ShrinkId
 487 002a 0146     		mov	r1, r0
 488 002c FB7A     		ldrb	r3, [r7, #11]	@ zero_extendqisi2
 489 002e 1A46     		mov	r2, r3
 490 0030 3920     		movs	r0, #57
 491 0032 FFF7FEFF 		bl	SEGGER_SYSVIEW_RecordU32x2
 353:./ucOSII/Core/os_flag.c **** 
 354:./ucOSII/Core/os_flag.c ****     if (OSIntNesting > 0u) {                               /* See if called from ISR ...           
 492              		.loc 1 354 22
 493 0036 4B4B     		ldr	r3, .L46
 494 0038 1B78     		ldrb	r3, [r3]	@ zero_extendqisi2
 495              		.loc 1 354 8
 496 003a 002B     		cmp	r3, #0
 497 003c 0AD0     		beq	.L32
 355:./ucOSII/Core/os_flag.c ****         *perr = OS_ERR_DEL_ISR;                            /* ... can't DELETE from an ISR         
 498              		.loc 1 355 15
 499 003e 7B68     		ldr	r3, [r7, #4]
 500 0040 0F22     		movs	r2, #15
 501 0042 1A70     		strb	r2, [r3]
 356:./ucOSII/Core/os_flag.c ****         OS_TRACE_FLAG_DEL_EXIT(*perr);
 502              		.loc 1 356 9
 503 0044 7B68     		ldr	r3, [r7, #4]
 504 0046 1B78     		ldrb	r3, [r3]	@ zero_extendqisi2
ARM GAS  /var/folders/yl/_q9l42k90g1g4mdhbs226msm0000gn/T//ccvymW0p.s 			page 16


 505 0048 1946     		mov	r1, r3
 506 004a 3920     		movs	r0, #57
 507 004c FFF7FEFF 		bl	SEGGER_SYSVIEW_RecordEndCallU32
 357:./ucOSII/Core/os_flag.c ****         return (pgrp);
 508              		.loc 1 357 16
 509 0050 FB68     		ldr	r3, [r7, #12]
 510 0052 83E0     		b	.L31
 511              	.L32:
 358:./ucOSII/Core/os_flag.c ****     }
 359:./ucOSII/Core/os_flag.c ****     if (pgrp->OSFlagType != OS_EVENT_TYPE_FLAG) {          /* Validate event group type            
 512              		.loc 1 359 13
 513 0054 FB68     		ldr	r3, [r7, #12]
 514 0056 1B78     		ldrb	r3, [r3]	@ zero_extendqisi2
 515              		.loc 1 359 8
 516 0058 052B     		cmp	r3, #5
 517 005a 0AD0     		beq	.L33
 360:./ucOSII/Core/os_flag.c ****         *perr = OS_ERR_EVENT_TYPE;
 518              		.loc 1 360 15
 519 005c 7B68     		ldr	r3, [r7, #4]
 520 005e 0122     		movs	r2, #1
 521 0060 1A70     		strb	r2, [r3]
 361:./ucOSII/Core/os_flag.c ****         OS_TRACE_FLAG_DEL_EXIT(*perr);
 522              		.loc 1 361 9
 523 0062 7B68     		ldr	r3, [r7, #4]
 524 0064 1B78     		ldrb	r3, [r3]	@ zero_extendqisi2
 525 0066 1946     		mov	r1, r3
 526 0068 3920     		movs	r0, #57
 527 006a FFF7FEFF 		bl	SEGGER_SYSVIEW_RecordEndCallU32
 362:./ucOSII/Core/os_flag.c ****         return (pgrp);
 528              		.loc 1 362 16
 529 006e FB68     		ldr	r3, [r7, #12]
 530 0070 74E0     		b	.L31
 531              	.L33:
 363:./ucOSII/Core/os_flag.c ****     }
 364:./ucOSII/Core/os_flag.c ****     OS_ENTER_CRITICAL();
 532              		.loc 1 364 5
 533 0072 4020     		movs	r0, #64
 534 0074 FFF7FEFF 		bl	OS_CPU_SR_Save
 535 0078 3861     		str	r0, [r7, #16]
 365:./ucOSII/Core/os_flag.c ****     if (pgrp->OSFlagWaitList != (void *)0) {               /* See if any tasks waiting on event fla
 536              		.loc 1 365 13
 537 007a FB68     		ldr	r3, [r7, #12]
 538 007c 5B68     		ldr	r3, [r3, #4]
 539              		.loc 1 365 8
 540 007e 002B     		cmp	r3, #0
 541 0080 02D0     		beq	.L34
 366:./ucOSII/Core/os_flag.c ****         tasks_waiting = OS_TRUE;                           /* Yes                                  
 542              		.loc 1 366 23
 543 0082 0123     		movs	r3, #1
 544 0084 FB77     		strb	r3, [r7, #31]
 545 0086 01E0     		b	.L35
 546              	.L34:
 367:./ucOSII/Core/os_flag.c ****     } else {
 368:./ucOSII/Core/os_flag.c ****         tasks_waiting = OS_FALSE;                          /* No                                   
 547              		.loc 1 368 23
 548 0088 0023     		movs	r3, #0
 549 008a FB77     		strb	r3, [r7, #31]
ARM GAS  /var/folders/yl/_q9l42k90g1g4mdhbs226msm0000gn/T//ccvymW0p.s 			page 17


 550              	.L35:
 369:./ucOSII/Core/os_flag.c ****     }
 370:./ucOSII/Core/os_flag.c ****     switch (opt) {
 551              		.loc 1 370 5
 552 008c FB7A     		ldrb	r3, [r7, #11]	@ zero_extendqisi2
 553 008e 002B     		cmp	r3, #0
 554 0090 02D0     		beq	.L36
 555 0092 012B     		cmp	r3, #1
 556 0094 25D0     		beq	.L37
 557 0096 51E0     		b	.L45
 558              	.L36:
 371:./ucOSII/Core/os_flag.c ****         case OS_DEL_NO_PEND:                               /* Delete group if no task waiting      
 372:./ucOSII/Core/os_flag.c ****              if (tasks_waiting == OS_FALSE) {
 559              		.loc 1 372 17
 560 0098 FB7F     		ldrb	r3, [r7, #31]	@ zero_extendqisi2
 561 009a 002B     		cmp	r3, #0
 562 009c 18D1     		bne	.L39
 373:./ucOSII/Core/os_flag.c **** #if OS_FLAG_NAME_EN > 0u
 374:./ucOSII/Core/os_flag.c ****                  pgrp->OSFlagName     = (INT8U *)(void *)"?";
 563              		.loc 1 374 39
 564 009e FB68     		ldr	r3, [r7, #12]
 565 00a0 314A     		ldr	r2, .L46+4
 566 00a2 DA60     		str	r2, [r3, #12]
 375:./ucOSII/Core/os_flag.c **** #endif
 376:./ucOSII/Core/os_flag.c ****                  pgrp->OSFlagType     = OS_EVENT_TYPE_UNUSED;
 567              		.loc 1 376 39
 568 00a4 FB68     		ldr	r3, [r7, #12]
 569 00a6 0022     		movs	r2, #0
 570 00a8 1A70     		strb	r2, [r3]
 377:./ucOSII/Core/os_flag.c ****                  pgrp->OSFlagWaitList = (void *)OSFlagFreeList; /* Return group to free list       
 571              		.loc 1 377 39
 572 00aa 304B     		ldr	r3, .L46+8
 573 00ac 1A68     		ldr	r2, [r3]
 574 00ae FB68     		ldr	r3, [r7, #12]
 575 00b0 5A60     		str	r2, [r3, #4]
 378:./ucOSII/Core/os_flag.c ****                  pgrp->OSFlagFlags    = (OS_FLAGS)0;
 576              		.loc 1 378 39
 577 00b2 FB68     		ldr	r3, [r7, #12]
 578 00b4 0022     		movs	r2, #0
 579 00b6 1A81     		strh	r2, [r3, #8]	@ movhi
 379:./ucOSII/Core/os_flag.c ****                  OSFlagFreeList       = pgrp;
 580              		.loc 1 379 39
 581 00b8 2C4A     		ldr	r2, .L46+8
 582 00ba FB68     		ldr	r3, [r7, #12]
 583 00bc 1360     		str	r3, [r2]
 380:./ucOSII/Core/os_flag.c ****                  OS_EXIT_CRITICAL();
 584              		.loc 1 380 18
 585 00be 3869     		ldr	r0, [r7, #16]
 586 00c0 FFF7FEFF 		bl	OS_CPU_SR_Restore
 381:./ucOSII/Core/os_flag.c ****                  *perr                = OS_ERR_NONE;
 587              		.loc 1 381 39
 588 00c4 7B68     		ldr	r3, [r7, #4]
 589 00c6 0022     		movs	r2, #0
 590 00c8 1A70     		strb	r2, [r3]
 382:./ucOSII/Core/os_flag.c ****                  pgrp_return          = (OS_FLAG_GRP *)0;  /* Event Flag Group has been deleted    
 591              		.loc 1 382 39
 592 00ca 0023     		movs	r3, #0
ARM GAS  /var/folders/yl/_q9l42k90g1g4mdhbs226msm0000gn/T//ccvymW0p.s 			page 18


 593 00cc 7B61     		str	r3, [r7, #20]
 383:./ucOSII/Core/os_flag.c ****              } else {
 384:./ucOSII/Core/os_flag.c ****                  OS_EXIT_CRITICAL();
 385:./ucOSII/Core/os_flag.c ****                  *perr                = OS_ERR_TASK_WAITING;
 386:./ucOSII/Core/os_flag.c ****                  pgrp_return          = pgrp;
 387:./ucOSII/Core/os_flag.c ****              }
 388:./ucOSII/Core/os_flag.c ****              break;
 594              		.loc 1 388 14
 595 00ce 3EE0     		b	.L41
 596              	.L39:
 384:./ucOSII/Core/os_flag.c ****                  *perr                = OS_ERR_TASK_WAITING;
 597              		.loc 1 384 18
 598 00d0 3869     		ldr	r0, [r7, #16]
 599 00d2 FFF7FEFF 		bl	OS_CPU_SR_Restore
 385:./ucOSII/Core/os_flag.c ****                  pgrp_return          = pgrp;
 600              		.loc 1 385 39
 601 00d6 7B68     		ldr	r3, [r7, #4]
 602 00d8 4922     		movs	r2, #73
 603 00da 1A70     		strb	r2, [r3]
 386:./ucOSII/Core/os_flag.c ****              }
 604              		.loc 1 386 39
 605 00dc FB68     		ldr	r3, [r7, #12]
 606 00de 7B61     		str	r3, [r7, #20]
 607              		.loc 1 388 14
 608 00e0 35E0     		b	.L41
 609              	.L37:
 389:./ucOSII/Core/os_flag.c **** 
 390:./ucOSII/Core/os_flag.c ****         case OS_DEL_ALWAYS:                                /* Always delete the event flag group   
 391:./ucOSII/Core/os_flag.c ****              pnode = (OS_FLAG_NODE *)pgrp->OSFlagWaitList;
 610              		.loc 1 391 20
 611 00e2 FB68     		ldr	r3, [r7, #12]
 612 00e4 5B68     		ldr	r3, [r3, #4]
 613 00e6 BB61     		str	r3, [r7, #24]
 392:./ucOSII/Core/os_flag.c ****              while (pnode != (OS_FLAG_NODE *)0) {          /* Ready ALL tasks waiting for flags    
 614              		.loc 1 392 20
 615 00e8 07E0     		b	.L42
 616              	.L43:
 393:./ucOSII/Core/os_flag.c ****                  (void)OS_FlagTaskRdy(pnode, (OS_FLAGS)0, OS_STAT_PEND_ABORT);
 617              		.loc 1 393 24
 618 00ea 0222     		movs	r2, #2
 619 00ec 0021     		movs	r1, #0
 620 00ee B869     		ldr	r0, [r7, #24]
 621 00f0 FFF7FEFF 		bl	OS_FlagTaskRdy
 394:./ucOSII/Core/os_flag.c ****                  pnode = (OS_FLAG_NODE *)pnode->OSFlagNodeNext;
 622              		.loc 1 394 24
 623 00f4 BB69     		ldr	r3, [r7, #24]
 624 00f6 1B68     		ldr	r3, [r3]
 625 00f8 BB61     		str	r3, [r7, #24]
 626              	.L42:
 392:./ucOSII/Core/os_flag.c ****              while (pnode != (OS_FLAG_NODE *)0) {          /* Ready ALL tasks waiting for flags    
 627              		.loc 1 392 20
 628 00fa BB69     		ldr	r3, [r7, #24]
 629 00fc 002B     		cmp	r3, #0
 630 00fe F4D1     		bne	.L43
 395:./ucOSII/Core/os_flag.c ****              }
 396:./ucOSII/Core/os_flag.c **** #if OS_FLAG_NAME_EN > 0u
 397:./ucOSII/Core/os_flag.c ****              pgrp->OSFlagName     = (INT8U *)(void *)"?";
ARM GAS  /var/folders/yl/_q9l42k90g1g4mdhbs226msm0000gn/T//ccvymW0p.s 			page 19


 631              		.loc 1 397 35
 632 0100 FB68     		ldr	r3, [r7, #12]
 633 0102 194A     		ldr	r2, .L46+4
 634 0104 DA60     		str	r2, [r3, #12]
 398:./ucOSII/Core/os_flag.c **** #endif
 399:./ucOSII/Core/os_flag.c ****              pgrp->OSFlagType     = OS_EVENT_TYPE_UNUSED;
 635              		.loc 1 399 35
 636 0106 FB68     		ldr	r3, [r7, #12]
 637 0108 0022     		movs	r2, #0
 638 010a 1A70     		strb	r2, [r3]
 400:./ucOSII/Core/os_flag.c ****              pgrp->OSFlagWaitList = (void *)OSFlagFreeList;/* Return group to free list            
 639              		.loc 1 400 35
 640 010c 174B     		ldr	r3, .L46+8
 641 010e 1A68     		ldr	r2, [r3]
 642 0110 FB68     		ldr	r3, [r7, #12]
 643 0112 5A60     		str	r2, [r3, #4]
 401:./ucOSII/Core/os_flag.c ****              pgrp->OSFlagFlags    = (OS_FLAGS)0;
 644              		.loc 1 401 35
 645 0114 FB68     		ldr	r3, [r7, #12]
 646 0116 0022     		movs	r2, #0
 647 0118 1A81     		strh	r2, [r3, #8]	@ movhi
 402:./ucOSII/Core/os_flag.c ****              OSFlagFreeList       = pgrp;
 648              		.loc 1 402 35
 649 011a 144A     		ldr	r2, .L46+8
 650 011c FB68     		ldr	r3, [r7, #12]
 651 011e 1360     		str	r3, [r2]
 403:./ucOSII/Core/os_flag.c ****              OS_EXIT_CRITICAL();
 652              		.loc 1 403 14
 653 0120 3869     		ldr	r0, [r7, #16]
 654 0122 FFF7FEFF 		bl	OS_CPU_SR_Restore
 404:./ucOSII/Core/os_flag.c ****              if (tasks_waiting == OS_TRUE) {               /* Reschedule only if task(s) were waiti
 655              		.loc 1 404 17
 656 0126 FB7F     		ldrb	r3, [r7, #31]	@ zero_extendqisi2
 657 0128 012B     		cmp	r3, #1
 658 012a 01D1     		bne	.L44
 405:./ucOSII/Core/os_flag.c ****                  OS_Sched();                               /* Find highest priority task ready to r
 659              		.loc 1 405 18
 660 012c FFF7FEFF 		bl	OS_Sched
 661              	.L44:
 406:./ucOSII/Core/os_flag.c ****              }
 407:./ucOSII/Core/os_flag.c ****              *perr = OS_ERR_NONE;
 662              		.loc 1 407 20
 663 0130 7B68     		ldr	r3, [r7, #4]
 664 0132 0022     		movs	r2, #0
 665 0134 1A70     		strb	r2, [r3]
 408:./ucOSII/Core/os_flag.c ****              pgrp_return          = (OS_FLAG_GRP *)0;      /* Event Flag Group has been deleted    
 666              		.loc 1 408 35
 667 0136 0023     		movs	r3, #0
 668 0138 7B61     		str	r3, [r7, #20]
 409:./ucOSII/Core/os_flag.c ****              break;
 669              		.loc 1 409 14
 670 013a 08E0     		b	.L41
 671              	.L45:
 410:./ucOSII/Core/os_flag.c **** 
 411:./ucOSII/Core/os_flag.c ****         default:
 412:./ucOSII/Core/os_flag.c ****              OS_EXIT_CRITICAL();
 672              		.loc 1 412 14
ARM GAS  /var/folders/yl/_q9l42k90g1g4mdhbs226msm0000gn/T//ccvymW0p.s 			page 20


 673 013c 3869     		ldr	r0, [r7, #16]
 674 013e FFF7FEFF 		bl	OS_CPU_SR_Restore
 413:./ucOSII/Core/os_flag.c ****              *perr                = OS_ERR_INVALID_OPT;
 675              		.loc 1 413 35
 676 0142 7B68     		ldr	r3, [r7, #4]
 677 0144 0722     		movs	r2, #7
 678 0146 1A70     		strb	r2, [r3]
 414:./ucOSII/Core/os_flag.c ****              pgrp_return          = pgrp;
 679              		.loc 1 414 35
 680 0148 FB68     		ldr	r3, [r7, #12]
 681 014a 7B61     		str	r3, [r7, #20]
 415:./ucOSII/Core/os_flag.c ****              break;
 682              		.loc 1 415 14
 683 014c 00BF     		nop
 684              	.L41:
 416:./ucOSII/Core/os_flag.c ****     }
 417:./ucOSII/Core/os_flag.c **** 
 418:./ucOSII/Core/os_flag.c ****     OS_TRACE_FLAG_DEL_EXIT(*perr);
 685              		.loc 1 418 5
 686 014e 7B68     		ldr	r3, [r7, #4]
 687 0150 1B78     		ldrb	r3, [r3]	@ zero_extendqisi2
 688 0152 1946     		mov	r1, r3
 689 0154 3920     		movs	r0, #57
 690 0156 FFF7FEFF 		bl	SEGGER_SYSVIEW_RecordEndCallU32
 419:./ucOSII/Core/os_flag.c **** 
 420:./ucOSII/Core/os_flag.c ****     return (pgrp_return);
 691              		.loc 1 420 12
 692 015a 7B69     		ldr	r3, [r7, #20]
 693              	.L31:
 421:./ucOSII/Core/os_flag.c **** }
 694              		.loc 1 421 1
 695 015c 1846     		mov	r0, r3
 696 015e 2037     		adds	r7, r7, #32
 697              	.LCFI13:
 698              		.cfi_def_cfa_offset 8
 699 0160 BD46     		mov	sp, r7
 700              	.LCFI14:
 701              		.cfi_def_cfa_register 13
 702              		@ sp needed
 703 0162 80BD     		pop	{r7, pc}
 704              	.L47:
 705              		.align	2
 706              	.L46:
 707 0164 00000000 		.word	OSIntNesting
 708 0168 00000000 		.word	.LC0
 709 016c 00000000 		.word	OSFlagFreeList
 710              		.cfi_endproc
 711              	.LFE5:
 713              		.section	.text.OSFlagNameGet,"ax",%progbits
 714              		.align	1
 715              		.global	OSFlagNameGet
 716              		.syntax unified
 717              		.thumb
 718              		.thumb_func
 720              	OSFlagNameGet:
 721              	.LFB6:
 422:./ucOSII/Core/os_flag.c **** #endif
ARM GAS  /var/folders/yl/_q9l42k90g1g4mdhbs226msm0000gn/T//ccvymW0p.s 			page 21


 423:./ucOSII/Core/os_flag.c **** 
 424:./ucOSII/Core/os_flag.c **** 
 425:./ucOSII/Core/os_flag.c **** /*
 426:./ucOSII/Core/os_flag.c **** ***************************************************************************************************
 427:./ucOSII/Core/os_flag.c **** *                                 GET THE NAME OF AN EVENT FLAG GROUP
 428:./ucOSII/Core/os_flag.c **** *
 429:./ucOSII/Core/os_flag.c **** * Description: This function is used to obtain the name assigned to an event flag group
 430:./ucOSII/Core/os_flag.c **** *
 431:./ucOSII/Core/os_flag.c **** * Arguments  : pgrp      is a pointer to the event flag group.
 432:./ucOSII/Core/os_flag.c **** *
 433:./ucOSII/Core/os_flag.c **** *              pname     is pointer to a pointer to an ASCII string that will receive the name of t
 434:./ucOSII/Core/os_flag.c **** *                        group.
 435:./ucOSII/Core/os_flag.c **** *
 436:./ucOSII/Core/os_flag.c **** *              perr      is a pointer to an error code that can contain one of the following values
 437:./ucOSII/Core/os_flag.c **** *
 438:./ucOSII/Core/os_flag.c **** *                        OS_ERR_NONE                if the requested task is resumed
 439:./ucOSII/Core/os_flag.c **** *                        OS_ERR_EVENT_TYPE          if 'pevent' is not pointing to an event flag gr
 440:./ucOSII/Core/os_flag.c **** *                        OS_ERR_PNAME_NULL          You passed a NULL pointer for 'pname'
 441:./ucOSII/Core/os_flag.c **** *                        OS_ERR_FLAG_INVALID_PGRP   if you passed a NULL pointer for 'pgrp'
 442:./ucOSII/Core/os_flag.c **** *                        OS_ERR_NAME_GET_ISR        if you called this function from an ISR
 443:./ucOSII/Core/os_flag.c **** *
 444:./ucOSII/Core/os_flag.c **** * Returns    : The length of the string or 0 if the 'pgrp' is a NULL pointer.
 445:./ucOSII/Core/os_flag.c **** ***************************************************************************************************
 446:./ucOSII/Core/os_flag.c **** */
 447:./ucOSII/Core/os_flag.c **** 
 448:./ucOSII/Core/os_flag.c **** #if OS_FLAG_NAME_EN > 0u
 449:./ucOSII/Core/os_flag.c **** INT8U  OSFlagNameGet (OS_FLAG_GRP   *pgrp,
 450:./ucOSII/Core/os_flag.c ****                       INT8U        **pname,
 451:./ucOSII/Core/os_flag.c ****                       INT8U         *perr)
 452:./ucOSII/Core/os_flag.c **** {
 722              		.loc 1 452 1
 723              		.cfi_startproc
 724              		@ args = 0, pretend = 0, frame = 24
 725              		@ frame_needed = 1, uses_anonymous_args = 0
 726 0000 80B5     		push	{r7, lr}
 727              	.LCFI15:
 728              		.cfi_def_cfa_offset 8
 729              		.cfi_offset 7, -8
 730              		.cfi_offset 14, -4
 731 0002 86B0     		sub	sp, sp, #24
 732              	.LCFI16:
 733              		.cfi_def_cfa_offset 32
 734 0004 00AF     		add	r7, sp, #0
 735              	.LCFI17:
 736              		.cfi_def_cfa_register 7
 737 0006 F860     		str	r0, [r7, #12]
 738 0008 B960     		str	r1, [r7, #8]
 739 000a 7A60     		str	r2, [r7, #4]
 453:./ucOSII/Core/os_flag.c ****     INT8U      len;
 454:./ucOSII/Core/os_flag.c **** #if OS_CRITICAL_METHOD == 3u                     /* Allocate storage for CPU status register       
 455:./ucOSII/Core/os_flag.c ****     OS_CPU_SR  cpu_sr = 0u;
 740              		.loc 1 455 16
 741 000c 0023     		movs	r3, #0
 742 000e 7B61     		str	r3, [r7, #20]
 456:./ucOSII/Core/os_flag.c **** #endif
 457:./ucOSII/Core/os_flag.c **** 
 458:./ucOSII/Core/os_flag.c **** 
ARM GAS  /var/folders/yl/_q9l42k90g1g4mdhbs226msm0000gn/T//ccvymW0p.s 			page 22


 459:./ucOSII/Core/os_flag.c **** 
 460:./ucOSII/Core/os_flag.c **** #ifdef OS_SAFETY_CRITICAL
 461:./ucOSII/Core/os_flag.c ****     if (perr == (INT8U *)0) {
 462:./ucOSII/Core/os_flag.c ****         OS_SAFETY_CRITICAL_EXCEPTION();
 463:./ucOSII/Core/os_flag.c ****         return (0u);
 464:./ucOSII/Core/os_flag.c ****     }
 465:./ucOSII/Core/os_flag.c **** #endif
 466:./ucOSII/Core/os_flag.c **** 
 467:./ucOSII/Core/os_flag.c **** #if OS_ARG_CHK_EN > 0u
 468:./ucOSII/Core/os_flag.c ****     if (pgrp == (OS_FLAG_GRP *)0) {              /* Is 'pgrp' a NULL pointer?                      
 743              		.loc 1 468 8
 744 0010 FB68     		ldr	r3, [r7, #12]
 745 0012 002B     		cmp	r3, #0
 746 0014 04D1     		bne	.L49
 469:./ucOSII/Core/os_flag.c ****         *perr = OS_ERR_FLAG_INVALID_PGRP;
 747              		.loc 1 469 15
 748 0016 7B68     		ldr	r3, [r7, #4]
 749 0018 6E22     		movs	r2, #110
 750 001a 1A70     		strb	r2, [r3]
 470:./ucOSII/Core/os_flag.c ****         return (0u);
 751              		.loc 1 470 16
 752 001c 0023     		movs	r3, #0
 753 001e 32E0     		b	.L50
 754              	.L49:
 471:./ucOSII/Core/os_flag.c ****     }
 472:./ucOSII/Core/os_flag.c ****     if (pname == (INT8U **)0) {                   /* Is 'pname' a NULL pointer?                    
 755              		.loc 1 472 8
 756 0020 BB68     		ldr	r3, [r7, #8]
 757 0022 002B     		cmp	r3, #0
 758 0024 04D1     		bne	.L51
 473:./ucOSII/Core/os_flag.c ****         *perr = OS_ERR_PNAME_NULL;
 759              		.loc 1 473 15
 760 0026 7B68     		ldr	r3, [r7, #4]
 761 0028 0C22     		movs	r2, #12
 762 002a 1A70     		strb	r2, [r3]
 474:./ucOSII/Core/os_flag.c ****         return (0u);
 763              		.loc 1 474 16
 764 002c 0023     		movs	r3, #0
 765 002e 2AE0     		b	.L50
 766              	.L51:
 475:./ucOSII/Core/os_flag.c ****     }
 476:./ucOSII/Core/os_flag.c **** #endif
 477:./ucOSII/Core/os_flag.c ****     if (OSIntNesting > 0u) {                     /* See if trying to call from an ISR              
 767              		.loc 1 477 22
 768 0030 174B     		ldr	r3, .L54
 769 0032 1B78     		ldrb	r3, [r3]	@ zero_extendqisi2
 770              		.loc 1 477 8
 771 0034 002B     		cmp	r3, #0
 772 0036 04D0     		beq	.L52
 478:./ucOSII/Core/os_flag.c ****         *perr = OS_ERR_NAME_GET_ISR;
 773              		.loc 1 478 15
 774 0038 7B68     		ldr	r3, [r7, #4]
 775 003a 1122     		movs	r2, #17
 776 003c 1A70     		strb	r2, [r3]
 479:./ucOSII/Core/os_flag.c ****         return (0u);
 777              		.loc 1 479 16
 778 003e 0023     		movs	r3, #0
ARM GAS  /var/folders/yl/_q9l42k90g1g4mdhbs226msm0000gn/T//ccvymW0p.s 			page 23


 779 0040 21E0     		b	.L50
 780              	.L52:
 480:./ucOSII/Core/os_flag.c ****     }
 481:./ucOSII/Core/os_flag.c ****     OS_ENTER_CRITICAL();
 781              		.loc 1 481 5
 782 0042 4020     		movs	r0, #64
 783 0044 FFF7FEFF 		bl	OS_CPU_SR_Save
 784 0048 7861     		str	r0, [r7, #20]
 482:./ucOSII/Core/os_flag.c ****     if (pgrp->OSFlagType != OS_EVENT_TYPE_FLAG) {
 785              		.loc 1 482 13
 786 004a FB68     		ldr	r3, [r7, #12]
 787 004c 1B78     		ldrb	r3, [r3]	@ zero_extendqisi2
 788              		.loc 1 482 8
 789 004e 052B     		cmp	r3, #5
 790 0050 07D0     		beq	.L53
 483:./ucOSII/Core/os_flag.c ****         OS_EXIT_CRITICAL();
 791              		.loc 1 483 9
 792 0052 7869     		ldr	r0, [r7, #20]
 793 0054 FFF7FEFF 		bl	OS_CPU_SR_Restore
 484:./ucOSII/Core/os_flag.c ****         *perr = OS_ERR_EVENT_TYPE;
 794              		.loc 1 484 15
 795 0058 7B68     		ldr	r3, [r7, #4]
 796 005a 0122     		movs	r2, #1
 797 005c 1A70     		strb	r2, [r3]
 485:./ucOSII/Core/os_flag.c ****         return (0u);
 798              		.loc 1 485 16
 799 005e 0023     		movs	r3, #0
 800 0060 11E0     		b	.L50
 801              	.L53:
 486:./ucOSII/Core/os_flag.c ****     }
 487:./ucOSII/Core/os_flag.c ****     *pname = pgrp->OSFlagName;
 802              		.loc 1 487 18
 803 0062 FB68     		ldr	r3, [r7, #12]
 804 0064 DA68     		ldr	r2, [r3, #12]
 805              		.loc 1 487 12
 806 0066 BB68     		ldr	r3, [r7, #8]
 807 0068 1A60     		str	r2, [r3]
 488:./ucOSII/Core/os_flag.c ****     len    = OS_StrLen(*pname);
 808              		.loc 1 488 14
 809 006a BB68     		ldr	r3, [r7, #8]
 810 006c 1B68     		ldr	r3, [r3]
 811 006e 1846     		mov	r0, r3
 812 0070 FFF7FEFF 		bl	OS_StrLen
 813 0074 0346     		mov	r3, r0
 814 0076 FB74     		strb	r3, [r7, #19]
 489:./ucOSII/Core/os_flag.c ****     OS_EXIT_CRITICAL();
 815              		.loc 1 489 5
 816 0078 7869     		ldr	r0, [r7, #20]
 817 007a FFF7FEFF 		bl	OS_CPU_SR_Restore
 490:./ucOSII/Core/os_flag.c ****     *perr  = OS_ERR_NONE;
 818              		.loc 1 490 12
 819 007e 7B68     		ldr	r3, [r7, #4]
 820 0080 0022     		movs	r2, #0
 821 0082 1A70     		strb	r2, [r3]
 491:./ucOSII/Core/os_flag.c ****     return (len);
 822              		.loc 1 491 12
 823 0084 FB7C     		ldrb	r3, [r7, #19]	@ zero_extendqisi2
ARM GAS  /var/folders/yl/_q9l42k90g1g4mdhbs226msm0000gn/T//ccvymW0p.s 			page 24


 824              	.L50:
 492:./ucOSII/Core/os_flag.c **** }
 825              		.loc 1 492 1
 826 0086 1846     		mov	r0, r3
 827 0088 1837     		adds	r7, r7, #24
 828              	.LCFI18:
 829              		.cfi_def_cfa_offset 8
 830 008a BD46     		mov	sp, r7
 831              	.LCFI19:
 832              		.cfi_def_cfa_register 13
 833              		@ sp needed
 834 008c 80BD     		pop	{r7, pc}
 835              	.L55:
 836 008e 00BF     		.align	2
 837              	.L54:
 838 0090 00000000 		.word	OSIntNesting
 839              		.cfi_endproc
 840              	.LFE6:
 842              		.section	.text.OSFlagNameSet,"ax",%progbits
 843              		.align	1
 844              		.global	OSFlagNameSet
 845              		.syntax unified
 846              		.thumb
 847              		.thumb_func
 849              	OSFlagNameSet:
 850              	.LFB7:
 493:./ucOSII/Core/os_flag.c **** #endif
 494:./ucOSII/Core/os_flag.c **** 
 495:./ucOSII/Core/os_flag.c **** 
 496:./ucOSII/Core/os_flag.c **** /*
 497:./ucOSII/Core/os_flag.c **** ***************************************************************************************************
 498:./ucOSII/Core/os_flag.c **** *                                ASSIGN A NAME TO AN EVENT FLAG GROUP
 499:./ucOSII/Core/os_flag.c **** *
 500:./ucOSII/Core/os_flag.c **** * Description: This function assigns a name to an event flag group.
 501:./ucOSII/Core/os_flag.c **** *
 502:./ucOSII/Core/os_flag.c **** * Arguments  : pgrp      is a pointer to the event flag group.
 503:./ucOSII/Core/os_flag.c **** *
 504:./ucOSII/Core/os_flag.c **** *              pname     is a pointer to an ASCII string that will be used as the name of the event
 505:./ucOSII/Core/os_flag.c **** *                        group.
 506:./ucOSII/Core/os_flag.c **** *
 507:./ucOSII/Core/os_flag.c **** *              perr      is a pointer to an error code that can contain one of the following values
 508:./ucOSII/Core/os_flag.c **** *
 509:./ucOSII/Core/os_flag.c **** *                        OS_ERR_NONE                if the requested task is resumed
 510:./ucOSII/Core/os_flag.c **** *                        OS_ERR_EVENT_TYPE          if 'pevent' is not pointing to an event flag gr
 511:./ucOSII/Core/os_flag.c **** *                        OS_ERR_PNAME_NULL          You passed a NULL pointer for 'pname'
 512:./ucOSII/Core/os_flag.c **** *                        OS_ERR_FLAG_INVALID_PGRP   if you passed a NULL pointer for 'pgrp'
 513:./ucOSII/Core/os_flag.c **** *                        OS_ERR_NAME_SET_ISR        if you called this function from an ISR
 514:./ucOSII/Core/os_flag.c **** *
 515:./ucOSII/Core/os_flag.c **** * Returns    : None
 516:./ucOSII/Core/os_flag.c **** ***************************************************************************************************
 517:./ucOSII/Core/os_flag.c **** */
 518:./ucOSII/Core/os_flag.c **** 
 519:./ucOSII/Core/os_flag.c **** #if OS_FLAG_NAME_EN > 0u
 520:./ucOSII/Core/os_flag.c **** void  OSFlagNameSet (OS_FLAG_GRP  *pgrp,
 521:./ucOSII/Core/os_flag.c ****                      INT8U        *pname,
 522:./ucOSII/Core/os_flag.c ****                      INT8U        *perr)
 523:./ucOSII/Core/os_flag.c **** {
ARM GAS  /var/folders/yl/_q9l42k90g1g4mdhbs226msm0000gn/T//ccvymW0p.s 			page 25


 851              		.loc 1 523 1
 852              		.cfi_startproc
 853              		@ args = 0, pretend = 0, frame = 24
 854              		@ frame_needed = 1, uses_anonymous_args = 0
 855 0000 80B5     		push	{r7, lr}
 856              	.LCFI20:
 857              		.cfi_def_cfa_offset 8
 858              		.cfi_offset 7, -8
 859              		.cfi_offset 14, -4
 860 0002 86B0     		sub	sp, sp, #24
 861              	.LCFI21:
 862              		.cfi_def_cfa_offset 32
 863 0004 00AF     		add	r7, sp, #0
 864              	.LCFI22:
 865              		.cfi_def_cfa_register 7
 866 0006 F860     		str	r0, [r7, #12]
 867 0008 B960     		str	r1, [r7, #8]
 868 000a 7A60     		str	r2, [r7, #4]
 524:./ucOSII/Core/os_flag.c **** #if OS_CRITICAL_METHOD == 3u                     /* Allocate storage for CPU status register       
 525:./ucOSII/Core/os_flag.c ****     OS_CPU_SR  cpu_sr = 0u;
 869              		.loc 1 525 16
 870 000c 0023     		movs	r3, #0
 871 000e 7B61     		str	r3, [r7, #20]
 526:./ucOSII/Core/os_flag.c **** #endif
 527:./ucOSII/Core/os_flag.c **** 
 528:./ucOSII/Core/os_flag.c **** 
 529:./ucOSII/Core/os_flag.c **** 
 530:./ucOSII/Core/os_flag.c **** #ifdef OS_SAFETY_CRITICAL
 531:./ucOSII/Core/os_flag.c ****     if (perr == (INT8U *)0) {
 532:./ucOSII/Core/os_flag.c ****         OS_SAFETY_CRITICAL_EXCEPTION();
 533:./ucOSII/Core/os_flag.c ****         return;
 534:./ucOSII/Core/os_flag.c ****     }
 535:./ucOSII/Core/os_flag.c **** #endif
 536:./ucOSII/Core/os_flag.c **** 
 537:./ucOSII/Core/os_flag.c **** #if OS_ARG_CHK_EN > 0u
 538:./ucOSII/Core/os_flag.c ****     if (pgrp == (OS_FLAG_GRP *)0) {              /* Is 'pgrp' a NULL pointer?                      
 872              		.loc 1 538 8
 873 0010 FB68     		ldr	r3, [r7, #12]
 874 0012 002B     		cmp	r3, #0
 875 0014 03D1     		bne	.L57
 539:./ucOSII/Core/os_flag.c ****         *perr = OS_ERR_FLAG_INVALID_PGRP;
 876              		.loc 1 539 15
 877 0016 7B68     		ldr	r3, [r7, #4]
 878 0018 6E22     		movs	r2, #110
 879 001a 1A70     		strb	r2, [r3]
 540:./ucOSII/Core/os_flag.c ****         return;
 880              		.loc 1 540 9
 881 001c 32E0     		b	.L56
 882              	.L57:
 541:./ucOSII/Core/os_flag.c ****     }
 542:./ucOSII/Core/os_flag.c ****     if (pname == (INT8U *)0) {                   /* Is 'pname' a NULL pointer?                     
 883              		.loc 1 542 8
 884 001e BB68     		ldr	r3, [r7, #8]
 885 0020 002B     		cmp	r3, #0
 886 0022 03D1     		bne	.L59
 543:./ucOSII/Core/os_flag.c ****         *perr = OS_ERR_PNAME_NULL;
 887              		.loc 1 543 15
ARM GAS  /var/folders/yl/_q9l42k90g1g4mdhbs226msm0000gn/T//ccvymW0p.s 			page 26


 888 0024 7B68     		ldr	r3, [r7, #4]
 889 0026 0C22     		movs	r2, #12
 890 0028 1A70     		strb	r2, [r3]
 544:./ucOSII/Core/os_flag.c ****         return;
 891              		.loc 1 544 9
 892 002a 2BE0     		b	.L56
 893              	.L59:
 545:./ucOSII/Core/os_flag.c ****     }
 546:./ucOSII/Core/os_flag.c **** #endif
 547:./ucOSII/Core/os_flag.c ****     if (OSIntNesting > 0u) {                     /* See if trying to call from an ISR              
 894              		.loc 1 547 22
 895 002c 174B     		ldr	r3, .L63
 896 002e 1B78     		ldrb	r3, [r3]	@ zero_extendqisi2
 897              		.loc 1 547 8
 898 0030 002B     		cmp	r3, #0
 899 0032 03D0     		beq	.L60
 548:./ucOSII/Core/os_flag.c ****         *perr = OS_ERR_NAME_SET_ISR;
 900              		.loc 1 548 15
 901 0034 7B68     		ldr	r3, [r7, #4]
 902 0036 1222     		movs	r2, #18
 903 0038 1A70     		strb	r2, [r3]
 549:./ucOSII/Core/os_flag.c ****         return;
 904              		.loc 1 549 9
 905 003a 23E0     		b	.L56
 906              	.L60:
 550:./ucOSII/Core/os_flag.c ****     }
 551:./ucOSII/Core/os_flag.c ****     OS_ENTER_CRITICAL();
 907              		.loc 1 551 5
 908 003c 4020     		movs	r0, #64
 909 003e FFF7FEFF 		bl	OS_CPU_SR_Save
 910 0042 7861     		str	r0, [r7, #20]
 552:./ucOSII/Core/os_flag.c ****     if (pgrp->OSFlagType != OS_EVENT_TYPE_FLAG) {
 911              		.loc 1 552 13
 912 0044 FB68     		ldr	r3, [r7, #12]
 913 0046 1B78     		ldrb	r3, [r3]	@ zero_extendqisi2
 914              		.loc 1 552 8
 915 0048 052B     		cmp	r3, #5
 916 004a 06D0     		beq	.L61
 553:./ucOSII/Core/os_flag.c ****         OS_EXIT_CRITICAL();
 917              		.loc 1 553 9
 918 004c 7869     		ldr	r0, [r7, #20]
 919 004e FFF7FEFF 		bl	OS_CPU_SR_Restore
 554:./ucOSII/Core/os_flag.c ****         *perr = OS_ERR_EVENT_TYPE;
 920              		.loc 1 554 15
 921 0052 7B68     		ldr	r3, [r7, #4]
 922 0054 0122     		movs	r2, #1
 923 0056 1A70     		strb	r2, [r3]
 555:./ucOSII/Core/os_flag.c ****         return;
 924              		.loc 1 555 9
 925 0058 14E0     		b	.L56
 926              	.L61:
 556:./ucOSII/Core/os_flag.c ****     }
 557:./ucOSII/Core/os_flag.c ****     pgrp->OSFlagName = pname;
 927              		.loc 1 557 22
 928 005a FB68     		ldr	r3, [r7, #12]
 929 005c BA68     		ldr	r2, [r7, #8]
 930 005e DA60     		str	r2, [r3, #12]
ARM GAS  /var/folders/yl/_q9l42k90g1g4mdhbs226msm0000gn/T//ccvymW0p.s 			page 27


 558:./ucOSII/Core/os_flag.c ****     OS_EXIT_CRITICAL();
 931              		.loc 1 558 5
 932 0060 7869     		ldr	r0, [r7, #20]
 933 0062 FFF7FEFF 		bl	OS_CPU_SR_Restore
 559:./ucOSII/Core/os_flag.c ****     OS_TRACE_EVENT_NAME_SET(pgrp, pname);
 934              		.loc 1 559 5
 935 0066 FB68     		ldr	r3, [r7, #12]
 936 0068 002B     		cmp	r3, #0
 937 006a 07D0     		beq	.L62
 938              		.loc 1 559 5 is_stmt 0 discriminator 1
 939 006c BB68     		ldr	r3, [r7, #8]
 940 006e 002B     		cmp	r3, #0
 941 0070 04D0     		beq	.L62
 942              		.loc 1 559 5 discriminator 2
 943 0072 FB68     		ldr	r3, [r7, #12]
 944 0074 B968     		ldr	r1, [r7, #8]
 945 0076 1846     		mov	r0, r3
 946 0078 FFF7FEFF 		bl	SYSVIEW_UpdateResource
 947              	.L62:
 560:./ucOSII/Core/os_flag.c ****     *perr            = OS_ERR_NONE;
 948              		.loc 1 560 22 is_stmt 1
 949 007c 7B68     		ldr	r3, [r7, #4]
 950 007e 0022     		movs	r2, #0
 951 0080 1A70     		strb	r2, [r3]
 561:./ucOSII/Core/os_flag.c ****     return;
 952              		.loc 1 561 5
 953 0082 00BF     		nop
 954              	.L56:
 562:./ucOSII/Core/os_flag.c **** }
 955              		.loc 1 562 1
 956 0084 1837     		adds	r7, r7, #24
 957              	.LCFI23:
 958              		.cfi_def_cfa_offset 8
 959 0086 BD46     		mov	sp, r7
 960              	.LCFI24:
 961              		.cfi_def_cfa_register 13
 962              		@ sp needed
 963 0088 80BD     		pop	{r7, pc}
 964              	.L64:
 965 008a 00BF     		.align	2
 966              	.L63:
 967 008c 00000000 		.word	OSIntNesting
 968              		.cfi_endproc
 969              	.LFE7:
 971              		.section	.text.OSFlagPend,"ax",%progbits
 972              		.align	1
 973              		.global	OSFlagPend
 974              		.syntax unified
 975              		.thumb
 976              		.thumb_func
 978              	OSFlagPend:
 979              	.LFB8:
 563:./ucOSII/Core/os_flag.c **** #endif
 564:./ucOSII/Core/os_flag.c **** 
 565:./ucOSII/Core/os_flag.c **** 
 566:./ucOSII/Core/os_flag.c **** /*
 567:./ucOSII/Core/os_flag.c **** ***************************************************************************************************
ARM GAS  /var/folders/yl/_q9l42k90g1g4mdhbs226msm0000gn/T//ccvymW0p.s 			page 28


 568:./ucOSII/Core/os_flag.c **** *                                     WAIT ON AN EVENT FLAG GROUP
 569:./ucOSII/Core/os_flag.c **** *
 570:./ucOSII/Core/os_flag.c **** * Description: This function is called to wait for a combination of bits to be set in an event flag
 571:./ucOSII/Core/os_flag.c **** *              group.  Your application can wait for ANY bit to be set or ALL bits to be set.
 572:./ucOSII/Core/os_flag.c **** *
 573:./ucOSII/Core/os_flag.c **** * Arguments  : pgrp          is a pointer to the desired event flag group.
 574:./ucOSII/Core/os_flag.c **** *
 575:./ucOSII/Core/os_flag.c **** *              flags         Is a bit pattern indicating which bit(s) (i.e. flags) you wish to wait
 576:./ucOSII/Core/os_flag.c **** *                            The bits you want are specified by setting the corresponding bits in
 577:./ucOSII/Core/os_flag.c **** *                            'flags'.  e.g. if your application wants to wait for bits 0 and 1 then
 578:./ucOSII/Core/os_flag.c **** *                            'flags' would contain 0x03.
 579:./ucOSII/Core/os_flag.c **** *
 580:./ucOSII/Core/os_flag.c **** *              wait_type     specifies whether you want ALL bits to be set or ANY of the bits to be
 581:./ucOSII/Core/os_flag.c **** *                            You can specify the following argument:
 582:./ucOSII/Core/os_flag.c **** *
 583:./ucOSII/Core/os_flag.c **** *                            OS_FLAG_WAIT_CLR_ALL   You will wait for ALL bits in 'mask' to be clea
 584:./ucOSII/Core/os_flag.c **** *                            OS_FLAG_WAIT_SET_ALL   You will wait for ALL bits in 'mask' to be set 
 585:./ucOSII/Core/os_flag.c **** *                            OS_FLAG_WAIT_CLR_ANY   You will wait for ANY bit  in 'mask' to be clea
 586:./ucOSII/Core/os_flag.c **** *                            OS_FLAG_WAIT_SET_ANY   You will wait for ANY bit  in 'mask' to be set 
 587:./ucOSII/Core/os_flag.c **** *
 588:./ucOSII/Core/os_flag.c **** *                            NOTE: Add OS_FLAG_CONSUME if you want the event flag to be 'consumed' 
 589:./ucOSII/Core/os_flag.c **** *                                  the call.  Example, to wait for any flag in a group AND then cle
 590:./ucOSII/Core/os_flag.c **** *                                  the flags that are present, set 'wait_type' to:
 591:./ucOSII/Core/os_flag.c **** *
 592:./ucOSII/Core/os_flag.c **** *                                  OS_FLAG_WAIT_SET_ANY + OS_FLAG_CONSUME
 593:./ucOSII/Core/os_flag.c **** *
 594:./ucOSII/Core/os_flag.c **** *              timeout       is an optional timeout (in clock ticks) that your task will wait for t
 595:./ucOSII/Core/os_flag.c **** *                            desired bit combination.  If you specify 0, however, your task will wa
 596:./ucOSII/Core/os_flag.c **** *                            forever at the specified event flag group or, until a message arrives.
 597:./ucOSII/Core/os_flag.c **** *
 598:./ucOSII/Core/os_flag.c **** *              perr          is a pointer to an error code and can be:
 599:./ucOSII/Core/os_flag.c **** *                            OS_ERR_NONE               The desired bits have been set within the sp
 600:./ucOSII/Core/os_flag.c **** *                                                      'timeout'.
 601:./ucOSII/Core/os_flag.c **** *                            OS_ERR_PEND_ISR           If you tried to PEND from an ISR
 602:./ucOSII/Core/os_flag.c **** *                            OS_ERR_FLAG_INVALID_PGRP  If 'pgrp' is a NULL pointer.
 603:./ucOSII/Core/os_flag.c **** *                            OS_ERR_EVENT_TYPE         You are not pointing to an event flag group
 604:./ucOSII/Core/os_flag.c **** *                            OS_ERR_TIMEOUT            The bit(s) have not been set in the specifie
 605:./ucOSII/Core/os_flag.c **** *                                                      'timeout'.
 606:./ucOSII/Core/os_flag.c **** *                            OS_ERR_PEND_ABORT         The wait on the flag was aborted.
 607:./ucOSII/Core/os_flag.c **** *                            OS_ERR_FLAG_WAIT_TYPE     You didn't specify a proper 'wait_type' argu
 608:./ucOSII/Core/os_flag.c **** *
 609:./ucOSII/Core/os_flag.c **** * Returns    : The flags in the event flag group that made the task ready or, 0 if a timeout or an 
 610:./ucOSII/Core/os_flag.c **** *              occurred.
 611:./ucOSII/Core/os_flag.c **** *
 612:./ucOSII/Core/os_flag.c **** * Called from: Task ONLY
 613:./ucOSII/Core/os_flag.c **** *
 614:./ucOSII/Core/os_flag.c **** * Note(s)    : 1) IMPORTANT, the behavior of this function has changed from PREVIOUS versions.  The
 615:./ucOSII/Core/os_flag.c **** *                 function NOW returns the flags that were ready INSTEAD of the current state of th
 616:./ucOSII/Core/os_flag.c **** *                 event flags.
 617:./ucOSII/Core/os_flag.c **** ***************************************************************************************************
 618:./ucOSII/Core/os_flag.c **** */
 619:./ucOSII/Core/os_flag.c **** 
 620:./ucOSII/Core/os_flag.c **** OS_FLAGS  OSFlagPend (OS_FLAG_GRP  *pgrp,
 621:./ucOSII/Core/os_flag.c ****                       OS_FLAGS      flags,
 622:./ucOSII/Core/os_flag.c ****                       INT8U         wait_type,
 623:./ucOSII/Core/os_flag.c ****                       INT32U        timeout,
 624:./ucOSII/Core/os_flag.c ****                       INT8U        *perr)
ARM GAS  /var/folders/yl/_q9l42k90g1g4mdhbs226msm0000gn/T//ccvymW0p.s 			page 29


 625:./ucOSII/Core/os_flag.c **** {
 980              		.loc 1 625 1
 981              		.cfi_startproc
 982              		@ args = 4, pretend = 0, frame = 56
 983              		@ frame_needed = 1, uses_anonymous_args = 0
 984 0000 80B5     		push	{r7, lr}
 985              	.LCFI25:
 986              		.cfi_def_cfa_offset 8
 987              		.cfi_offset 7, -8
 988              		.cfi_offset 14, -4
 989 0002 90B0     		sub	sp, sp, #64
 990              	.LCFI26:
 991              		.cfi_def_cfa_offset 72
 992 0004 02AF     		add	r7, sp, #8
 993              	.LCFI27:
 994              		.cfi_def_cfa 7, 64
 995 0006 F860     		str	r0, [r7, #12]
 996 0008 7B60     		str	r3, [r7, #4]
 997 000a 0B46     		mov	r3, r1	@ movhi
 998 000c 7B81     		strh	r3, [r7, #10]	@ movhi
 999 000e 1346     		mov	r3, r2
 1000 0010 7B72     		strb	r3, [r7, #9]
 626:./ucOSII/Core/os_flag.c ****     OS_FLAG_NODE  node;
 627:./ucOSII/Core/os_flag.c ****     OS_FLAGS      flags_rdy;
 628:./ucOSII/Core/os_flag.c ****     INT8U         result;
 629:./ucOSII/Core/os_flag.c ****     INT8U         pend_stat;
 630:./ucOSII/Core/os_flag.c ****     BOOLEAN       consume;
 631:./ucOSII/Core/os_flag.c **** #if OS_CRITICAL_METHOD == 3u                               /* Allocate storage for CPU status regis
 632:./ucOSII/Core/os_flag.c ****     OS_CPU_SR     cpu_sr = 0u;
 1001              		.loc 1 632 19
 1002 0012 0023     		movs	r3, #0
 1003 0014 3B63     		str	r3, [r7, #48]
 633:./ucOSII/Core/os_flag.c **** #endif
 634:./ucOSII/Core/os_flag.c **** 
 635:./ucOSII/Core/os_flag.c **** 
 636:./ucOSII/Core/os_flag.c **** #ifdef OS_SAFETY_CRITICAL
 637:./ucOSII/Core/os_flag.c ****     if (perr == (INT8U *)0) {
 638:./ucOSII/Core/os_flag.c ****         OS_SAFETY_CRITICAL_EXCEPTION();
 639:./ucOSII/Core/os_flag.c ****         return ((OS_FLAGS)0);
 640:./ucOSII/Core/os_flag.c ****     }
 641:./ucOSII/Core/os_flag.c **** #endif
 642:./ucOSII/Core/os_flag.c **** 
 643:./ucOSII/Core/os_flag.c **** #if OS_ARG_CHK_EN > 0u
 644:./ucOSII/Core/os_flag.c ****     if (pgrp == (OS_FLAG_GRP *)0) {                        /* Validate 'pgrp'                      
 1004              		.loc 1 644 8
 1005 0016 FB68     		ldr	r3, [r7, #12]
 1006 0018 002B     		cmp	r3, #0
 1007 001a 04D1     		bne	.L66
 645:./ucOSII/Core/os_flag.c ****         *perr = OS_ERR_FLAG_INVALID_PGRP;
 1008              		.loc 1 645 15
 1009 001c 3B6C     		ldr	r3, [r7, #64]
 1010 001e 6E22     		movs	r2, #110
 1011 0020 1A70     		strb	r2, [r3]
 646:./ucOSII/Core/os_flag.c ****         return ((OS_FLAGS)0);
 1012              		.loc 1 646 16
 1013 0022 0023     		movs	r3, #0
 1014 0024 C5E1     		b	.L95
ARM GAS  /var/folders/yl/_q9l42k90g1g4mdhbs226msm0000gn/T//ccvymW0p.s 			page 30


 1015              	.L66:
 647:./ucOSII/Core/os_flag.c ****     }
 648:./ucOSII/Core/os_flag.c **** #endif
 649:./ucOSII/Core/os_flag.c **** 
 650:./ucOSII/Core/os_flag.c ****     OS_TRACE_FLAG_PEND_ENTER(pgrp, flags, timeout, wait_type);
 1016              		.loc 1 650 5
 1017 0026 FB68     		ldr	r3, [r7, #12]
 1018 0028 1846     		mov	r0, r3
 1019 002a FFF7FEFF 		bl	SEGGER_SYSVIEW_ShrinkId
 1020 002e 0146     		mov	r1, r0
 1021 0030 7A89     		ldrh	r2, [r7, #10]
 1022 0032 7B7A     		ldrb	r3, [r7, #9]	@ zero_extendqisi2
 1023 0034 0093     		str	r3, [sp]
 1024 0036 7B68     		ldr	r3, [r7, #4]
 1025 0038 3B20     		movs	r0, #59
 1026 003a FFF7FEFF 		bl	SYSVIEW_RecordU32x4
 651:./ucOSII/Core/os_flag.c **** 
 652:./ucOSII/Core/os_flag.c ****     if (OSIntNesting > 0u) {                               /* See if called from ISR ...           
 1027              		.loc 1 652 22
 1028 003e 9D4B     		ldr	r3, .L97
 1029 0040 1B78     		ldrb	r3, [r3]	@ zero_extendqisi2
 1030              		.loc 1 652 8
 1031 0042 002B     		cmp	r3, #0
 1032 0044 0AD0     		beq	.L68
 653:./ucOSII/Core/os_flag.c ****         *perr = OS_ERR_PEND_ISR;                           /* ... can't PEND from an ISR           
 1033              		.loc 1 653 15
 1034 0046 3B6C     		ldr	r3, [r7, #64]
 1035 0048 0222     		movs	r2, #2
 1036 004a 1A70     		strb	r2, [r3]
 654:./ucOSII/Core/os_flag.c ****         OS_TRACE_FLAG_PEND_EXIT(*perr);
 1037              		.loc 1 654 9
 1038 004c 3B6C     		ldr	r3, [r7, #64]
 1039 004e 1B78     		ldrb	r3, [r3]	@ zero_extendqisi2
 1040 0050 1946     		mov	r1, r3
 1041 0052 3B20     		movs	r0, #59
 1042 0054 FFF7FEFF 		bl	SEGGER_SYSVIEW_RecordEndCallU32
 655:./ucOSII/Core/os_flag.c ****         return ((OS_FLAGS)0);
 1043              		.loc 1 655 16
 1044 0058 0023     		movs	r3, #0
 1045 005a AAE1     		b	.L95
 1046              	.L68:
 656:./ucOSII/Core/os_flag.c ****     }
 657:./ucOSII/Core/os_flag.c ****     if (OSLockNesting > 0u) {                              /* See if called with scheduler locked .
 1047              		.loc 1 657 23
 1048 005c 964B     		ldr	r3, .L97+4
 1049 005e 1B78     		ldrb	r3, [r3]	@ zero_extendqisi2
 1050              		.loc 1 657 8
 1051 0060 002B     		cmp	r3, #0
 1052 0062 0AD0     		beq	.L69
 658:./ucOSII/Core/os_flag.c ****         *perr = OS_ERR_PEND_LOCKED;                        /* ... can't PEND when locked           
 1053              		.loc 1 658 15
 1054 0064 3B6C     		ldr	r3, [r7, #64]
 1055 0066 0D22     		movs	r2, #13
 1056 0068 1A70     		strb	r2, [r3]
 659:./ucOSII/Core/os_flag.c ****         OS_TRACE_FLAG_PEND_EXIT(*perr);
 1057              		.loc 1 659 9
 1058 006a 3B6C     		ldr	r3, [r7, #64]
ARM GAS  /var/folders/yl/_q9l42k90g1g4mdhbs226msm0000gn/T//ccvymW0p.s 			page 31


 1059 006c 1B78     		ldrb	r3, [r3]	@ zero_extendqisi2
 1060 006e 1946     		mov	r1, r3
 1061 0070 3B20     		movs	r0, #59
 1062 0072 FFF7FEFF 		bl	SEGGER_SYSVIEW_RecordEndCallU32
 660:./ucOSII/Core/os_flag.c ****         return ((OS_FLAGS)0);
 1063              		.loc 1 660 16
 1064 0076 0023     		movs	r3, #0
 1065 0078 9BE1     		b	.L95
 1066              	.L69:
 661:./ucOSII/Core/os_flag.c ****     }
 662:./ucOSII/Core/os_flag.c ****     if (pgrp->OSFlagType != OS_EVENT_TYPE_FLAG) {          /* Validate event block type            
 1067              		.loc 1 662 13
 1068 007a FB68     		ldr	r3, [r7, #12]
 1069 007c 1B78     		ldrb	r3, [r3]	@ zero_extendqisi2
 1070              		.loc 1 662 8
 1071 007e 052B     		cmp	r3, #5
 1072 0080 0AD0     		beq	.L70
 663:./ucOSII/Core/os_flag.c ****         *perr = OS_ERR_EVENT_TYPE;
 1073              		.loc 1 663 15
 1074 0082 3B6C     		ldr	r3, [r7, #64]
 1075 0084 0122     		movs	r2, #1
 1076 0086 1A70     		strb	r2, [r3]
 664:./ucOSII/Core/os_flag.c ****         OS_TRACE_FLAG_PEND_EXIT(*perr);
 1077              		.loc 1 664 9
 1078 0088 3B6C     		ldr	r3, [r7, #64]
 1079 008a 1B78     		ldrb	r3, [r3]	@ zero_extendqisi2
 1080 008c 1946     		mov	r1, r3
 1081 008e 3B20     		movs	r0, #59
 1082 0090 FFF7FEFF 		bl	SEGGER_SYSVIEW_RecordEndCallU32
 665:./ucOSII/Core/os_flag.c ****         return ((OS_FLAGS)0);
 1083              		.loc 1 665 16
 1084 0094 0023     		movs	r3, #0
 1085 0096 8CE1     		b	.L95
 1086              	.L70:
 666:./ucOSII/Core/os_flag.c ****     }
 667:./ucOSII/Core/os_flag.c ****     result = (INT8U)(wait_type & OS_FLAG_CONSUME);
 1087              		.loc 1 667 12
 1088 0098 7B7A     		ldrb	r3, [r7, #9]
 1089 009a 23F07F03 		bic	r3, r3, #127
 1090 009e 87F82F30 		strb	r3, [r7, #47]
 668:./ucOSII/Core/os_flag.c ****     if (result != (INT8U)0) {                              /* See if we need to consume the flags  
 1091              		.loc 1 668 8
 1092 00a2 97F82F30 		ldrb	r3, [r7, #47]	@ zero_extendqisi2
 1093 00a6 002B     		cmp	r3, #0
 1094 00a8 07D0     		beq	.L71
 669:./ucOSII/Core/os_flag.c ****         wait_type &= (INT8U)~(INT8U)OS_FLAG_CONSUME;
 1095              		.loc 1 669 19
 1096 00aa 7B7A     		ldrb	r3, [r7, #9]
 1097 00ac 03F07F03 		and	r3, r3, #127
 1098 00b0 7B72     		strb	r3, [r7, #9]
 670:./ucOSII/Core/os_flag.c ****         consume    = OS_TRUE;
 1099              		.loc 1 670 20
 1100 00b2 0123     		movs	r3, #1
 1101 00b4 87F83730 		strb	r3, [r7, #55]
 1102 00b8 02E0     		b	.L72
 1103              	.L71:
 671:./ucOSII/Core/os_flag.c ****     } else {
ARM GAS  /var/folders/yl/_q9l42k90g1g4mdhbs226msm0000gn/T//ccvymW0p.s 			page 32


 672:./ucOSII/Core/os_flag.c ****         consume    = OS_FALSE;
 1104              		.loc 1 672 20
 1105 00ba 0023     		movs	r3, #0
 1106 00bc 87F83730 		strb	r3, [r7, #55]
 1107              	.L72:
 673:./ucOSII/Core/os_flag.c ****     }
 674:./ucOSII/Core/os_flag.c **** 
 675:./ucOSII/Core/os_flag.c ****     OS_ENTER_CRITICAL();
 1108              		.loc 1 675 5
 1109 00c0 4020     		movs	r0, #64
 1110 00c2 FFF7FEFF 		bl	OS_CPU_SR_Save
 1111 00c6 3863     		str	r0, [r7, #48]
 676:./ucOSII/Core/os_flag.c ****     switch (wait_type) {
 1112              		.loc 1 676 5
 1113 00c8 7B7A     		ldrb	r3, [r7, #9]	@ zero_extendqisi2
 1114 00ca 032B     		cmp	r3, #3
 1115 00cc 00F2E280 		bhi	.L73
 1116 00d0 01A2     		adr	r2, .L75
 1117 00d2 52F823F0 		ldr	pc, [r2, r3, lsl #2]
 1118 00d6 00BF     		.p2align 2
 1119              	.L75:
 1120 00d8 BF010000 		.word	.L78+1
 1121 00dc 2B020000 		.word	.L77+1
 1122 00e0 E9000000 		.word	.L76+1
 1123 00e4 55010000 		.word	.L74+1
 1124              		.p2align 1
 1125              	.L76:
 677:./ucOSII/Core/os_flag.c ****         case OS_FLAG_WAIT_SET_ALL:                         /* See if all required flags are set    
 678:./ucOSII/Core/os_flag.c ****              flags_rdy = (OS_FLAGS)(pgrp->OSFlagFlags & flags);   /* Extract only the bits we want 
 1126              		.loc 1 678 41
 1127 00e8 FB68     		ldr	r3, [r7, #12]
 1128 00ea 1A89     		ldrh	r2, [r3, #8]
 1129              		.loc 1 678 24
 1130 00ec 7B89     		ldrh	r3, [r7, #10]	@ movhi
 1131 00ee 1340     		ands	r3, r3, r2
 1132 00f0 BB85     		strh	r3, [r7, #44]	@ movhi
 679:./ucOSII/Core/os_flag.c ****              if (flags_rdy == flags) {                     /* Must match ALL the bits that we want 
 1133              		.loc 1 679 17
 1134 00f2 BA8D     		ldrh	r2, [r7, #44]
 1135 00f4 7B89     		ldrh	r3, [r7, #10]
 1136 00f6 9A42     		cmp	r2, r3
 1137 00f8 1ED1     		bne	.L79
 680:./ucOSII/Core/os_flag.c ****                  if (consume == OS_TRUE) {                 /* See if we need to consume the flags  
 1138              		.loc 1 680 21
 1139 00fa 97F83730 		ldrb	r3, [r7, #55]	@ zero_extendqisi2
 1140 00fe 012B     		cmp	r3, #1
 1141 0100 08D1     		bne	.L80
 681:./ucOSII/Core/os_flag.c ****                      pgrp->OSFlagFlags &= (OS_FLAGS)~flags_rdy;   /* Clear ONLY the flags we wanted
 1142              		.loc 1 681 40
 1143 0102 FB68     		ldr	r3, [r7, #12]
 1144 0104 1A89     		ldrh	r2, [r3, #8]
 1145              		.loc 1 681 43
 1146 0106 BB8D     		ldrh	r3, [r7, #44]	@ movhi
 1147 0108 DB43     		mvns	r3, r3
 1148 010a 9BB2     		uxth	r3, r3
 1149              		.loc 1 681 40
 1150 010c 1340     		ands	r3, r3, r2
ARM GAS  /var/folders/yl/_q9l42k90g1g4mdhbs226msm0000gn/T//ccvymW0p.s 			page 33


 1151 010e 9AB2     		uxth	r2, r3
 1152 0110 FB68     		ldr	r3, [r7, #12]
 1153 0112 1A81     		strh	r2, [r3, #8]	@ movhi
 1154              	.L80:
 682:./ucOSII/Core/os_flag.c ****                  }
 683:./ucOSII/Core/os_flag.c ****                  OSTCBCur->OSTCBFlagsRdy = flags_rdy;      /* Save flags that were ready           
 1155              		.loc 1 683 26
 1156 0114 694B     		ldr	r3, .L97+8
 1157 0116 1B68     		ldr	r3, [r3]
 1158              		.loc 1 683 42
 1159 0118 BA8D     		ldrh	r2, [r7, #44]	@ movhi
 1160 011a 1A86     		strh	r2, [r3, #48]	@ movhi
 684:./ucOSII/Core/os_flag.c ****                  OS_EXIT_CRITICAL();                       /* Yes, condition met, return to caller 
 1161              		.loc 1 684 18
 1162 011c 386B     		ldr	r0, [r7, #48]
 1163 011e FFF7FEFF 		bl	OS_CPU_SR_Restore
 685:./ucOSII/Core/os_flag.c ****                  *perr                   = OS_ERR_NONE;
 1164              		.loc 1 685 42
 1165 0122 3B6C     		ldr	r3, [r7, #64]
 1166 0124 0022     		movs	r2, #0
 1167 0126 1A70     		strb	r2, [r3]
 686:./ucOSII/Core/os_flag.c ****                  OS_TRACE_FLAG_PEND_EXIT(*perr);
 1168              		.loc 1 686 18
 1169 0128 3B6C     		ldr	r3, [r7, #64]
 1170 012a 1B78     		ldrb	r3, [r3]	@ zero_extendqisi2
 1171 012c 1946     		mov	r1, r3
 1172 012e 3B20     		movs	r0, #59
 1173 0130 FFF7FEFF 		bl	SEGGER_SYSVIEW_RecordEndCallU32
 687:./ucOSII/Core/os_flag.c ****                  return (flags_rdy);
 1174              		.loc 1 687 25
 1175 0134 BB8D     		ldrh	r3, [r7, #44]
 1176 0136 3CE1     		b	.L95
 1177              	.L79:
 688:./ucOSII/Core/os_flag.c ****              } else {                                      /* Block task until events occur or time
 689:./ucOSII/Core/os_flag.c ****                  OS_FlagBlock(pgrp, &node, flags, wait_type, timeout);
 1178              		.loc 1 689 18
 1179 0138 787A     		ldrb	r0, [r7, #9]	@ zero_extendqisi2
 1180 013a 7A89     		ldrh	r2, [r7, #10]
 1181 013c 07F11401 		add	r1, r7, #20
 1182 0140 7B68     		ldr	r3, [r7, #4]
 1183 0142 0093     		str	r3, [sp]
 1184 0144 0346     		mov	r3, r0
 1185 0146 F868     		ldr	r0, [r7, #12]
 1186 0148 FFF7FEFF 		bl	OS_FlagBlock
 690:./ucOSII/Core/os_flag.c ****                  OS_EXIT_CRITICAL();
 1187              		.loc 1 690 18
 1188 014c 386B     		ldr	r0, [r7, #48]
 1189 014e FFF7FEFF 		bl	OS_CPU_SR_Restore
 691:./ucOSII/Core/os_flag.c ****              }
 692:./ucOSII/Core/os_flag.c ****              break;
 1190              		.loc 1 692 14
 1191 0152 B5E0     		b	.L81
 1192              	.L74:
 693:./ucOSII/Core/os_flag.c **** 
 694:./ucOSII/Core/os_flag.c ****         case OS_FLAG_WAIT_SET_ANY:
 695:./ucOSII/Core/os_flag.c ****              flags_rdy = (OS_FLAGS)(pgrp->OSFlagFlags & flags);    /* Extract only the bits we want
 1193              		.loc 1 695 41
ARM GAS  /var/folders/yl/_q9l42k90g1g4mdhbs226msm0000gn/T//ccvymW0p.s 			page 34


 1194 0154 FB68     		ldr	r3, [r7, #12]
 1195 0156 1A89     		ldrh	r2, [r3, #8]
 1196              		.loc 1 695 24
 1197 0158 7B89     		ldrh	r3, [r7, #10]	@ movhi
 1198 015a 1340     		ands	r3, r3, r2
 1199 015c BB85     		strh	r3, [r7, #44]	@ movhi
 696:./ucOSII/Core/os_flag.c ****              if (flags_rdy != (OS_FLAGS)0) {               /* See if any flag set                  
 1200              		.loc 1 696 17
 1201 015e BB8D     		ldrh	r3, [r7, #44]
 1202 0160 002B     		cmp	r3, #0
 1203 0162 1ED0     		beq	.L82
 697:./ucOSII/Core/os_flag.c ****                  if (consume == OS_TRUE) {                 /* See if we need to consume the flags  
 1204              		.loc 1 697 21
 1205 0164 97F83730 		ldrb	r3, [r7, #55]	@ zero_extendqisi2
 1206 0168 012B     		cmp	r3, #1
 1207 016a 08D1     		bne	.L83
 698:./ucOSII/Core/os_flag.c ****                      pgrp->OSFlagFlags &= (OS_FLAGS)~flags_rdy;    /* Clear ONLY the flags that we 
 1208              		.loc 1 698 40
 1209 016c FB68     		ldr	r3, [r7, #12]
 1210 016e 1A89     		ldrh	r2, [r3, #8]
 1211              		.loc 1 698 43
 1212 0170 BB8D     		ldrh	r3, [r7, #44]	@ movhi
 1213 0172 DB43     		mvns	r3, r3
 1214 0174 9BB2     		uxth	r3, r3
 1215              		.loc 1 698 40
 1216 0176 1340     		ands	r3, r3, r2
 1217 0178 9AB2     		uxth	r2, r3
 1218 017a FB68     		ldr	r3, [r7, #12]
 1219 017c 1A81     		strh	r2, [r3, #8]	@ movhi
 1220              	.L83:
 699:./ucOSII/Core/os_flag.c ****                  }
 700:./ucOSII/Core/os_flag.c ****                  OSTCBCur->OSTCBFlagsRdy = flags_rdy;      /* Save flags that were ready           
 1221              		.loc 1 700 26
 1222 017e 4F4B     		ldr	r3, .L97+8
 1223 0180 1B68     		ldr	r3, [r3]
 1224              		.loc 1 700 42
 1225 0182 BA8D     		ldrh	r2, [r7, #44]	@ movhi
 1226 0184 1A86     		strh	r2, [r3, #48]	@ movhi
 701:./ucOSII/Core/os_flag.c ****                  OS_EXIT_CRITICAL();                       /* Yes, condition met, return to caller 
 1227              		.loc 1 701 18
 1228 0186 386B     		ldr	r0, [r7, #48]
 1229 0188 FFF7FEFF 		bl	OS_CPU_SR_Restore
 702:./ucOSII/Core/os_flag.c ****                  *perr                   = OS_ERR_NONE;
 1230              		.loc 1 702 42
 1231 018c 3B6C     		ldr	r3, [r7, #64]
 1232 018e 0022     		movs	r2, #0
 1233 0190 1A70     		strb	r2, [r3]
 703:./ucOSII/Core/os_flag.c ****                  OS_TRACE_FLAG_PEND_EXIT(*perr);
 1234              		.loc 1 703 18
 1235 0192 3B6C     		ldr	r3, [r7, #64]
 1236 0194 1B78     		ldrb	r3, [r3]	@ zero_extendqisi2
 1237 0196 1946     		mov	r1, r3
 1238 0198 3B20     		movs	r0, #59
 1239 019a FFF7FEFF 		bl	SEGGER_SYSVIEW_RecordEndCallU32
 704:./ucOSII/Core/os_flag.c ****                  return (flags_rdy);
 1240              		.loc 1 704 25
 1241 019e BB8D     		ldrh	r3, [r7, #44]
ARM GAS  /var/folders/yl/_q9l42k90g1g4mdhbs226msm0000gn/T//ccvymW0p.s 			page 35


 1242 01a0 07E1     		b	.L95
 1243              	.L82:
 705:./ucOSII/Core/os_flag.c ****              } else {                                      /* Block task until events occur or time
 706:./ucOSII/Core/os_flag.c ****                  OS_FlagBlock(pgrp, &node, flags, wait_type, timeout);
 1244              		.loc 1 706 18
 1245 01a2 787A     		ldrb	r0, [r7, #9]	@ zero_extendqisi2
 1246 01a4 7A89     		ldrh	r2, [r7, #10]
 1247 01a6 07F11401 		add	r1, r7, #20
 1248 01aa 7B68     		ldr	r3, [r7, #4]
 1249 01ac 0093     		str	r3, [sp]
 1250 01ae 0346     		mov	r3, r0
 1251 01b0 F868     		ldr	r0, [r7, #12]
 1252 01b2 FFF7FEFF 		bl	OS_FlagBlock
 707:./ucOSII/Core/os_flag.c ****                  OS_EXIT_CRITICAL();
 1253              		.loc 1 707 18
 1254 01b6 386B     		ldr	r0, [r7, #48]
 1255 01b8 FFF7FEFF 		bl	OS_CPU_SR_Restore
 708:./ucOSII/Core/os_flag.c ****              }
 709:./ucOSII/Core/os_flag.c ****              break;
 1256              		.loc 1 709 14
 1257 01bc 80E0     		b	.L81
 1258              	.L78:
 710:./ucOSII/Core/os_flag.c **** 
 711:./ucOSII/Core/os_flag.c **** #if OS_FLAG_WAIT_CLR_EN > 0u
 712:./ucOSII/Core/os_flag.c ****         case OS_FLAG_WAIT_CLR_ALL:                         /* See if all required flags are cleared
 713:./ucOSII/Core/os_flag.c ****              flags_rdy = (OS_FLAGS)~pgrp->OSFlagFlags & flags;    /* Extract only the bits we want 
 1259              		.loc 1 713 41
 1260 01be FB68     		ldr	r3, [r7, #12]
 1261 01c0 1B89     		ldrh	r3, [r3, #8]
 1262              		.loc 1 713 26
 1263 01c2 DB43     		mvns	r3, r3
 1264 01c4 9AB2     		uxth	r2, r3
 1265              		.loc 1 713 24
 1266 01c6 7B89     		ldrh	r3, [r7, #10]	@ movhi
 1267 01c8 1340     		ands	r3, r3, r2
 1268 01ca BB85     		strh	r3, [r7, #44]	@ movhi
 714:./ucOSII/Core/os_flag.c ****              if (flags_rdy == flags) {                     /* Must match ALL the bits that we want 
 1269              		.loc 1 714 17
 1270 01cc BA8D     		ldrh	r2, [r7, #44]
 1271 01ce 7B89     		ldrh	r3, [r7, #10]
 1272 01d0 9A42     		cmp	r2, r3
 1273 01d2 1CD1     		bne	.L84
 715:./ucOSII/Core/os_flag.c ****                  if (consume == OS_TRUE) {                 /* See if we need to consume the flags  
 1274              		.loc 1 715 21
 1275 01d4 97F83730 		ldrb	r3, [r7, #55]	@ zero_extendqisi2
 1276 01d8 012B     		cmp	r3, #1
 1277 01da 06D1     		bne	.L85
 716:./ucOSII/Core/os_flag.c ****                      pgrp->OSFlagFlags |= flags_rdy;       /* Set ONLY the flags that we wanted    
 1278              		.loc 1 716 40
 1279 01dc FB68     		ldr	r3, [r7, #12]
 1280 01de 1A89     		ldrh	r2, [r3, #8]
 1281 01e0 BB8D     		ldrh	r3, [r7, #44]	@ movhi
 1282 01e2 1343     		orrs	r3, r3, r2
 1283 01e4 9AB2     		uxth	r2, r3
 1284 01e6 FB68     		ldr	r3, [r7, #12]
 1285 01e8 1A81     		strh	r2, [r3, #8]	@ movhi
 1286              	.L85:
ARM GAS  /var/folders/yl/_q9l42k90g1g4mdhbs226msm0000gn/T//ccvymW0p.s 			page 36


 717:./ucOSII/Core/os_flag.c ****                  }
 718:./ucOSII/Core/os_flag.c ****                  OSTCBCur->OSTCBFlagsRdy = flags_rdy;      /* Save flags that were ready           
 1287              		.loc 1 718 26
 1288 01ea 344B     		ldr	r3, .L97+8
 1289 01ec 1B68     		ldr	r3, [r3]
 1290              		.loc 1 718 42
 1291 01ee BA8D     		ldrh	r2, [r7, #44]	@ movhi
 1292 01f0 1A86     		strh	r2, [r3, #48]	@ movhi
 719:./ucOSII/Core/os_flag.c ****                  OS_EXIT_CRITICAL();                       /* Yes, condition met, return to caller 
 1293              		.loc 1 719 18
 1294 01f2 386B     		ldr	r0, [r7, #48]
 1295 01f4 FFF7FEFF 		bl	OS_CPU_SR_Restore
 720:./ucOSII/Core/os_flag.c ****                  *perr                   = OS_ERR_NONE;
 1296              		.loc 1 720 42
 1297 01f8 3B6C     		ldr	r3, [r7, #64]
 1298 01fa 0022     		movs	r2, #0
 1299 01fc 1A70     		strb	r2, [r3]
 721:./ucOSII/Core/os_flag.c ****                  OS_TRACE_FLAG_PEND_EXIT(*perr);
 1300              		.loc 1 721 18
 1301 01fe 3B6C     		ldr	r3, [r7, #64]
 1302 0200 1B78     		ldrb	r3, [r3]	@ zero_extendqisi2
 1303 0202 1946     		mov	r1, r3
 1304 0204 3B20     		movs	r0, #59
 1305 0206 FFF7FEFF 		bl	SEGGER_SYSVIEW_RecordEndCallU32
 722:./ucOSII/Core/os_flag.c ****                  return (flags_rdy);
 1306              		.loc 1 722 25
 1307 020a BB8D     		ldrh	r3, [r7, #44]
 1308 020c D1E0     		b	.L95
 1309              	.L84:
 723:./ucOSII/Core/os_flag.c ****              } else {                                      /* Block task until events occur or time
 724:./ucOSII/Core/os_flag.c ****                  OS_FlagBlock(pgrp, &node, flags, wait_type, timeout);
 1310              		.loc 1 724 18
 1311 020e 787A     		ldrb	r0, [r7, #9]	@ zero_extendqisi2
 1312 0210 7A89     		ldrh	r2, [r7, #10]
 1313 0212 07F11401 		add	r1, r7, #20
 1314 0216 7B68     		ldr	r3, [r7, #4]
 1315 0218 0093     		str	r3, [sp]
 1316 021a 0346     		mov	r3, r0
 1317 021c F868     		ldr	r0, [r7, #12]
 1318 021e FFF7FEFF 		bl	OS_FlagBlock
 725:./ucOSII/Core/os_flag.c ****                  OS_EXIT_CRITICAL();
 1319              		.loc 1 725 18
 1320 0222 386B     		ldr	r0, [r7, #48]
 1321 0224 FFF7FEFF 		bl	OS_CPU_SR_Restore
 726:./ucOSII/Core/os_flag.c ****              }
 727:./ucOSII/Core/os_flag.c ****              break;
 1322              		.loc 1 727 14
 1323 0228 4AE0     		b	.L81
 1324              	.L77:
 728:./ucOSII/Core/os_flag.c **** 
 729:./ucOSII/Core/os_flag.c ****         case OS_FLAG_WAIT_CLR_ANY:
 730:./ucOSII/Core/os_flag.c ****              flags_rdy = (OS_FLAGS)~pgrp->OSFlagFlags & flags;   /* Extract only the bits we want  
 1325              		.loc 1 730 41
 1326 022a FB68     		ldr	r3, [r7, #12]
 1327 022c 1B89     		ldrh	r3, [r3, #8]
 1328              		.loc 1 730 26
 1329 022e DB43     		mvns	r3, r3
ARM GAS  /var/folders/yl/_q9l42k90g1g4mdhbs226msm0000gn/T//ccvymW0p.s 			page 37


 1330 0230 9AB2     		uxth	r2, r3
 1331              		.loc 1 730 24
 1332 0232 7B89     		ldrh	r3, [r7, #10]	@ movhi
 1333 0234 1340     		ands	r3, r3, r2
 1334 0236 BB85     		strh	r3, [r7, #44]	@ movhi
 731:./ucOSII/Core/os_flag.c ****              if (flags_rdy != (OS_FLAGS)0) {               /* See if any flag cleared              
 1335              		.loc 1 731 17
 1336 0238 BB8D     		ldrh	r3, [r7, #44]
 1337 023a 002B     		cmp	r3, #0
 1338 023c 1CD0     		beq	.L86
 732:./ucOSII/Core/os_flag.c ****                  if (consume == OS_TRUE) {                 /* See if we need to consume the flags  
 1339              		.loc 1 732 21
 1340 023e 97F83730 		ldrb	r3, [r7, #55]	@ zero_extendqisi2
 1341 0242 012B     		cmp	r3, #1
 1342 0244 06D1     		bne	.L87
 733:./ucOSII/Core/os_flag.c ****                      pgrp->OSFlagFlags |= flags_rdy;       /* Set ONLY the flags that we got       
 1343              		.loc 1 733 40
 1344 0246 FB68     		ldr	r3, [r7, #12]
 1345 0248 1A89     		ldrh	r2, [r3, #8]
 1346 024a BB8D     		ldrh	r3, [r7, #44]	@ movhi
 1347 024c 1343     		orrs	r3, r3, r2
 1348 024e 9AB2     		uxth	r2, r3
 1349 0250 FB68     		ldr	r3, [r7, #12]
 1350 0252 1A81     		strh	r2, [r3, #8]	@ movhi
 1351              	.L87:
 734:./ucOSII/Core/os_flag.c ****                  }
 735:./ucOSII/Core/os_flag.c ****                  OSTCBCur->OSTCBFlagsRdy = flags_rdy;      /* Save flags that were ready           
 1352              		.loc 1 735 26
 1353 0254 194B     		ldr	r3, .L97+8
 1354 0256 1B68     		ldr	r3, [r3]
 1355              		.loc 1 735 42
 1356 0258 BA8D     		ldrh	r2, [r7, #44]	@ movhi
 1357 025a 1A86     		strh	r2, [r3, #48]	@ movhi
 736:./ucOSII/Core/os_flag.c ****                  OS_EXIT_CRITICAL();                       /* Yes, condition met, return to caller 
 1358              		.loc 1 736 18
 1359 025c 386B     		ldr	r0, [r7, #48]
 1360 025e FFF7FEFF 		bl	OS_CPU_SR_Restore
 737:./ucOSII/Core/os_flag.c ****                  *perr                   = OS_ERR_NONE;
 1361              		.loc 1 737 42
 1362 0262 3B6C     		ldr	r3, [r7, #64]
 1363 0264 0022     		movs	r2, #0
 1364 0266 1A70     		strb	r2, [r3]
 738:./ucOSII/Core/os_flag.c ****                  OS_TRACE_FLAG_PEND_EXIT(*perr);
 1365              		.loc 1 738 18
 1366 0268 3B6C     		ldr	r3, [r7, #64]
 1367 026a 1B78     		ldrb	r3, [r3]	@ zero_extendqisi2
 1368 026c 1946     		mov	r1, r3
 1369 026e 3B20     		movs	r0, #59
 1370 0270 FFF7FEFF 		bl	SEGGER_SYSVIEW_RecordEndCallU32
 739:./ucOSII/Core/os_flag.c ****                  return (flags_rdy);
 1371              		.loc 1 739 25
 1372 0274 BB8D     		ldrh	r3, [r7, #44]
 1373 0276 9CE0     		b	.L95
 1374              	.L86:
 740:./ucOSII/Core/os_flag.c ****              } else {                                      /* Block task until events occur or time
 741:./ucOSII/Core/os_flag.c ****                  OS_FlagBlock(pgrp, &node, flags, wait_type, timeout);
 1375              		.loc 1 741 18
ARM GAS  /var/folders/yl/_q9l42k90g1g4mdhbs226msm0000gn/T//ccvymW0p.s 			page 38


 1376 0278 787A     		ldrb	r0, [r7, #9]	@ zero_extendqisi2
 1377 027a 7A89     		ldrh	r2, [r7, #10]
 1378 027c 07F11401 		add	r1, r7, #20
 1379 0280 7B68     		ldr	r3, [r7, #4]
 1380 0282 0093     		str	r3, [sp]
 1381 0284 0346     		mov	r3, r0
 1382 0286 F868     		ldr	r0, [r7, #12]
 1383 0288 FFF7FEFF 		bl	OS_FlagBlock
 742:./ucOSII/Core/os_flag.c ****                  OS_EXIT_CRITICAL();
 1384              		.loc 1 742 18
 1385 028c 386B     		ldr	r0, [r7, #48]
 1386 028e FFF7FEFF 		bl	OS_CPU_SR_Restore
 743:./ucOSII/Core/os_flag.c ****              }
 744:./ucOSII/Core/os_flag.c ****              break;
 1387              		.loc 1 744 14
 1388 0292 15E0     		b	.L81
 1389              	.L73:
 745:./ucOSII/Core/os_flag.c **** #endif
 746:./ucOSII/Core/os_flag.c **** 
 747:./ucOSII/Core/os_flag.c ****         default:
 748:./ucOSII/Core/os_flag.c ****              OS_EXIT_CRITICAL();
 1390              		.loc 1 748 14
 1391 0294 386B     		ldr	r0, [r7, #48]
 1392 0296 FFF7FEFF 		bl	OS_CPU_SR_Restore
 749:./ucOSII/Core/os_flag.c ****              flags_rdy = (OS_FLAGS)0;
 1393              		.loc 1 749 24
 1394 029a 0023     		movs	r3, #0
 1395 029c BB85     		strh	r3, [r7, #44]	@ movhi
 750:./ucOSII/Core/os_flag.c ****              *perr      = OS_ERR_FLAG_WAIT_TYPE;
 1396              		.loc 1 750 25
 1397 029e 3B6C     		ldr	r3, [r7, #64]
 1398 02a0 6F22     		movs	r2, #111
 1399 02a2 1A70     		strb	r2, [r3]
 751:./ucOSII/Core/os_flag.c ****              OS_TRACE_FLAG_PEND_EXIT(*perr);
 1400              		.loc 1 751 14
 1401 02a4 3B6C     		ldr	r3, [r7, #64]
 1402 02a6 1B78     		ldrb	r3, [r3]	@ zero_extendqisi2
 1403 02a8 1946     		mov	r1, r3
 1404 02aa 3B20     		movs	r0, #59
 1405 02ac FFF7FEFF 		bl	SEGGER_SYSVIEW_RecordEndCallU32
 752:./ucOSII/Core/os_flag.c ****              return (flags_rdy);
 1406              		.loc 1 752 21
 1407 02b0 BB8D     		ldrh	r3, [r7, #44]
 1408 02b2 7EE0     		b	.L95
 1409              	.L98:
 1410              		.align	2
 1411              	.L97:
 1412 02b4 00000000 		.word	OSIntNesting
 1413 02b8 00000000 		.word	OSLockNesting
 1414 02bc 00000000 		.word	OSTCBCur
 1415              	.L81:
 753:./ucOSII/Core/os_flag.c ****     }
 754:./ucOSII/Core/os_flag.c **** 
 755:./ucOSII/Core/os_flag.c ****     OS_Sched();                                            /* Find next HPT ready to run           
 1416              		.loc 1 755 5
 1417 02c0 FFF7FEFF 		bl	OS_Sched
 756:./ucOSII/Core/os_flag.c ****     OS_ENTER_CRITICAL();
ARM GAS  /var/folders/yl/_q9l42k90g1g4mdhbs226msm0000gn/T//ccvymW0p.s 			page 39


 1418              		.loc 1 756 5
 1419 02c4 4020     		movs	r0, #64
 1420 02c6 FFF7FEFF 		bl	OS_CPU_SR_Save
 1421 02ca 3863     		str	r0, [r7, #48]
 757:./ucOSII/Core/os_flag.c ****     if (OSTCBCur->OSTCBStatPend != OS_STAT_PEND_OK) {      /* Have we timed-out or aborted?        
 1422              		.loc 1 757 17
 1423 02cc 3B4B     		ldr	r3, .L99
 1424 02ce 1B68     		ldr	r3, [r3]
 1425 02d0 93F83930 		ldrb	r3, [r3, #57]	@ zero_extendqisi2
 1426              		.loc 1 757 8
 1427 02d4 002B     		cmp	r3, #0
 1428 02d6 2DD0     		beq	.L88
 758:./ucOSII/Core/os_flag.c ****         pend_stat                = OSTCBCur->OSTCBStatPend;
 1429              		.loc 1 758 44
 1430 02d8 384B     		ldr	r3, .L99
 1431 02da 1B68     		ldr	r3, [r3]
 1432              		.loc 1 758 34
 1433 02dc 93F83930 		ldrb	r3, [r3, #57]
 1434 02e0 87F82B30 		strb	r3, [r7, #43]
 759:./ucOSII/Core/os_flag.c ****         OSTCBCur->OSTCBStatPend  = OS_STAT_PEND_OK;
 1435              		.loc 1 759 17
 1436 02e4 354B     		ldr	r3, .L99
 1437 02e6 1B68     		ldr	r3, [r3]
 1438              		.loc 1 759 34
 1439 02e8 0022     		movs	r2, #0
 1440 02ea 83F83920 		strb	r2, [r3, #57]
 760:./ucOSII/Core/os_flag.c ****         OS_FlagUnlink(&node);
 1441              		.loc 1 760 9
 1442 02ee 07F11403 		add	r3, r7, #20
 1443 02f2 1846     		mov	r0, r3
 1444 02f4 FFF7FEFF 		bl	OS_FlagUnlink
 761:./ucOSII/Core/os_flag.c ****         OSTCBCur->OSTCBStat      = OS_STAT_RDY;            /* Yes, make task ready-to-run          
 1445              		.loc 1 761 17
 1446 02f8 304B     		ldr	r3, .L99
 1447 02fa 1B68     		ldr	r3, [r3]
 1448              		.loc 1 761 34
 1449 02fc 0022     		movs	r2, #0
 1450 02fe 83F83820 		strb	r2, [r3, #56]
 762:./ucOSII/Core/os_flag.c ****         OS_EXIT_CRITICAL();
 1451              		.loc 1 762 9
 1452 0302 386B     		ldr	r0, [r7, #48]
 1453 0304 FFF7FEFF 		bl	OS_CPU_SR_Restore
 763:./ucOSII/Core/os_flag.c ****         flags_rdy                = (OS_FLAGS)0;
 1454              		.loc 1 763 34
 1455 0308 0023     		movs	r3, #0
 1456 030a BB85     		strh	r3, [r7, #44]	@ movhi
 764:./ucOSII/Core/os_flag.c ****         switch (pend_stat) {
 1457              		.loc 1 764 9
 1458 030c 97F82B30 		ldrb	r3, [r7, #43]	@ zero_extendqisi2
 1459 0310 022B     		cmp	r3, #2
 1460 0312 03D1     		bne	.L89
 765:./ucOSII/Core/os_flag.c ****             case OS_STAT_PEND_ABORT:
 766:./ucOSII/Core/os_flag.c ****                  *perr = OS_ERR_PEND_ABORT;                /* Indicate that we aborted   waiting   
 1461              		.loc 1 766 24
 1462 0314 3B6C     		ldr	r3, [r7, #64]
 1463 0316 0E22     		movs	r2, #14
 1464 0318 1A70     		strb	r2, [r3]
ARM GAS  /var/folders/yl/_q9l42k90g1g4mdhbs226msm0000gn/T//ccvymW0p.s 			page 40


 767:./ucOSII/Core/os_flag.c ****                  break;
 1465              		.loc 1 767 18
 1466 031a 03E0     		b	.L90
 1467              	.L89:
 768:./ucOSII/Core/os_flag.c **** 
 769:./ucOSII/Core/os_flag.c ****             case OS_STAT_PEND_TO:
 770:./ucOSII/Core/os_flag.c ****             default:
 771:./ucOSII/Core/os_flag.c ****                  *perr = OS_ERR_TIMEOUT;                   /* Indicate that we timed-out waiting   
 1468              		.loc 1 771 24
 1469 031c 3B6C     		ldr	r3, [r7, #64]
 1470 031e 0A22     		movs	r2, #10
 1471 0320 1A70     		strb	r2, [r3]
 772:./ucOSII/Core/os_flag.c ****                  break;
 1472              		.loc 1 772 18
 1473 0322 00BF     		nop
 1474              	.L90:
 773:./ucOSII/Core/os_flag.c ****         }
 774:./ucOSII/Core/os_flag.c ****         OS_TRACE_FLAG_PEND_EXIT(*perr);
 1475              		.loc 1 774 9
 1476 0324 3B6C     		ldr	r3, [r7, #64]
 1477 0326 1B78     		ldrb	r3, [r3]	@ zero_extendqisi2
 1478 0328 1946     		mov	r1, r3
 1479 032a 3B20     		movs	r0, #59
 1480 032c FFF7FEFF 		bl	SEGGER_SYSVIEW_RecordEndCallU32
 775:./ucOSII/Core/os_flag.c ****         return (flags_rdy);
 1481              		.loc 1 775 16
 1482 0330 BB8D     		ldrh	r3, [r7, #44]
 1483 0332 3EE0     		b	.L95
 1484              	.L88:
 776:./ucOSII/Core/os_flag.c ****     }
 777:./ucOSII/Core/os_flag.c ****     flags_rdy = OSTCBCur->OSTCBFlagsRdy;
 1485              		.loc 1 777 25
 1486 0334 214B     		ldr	r3, .L99
 1487 0336 1B68     		ldr	r3, [r3]
 1488              		.loc 1 777 15
 1489 0338 1B8E     		ldrh	r3, [r3, #48]	@ movhi
 1490 033a BB85     		strh	r3, [r7, #44]	@ movhi
 778:./ucOSII/Core/os_flag.c ****     if (consume == OS_TRUE) {                              /* See if we need to consume the flags  
 1491              		.loc 1 778 8
 1492 033c 97F83730 		ldrb	r3, [r7, #55]	@ zero_extendqisi2
 1493 0340 012B     		cmp	r3, #1
 1494 0342 28D1     		bne	.L96
 779:./ucOSII/Core/os_flag.c ****         switch (wait_type) {
 1495              		.loc 1 779 9
 1496 0344 7B7A     		ldrb	r3, [r7, #9]	@ zero_extendqisi2
 1497 0346 012B     		cmp	r3, #1
 1498 0348 02DC     		bgt	.L92
 1499 034a 002B     		cmp	r3, #0
 1500 034c 0DDA     		bge	.L93
 1501 034e 14E0     		b	.L94
 1502              	.L92:
 1503 0350 023B     		subs	r3, r3, #2
 1504 0352 012B     		cmp	r3, #1
 1505 0354 11D8     		bhi	.L94
 780:./ucOSII/Core/os_flag.c ****             case OS_FLAG_WAIT_SET_ALL:
 781:./ucOSII/Core/os_flag.c ****             case OS_FLAG_WAIT_SET_ANY:                     /* Clear ONLY the flags we got          
 782:./ucOSII/Core/os_flag.c ****                  pgrp->OSFlagFlags &= (OS_FLAGS)~flags_rdy;
ARM GAS  /var/folders/yl/_q9l42k90g1g4mdhbs226msm0000gn/T//ccvymW0p.s 			page 41


 1506              		.loc 1 782 36
 1507 0356 FB68     		ldr	r3, [r7, #12]
 1508 0358 1A89     		ldrh	r2, [r3, #8]
 1509              		.loc 1 782 39
 1510 035a BB8D     		ldrh	r3, [r7, #44]	@ movhi
 1511 035c DB43     		mvns	r3, r3
 1512 035e 9BB2     		uxth	r3, r3
 1513              		.loc 1 782 36
 1514 0360 1340     		ands	r3, r3, r2
 1515 0362 9AB2     		uxth	r2, r3
 1516 0364 FB68     		ldr	r3, [r7, #12]
 1517 0366 1A81     		strh	r2, [r3, #8]	@ movhi
 783:./ucOSII/Core/os_flag.c ****                  break;
 1518              		.loc 1 783 18
 1519 0368 16E0     		b	.L91
 1520              	.L93:
 784:./ucOSII/Core/os_flag.c **** 
 785:./ucOSII/Core/os_flag.c **** #if OS_FLAG_WAIT_CLR_EN > 0u
 786:./ucOSII/Core/os_flag.c ****             case OS_FLAG_WAIT_CLR_ALL:
 787:./ucOSII/Core/os_flag.c ****             case OS_FLAG_WAIT_CLR_ANY:                     /* Set   ONLY the flags we got          
 788:./ucOSII/Core/os_flag.c ****                  pgrp->OSFlagFlags |=  flags_rdy;
 1521              		.loc 1 788 36
 1522 036a FB68     		ldr	r3, [r7, #12]
 1523 036c 1A89     		ldrh	r2, [r3, #8]
 1524 036e BB8D     		ldrh	r3, [r7, #44]	@ movhi
 1525 0370 1343     		orrs	r3, r3, r2
 1526 0372 9AB2     		uxth	r2, r3
 1527 0374 FB68     		ldr	r3, [r7, #12]
 1528 0376 1A81     		strh	r2, [r3, #8]	@ movhi
 789:./ucOSII/Core/os_flag.c ****                  break;
 1529              		.loc 1 789 18
 1530 0378 0EE0     		b	.L91
 1531              	.L94:
 790:./ucOSII/Core/os_flag.c **** #endif
 791:./ucOSII/Core/os_flag.c ****             default:
 792:./ucOSII/Core/os_flag.c ****                  OS_EXIT_CRITICAL();
 1532              		.loc 1 792 18
 1533 037a 386B     		ldr	r0, [r7, #48]
 1534 037c FFF7FEFF 		bl	OS_CPU_SR_Restore
 793:./ucOSII/Core/os_flag.c ****                  *perr = OS_ERR_FLAG_WAIT_TYPE;
 1535              		.loc 1 793 24
 1536 0380 3B6C     		ldr	r3, [r7, #64]
 1537 0382 6F22     		movs	r2, #111
 1538 0384 1A70     		strb	r2, [r3]
 794:./ucOSII/Core/os_flag.c ****                  OS_TRACE_FLAG_PEND_EXIT(*perr);
 1539              		.loc 1 794 18
 1540 0386 3B6C     		ldr	r3, [r7, #64]
 1541 0388 1B78     		ldrb	r3, [r3]	@ zero_extendqisi2
 1542 038a 1946     		mov	r1, r3
 1543 038c 3B20     		movs	r0, #59
 1544 038e FFF7FEFF 		bl	SEGGER_SYSVIEW_RecordEndCallU32
 795:./ucOSII/Core/os_flag.c ****                  return ((OS_FLAGS)0);
 1545              		.loc 1 795 25
 1546 0392 0023     		movs	r3, #0
 1547 0394 0DE0     		b	.L95
 1548              	.L96:
 796:./ucOSII/Core/os_flag.c ****         }
ARM GAS  /var/folders/yl/_q9l42k90g1g4mdhbs226msm0000gn/T//ccvymW0p.s 			page 42


 797:./ucOSII/Core/os_flag.c ****     }
 1549              		.loc 1 797 5
 1550 0396 00BF     		nop
 1551              	.L91:
 798:./ucOSII/Core/os_flag.c ****     OS_EXIT_CRITICAL();
 1552              		.loc 1 798 5
 1553 0398 386B     		ldr	r0, [r7, #48]
 1554 039a FFF7FEFF 		bl	OS_CPU_SR_Restore
 799:./ucOSII/Core/os_flag.c ****     *perr = OS_ERR_NONE;                                   /* Event(s) must have occurred          
 1555              		.loc 1 799 11
 1556 039e 3B6C     		ldr	r3, [r7, #64]
 1557 03a0 0022     		movs	r2, #0
 1558 03a2 1A70     		strb	r2, [r3]
 800:./ucOSII/Core/os_flag.c ****     OS_TRACE_FLAG_PEND_EXIT(*perr);
 1559              		.loc 1 800 5
 1560 03a4 3B6C     		ldr	r3, [r7, #64]
 1561 03a6 1B78     		ldrb	r3, [r3]	@ zero_extendqisi2
 1562 03a8 1946     		mov	r1, r3
 1563 03aa 3B20     		movs	r0, #59
 1564 03ac FFF7FEFF 		bl	SEGGER_SYSVIEW_RecordEndCallU32
 801:./ucOSII/Core/os_flag.c ****     return (flags_rdy);
 1565              		.loc 1 801 12
 1566 03b0 BB8D     		ldrh	r3, [r7, #44]
 1567              	.L95:
 802:./ucOSII/Core/os_flag.c **** }
 1568              		.loc 1 802 1 discriminator 1
 1569 03b2 1846     		mov	r0, r3
 1570 03b4 3837     		adds	r7, r7, #56
 1571              	.LCFI28:
 1572              		.cfi_def_cfa_offset 8
 1573 03b6 BD46     		mov	sp, r7
 1574              	.LCFI29:
 1575              		.cfi_def_cfa_register 13
 1576              		@ sp needed
 1577 03b8 80BD     		pop	{r7, pc}
 1578              	.L100:
 1579 03ba 00BF     		.align	2
 1580              	.L99:
 1581 03bc 00000000 		.word	OSTCBCur
 1582              		.cfi_endproc
 1583              	.LFE8:
 1585              		.section	.text.OSFlagPendGetFlagsRdy,"ax",%progbits
 1586              		.align	1
 1587              		.global	OSFlagPendGetFlagsRdy
 1588              		.syntax unified
 1589              		.thumb
 1590              		.thumb_func
 1592              	OSFlagPendGetFlagsRdy:
 1593              	.LFB9:
 803:./ucOSII/Core/os_flag.c **** 
 804:./ucOSII/Core/os_flag.c **** 
 805:./ucOSII/Core/os_flag.c **** /*
 806:./ucOSII/Core/os_flag.c **** ***************************************************************************************************
 807:./ucOSII/Core/os_flag.c **** *                              GET FLAGS WHO CAUSED TASK TO BECOME READY
 808:./ucOSII/Core/os_flag.c **** *
 809:./ucOSII/Core/os_flag.c **** * Description: This function is called to obtain the flags that caused the task to become ready to 
 810:./ucOSII/Core/os_flag.c **** *              In other words, this function allows you to tell "Who done it!".
ARM GAS  /var/folders/yl/_q9l42k90g1g4mdhbs226msm0000gn/T//ccvymW0p.s 			page 43


 811:./ucOSII/Core/os_flag.c **** *
 812:./ucOSII/Core/os_flag.c **** * Arguments  : None
 813:./ucOSII/Core/os_flag.c **** *
 814:./ucOSII/Core/os_flag.c **** * Returns    : The flags that caused the task to be ready.
 815:./ucOSII/Core/os_flag.c **** *
 816:./ucOSII/Core/os_flag.c **** * Called from: Task ONLY
 817:./ucOSII/Core/os_flag.c **** ***************************************************************************************************
 818:./ucOSII/Core/os_flag.c **** */
 819:./ucOSII/Core/os_flag.c **** 
 820:./ucOSII/Core/os_flag.c **** OS_FLAGS  OSFlagPendGetFlagsRdy (void)
 821:./ucOSII/Core/os_flag.c **** {
 1594              		.loc 1 821 1
 1595              		.cfi_startproc
 1596              		@ args = 0, pretend = 0, frame = 8
 1597              		@ frame_needed = 1, uses_anonymous_args = 0
 1598 0000 80B5     		push	{r7, lr}
 1599              	.LCFI30:
 1600              		.cfi_def_cfa_offset 8
 1601              		.cfi_offset 7, -8
 1602              		.cfi_offset 14, -4
 1603 0002 82B0     		sub	sp, sp, #8
 1604              	.LCFI31:
 1605              		.cfi_def_cfa_offset 16
 1606 0004 00AF     		add	r7, sp, #0
 1607              	.LCFI32:
 1608              		.cfi_def_cfa_register 7
 822:./ucOSII/Core/os_flag.c ****     OS_FLAGS      flags;
 823:./ucOSII/Core/os_flag.c **** #if OS_CRITICAL_METHOD == 3u                               /* Allocate storage for CPU status regis
 824:./ucOSII/Core/os_flag.c ****     OS_CPU_SR     cpu_sr = 0u;
 1609              		.loc 1 824 19
 1610 0006 0023     		movs	r3, #0
 1611 0008 7B60     		str	r3, [r7, #4]
 825:./ucOSII/Core/os_flag.c **** #endif
 826:./ucOSII/Core/os_flag.c **** 
 827:./ucOSII/Core/os_flag.c **** 
 828:./ucOSII/Core/os_flag.c **** 
 829:./ucOSII/Core/os_flag.c ****     OS_ENTER_CRITICAL();
 1612              		.loc 1 829 5
 1613 000a 4020     		movs	r0, #64
 1614 000c FFF7FEFF 		bl	OS_CPU_SR_Save
 1615 0010 7860     		str	r0, [r7, #4]
 830:./ucOSII/Core/os_flag.c ****     flags = OSTCBCur->OSTCBFlagsRdy;
 1616              		.loc 1 830 21
 1617 0012 064B     		ldr	r3, .L103
 1618 0014 1B68     		ldr	r3, [r3]
 1619              		.loc 1 830 11
 1620 0016 1B8E     		ldrh	r3, [r3, #48]	@ movhi
 1621 0018 7B80     		strh	r3, [r7, #2]	@ movhi
 831:./ucOSII/Core/os_flag.c ****     OS_EXIT_CRITICAL();
 1622              		.loc 1 831 5
 1623 001a 7868     		ldr	r0, [r7, #4]
 1624 001c FFF7FEFF 		bl	OS_CPU_SR_Restore
 832:./ucOSII/Core/os_flag.c ****     return (flags);
 1625              		.loc 1 832 12
 1626 0020 7B88     		ldrh	r3, [r7, #2]
 833:./ucOSII/Core/os_flag.c **** }
 1627              		.loc 1 833 1
ARM GAS  /var/folders/yl/_q9l42k90g1g4mdhbs226msm0000gn/T//ccvymW0p.s 			page 44


 1628 0022 1846     		mov	r0, r3
 1629 0024 0837     		adds	r7, r7, #8
 1630              	.LCFI33:
 1631              		.cfi_def_cfa_offset 8
 1632 0026 BD46     		mov	sp, r7
 1633              	.LCFI34:
 1634              		.cfi_def_cfa_register 13
 1635              		@ sp needed
 1636 0028 80BD     		pop	{r7, pc}
 1637              	.L104:
 1638 002a 00BF     		.align	2
 1639              	.L103:
 1640 002c 00000000 		.word	OSTCBCur
 1641              		.cfi_endproc
 1642              	.LFE9:
 1644              		.section	.text.OSFlagPost,"ax",%progbits
 1645              		.align	1
 1646              		.global	OSFlagPost
 1647              		.syntax unified
 1648              		.thumb
 1649              		.thumb_func
 1651              	OSFlagPost:
 1652              	.LFB10:
 834:./ucOSII/Core/os_flag.c **** 
 835:./ucOSII/Core/os_flag.c **** 
 836:./ucOSII/Core/os_flag.c **** /*
 837:./ucOSII/Core/os_flag.c **** ***************************************************************************************************
 838:./ucOSII/Core/os_flag.c **** *                                       POST EVENT FLAG BIT(S)
 839:./ucOSII/Core/os_flag.c **** *
 840:./ucOSII/Core/os_flag.c **** * Description: This function is called to set or clear some bits in an event flag group.  The bits 
 841:./ucOSII/Core/os_flag.c **** *              set or clear are specified by a 'bit mask'.
 842:./ucOSII/Core/os_flag.c **** *
 843:./ucOSII/Core/os_flag.c **** * Arguments  : pgrp          is a pointer to the desired event flag group.
 844:./ucOSII/Core/os_flag.c **** *
 845:./ucOSII/Core/os_flag.c **** *              flags         If 'opt' (see below) is OS_FLAG_SET, each bit that is set in 'flags' w
 846:./ucOSII/Core/os_flag.c **** *                            set the corresponding bit in the event flag group.  e.g. to set bits 0
 847:./ucOSII/Core/os_flag.c **** *                            and 5 you would set 'flags' to:
 848:./ucOSII/Core/os_flag.c **** *
 849:./ucOSII/Core/os_flag.c **** *                                0x31     (note, bit 0 is least significant bit)
 850:./ucOSII/Core/os_flag.c **** *
 851:./ucOSII/Core/os_flag.c **** *                            If 'opt' (see below) is OS_FLAG_CLR, each bit that is set in 'flags' w
 852:./ucOSII/Core/os_flag.c **** *                            CLEAR the corresponding bit in the event flag group.  e.g. to clear bi
 853:./ucOSII/Core/os_flag.c **** *                            4 and 5 you would specify 'flags' as:
 854:./ucOSII/Core/os_flag.c **** *
 855:./ucOSII/Core/os_flag.c **** *                                0x31     (note, bit 0 is least significant bit)
 856:./ucOSII/Core/os_flag.c **** *
 857:./ucOSII/Core/os_flag.c **** *              opt           indicates whether the flags will be:
 858:./ucOSII/Core/os_flag.c **** *                                set     (OS_FLAG_SET) or
 859:./ucOSII/Core/os_flag.c **** *                                cleared (OS_FLAG_CLR)
 860:./ucOSII/Core/os_flag.c **** *
 861:./ucOSII/Core/os_flag.c **** *              perr          is a pointer to an error code and can be:
 862:./ucOSII/Core/os_flag.c **** *                            OS_ERR_NONE                The call was successfull
 863:./ucOSII/Core/os_flag.c **** *                            OS_ERR_FLAG_INVALID_PGRP   You passed a NULL pointer
 864:./ucOSII/Core/os_flag.c **** *                            OS_ERR_EVENT_TYPE          You are not pointing to an event flag group
 865:./ucOSII/Core/os_flag.c **** *                            OS_ERR_FLAG_INVALID_OPT    You specified an invalid option
 866:./ucOSII/Core/os_flag.c **** *
 867:./ucOSII/Core/os_flag.c **** * Returns    : the new value of the event flags bits that are still set.
ARM GAS  /var/folders/yl/_q9l42k90g1g4mdhbs226msm0000gn/T//ccvymW0p.s 			page 45


 868:./ucOSII/Core/os_flag.c **** *
 869:./ucOSII/Core/os_flag.c **** * Called From: Task or ISR
 870:./ucOSII/Core/os_flag.c **** *
 871:./ucOSII/Core/os_flag.c **** * WARNING(s) : 1) The execution time of this function depends on the number of tasks waiting on the
 872:./ucOSII/Core/os_flag.c **** *                 flag group.
 873:./ucOSII/Core/os_flag.c **** *              2) The amount of time interrupts are DISABLED depends on the number of tasks waiting
 874:./ucOSII/Core/os_flag.c **** *                 the event flag group.
 875:./ucOSII/Core/os_flag.c **** ***************************************************************************************************
 876:./ucOSII/Core/os_flag.c **** */
 877:./ucOSII/Core/os_flag.c **** OS_FLAGS  OSFlagPost (OS_FLAG_GRP  *pgrp,
 878:./ucOSII/Core/os_flag.c ****                       OS_FLAGS      flags,
 879:./ucOSII/Core/os_flag.c ****                       INT8U         opt,
 880:./ucOSII/Core/os_flag.c ****                       INT8U        *perr)
 881:./ucOSII/Core/os_flag.c **** {
 1653              		.loc 1 881 1
 1654              		.cfi_startproc
 1655              		@ args = 0, pretend = 0, frame = 40
 1656              		@ frame_needed = 1, uses_anonymous_args = 0
 1657 0000 80B5     		push	{r7, lr}
 1658              	.LCFI35:
 1659              		.cfi_def_cfa_offset 8
 1660              		.cfi_offset 7, -8
 1661              		.cfi_offset 14, -4
 1662 0002 8AB0     		sub	sp, sp, #40
 1663              	.LCFI36:
 1664              		.cfi_def_cfa_offset 48
 1665 0004 00AF     		add	r7, sp, #0
 1666              	.LCFI37:
 1667              		.cfi_def_cfa_register 7
 1668 0006 F860     		str	r0, [r7, #12]
 1669 0008 7B60     		str	r3, [r7, #4]
 1670 000a 0B46     		mov	r3, r1	@ movhi
 1671 000c 7B81     		strh	r3, [r7, #10]	@ movhi
 1672 000e 1346     		mov	r3, r2
 1673 0010 7B72     		strb	r3, [r7, #9]
 882:./ucOSII/Core/os_flag.c ****     OS_FLAG_NODE *pnode;
 883:./ucOSII/Core/os_flag.c ****     BOOLEAN       sched;
 884:./ucOSII/Core/os_flag.c ****     OS_FLAGS      flags_cur;
 885:./ucOSII/Core/os_flag.c ****     OS_FLAGS      flags_rdy;
 886:./ucOSII/Core/os_flag.c ****     BOOLEAN       rdy;
 887:./ucOSII/Core/os_flag.c **** #if OS_CRITICAL_METHOD == 3u                         /* Allocate storage for CPU status register   
 888:./ucOSII/Core/os_flag.c ****     OS_CPU_SR     cpu_sr = 0u;
 1674              		.loc 1 888 19
 1675 0012 0023     		movs	r3, #0
 1676 0014 FB61     		str	r3, [r7, #28]
 889:./ucOSII/Core/os_flag.c **** #endif
 890:./ucOSII/Core/os_flag.c **** 
 891:./ucOSII/Core/os_flag.c **** 
 892:./ucOSII/Core/os_flag.c **** #ifdef OS_SAFETY_CRITICAL
 893:./ucOSII/Core/os_flag.c ****     if (perr == (INT8U *)0) {
 894:./ucOSII/Core/os_flag.c ****         OS_SAFETY_CRITICAL_EXCEPTION();
 895:./ucOSII/Core/os_flag.c ****         return ((OS_FLAGS)0);
 896:./ucOSII/Core/os_flag.c ****     }
 897:./ucOSII/Core/os_flag.c **** #endif
 898:./ucOSII/Core/os_flag.c **** 
 899:./ucOSII/Core/os_flag.c **** #if OS_ARG_CHK_EN > 0u
 900:./ucOSII/Core/os_flag.c ****     if (pgrp == (OS_FLAG_GRP *)0) {                  /* Validate 'pgrp'                            
ARM GAS  /var/folders/yl/_q9l42k90g1g4mdhbs226msm0000gn/T//ccvymW0p.s 			page 46


 1677              		.loc 1 900 8
 1678 0016 FB68     		ldr	r3, [r7, #12]
 1679 0018 002B     		cmp	r3, #0
 1680 001a 04D1     		bne	.L106
 901:./ucOSII/Core/os_flag.c ****         *perr = OS_ERR_FLAG_INVALID_PGRP;
 1681              		.loc 1 901 15
 1682 001c 7B68     		ldr	r3, [r7, #4]
 1683 001e 6E22     		movs	r2, #110
 1684 0020 1A70     		strb	r2, [r3]
 902:./ucOSII/Core/os_flag.c ****         return ((OS_FLAGS)0);
 1685              		.loc 1 902 16
 1686 0022 0023     		movs	r3, #0
 1687 0024 F9E0     		b	.L107
 1688              	.L106:
 903:./ucOSII/Core/os_flag.c ****     }
 904:./ucOSII/Core/os_flag.c **** #endif
 905:./ucOSII/Core/os_flag.c **** 
 906:./ucOSII/Core/os_flag.c ****     OS_TRACE_FLAG_POST_ENTER(pgrp, flags, opt);
 1689              		.loc 1 906 5
 1690 0026 FB68     		ldr	r3, [r7, #12]
 1691 0028 1846     		mov	r0, r3
 1692 002a FFF7FEFF 		bl	SEGGER_SYSVIEW_ShrinkId
 1693 002e 0146     		mov	r1, r0
 1694 0030 7A89     		ldrh	r2, [r7, #10]
 1695 0032 7B7A     		ldrb	r3, [r7, #9]	@ zero_extendqisi2
 1696 0034 3A20     		movs	r0, #58
 1697 0036 FFF7FEFF 		bl	SEGGER_SYSVIEW_RecordU32x3
 907:./ucOSII/Core/os_flag.c **** 
 908:./ucOSII/Core/os_flag.c ****     if (pgrp->OSFlagType != OS_EVENT_TYPE_FLAG) {    /* Make sure we are pointing to an event flag 
 1698              		.loc 1 908 13
 1699 003a FB68     		ldr	r3, [r7, #12]
 1700 003c 1B78     		ldrb	r3, [r3]	@ zero_extendqisi2
 1701              		.loc 1 908 8
 1702 003e 052B     		cmp	r3, #5
 1703 0040 0AD0     		beq	.L108
 909:./ucOSII/Core/os_flag.c ****         *perr = OS_ERR_EVENT_TYPE;
 1704              		.loc 1 909 15
 1705 0042 7B68     		ldr	r3, [r7, #4]
 1706 0044 0122     		movs	r2, #1
 1707 0046 1A70     		strb	r2, [r3]
 910:./ucOSII/Core/os_flag.c ****         OS_TRACE_FLAG_POST_EXIT(*perr);
 1708              		.loc 1 910 9
 1709 0048 7B68     		ldr	r3, [r7, #4]
 1710 004a 1B78     		ldrb	r3, [r3]	@ zero_extendqisi2
 1711 004c 1946     		mov	r1, r3
 1712 004e 3A20     		movs	r0, #58
 1713 0050 FFF7FEFF 		bl	SEGGER_SYSVIEW_RecordEndCallU32
 911:./ucOSII/Core/os_flag.c ****         return ((OS_FLAGS)0);
 1714              		.loc 1 911 16
 1715 0054 0023     		movs	r3, #0
 1716 0056 E0E0     		b	.L107
 1717              	.L108:
 912:./ucOSII/Core/os_flag.c ****     }
 913:./ucOSII/Core/os_flag.c **** 
 914:./ucOSII/Core/os_flag.c ****     OS_ENTER_CRITICAL();
 1718              		.loc 1 914 5
 1719 0058 4020     		movs	r0, #64
ARM GAS  /var/folders/yl/_q9l42k90g1g4mdhbs226msm0000gn/T//ccvymW0p.s 			page 47


 1720 005a FFF7FEFF 		bl	OS_CPU_SR_Save
 1721 005e F861     		str	r0, [r7, #28]
 915:./ucOSII/Core/os_flag.c ****     switch (opt) {
 1722              		.loc 1 915 5
 1723 0060 7B7A     		ldrb	r3, [r7, #9]	@ zero_extendqisi2
 1724 0062 002B     		cmp	r3, #0
 1725 0064 02D0     		beq	.L109
 1726 0066 012B     		cmp	r3, #1
 1727 0068 0AD0     		beq	.L110
 1728 006a 11E0     		b	.L127
 1729              	.L109:
 916:./ucOSII/Core/os_flag.c ****         case OS_FLAG_CLR:
 917:./ucOSII/Core/os_flag.c ****              pgrp->OSFlagFlags &= (OS_FLAGS)~flags;  /* Clear the flags specified in the group     
 1730              		.loc 1 917 32
 1731 006c FB68     		ldr	r3, [r7, #12]
 1732 006e 1A89     		ldrh	r2, [r3, #8]
 1733              		.loc 1 917 35
 1734 0070 7B89     		ldrh	r3, [r7, #10]	@ movhi
 1735 0072 DB43     		mvns	r3, r3
 1736 0074 9BB2     		uxth	r3, r3
 1737              		.loc 1 917 32
 1738 0076 1340     		ands	r3, r3, r2
 1739 0078 9AB2     		uxth	r2, r3
 1740 007a FB68     		ldr	r3, [r7, #12]
 1741 007c 1A81     		strh	r2, [r3, #8]	@ movhi
 918:./ucOSII/Core/os_flag.c ****              break;
 1742              		.loc 1 918 14
 1743 007e 15E0     		b	.L112
 1744              	.L110:
 919:./ucOSII/Core/os_flag.c **** 
 920:./ucOSII/Core/os_flag.c ****         case OS_FLAG_SET:
 921:./ucOSII/Core/os_flag.c ****              pgrp->OSFlagFlags |=  flags;            /* Set   the flags specified in the group     
 1745              		.loc 1 921 32
 1746 0080 FB68     		ldr	r3, [r7, #12]
 1747 0082 1A89     		ldrh	r2, [r3, #8]
 1748 0084 7B89     		ldrh	r3, [r7, #10]	@ movhi
 1749 0086 1343     		orrs	r3, r3, r2
 1750 0088 9AB2     		uxth	r2, r3
 1751 008a FB68     		ldr	r3, [r7, #12]
 1752 008c 1A81     		strh	r2, [r3, #8]	@ movhi
 922:./ucOSII/Core/os_flag.c ****              break;
 1753              		.loc 1 922 14
 1754 008e 0DE0     		b	.L112
 1755              	.L127:
 923:./ucOSII/Core/os_flag.c **** 
 924:./ucOSII/Core/os_flag.c ****         default:
 925:./ucOSII/Core/os_flag.c ****              OS_EXIT_CRITICAL();                     /* INVALID option                             
 1756              		.loc 1 925 14
 1757 0090 F869     		ldr	r0, [r7, #28]
 1758 0092 FFF7FEFF 		bl	OS_CPU_SR_Restore
 926:./ucOSII/Core/os_flag.c ****              *perr = OS_ERR_FLAG_INVALID_OPT;
 1759              		.loc 1 926 20
 1760 0096 7B68     		ldr	r3, [r7, #4]
 1761 0098 7122     		movs	r2, #113
 1762 009a 1A70     		strb	r2, [r3]
 927:./ucOSII/Core/os_flag.c ****              OS_TRACE_FLAG_POST_EXIT(*perr);
 1763              		.loc 1 927 14
ARM GAS  /var/folders/yl/_q9l42k90g1g4mdhbs226msm0000gn/T//ccvymW0p.s 			page 48


 1764 009c 7B68     		ldr	r3, [r7, #4]
 1765 009e 1B78     		ldrb	r3, [r3]	@ zero_extendqisi2
 1766 00a0 1946     		mov	r1, r3
 1767 00a2 3A20     		movs	r0, #58
 1768 00a4 FFF7FEFF 		bl	SEGGER_SYSVIEW_RecordEndCallU32
 928:./ucOSII/Core/os_flag.c ****              return ((OS_FLAGS)0);
 1769              		.loc 1 928 21
 1770 00a8 0023     		movs	r3, #0
 1771 00aa B6E0     		b	.L107
 1772              	.L112:
 929:./ucOSII/Core/os_flag.c ****     }
 930:./ucOSII/Core/os_flag.c ****     sched = OS_FALSE;                                /* Indicate that we don't need rescheduling   
 1773              		.loc 1 930 11
 1774 00ac 0023     		movs	r3, #0
 1775 00ae 87F82330 		strb	r3, [r7, #35]
 931:./ucOSII/Core/os_flag.c ****     pnode = (OS_FLAG_NODE *)pgrp->OSFlagWaitList;
 1776              		.loc 1 931 11
 1777 00b2 FB68     		ldr	r3, [r7, #12]
 1778 00b4 5B68     		ldr	r3, [r3, #4]
 1779 00b6 7B62     		str	r3, [r7, #36]
 932:./ucOSII/Core/os_flag.c ****     while (pnode != (OS_FLAG_NODE *)0) {             /* Go through all tasks waiting on event flag(
 1780              		.loc 1 932 11
 1781 00b8 8EE0     		b	.L113
 1782              	.L125:
 933:./ucOSII/Core/os_flag.c ****         switch (pnode->OSFlagNodeWaitType) {
 1783              		.loc 1 933 22
 1784 00ba 7B6A     		ldr	r3, [r7, #36]
 1785 00bc 9B7C     		ldrb	r3, [r3, #18]	@ zero_extendqisi2
 1786              		.loc 1 933 9
 1787 00be 032B     		cmp	r3, #3
 1788 00c0 72D8     		bhi	.L114
 1789 00c2 01A2     		adr	r2, .L116
 1790 00c4 52F823F0 		ldr	pc, [r2, r3, lsl #2]
 1791              		.p2align 2
 1792              	.L116:
 1793 00c8 3D010000 		.word	.L119+1
 1794 00cc 75010000 		.word	.L118+1
 1795 00d0 D9000000 		.word	.L117+1
 1796 00d4 0D010000 		.word	.L115+1
 1797              		.p2align 1
 1798              	.L117:
 934:./ucOSII/Core/os_flag.c ****             case OS_FLAG_WAIT_SET_ALL:               /* See if all req. flags are set for current n
 935:./ucOSII/Core/os_flag.c ****                  flags_rdy = (OS_FLAGS)(pgrp->OSFlagFlags & pnode->OSFlagNodeFlags);
 1799              		.loc 1 935 45
 1800 00d8 FB68     		ldr	r3, [r7, #12]
 1801 00da 1A89     		ldrh	r2, [r3, #8]
 1802              		.loc 1 935 66
 1803 00dc 7B6A     		ldr	r3, [r7, #36]
 1804 00de 1B8A     		ldrh	r3, [r3, #16]
 1805              		.loc 1 935 28
 1806 00e0 1340     		ands	r3, r3, r2
 1807 00e2 3B83     		strh	r3, [r7, #24]	@ movhi
 936:./ucOSII/Core/os_flag.c ****                  if (flags_rdy == pnode->OSFlagNodeFlags) {   /* Make task RTR, event(s) Rx'd      
 1808              		.loc 1 936 40
 1809 00e4 7B6A     		ldr	r3, [r7, #36]
 1810 00e6 1B8A     		ldrh	r3, [r3, #16]
 1811              		.loc 1 936 21
ARM GAS  /var/folders/yl/_q9l42k90g1g4mdhbs226msm0000gn/T//ccvymW0p.s 			page 49


 1812 00e8 3A8B     		ldrh	r2, [r7, #24]
 1813 00ea 9A42     		cmp	r2, r3
 1814 00ec 6AD1     		bne	.L128
 937:./ucOSII/Core/os_flag.c ****                      rdy = OS_FlagTaskRdy(pnode, flags_rdy, OS_STAT_PEND_OK);
 1815              		.loc 1 937 28
 1816 00ee 3B8B     		ldrh	r3, [r7, #24]
 1817 00f0 0022     		movs	r2, #0
 1818 00f2 1946     		mov	r1, r3
 1819 00f4 786A     		ldr	r0, [r7, #36]
 1820 00f6 FFF7FEFF 		bl	OS_FlagTaskRdy
 1821 00fa 0346     		mov	r3, r0
 1822 00fc FB75     		strb	r3, [r7, #23]
 938:./ucOSII/Core/os_flag.c ****                      if (rdy == OS_TRUE) {
 1823              		.loc 1 938 25
 1824 00fe FB7D     		ldrb	r3, [r7, #23]	@ zero_extendqisi2
 1825 0100 012B     		cmp	r3, #1
 1826 0102 5FD1     		bne	.L128
 939:./ucOSII/Core/os_flag.c ****                          sched = OS_TRUE;                     /* When done we will reschedule      
 1827              		.loc 1 939 32
 1828 0104 0123     		movs	r3, #1
 1829 0106 87F82330 		strb	r3, [r7, #35]
 940:./ucOSII/Core/os_flag.c ****                      }
 941:./ucOSII/Core/os_flag.c ****                  }
 942:./ucOSII/Core/os_flag.c ****                  break;
 1830              		.loc 1 942 18
 1831 010a 5BE0     		b	.L128
 1832              	.L115:
 943:./ucOSII/Core/os_flag.c **** 
 944:./ucOSII/Core/os_flag.c ****             case OS_FLAG_WAIT_SET_ANY:               /* See if any flag set                        
 945:./ucOSII/Core/os_flag.c ****                  flags_rdy = (OS_FLAGS)(pgrp->OSFlagFlags & pnode->OSFlagNodeFlags);
 1833              		.loc 1 945 45
 1834 010c FB68     		ldr	r3, [r7, #12]
 1835 010e 1A89     		ldrh	r2, [r3, #8]
 1836              		.loc 1 945 66
 1837 0110 7B6A     		ldr	r3, [r7, #36]
 1838 0112 1B8A     		ldrh	r3, [r3, #16]
 1839              		.loc 1 945 28
 1840 0114 1340     		ands	r3, r3, r2
 1841 0116 3B83     		strh	r3, [r7, #24]	@ movhi
 946:./ucOSII/Core/os_flag.c ****                  if (flags_rdy != (OS_FLAGS)0) {              /* Make task RTR, event(s) Rx'd      
 1842              		.loc 1 946 21
 1843 0118 3B8B     		ldrh	r3, [r7, #24]
 1844 011a 002B     		cmp	r3, #0
 1845 011c 54D0     		beq	.L129
 947:./ucOSII/Core/os_flag.c ****                      rdy = OS_FlagTaskRdy(pnode, flags_rdy, OS_STAT_PEND_OK);
 1846              		.loc 1 947 28
 1847 011e 3B8B     		ldrh	r3, [r7, #24]
 1848 0120 0022     		movs	r2, #0
 1849 0122 1946     		mov	r1, r3
 1850 0124 786A     		ldr	r0, [r7, #36]
 1851 0126 FFF7FEFF 		bl	OS_FlagTaskRdy
 1852 012a 0346     		mov	r3, r0
 1853 012c FB75     		strb	r3, [r7, #23]
 948:./ucOSII/Core/os_flag.c ****                      if (rdy == OS_TRUE) {
 1854              		.loc 1 948 25
 1855 012e FB7D     		ldrb	r3, [r7, #23]	@ zero_extendqisi2
 1856 0130 012B     		cmp	r3, #1
ARM GAS  /var/folders/yl/_q9l42k90g1g4mdhbs226msm0000gn/T//ccvymW0p.s 			page 50


 1857 0132 49D1     		bne	.L129
 949:./ucOSII/Core/os_flag.c ****                          sched = OS_TRUE;                     /* When done we will reschedule      
 1858              		.loc 1 949 32
 1859 0134 0123     		movs	r3, #1
 1860 0136 87F82330 		strb	r3, [r7, #35]
 950:./ucOSII/Core/os_flag.c ****                      }
 951:./ucOSII/Core/os_flag.c ****                  }
 952:./ucOSII/Core/os_flag.c ****                  break;
 1861              		.loc 1 952 18
 1862 013a 45E0     		b	.L129
 1863              	.L119:
 953:./ucOSII/Core/os_flag.c **** 
 954:./ucOSII/Core/os_flag.c **** #if OS_FLAG_WAIT_CLR_EN > 0u
 955:./ucOSII/Core/os_flag.c ****             case OS_FLAG_WAIT_CLR_ALL:               /* See if all req. flags are set for current n
 956:./ucOSII/Core/os_flag.c ****                  flags_rdy = (OS_FLAGS)~pgrp->OSFlagFlags & pnode->OSFlagNodeFlags;
 1864              		.loc 1 956 45
 1865 013c FB68     		ldr	r3, [r7, #12]
 1866 013e 1B89     		ldrh	r3, [r3, #8]
 1867              		.loc 1 956 30
 1868 0140 DB43     		mvns	r3, r3
 1869 0142 9AB2     		uxth	r2, r3
 1870              		.loc 1 956 66
 1871 0144 7B6A     		ldr	r3, [r7, #36]
 1872 0146 1B8A     		ldrh	r3, [r3, #16]
 1873              		.loc 1 956 28
 1874 0148 1340     		ands	r3, r3, r2
 1875 014a 3B83     		strh	r3, [r7, #24]	@ movhi
 957:./ucOSII/Core/os_flag.c ****                  if (flags_rdy == pnode->OSFlagNodeFlags) {   /* Make task RTR, event(s) Rx'd      
 1876              		.loc 1 957 40
 1877 014c 7B6A     		ldr	r3, [r7, #36]
 1878 014e 1B8A     		ldrh	r3, [r3, #16]
 1879              		.loc 1 957 21
 1880 0150 3A8B     		ldrh	r2, [r7, #24]
 1881 0152 9A42     		cmp	r2, r3
 1882 0154 3AD1     		bne	.L130
 958:./ucOSII/Core/os_flag.c ****                      rdy = OS_FlagTaskRdy(pnode, flags_rdy, OS_STAT_PEND_OK);
 1883              		.loc 1 958 28
 1884 0156 3B8B     		ldrh	r3, [r7, #24]
 1885 0158 0022     		movs	r2, #0
 1886 015a 1946     		mov	r1, r3
 1887 015c 786A     		ldr	r0, [r7, #36]
 1888 015e FFF7FEFF 		bl	OS_FlagTaskRdy
 1889 0162 0346     		mov	r3, r0
 1890 0164 FB75     		strb	r3, [r7, #23]
 959:./ucOSII/Core/os_flag.c ****                      if (rdy == OS_TRUE) {
 1891              		.loc 1 959 25
 1892 0166 FB7D     		ldrb	r3, [r7, #23]	@ zero_extendqisi2
 1893 0168 012B     		cmp	r3, #1
 1894 016a 2FD1     		bne	.L130
 960:./ucOSII/Core/os_flag.c ****                          sched = OS_TRUE;                     /* When done we will reschedule      
 1895              		.loc 1 960 32
 1896 016c 0123     		movs	r3, #1
 1897 016e 87F82330 		strb	r3, [r7, #35]
 961:./ucOSII/Core/os_flag.c ****                      }
 962:./ucOSII/Core/os_flag.c ****                  }
 963:./ucOSII/Core/os_flag.c ****                  break;
 1898              		.loc 1 963 18
ARM GAS  /var/folders/yl/_q9l42k90g1g4mdhbs226msm0000gn/T//ccvymW0p.s 			page 51


 1899 0172 2BE0     		b	.L130
 1900              	.L118:
 964:./ucOSII/Core/os_flag.c **** 
 965:./ucOSII/Core/os_flag.c ****             case OS_FLAG_WAIT_CLR_ANY:               /* See if any flag set                        
 966:./ucOSII/Core/os_flag.c ****                  flags_rdy = (OS_FLAGS)~pgrp->OSFlagFlags & pnode->OSFlagNodeFlags;
 1901              		.loc 1 966 45
 1902 0174 FB68     		ldr	r3, [r7, #12]
 1903 0176 1B89     		ldrh	r3, [r3, #8]
 1904              		.loc 1 966 30
 1905 0178 DB43     		mvns	r3, r3
 1906 017a 9AB2     		uxth	r2, r3
 1907              		.loc 1 966 66
 1908 017c 7B6A     		ldr	r3, [r7, #36]
 1909 017e 1B8A     		ldrh	r3, [r3, #16]
 1910              		.loc 1 966 28
 1911 0180 1340     		ands	r3, r3, r2
 1912 0182 3B83     		strh	r3, [r7, #24]	@ movhi
 967:./ucOSII/Core/os_flag.c ****                  if (flags_rdy != (OS_FLAGS)0) {              /* Make task RTR, event(s) Rx'd      
 1913              		.loc 1 967 21
 1914 0184 3B8B     		ldrh	r3, [r7, #24]
 1915 0186 002B     		cmp	r3, #0
 1916 0188 22D0     		beq	.L131
 968:./ucOSII/Core/os_flag.c ****                      rdy = OS_FlagTaskRdy(pnode, flags_rdy, OS_STAT_PEND_OK);
 1917              		.loc 1 968 28
 1918 018a 3B8B     		ldrh	r3, [r7, #24]
 1919 018c 0022     		movs	r2, #0
 1920 018e 1946     		mov	r1, r3
 1921 0190 786A     		ldr	r0, [r7, #36]
 1922 0192 FFF7FEFF 		bl	OS_FlagTaskRdy
 1923 0196 0346     		mov	r3, r0
 1924 0198 FB75     		strb	r3, [r7, #23]
 969:./ucOSII/Core/os_flag.c ****                      if (rdy == OS_TRUE) {
 1925              		.loc 1 969 25
 1926 019a FB7D     		ldrb	r3, [r7, #23]	@ zero_extendqisi2
 1927 019c 012B     		cmp	r3, #1
 1928 019e 17D1     		bne	.L131
 970:./ucOSII/Core/os_flag.c ****                          sched = OS_TRUE;                     /* When done we will reschedule      
 1929              		.loc 1 970 32
 1930 01a0 0123     		movs	r3, #1
 1931 01a2 87F82330 		strb	r3, [r7, #35]
 971:./ucOSII/Core/os_flag.c ****                      }
 972:./ucOSII/Core/os_flag.c ****                  }
 973:./ucOSII/Core/os_flag.c ****                  break;
 1932              		.loc 1 973 18
 1933 01a6 13E0     		b	.L131
 1934              	.L114:
 974:./ucOSII/Core/os_flag.c **** #endif
 975:./ucOSII/Core/os_flag.c ****             default:
 976:./ucOSII/Core/os_flag.c ****                  OS_EXIT_CRITICAL();
 1935              		.loc 1 976 18
 1936 01a8 F869     		ldr	r0, [r7, #28]
 1937 01aa FFF7FEFF 		bl	OS_CPU_SR_Restore
 977:./ucOSII/Core/os_flag.c ****                  *perr = OS_ERR_FLAG_WAIT_TYPE;
 1938              		.loc 1 977 24
 1939 01ae 7B68     		ldr	r3, [r7, #4]
 1940 01b0 6F22     		movs	r2, #111
 1941 01b2 1A70     		strb	r2, [r3]
ARM GAS  /var/folders/yl/_q9l42k90g1g4mdhbs226msm0000gn/T//ccvymW0p.s 			page 52


 978:./ucOSII/Core/os_flag.c ****                  OS_TRACE_FLAG_POST_EXIT(*perr);
 1942              		.loc 1 978 18
 1943 01b4 7B68     		ldr	r3, [r7, #4]
 1944 01b6 1B78     		ldrb	r3, [r3]	@ zero_extendqisi2
 1945 01b8 1946     		mov	r1, r3
 1946 01ba 3A20     		movs	r0, #58
 1947 01bc FFF7FEFF 		bl	SEGGER_SYSVIEW_RecordEndCallU32
 979:./ucOSII/Core/os_flag.c ****                  return ((OS_FLAGS)0);
 1948              		.loc 1 979 25
 1949 01c0 0023     		movs	r3, #0
 1950 01c2 2AE0     		b	.L107
 1951              	.L128:
 942:./ucOSII/Core/os_flag.c **** 
 1952              		.loc 1 942 18
 1953 01c4 00BF     		nop
 1954 01c6 04E0     		b	.L121
 1955              	.L129:
 952:./ucOSII/Core/os_flag.c **** 
 1956              		.loc 1 952 18
 1957 01c8 00BF     		nop
 1958 01ca 02E0     		b	.L121
 1959              	.L130:
 963:./ucOSII/Core/os_flag.c **** 
 1960              		.loc 1 963 18
 1961 01cc 00BF     		nop
 1962 01ce 00E0     		b	.L121
 1963              	.L131:
 973:./ucOSII/Core/os_flag.c **** #endif
 1964              		.loc 1 973 18
 1965 01d0 00BF     		nop
 1966              	.L121:
 980:./ucOSII/Core/os_flag.c ****         }
 981:./ucOSII/Core/os_flag.c ****         pnode = (OS_FLAG_NODE *)pnode->OSFlagNodeNext; /* Point to next task waiting for event flag
 1967              		.loc 1 981 15
 1968 01d2 7B6A     		ldr	r3, [r7, #36]
 1969 01d4 1B68     		ldr	r3, [r3]
 1970 01d6 7B62     		str	r3, [r7, #36]
 1971              	.L113:
 932:./ucOSII/Core/os_flag.c ****         switch (pnode->OSFlagNodeWaitType) {
 1972              		.loc 1 932 11
 1973 01d8 7B6A     		ldr	r3, [r7, #36]
 1974 01da 002B     		cmp	r3, #0
 1975 01dc 7FF46DAF 		bne	.L125
 982:./ucOSII/Core/os_flag.c ****     }
 983:./ucOSII/Core/os_flag.c ****     OS_EXIT_CRITICAL();
 1976              		.loc 1 983 5
 1977 01e0 F869     		ldr	r0, [r7, #28]
 1978 01e2 FFF7FEFF 		bl	OS_CPU_SR_Restore
 984:./ucOSII/Core/os_flag.c ****     if (sched == OS_TRUE) {
 1979              		.loc 1 984 8
 1980 01e6 97F82330 		ldrb	r3, [r7, #35]	@ zero_extendqisi2
 1981 01ea 012B     		cmp	r3, #1
 1982 01ec 01D1     		bne	.L126
 985:./ucOSII/Core/os_flag.c ****         OS_Sched();
 1983              		.loc 1 985 9
 1984 01ee FFF7FEFF 		bl	OS_Sched
 1985              	.L126:
ARM GAS  /var/folders/yl/_q9l42k90g1g4mdhbs226msm0000gn/T//ccvymW0p.s 			page 53


 986:./ucOSII/Core/os_flag.c ****     }
 987:./ucOSII/Core/os_flag.c ****     OS_ENTER_CRITICAL();
 1986              		.loc 1 987 5
 1987 01f2 4020     		movs	r0, #64
 1988 01f4 FFF7FEFF 		bl	OS_CPU_SR_Save
 1989 01f8 F861     		str	r0, [r7, #28]
 988:./ucOSII/Core/os_flag.c ****     flags_cur = pgrp->OSFlagFlags;
 1990              		.loc 1 988 15
 1991 01fa FB68     		ldr	r3, [r7, #12]
 1992 01fc 1B89     		ldrh	r3, [r3, #8]	@ movhi
 1993 01fe 7B83     		strh	r3, [r7, #26]	@ movhi
 989:./ucOSII/Core/os_flag.c ****     OS_EXIT_CRITICAL();
 1994              		.loc 1 989 5
 1995 0200 F869     		ldr	r0, [r7, #28]
 1996 0202 FFF7FEFF 		bl	OS_CPU_SR_Restore
 990:./ucOSII/Core/os_flag.c ****     *perr     = OS_ERR_NONE;
 1997              		.loc 1 990 15
 1998 0206 7B68     		ldr	r3, [r7, #4]
 1999 0208 0022     		movs	r2, #0
 2000 020a 1A70     		strb	r2, [r3]
 991:./ucOSII/Core/os_flag.c ****     OS_TRACE_FLAG_POST_EXIT(*perr);
 2001              		.loc 1 991 5
 2002 020c 7B68     		ldr	r3, [r7, #4]
 2003 020e 1B78     		ldrb	r3, [r3]	@ zero_extendqisi2
 2004 0210 1946     		mov	r1, r3
 2005 0212 3A20     		movs	r0, #58
 2006 0214 FFF7FEFF 		bl	SEGGER_SYSVIEW_RecordEndCallU32
 992:./ucOSII/Core/os_flag.c **** 
 993:./ucOSII/Core/os_flag.c ****     return (flags_cur);
 2007              		.loc 1 993 12
 2008 0218 7B8B     		ldrh	r3, [r7, #26]
 2009              	.L107:
 994:./ucOSII/Core/os_flag.c **** }
 2010              		.loc 1 994 1
 2011 021a 1846     		mov	r0, r3
 2012 021c 2837     		adds	r7, r7, #40
 2013              	.LCFI38:
 2014              		.cfi_def_cfa_offset 8
 2015 021e BD46     		mov	sp, r7
 2016              	.LCFI39:
 2017              		.cfi_def_cfa_register 13
 2018              		@ sp needed
 2019 0220 80BD     		pop	{r7, pc}
 2020              		.cfi_endproc
 2021              	.LFE10:
 2023 0222 00BF     		.section	.text.OSFlagQuery,"ax",%progbits
 2024              		.align	1
 2025              		.global	OSFlagQuery
 2026              		.syntax unified
 2027              		.thumb
 2028              		.thumb_func
 2030              	OSFlagQuery:
 2031              	.LFB11:
 995:./ucOSII/Core/os_flag.c **** 
 996:./ucOSII/Core/os_flag.c **** 
 997:./ucOSII/Core/os_flag.c **** /*
 998:./ucOSII/Core/os_flag.c **** ***************************************************************************************************
ARM GAS  /var/folders/yl/_q9l42k90g1g4mdhbs226msm0000gn/T//ccvymW0p.s 			page 54


 999:./ucOSII/Core/os_flag.c **** *                                          QUERY EVENT FLAG
1000:./ucOSII/Core/os_flag.c **** *
1001:./ucOSII/Core/os_flag.c **** * Description: This function is used to check the value of the event flag group.
1002:./ucOSII/Core/os_flag.c **** *
1003:./ucOSII/Core/os_flag.c **** * Arguments  : pgrp         is a pointer to the desired event flag group.
1004:./ucOSII/Core/os_flag.c **** *
1005:./ucOSII/Core/os_flag.c **** *              perr          is a pointer to an error code returned to the called:
1006:./ucOSII/Core/os_flag.c **** *                            OS_ERR_NONE                The call was successfull
1007:./ucOSII/Core/os_flag.c **** *                            OS_ERR_FLAG_INVALID_PGRP   You passed a NULL pointer
1008:./ucOSII/Core/os_flag.c **** *                            OS_ERR_EVENT_TYPE          You are not pointing to an event flag group
1009:./ucOSII/Core/os_flag.c **** *
1010:./ucOSII/Core/os_flag.c **** * Returns    : The current value of the event flag group.
1011:./ucOSII/Core/os_flag.c **** *
1012:./ucOSII/Core/os_flag.c **** * Called From: Task or ISR
1013:./ucOSII/Core/os_flag.c **** ***************************************************************************************************
1014:./ucOSII/Core/os_flag.c **** */
1015:./ucOSII/Core/os_flag.c **** 
1016:./ucOSII/Core/os_flag.c **** #if OS_FLAG_QUERY_EN > 0u
1017:./ucOSII/Core/os_flag.c **** OS_FLAGS  OSFlagQuery (OS_FLAG_GRP  *pgrp,
1018:./ucOSII/Core/os_flag.c ****                        INT8U        *perr)
1019:./ucOSII/Core/os_flag.c **** {
 2032              		.loc 1 1019 1
 2033              		.cfi_startproc
 2034              		@ args = 0, pretend = 0, frame = 16
 2035              		@ frame_needed = 1, uses_anonymous_args = 0
 2036 0000 80B5     		push	{r7, lr}
 2037              	.LCFI40:
 2038              		.cfi_def_cfa_offset 8
 2039              		.cfi_offset 7, -8
 2040              		.cfi_offset 14, -4
 2041 0002 84B0     		sub	sp, sp, #16
 2042              	.LCFI41:
 2043              		.cfi_def_cfa_offset 24
 2044 0004 00AF     		add	r7, sp, #0
 2045              	.LCFI42:
 2046              		.cfi_def_cfa_register 7
 2047 0006 7860     		str	r0, [r7, #4]
 2048 0008 3960     		str	r1, [r7]
1020:./ucOSII/Core/os_flag.c ****     OS_FLAGS   flags;
1021:./ucOSII/Core/os_flag.c **** #if OS_CRITICAL_METHOD == 3u                      /* Allocate storage for CPU status register      
1022:./ucOSII/Core/os_flag.c ****     OS_CPU_SR  cpu_sr = 0u;
 2049              		.loc 1 1022 16
 2050 000a 0023     		movs	r3, #0
 2051 000c FB60     		str	r3, [r7, #12]
1023:./ucOSII/Core/os_flag.c **** #endif
1024:./ucOSII/Core/os_flag.c **** 
1025:./ucOSII/Core/os_flag.c **** 
1026:./ucOSII/Core/os_flag.c **** 
1027:./ucOSII/Core/os_flag.c **** #ifdef OS_SAFETY_CRITICAL
1028:./ucOSII/Core/os_flag.c ****     if (perr == (INT8U *)0) {
1029:./ucOSII/Core/os_flag.c ****         OS_SAFETY_CRITICAL_EXCEPTION();
1030:./ucOSII/Core/os_flag.c ****         return ((OS_FLAGS)0);
1031:./ucOSII/Core/os_flag.c ****     }
1032:./ucOSII/Core/os_flag.c **** #endif
1033:./ucOSII/Core/os_flag.c **** 
1034:./ucOSII/Core/os_flag.c **** #if OS_ARG_CHK_EN > 0u
1035:./ucOSII/Core/os_flag.c ****     if (pgrp == (OS_FLAG_GRP *)0) {               /* Validate 'pgrp'                               
ARM GAS  /var/folders/yl/_q9l42k90g1g4mdhbs226msm0000gn/T//ccvymW0p.s 			page 55


 2052              		.loc 1 1035 8
 2053 000e 7B68     		ldr	r3, [r7, #4]
 2054 0010 002B     		cmp	r3, #0
 2055 0012 04D1     		bne	.L133
1036:./ucOSII/Core/os_flag.c ****         *perr = OS_ERR_FLAG_INVALID_PGRP;
 2056              		.loc 1 1036 15
 2057 0014 3B68     		ldr	r3, [r7]
 2058 0016 6E22     		movs	r2, #110
 2059 0018 1A70     		strb	r2, [r3]
1037:./ucOSII/Core/os_flag.c ****         return ((OS_FLAGS)0);
 2060              		.loc 1 1037 16
 2061 001a 0023     		movs	r3, #0
 2062 001c 16E0     		b	.L134
 2063              	.L133:
1038:./ucOSII/Core/os_flag.c ****     }
1039:./ucOSII/Core/os_flag.c **** #endif
1040:./ucOSII/Core/os_flag.c ****     if (pgrp->OSFlagType != OS_EVENT_TYPE_FLAG) { /* Validate event block type                     
 2064              		.loc 1 1040 13
 2065 001e 7B68     		ldr	r3, [r7, #4]
 2066 0020 1B78     		ldrb	r3, [r3]	@ zero_extendqisi2
 2067              		.loc 1 1040 8
 2068 0022 052B     		cmp	r3, #5
 2069 0024 04D0     		beq	.L135
1041:./ucOSII/Core/os_flag.c ****         *perr = OS_ERR_EVENT_TYPE;
 2070              		.loc 1 1041 15
 2071 0026 3B68     		ldr	r3, [r7]
 2072 0028 0122     		movs	r2, #1
 2073 002a 1A70     		strb	r2, [r3]
1042:./ucOSII/Core/os_flag.c ****         return ((OS_FLAGS)0);
 2074              		.loc 1 1042 16
 2075 002c 0023     		movs	r3, #0
 2076 002e 0DE0     		b	.L134
 2077              	.L135:
1043:./ucOSII/Core/os_flag.c ****     }
1044:./ucOSII/Core/os_flag.c ****     OS_ENTER_CRITICAL();
 2078              		.loc 1 1044 5
 2079 0030 4020     		movs	r0, #64
 2080 0032 FFF7FEFF 		bl	OS_CPU_SR_Save
 2081 0036 F860     		str	r0, [r7, #12]
1045:./ucOSII/Core/os_flag.c ****     flags = pgrp->OSFlagFlags;
 2082              		.loc 1 1045 11
 2083 0038 7B68     		ldr	r3, [r7, #4]
 2084 003a 1B89     		ldrh	r3, [r3, #8]	@ movhi
 2085 003c 7B81     		strh	r3, [r7, #10]	@ movhi
1046:./ucOSII/Core/os_flag.c ****     OS_EXIT_CRITICAL();
 2086              		.loc 1 1046 5
 2087 003e F868     		ldr	r0, [r7, #12]
 2088 0040 FFF7FEFF 		bl	OS_CPU_SR_Restore
1047:./ucOSII/Core/os_flag.c ****     *perr = OS_ERR_NONE;
 2089              		.loc 1 1047 11
 2090 0044 3B68     		ldr	r3, [r7]
 2091 0046 0022     		movs	r2, #0
 2092 0048 1A70     		strb	r2, [r3]
1048:./ucOSII/Core/os_flag.c ****     return (flags);                               /* Return the current value of the event flags   
 2093              		.loc 1 1048 12
 2094 004a 7B89     		ldrh	r3, [r7, #10]
 2095              	.L134:
ARM GAS  /var/folders/yl/_q9l42k90g1g4mdhbs226msm0000gn/T//ccvymW0p.s 			page 56


1049:./ucOSII/Core/os_flag.c **** }
 2096              		.loc 1 1049 1
 2097 004c 1846     		mov	r0, r3
 2098 004e 1037     		adds	r7, r7, #16
 2099              	.LCFI43:
 2100              		.cfi_def_cfa_offset 8
 2101 0050 BD46     		mov	sp, r7
 2102              	.LCFI44:
 2103              		.cfi_def_cfa_register 13
 2104              		@ sp needed
 2105 0052 80BD     		pop	{r7, pc}
 2106              		.cfi_endproc
 2107              	.LFE11:
 2109              		.section	.text.OS_FlagBlock,"ax",%progbits
 2110              		.align	1
 2111              		.syntax unified
 2112              		.thumb
 2113              		.thumb_func
 2115              	OS_FlagBlock:
 2116              	.LFB12:
1050:./ucOSII/Core/os_flag.c **** #endif
1051:./ucOSII/Core/os_flag.c **** 
1052:./ucOSII/Core/os_flag.c **** 
1053:./ucOSII/Core/os_flag.c **** /*
1054:./ucOSII/Core/os_flag.c **** ***************************************************************************************************
1055:./ucOSII/Core/os_flag.c **** *                     SUSPEND TASK UNTIL EVENT FLAG(s) RECEIVED OR TIMEOUT OCCURS
1056:./ucOSII/Core/os_flag.c **** *
1057:./ucOSII/Core/os_flag.c **** * Description: This function is internal to uC/OS-II and is used to put a task to sleep until the d
1058:./ucOSII/Core/os_flag.c **** *              event flag bit(s) are set.
1059:./ucOSII/Core/os_flag.c **** *
1060:./ucOSII/Core/os_flag.c **** * Arguments  : pgrp          is a pointer to the desired event flag group.
1061:./ucOSII/Core/os_flag.c **** *
1062:./ucOSII/Core/os_flag.c **** *              pnode         is a pointer to a structure which contains data about the task waiting
1063:./ucOSII/Core/os_flag.c **** *                            event flag bit(s) to be set.
1064:./ucOSII/Core/os_flag.c **** *
1065:./ucOSII/Core/os_flag.c **** *              flags         Is a bit pattern indicating which bit(s) (i.e. flags) you wish to chec
1066:./ucOSII/Core/os_flag.c **** *                            The bits you want are specified by setting the corresponding bits in
1067:./ucOSII/Core/os_flag.c **** *                            'flags'.  e.g. if your application wants to wait for bits 0 and 1 then
1068:./ucOSII/Core/os_flag.c **** *                            'flags' would contain 0x03.
1069:./ucOSII/Core/os_flag.c **** *
1070:./ucOSII/Core/os_flag.c **** *              wait_type     specifies whether you want ALL bits to be set/cleared or ANY of the bi
1071:./ucOSII/Core/os_flag.c **** *                            to be set/cleared.
1072:./ucOSII/Core/os_flag.c **** *                            You can specify the following argument:
1073:./ucOSII/Core/os_flag.c **** *
1074:./ucOSII/Core/os_flag.c **** *                            OS_FLAG_WAIT_CLR_ALL   You will check ALL bits in 'mask' to be clear (
1075:./ucOSII/Core/os_flag.c **** *                            OS_FLAG_WAIT_CLR_ANY   You will check ANY bit  in 'mask' to be clear (
1076:./ucOSII/Core/os_flag.c **** *                            OS_FLAG_WAIT_SET_ALL   You will check ALL bits in 'mask' to be set   (
1077:./ucOSII/Core/os_flag.c **** *                            OS_FLAG_WAIT_SET_ANY   You will check ANY bit  in 'mask' to be set   (
1078:./ucOSII/Core/os_flag.c **** *
1079:./ucOSII/Core/os_flag.c **** *              timeout       is the desired amount of time that the task will wait for the event fl
1080:./ucOSII/Core/os_flag.c **** *                            bit(s) to be set.
1081:./ucOSII/Core/os_flag.c **** *
1082:./ucOSII/Core/os_flag.c **** * Returns    : none
1083:./ucOSII/Core/os_flag.c **** *
1084:./ucOSII/Core/os_flag.c **** * Called by  : OSFlagPend()  OS_FLAG.C
1085:./ucOSII/Core/os_flag.c **** *
1086:./ucOSII/Core/os_flag.c **** * Note(s)    : This function is INTERNAL to uC/OS-II and your application should not call it.
ARM GAS  /var/folders/yl/_q9l42k90g1g4mdhbs226msm0000gn/T//ccvymW0p.s 			page 57


1087:./ucOSII/Core/os_flag.c **** ***************************************************************************************************
1088:./ucOSII/Core/os_flag.c **** */
1089:./ucOSII/Core/os_flag.c **** 
1090:./ucOSII/Core/os_flag.c **** static  void  OS_FlagBlock (OS_FLAG_GRP  *pgrp,
1091:./ucOSII/Core/os_flag.c ****                             OS_FLAG_NODE *pnode,
1092:./ucOSII/Core/os_flag.c ****                             OS_FLAGS      flags,
1093:./ucOSII/Core/os_flag.c ****                             INT8U         wait_type,
1094:./ucOSII/Core/os_flag.c ****                             INT32U        timeout)
1095:./ucOSII/Core/os_flag.c **** {
 2117              		.loc 1 1095 1
 2118              		.cfi_startproc
 2119              		@ args = 4, pretend = 0, frame = 24
 2120              		@ frame_needed = 1, uses_anonymous_args = 0
 2121 0000 80B5     		push	{r7, lr}
 2122              	.LCFI45:
 2123              		.cfi_def_cfa_offset 8
 2124              		.cfi_offset 7, -8
 2125              		.cfi_offset 14, -4
 2126 0002 86B0     		sub	sp, sp, #24
 2127              	.LCFI46:
 2128              		.cfi_def_cfa_offset 32
 2129 0004 00AF     		add	r7, sp, #0
 2130              	.LCFI47:
 2131              		.cfi_def_cfa_register 7
 2132 0006 F860     		str	r0, [r7, #12]
 2133 0008 B960     		str	r1, [r7, #8]
 2134 000a 1146     		mov	r1, r2
 2135 000c 1A46     		mov	r2, r3
 2136 000e 0B46     		mov	r3, r1	@ movhi
 2137 0010 FB80     		strh	r3, [r7, #6]	@ movhi
 2138 0012 1346     		mov	r3, r2
 2139 0014 7B71     		strb	r3, [r7, #5]
1096:./ucOSII/Core/os_flag.c ****     OS_FLAG_NODE  *pnode_next;
1097:./ucOSII/Core/os_flag.c ****     INT8U          y;
1098:./ucOSII/Core/os_flag.c **** 
1099:./ucOSII/Core/os_flag.c **** 
1100:./ucOSII/Core/os_flag.c ****     OSTCBCur->OSTCBStat      |= OS_STAT_FLAG;
 2140              		.loc 1 1100 30
 2141 0016 324B     		ldr	r3, .L140
 2142 0018 1B68     		ldr	r3, [r3]
 2143 001a 93F83820 		ldrb	r2, [r3, #56]	@ zero_extendqisi2
 2144 001e 304B     		ldr	r3, .L140
 2145 0020 1B68     		ldr	r3, [r3]
 2146 0022 42F02002 		orr	r2, r2, #32
 2147 0026 D2B2     		uxtb	r2, r2
 2148 0028 83F83820 		strb	r2, [r3, #56]
1101:./ucOSII/Core/os_flag.c ****     OSTCBCur->OSTCBStatPend   = OS_STAT_PEND_OK;
 2149              		.loc 1 1101 13
 2150 002c 2C4B     		ldr	r3, .L140
 2151 002e 1B68     		ldr	r3, [r3]
 2152              		.loc 1 1101 31
 2153 0030 0022     		movs	r2, #0
 2154 0032 83F83920 		strb	r2, [r3, #57]
1102:./ucOSII/Core/os_flag.c ****     OSTCBCur->OSTCBDly        = timeout;              /* Store timeout in task's TCB               
 2155              		.loc 1 1102 13
 2156 0036 2A4B     		ldr	r3, .L140
 2157 0038 1B68     		ldr	r3, [r3]
ARM GAS  /var/folders/yl/_q9l42k90g1g4mdhbs226msm0000gn/T//ccvymW0p.s 			page 58


 2158              		.loc 1 1102 31
 2159 003a 3A6A     		ldr	r2, [r7, #32]
 2160 003c 5A63     		str	r2, [r3, #52]
1103:./ucOSII/Core/os_flag.c **** #if OS_TASK_DEL_EN > 0u
1104:./ucOSII/Core/os_flag.c ****     OSTCBCur->OSTCBFlagNode   = pnode;                /* TCB to link to node                       
 2161              		.loc 1 1104 13
 2162 003e 284B     		ldr	r3, .L140
 2163 0040 1B68     		ldr	r3, [r3]
 2164              		.loc 1 1104 31
 2165 0042 BA68     		ldr	r2, [r7, #8]
 2166 0044 DA62     		str	r2, [r3, #44]
1105:./ucOSII/Core/os_flag.c **** #endif
1106:./ucOSII/Core/os_flag.c ****     pnode->OSFlagNodeFlags    = flags;                /* Save the flags that we need to wait for   
 2167              		.loc 1 1106 31
 2168 0046 BB68     		ldr	r3, [r7, #8]
 2169 0048 FA88     		ldrh	r2, [r7, #6]	@ movhi
 2170 004a 1A82     		strh	r2, [r3, #16]	@ movhi
1107:./ucOSII/Core/os_flag.c ****     pnode->OSFlagNodeWaitType = wait_type;            /* Save the type of wait we are doing        
 2171              		.loc 1 1107 31
 2172 004c BB68     		ldr	r3, [r7, #8]
 2173 004e 7A79     		ldrb	r2, [r7, #5]
 2174 0050 9A74     		strb	r2, [r3, #18]
1108:./ucOSII/Core/os_flag.c ****     pnode->OSFlagNodeTCB      = (void *)OSTCBCur;     /* Link to task's TCB                        
 2175              		.loc 1 1108 31
 2176 0052 234B     		ldr	r3, .L140
 2177 0054 1A68     		ldr	r2, [r3]
 2178 0056 BB68     		ldr	r3, [r7, #8]
 2179 0058 9A60     		str	r2, [r3, #8]
1109:./ucOSII/Core/os_flag.c ****     pnode->OSFlagNodeNext     = pgrp->OSFlagWaitList; /* Add node at beginning of event flag wait l
 2180              		.loc 1 1109 37
 2181 005a FB68     		ldr	r3, [r7, #12]
 2182 005c 5A68     		ldr	r2, [r3, #4]
 2183              		.loc 1 1109 31
 2184 005e BB68     		ldr	r3, [r7, #8]
 2185 0060 1A60     		str	r2, [r3]
1110:./ucOSII/Core/os_flag.c ****     pnode->OSFlagNodePrev     = (void *)0;
 2186              		.loc 1 1110 31
 2187 0062 BB68     		ldr	r3, [r7, #8]
 2188 0064 0022     		movs	r2, #0
 2189 0066 5A60     		str	r2, [r3, #4]
1111:./ucOSII/Core/os_flag.c ****     pnode->OSFlagNodeFlagGrp  = (void *)pgrp;         /* Link to Event Flag Group                  
 2190              		.loc 1 1111 31
 2191 0068 BB68     		ldr	r3, [r7, #8]
 2192 006a FA68     		ldr	r2, [r7, #12]
 2193 006c DA60     		str	r2, [r3, #12]
1112:./ucOSII/Core/os_flag.c ****     pnode_next                = (OS_FLAG_NODE *)pgrp->OSFlagWaitList;
 2194              		.loc 1 1112 31
 2195 006e FB68     		ldr	r3, [r7, #12]
 2196 0070 5B68     		ldr	r3, [r3, #4]
 2197 0072 7B61     		str	r3, [r7, #20]
1113:./ucOSII/Core/os_flag.c ****     if (pnode_next != (void *)0) {                    /* Is this the first NODE to insert?         
 2198              		.loc 1 1113 8
 2199 0074 7B69     		ldr	r3, [r7, #20]
 2200 0076 002B     		cmp	r3, #0
 2201 0078 02D0     		beq	.L137
1114:./ucOSII/Core/os_flag.c ****         pnode_next->OSFlagNodePrev = pnode;           /* No, link in doubly linked list            
 2202              		.loc 1 1114 36
ARM GAS  /var/folders/yl/_q9l42k90g1g4mdhbs226msm0000gn/T//ccvymW0p.s 			page 59


 2203 007a 7B69     		ldr	r3, [r7, #20]
 2204 007c BA68     		ldr	r2, [r7, #8]
 2205 007e 5A60     		str	r2, [r3, #4]
 2206              	.L137:
1115:./ucOSII/Core/os_flag.c ****     }
1116:./ucOSII/Core/os_flag.c ****     pgrp->OSFlagWaitList = (void *)pnode;
 2207              		.loc 1 1116 26
 2208 0080 FB68     		ldr	r3, [r7, #12]
 2209 0082 BA68     		ldr	r2, [r7, #8]
 2210 0084 5A60     		str	r2, [r3, #4]
1117:./ucOSII/Core/os_flag.c **** 
1118:./ucOSII/Core/os_flag.c ****     y            =  OSTCBCur->OSTCBY;                 /* Suspend current task until flag(s) receive
 2211              		.loc 1 1118 29
 2212 0086 164B     		ldr	r3, .L140
 2213 0088 1B68     		ldr	r3, [r3]
 2214              		.loc 1 1118 18
 2215 008a 93F83C30 		ldrb	r3, [r3, #60]
 2216 008e FB74     		strb	r3, [r7, #19]
1119:./ucOSII/Core/os_flag.c ****     OSRdyTbl[y] &= (OS_PRIO)~OSTCBCur->OSTCBBitX;
 2217              		.loc 1 1119 17
 2218 0090 FB7C     		ldrb	r3, [r7, #19]	@ zero_extendqisi2
 2219 0092 144A     		ldr	r2, .L140+4
 2220 0094 D15C     		ldrb	r1, [r2, r3]	@ zero_extendqisi2
 2221              		.loc 1 1119 38
 2222 0096 124B     		ldr	r3, .L140
 2223 0098 1B68     		ldr	r3, [r3]
 2224 009a 93F83D30 		ldrb	r3, [r3, #61]	@ zero_extendqisi2
 2225              		.loc 1 1119 20
 2226 009e DB43     		mvns	r3, r3
 2227 00a0 DAB2     		uxtb	r2, r3
 2228              		.loc 1 1119 17
 2229 00a2 FB7C     		ldrb	r3, [r7, #19]	@ zero_extendqisi2
 2230 00a4 0A40     		ands	r2, r2, r1
 2231 00a6 D1B2     		uxtb	r1, r2
 2232 00a8 0E4A     		ldr	r2, .L140+4
 2233 00aa D154     		strb	r1, [r2, r3]
1120:./ucOSII/Core/os_flag.c ****     OS_TRACE_TASK_SUSPENDED(OSTCBCur);
 2234              		.loc 1 1120 5
 2235 00ac 0C4B     		ldr	r3, .L140
 2236 00ae 1B68     		ldr	r3, [r3]
 2237 00b0 1846     		mov	r0, r3
 2238 00b2 FFF7FEFF 		bl	SYSVIEW_TaskSuspend
1121:./ucOSII/Core/os_flag.c ****     if (OSRdyTbl[y] == 0x00u) {
 2239              		.loc 1 1121 17
 2240 00b6 FB7C     		ldrb	r3, [r7, #19]	@ zero_extendqisi2
 2241 00b8 0A4A     		ldr	r2, .L140+4
 2242 00ba D35C     		ldrb	r3, [r2, r3]	@ zero_extendqisi2
 2243              		.loc 1 1121 8
 2244 00bc 002B     		cmp	r3, #0
 2245 00be 0BD1     		bne	.L139
1122:./ucOSII/Core/os_flag.c ****         OSRdyGrp &= (OS_PRIO)~OSTCBCur->OSTCBBitY;
 2246              		.loc 1 1122 39
 2247 00c0 074B     		ldr	r3, .L140
 2248 00c2 1B68     		ldr	r3, [r3]
 2249 00c4 93F83E30 		ldrb	r3, [r3, #62]	@ zero_extendqisi2
 2250              		.loc 1 1122 21
 2251 00c8 DB43     		mvns	r3, r3
ARM GAS  /var/folders/yl/_q9l42k90g1g4mdhbs226msm0000gn/T//ccvymW0p.s 			page 60


 2252 00ca DAB2     		uxtb	r2, r3
 2253              		.loc 1 1122 18
 2254 00cc 064B     		ldr	r3, .L140+8
 2255 00ce 1B78     		ldrb	r3, [r3]	@ zero_extendqisi2
 2256 00d0 1340     		ands	r3, r3, r2
 2257 00d2 DAB2     		uxtb	r2, r3
 2258 00d4 044B     		ldr	r3, .L140+8
 2259 00d6 1A70     		strb	r2, [r3]
 2260              	.L139:
1123:./ucOSII/Core/os_flag.c ****     }
1124:./ucOSII/Core/os_flag.c **** }
 2261              		.loc 1 1124 1
 2262 00d8 00BF     		nop
 2263 00da 1837     		adds	r7, r7, #24
 2264              	.LCFI48:
 2265              		.cfi_def_cfa_offset 8
 2266 00dc BD46     		mov	sp, r7
 2267              	.LCFI49:
 2268              		.cfi_def_cfa_register 13
 2269              		@ sp needed
 2270 00de 80BD     		pop	{r7, pc}
 2271              	.L141:
 2272              		.align	2
 2273              	.L140:
 2274 00e0 00000000 		.word	OSTCBCur
 2275 00e4 00000000 		.word	OSRdyTbl
 2276 00e8 00000000 		.word	OSRdyGrp
 2277              		.cfi_endproc
 2278              	.LFE12:
 2280              		.section	.text.OS_FlagInit,"ax",%progbits
 2281              		.align	1
 2282              		.global	OS_FlagInit
 2283              		.syntax unified
 2284              		.thumb
 2285              		.thumb_func
 2287              	OS_FlagInit:
 2288              	.LFB13:
1125:./ucOSII/Core/os_flag.c **** 
1126:./ucOSII/Core/os_flag.c **** 
1127:./ucOSII/Core/os_flag.c **** /*
1128:./ucOSII/Core/os_flag.c **** ***************************************************************************************************
1129:./ucOSII/Core/os_flag.c **** *                                  INITIALIZE THE EVENT FLAG MODULE
1130:./ucOSII/Core/os_flag.c **** *
1131:./ucOSII/Core/os_flag.c **** * Description: This function is called by uC/OS-II to initialize the event flag module.  Your appli
1132:./ucOSII/Core/os_flag.c **** *              MUST NOT call this function.  In other words, this function is internal to uC/OS-II.
1133:./ucOSII/Core/os_flag.c **** *
1134:./ucOSII/Core/os_flag.c **** * Arguments  : none
1135:./ucOSII/Core/os_flag.c **** *
1136:./ucOSII/Core/os_flag.c **** * Returns    : none
1137:./ucOSII/Core/os_flag.c **** *
1138:./ucOSII/Core/os_flag.c **** * WARNING    : You MUST NOT call this function from your code.  This is an INTERNAL function to uC/
1139:./ucOSII/Core/os_flag.c **** ***************************************************************************************************
1140:./ucOSII/Core/os_flag.c **** */
1141:./ucOSII/Core/os_flag.c **** 
1142:./ucOSII/Core/os_flag.c **** void  OS_FlagInit (void)
1143:./ucOSII/Core/os_flag.c **** {
 2289              		.loc 1 1143 1
ARM GAS  /var/folders/yl/_q9l42k90g1g4mdhbs226msm0000gn/T//ccvymW0p.s 			page 61


 2290              		.cfi_startproc
 2291              		@ args = 0, pretend = 0, frame = 16
 2292              		@ frame_needed = 1, uses_anonymous_args = 0
 2293 0000 80B5     		push	{r7, lr}
 2294              	.LCFI50:
 2295              		.cfi_def_cfa_offset 8
 2296              		.cfi_offset 7, -8
 2297              		.cfi_offset 14, -4
 2298 0002 84B0     		sub	sp, sp, #16
 2299              	.LCFI51:
 2300              		.cfi_def_cfa_offset 24
 2301 0004 00AF     		add	r7, sp, #0
 2302              	.LCFI52:
 2303              		.cfi_def_cfa_register 7
1144:./ucOSII/Core/os_flag.c **** #if OS_MAX_FLAGS == 1u
1145:./ucOSII/Core/os_flag.c ****     OSFlagFreeList                 = (OS_FLAG_GRP *)&OSFlagTbl[0];  /* Only ONE event flag group!  
1146:./ucOSII/Core/os_flag.c ****     OSFlagFreeList->OSFlagType     = OS_EVENT_TYPE_UNUSED;
1147:./ucOSII/Core/os_flag.c ****     OSFlagFreeList->OSFlagWaitList = (void *)0;
1148:./ucOSII/Core/os_flag.c ****     OSFlagFreeList->OSFlagFlags    = (OS_FLAGS)0;
1149:./ucOSII/Core/os_flag.c **** #if OS_FLAG_NAME_EN > 0u
1150:./ucOSII/Core/os_flag.c ****     OSFlagFreeList->OSFlagName     = (INT8U *)"?";
1151:./ucOSII/Core/os_flag.c **** #endif
1152:./ucOSII/Core/os_flag.c **** #endif
1153:./ucOSII/Core/os_flag.c **** 
1154:./ucOSII/Core/os_flag.c **** #if OS_MAX_FLAGS >= 2u
1155:./ucOSII/Core/os_flag.c ****     INT16U        ix;
1156:./ucOSII/Core/os_flag.c ****     INT16U        ix_next;
1157:./ucOSII/Core/os_flag.c ****     OS_FLAG_GRP  *pgrp1;
1158:./ucOSII/Core/os_flag.c ****     OS_FLAG_GRP  *pgrp2;
1159:./ucOSII/Core/os_flag.c **** 
1160:./ucOSII/Core/os_flag.c **** 
1161:./ucOSII/Core/os_flag.c ****     OS_MemClr((INT8U *)&OSFlagTbl[0], sizeof(OSFlagTbl));           /* Clear the flag group table  
 2304              		.loc 1 1161 5
 2305 0006 5021     		movs	r1, #80
 2306 0008 1B48     		ldr	r0, .L145
 2307 000a FFF7FEFF 		bl	OS_MemClr
1162:./ucOSII/Core/os_flag.c ****     for (ix = 0u; ix < (OS_MAX_FLAGS - 1u); ix++) {                 /* Init. list of free EVENT FLA
 2308              		.loc 1 1162 13
 2309 000e 0023     		movs	r3, #0
 2310 0010 FB81     		strh	r3, [r7, #14]	@ movhi
 2311              		.loc 1 1162 5
 2312 0012 18E0     		b	.L143
 2313              	.L144:
1163:./ucOSII/Core/os_flag.c ****         ix_next = ix + 1u;
 2314              		.loc 1 1163 17 discriminator 3
 2315 0014 FB89     		ldrh	r3, [r7, #14]	@ movhi
 2316 0016 0133     		adds	r3, r3, #1
 2317 0018 FB80     		strh	r3, [r7, #6]	@ movhi
1164:./ucOSII/Core/os_flag.c ****         pgrp1 = &OSFlagTbl[ix];
 2318              		.loc 1 1164 27 discriminator 3
 2319 001a FB89     		ldrh	r3, [r7, #14]
 2320              		.loc 1 1164 15 discriminator 3
 2321 001c 1B01     		lsls	r3, r3, #4
 2322 001e 164A     		ldr	r2, .L145
 2323 0020 1344     		add	r3, r3, r2
 2324 0022 BB60     		str	r3, [r7, #8]
1165:./ucOSII/Core/os_flag.c ****         pgrp2 = &OSFlagTbl[ix_next];
ARM GAS  /var/folders/yl/_q9l42k90g1g4mdhbs226msm0000gn/T//ccvymW0p.s 			page 62


 2325              		.loc 1 1165 27 discriminator 3
 2326 0024 FB88     		ldrh	r3, [r7, #6]
 2327              		.loc 1 1165 15 discriminator 3
 2328 0026 1B01     		lsls	r3, r3, #4
 2329 0028 134A     		ldr	r2, .L145
 2330 002a 1344     		add	r3, r3, r2
 2331 002c 3B60     		str	r3, [r7]
1166:./ucOSII/Core/os_flag.c ****         pgrp1->OSFlagType     = OS_EVENT_TYPE_UNUSED;
 2332              		.loc 1 1166 31 discriminator 3
 2333 002e BB68     		ldr	r3, [r7, #8]
 2334 0030 0022     		movs	r2, #0
 2335 0032 1A70     		strb	r2, [r3]
1167:./ucOSII/Core/os_flag.c ****         pgrp1->OSFlagWaitList = (void *)pgrp2;
 2336              		.loc 1 1167 31 discriminator 3
 2337 0034 BB68     		ldr	r3, [r7, #8]
 2338 0036 3A68     		ldr	r2, [r7]
 2339 0038 5A60     		str	r2, [r3, #4]
1168:./ucOSII/Core/os_flag.c **** #if OS_FLAG_NAME_EN > 0u
1169:./ucOSII/Core/os_flag.c ****         pgrp1->OSFlagName     = (INT8U *)(void *)"?";               /* Unknown name                
 2340              		.loc 1 1169 31 discriminator 3
 2341 003a BB68     		ldr	r3, [r7, #8]
 2342 003c 0F4A     		ldr	r2, .L145+4
 2343 003e DA60     		str	r2, [r3, #12]
1162:./ucOSII/Core/os_flag.c ****         ix_next = ix + 1u;
 2344              		.loc 1 1162 47 discriminator 3
 2345 0040 FB89     		ldrh	r3, [r7, #14]
 2346 0042 0133     		adds	r3, r3, #1
 2347 0044 FB81     		strh	r3, [r7, #14]	@ movhi
 2348              	.L143:
1162:./ucOSII/Core/os_flag.c ****         ix_next = ix + 1u;
 2349              		.loc 1 1162 5 discriminator 1
 2350 0046 FB89     		ldrh	r3, [r7, #14]
 2351 0048 032B     		cmp	r3, #3
 2352 004a E3D9     		bls	.L144
1170:./ucOSII/Core/os_flag.c **** #endif
1171:./ucOSII/Core/os_flag.c ****     }
1172:./ucOSII/Core/os_flag.c ****     pgrp1                 = &OSFlagTbl[ix];
 2353              		.loc 1 1172 39
 2354 004c FB89     		ldrh	r3, [r7, #14]
 2355              		.loc 1 1172 27
 2356 004e 1B01     		lsls	r3, r3, #4
 2357 0050 094A     		ldr	r2, .L145
 2358 0052 1344     		add	r3, r3, r2
 2359 0054 BB60     		str	r3, [r7, #8]
1173:./ucOSII/Core/os_flag.c ****     pgrp1->OSFlagType     = OS_EVENT_TYPE_UNUSED;
 2360              		.loc 1 1173 27
 2361 0056 BB68     		ldr	r3, [r7, #8]
 2362 0058 0022     		movs	r2, #0
 2363 005a 1A70     		strb	r2, [r3]
1174:./ucOSII/Core/os_flag.c ****     pgrp1->OSFlagWaitList = (void *)0;
 2364              		.loc 1 1174 27
 2365 005c BB68     		ldr	r3, [r7, #8]
 2366 005e 0022     		movs	r2, #0
 2367 0060 5A60     		str	r2, [r3, #4]
1175:./ucOSII/Core/os_flag.c **** #if OS_FLAG_NAME_EN > 0u
1176:./ucOSII/Core/os_flag.c ****     pgrp1->OSFlagName     = (INT8U *)(void *)"?";                   /* Unknown name                
 2368              		.loc 1 1176 27
ARM GAS  /var/folders/yl/_q9l42k90g1g4mdhbs226msm0000gn/T//ccvymW0p.s 			page 63


 2369 0062 BB68     		ldr	r3, [r7, #8]
 2370 0064 054A     		ldr	r2, .L145+4
 2371 0066 DA60     		str	r2, [r3, #12]
1177:./ucOSII/Core/os_flag.c **** #endif
1178:./ucOSII/Core/os_flag.c ****     OSFlagFreeList        = &OSFlagTbl[0];
 2372              		.loc 1 1178 27
 2373 0068 054B     		ldr	r3, .L145+8
 2374 006a 034A     		ldr	r2, .L145
 2375 006c 1A60     		str	r2, [r3]
1179:./ucOSII/Core/os_flag.c **** #endif
1180:./ucOSII/Core/os_flag.c **** }
 2376              		.loc 1 1180 1
 2377 006e 00BF     		nop
 2378 0070 1037     		adds	r7, r7, #16
 2379              	.LCFI53:
 2380              		.cfi_def_cfa_offset 8
 2381 0072 BD46     		mov	sp, r7
 2382              	.LCFI54:
 2383              		.cfi_def_cfa_register 13
 2384              		@ sp needed
 2385 0074 80BD     		pop	{r7, pc}
 2386              	.L146:
 2387 0076 00BF     		.align	2
 2388              	.L145:
 2389 0078 00000000 		.word	OSFlagTbl
 2390 007c 00000000 		.word	.LC0
 2391 0080 00000000 		.word	OSFlagFreeList
 2392              		.cfi_endproc
 2393              	.LFE13:
 2395              		.section	.text.OS_FlagTaskRdy,"ax",%progbits
 2396              		.align	1
 2397              		.syntax unified
 2398              		.thumb
 2399              		.thumb_func
 2401              	OS_FlagTaskRdy:
 2402              	.LFB14:
1181:./ucOSII/Core/os_flag.c **** 
1182:./ucOSII/Core/os_flag.c **** 
1183:./ucOSII/Core/os_flag.c **** /*
1184:./ucOSII/Core/os_flag.c **** ***************************************************************************************************
1185:./ucOSII/Core/os_flag.c **** *                              MAKE TASK READY-TO-RUN, EVENT(s) OCCURRED
1186:./ucOSII/Core/os_flag.c **** *
1187:./ucOSII/Core/os_flag.c **** * Description: This function is internal to uC/OS-II and is used to make a task ready-to-run becaus
1188:./ucOSII/Core/os_flag.c **** *              desired event flag bits have been set.
1189:./ucOSII/Core/os_flag.c **** *
1190:./ucOSII/Core/os_flag.c **** * Arguments  : pnode         is a pointer to a structure which contains data about the task waiting
1191:./ucOSII/Core/os_flag.c **** *                            event flag bit(s) to be set.
1192:./ucOSII/Core/os_flag.c **** *
1193:./ucOSII/Core/os_flag.c **** *              flags_rdy     contains the bit pattern of the event flags that cause the task to bec
1194:./ucOSII/Core/os_flag.c **** *                            ready-to-run.
1195:./ucOSII/Core/os_flag.c **** *
1196:./ucOSII/Core/os_flag.c **** *              pend_stat   is used to indicate the readied task's pending status:
1197:./ucOSII/Core/os_flag.c **** *
1198:./ucOSII/Core/os_flag.c **** *
1199:./ucOSII/Core/os_flag.c **** * Returns    : OS_TRUE       If the task has been placed in the ready list and thus needs schedulin
1200:./ucOSII/Core/os_flag.c **** *              OS_FALSE      The task is still not ready to run and thus scheduling is not necessar
1201:./ucOSII/Core/os_flag.c **** *
ARM GAS  /var/folders/yl/_q9l42k90g1g4mdhbs226msm0000gn/T//ccvymW0p.s 			page 64


1202:./ucOSII/Core/os_flag.c **** * Called by  : OSFlagsPost() OS_FLAG.C
1203:./ucOSII/Core/os_flag.c **** *
1204:./ucOSII/Core/os_flag.c **** * Note(s)    : 1) This function assumes that interrupts are disabled.
1205:./ucOSII/Core/os_flag.c **** *              2) This function is INTERNAL to uC/OS-II and your application should not call it.
1206:./ucOSII/Core/os_flag.c **** ***************************************************************************************************
1207:./ucOSII/Core/os_flag.c **** */
1208:./ucOSII/Core/os_flag.c **** 
1209:./ucOSII/Core/os_flag.c **** static  BOOLEAN  OS_FlagTaskRdy (OS_FLAG_NODE *pnode,
1210:./ucOSII/Core/os_flag.c ****                                  OS_FLAGS      flags_rdy,
1211:./ucOSII/Core/os_flag.c ****                                  INT8U         pend_stat)
1212:./ucOSII/Core/os_flag.c **** {
 2403              		.loc 1 1212 1
 2404              		.cfi_startproc
 2405              		@ args = 0, pretend = 0, frame = 16
 2406              		@ frame_needed = 1, uses_anonymous_args = 0
 2407 0000 80B5     		push	{r7, lr}
 2408              	.LCFI55:
 2409              		.cfi_def_cfa_offset 8
 2410              		.cfi_offset 7, -8
 2411              		.cfi_offset 14, -4
 2412 0002 84B0     		sub	sp, sp, #16
 2413              	.LCFI56:
 2414              		.cfi_def_cfa_offset 24
 2415 0004 00AF     		add	r7, sp, #0
 2416              	.LCFI57:
 2417              		.cfi_def_cfa_register 7
 2418 0006 7860     		str	r0, [r7, #4]
 2419 0008 0B46     		mov	r3, r1
 2420 000a 7B80     		strh	r3, [r7, #2]	@ movhi
 2421 000c 1346     		mov	r3, r2
 2422 000e 7B70     		strb	r3, [r7, #1]
1213:./ucOSII/Core/os_flag.c ****     OS_TCB   *ptcb;
1214:./ucOSII/Core/os_flag.c ****     BOOLEAN   sched;
1215:./ucOSII/Core/os_flag.c **** 
1216:./ucOSII/Core/os_flag.c **** 
1217:./ucOSII/Core/os_flag.c ****     ptcb                 = (OS_TCB *)pnode->OSFlagNodeTCB; /* Point to TCB of waiting task         
 2423              		.loc 1 1217 26
 2424 0010 7B68     		ldr	r3, [r7, #4]
 2425 0012 9B68     		ldr	r3, [r3, #8]
 2426 0014 BB60     		str	r3, [r7, #8]
1218:./ucOSII/Core/os_flag.c ****     ptcb->OSTCBDly       = 0u;
 2427              		.loc 1 1218 26
 2428 0016 BB68     		ldr	r3, [r7, #8]
 2429 0018 0022     		movs	r2, #0
 2430 001a 5A63     		str	r2, [r3, #52]
1219:./ucOSII/Core/os_flag.c ****     ptcb->OSTCBFlagsRdy  = flags_rdy;
 2431              		.loc 1 1219 26
 2432 001c BB68     		ldr	r3, [r7, #8]
 2433 001e 7A88     		ldrh	r2, [r7, #2]	@ movhi
 2434 0020 1A86     		strh	r2, [r3, #48]	@ movhi
1220:./ucOSII/Core/os_flag.c ****     ptcb->OSTCBStat     &= (INT8U)~(INT8U)OS_STAT_FLAG;
 2435              		.loc 1 1220 25
 2436 0022 BB68     		ldr	r3, [r7, #8]
 2437 0024 93F83830 		ldrb	r3, [r3, #56]	@ zero_extendqisi2
 2438 0028 23F02003 		bic	r3, r3, #32
 2439 002c DAB2     		uxtb	r2, r3
 2440 002e BB68     		ldr	r3, [r7, #8]
ARM GAS  /var/folders/yl/_q9l42k90g1g4mdhbs226msm0000gn/T//ccvymW0p.s 			page 65


 2441 0030 83F83820 		strb	r2, [r3, #56]
1221:./ucOSII/Core/os_flag.c ****     ptcb->OSTCBStatPend  = pend_stat;
 2442              		.loc 1 1221 26
 2443 0034 BB68     		ldr	r3, [r7, #8]
 2444 0036 7A78     		ldrb	r2, [r7, #1]
 2445 0038 83F83920 		strb	r2, [r3, #57]
1222:./ucOSII/Core/os_flag.c ****     if (ptcb->OSTCBStat == OS_STAT_RDY) {                  /* Task now ready?                      
 2446              		.loc 1 1222 13
 2447 003c BB68     		ldr	r3, [r7, #8]
 2448 003e 93F83830 		ldrb	r3, [r3, #56]	@ zero_extendqisi2
 2449              		.loc 1 1222 8
 2450 0042 002B     		cmp	r3, #0
 2451 0044 1FD1     		bne	.L148
1223:./ucOSII/Core/os_flag.c ****         OSRdyGrp               |= ptcb->OSTCBBitY;         /* Put task into ready list             
 2452              		.loc 1 1223 39
 2453 0046 BB68     		ldr	r3, [r7, #8]
 2454 0048 93F83E20 		ldrb	r2, [r3, #62]	@ zero_extendqisi2
 2455              		.loc 1 1223 32
 2456 004c 134B     		ldr	r3, .L151
 2457 004e 1B78     		ldrb	r3, [r3]	@ zero_extendqisi2
 2458 0050 1343     		orrs	r3, r3, r2
 2459 0052 DAB2     		uxtb	r2, r3
 2460 0054 114B     		ldr	r3, .L151
 2461 0056 1A70     		strb	r2, [r3]
1224:./ucOSII/Core/os_flag.c ****         OSRdyTbl[ptcb->OSTCBY] |= ptcb->OSTCBBitX;
 2462              		.loc 1 1224 22
 2463 0058 BB68     		ldr	r3, [r7, #8]
 2464 005a 93F83C30 		ldrb	r3, [r3, #60]	@ zero_extendqisi2
 2465              		.loc 1 1224 32
 2466 005e 1A46     		mov	r2, r3
 2467 0060 0F4B     		ldr	r3, .L151+4
 2468 0062 9A5C     		ldrb	r2, [r3, r2]	@ zero_extendqisi2
 2469              		.loc 1 1224 39
 2470 0064 BB68     		ldr	r3, [r7, #8]
 2471 0066 93F83D30 		ldrb	r3, [r3, #61]	@ zero_extendqisi2
 2472              		.loc 1 1224 22
 2473 006a B968     		ldr	r1, [r7, #8]
 2474 006c 91F83C10 		ldrb	r1, [r1, #60]	@ zero_extendqisi2
 2475              		.loc 1 1224 32
 2476 0070 1343     		orrs	r3, r3, r2
 2477 0072 DAB2     		uxtb	r2, r3
 2478 0074 0A4B     		ldr	r3, .L151+4
 2479 0076 5A54     		strb	r2, [r3, r1]
1225:./ucOSII/Core/os_flag.c ****         OS_TRACE_TASK_READY(ptcb);
 2480              		.loc 1 1225 9
 2481 0078 BB68     		ldr	r3, [r7, #8]
 2482 007a 1846     		mov	r0, r3
 2483 007c FFF7FEFF 		bl	SYSVIEW_TaskReady
1226:./ucOSII/Core/os_flag.c ****         sched                   = OS_TRUE;
 2484              		.loc 1 1226 33
 2485 0080 0123     		movs	r3, #1
 2486 0082 FB73     		strb	r3, [r7, #15]
 2487 0084 01E0     		b	.L149
 2488              	.L148:
1227:./ucOSII/Core/os_flag.c ****     } else {
1228:./ucOSII/Core/os_flag.c ****         sched                   = OS_FALSE;
 2489              		.loc 1 1228 33
ARM GAS  /var/folders/yl/_q9l42k90g1g4mdhbs226msm0000gn/T//ccvymW0p.s 			page 66


 2490 0086 0023     		movs	r3, #0
 2491 0088 FB73     		strb	r3, [r7, #15]
 2492              	.L149:
1229:./ucOSII/Core/os_flag.c ****     }
1230:./ucOSII/Core/os_flag.c ****     OS_FlagUnlink(pnode);
 2493              		.loc 1 1230 5
 2494 008a 7868     		ldr	r0, [r7, #4]
 2495 008c FFF7FEFF 		bl	OS_FlagUnlink
1231:./ucOSII/Core/os_flag.c ****     return (sched);
 2496              		.loc 1 1231 12
 2497 0090 FB7B     		ldrb	r3, [r7, #15]	@ zero_extendqisi2
1232:./ucOSII/Core/os_flag.c **** }
 2498              		.loc 1 1232 1
 2499 0092 1846     		mov	r0, r3
 2500 0094 1037     		adds	r7, r7, #16
 2501              	.LCFI58:
 2502              		.cfi_def_cfa_offset 8
 2503 0096 BD46     		mov	sp, r7
 2504              	.LCFI59:
 2505              		.cfi_def_cfa_register 13
 2506              		@ sp needed
 2507 0098 80BD     		pop	{r7, pc}
 2508              	.L152:
 2509 009a 00BF     		.align	2
 2510              	.L151:
 2511 009c 00000000 		.word	OSRdyGrp
 2512 00a0 00000000 		.word	OSRdyTbl
 2513              		.cfi_endproc
 2514              	.LFE14:
 2516              		.section	.text.OS_FlagUnlink,"ax",%progbits
 2517              		.align	1
 2518              		.global	OS_FlagUnlink
 2519              		.syntax unified
 2520              		.thumb
 2521              		.thumb_func
 2523              	OS_FlagUnlink:
 2524              	.LFB15:
1233:./ucOSII/Core/os_flag.c **** 
1234:./ucOSII/Core/os_flag.c **** 
1235:./ucOSII/Core/os_flag.c **** /*
1236:./ucOSII/Core/os_flag.c **** ***************************************************************************************************
1237:./ucOSII/Core/os_flag.c **** *                              UNLINK EVENT FLAG NODE FROM WAITING LIST
1238:./ucOSII/Core/os_flag.c **** *
1239:./ucOSII/Core/os_flag.c **** * Description: This function is internal to uC/OS-II and is used to unlink an event flag node from 
1240:./ucOSII/Core/os_flag.c **** *              list of tasks waiting for the event flag.
1241:./ucOSII/Core/os_flag.c **** *
1242:./ucOSII/Core/os_flag.c **** * Arguments  : pnode         is a pointer to a structure which contains data about the task waiting
1243:./ucOSII/Core/os_flag.c **** *                            event flag bit(s) to be set.
1244:./ucOSII/Core/os_flag.c **** *
1245:./ucOSII/Core/os_flag.c **** * Returns    : none
1246:./ucOSII/Core/os_flag.c **** *
1247:./ucOSII/Core/os_flag.c **** * Called by  : OS_FlagTaskRdy() OS_FLAG.C
1248:./ucOSII/Core/os_flag.c **** *              OSFlagPend()     OS_FLAG.C
1249:./ucOSII/Core/os_flag.c **** *              OSTaskDel()      OS_TASK.C
1250:./ucOSII/Core/os_flag.c **** *
1251:./ucOSII/Core/os_flag.c **** * Note(s)    : 1) This function assumes that interrupts are disabled.
1252:./ucOSII/Core/os_flag.c **** *              2) This function is INTERNAL to uC/OS-II and your application should not call it.
ARM GAS  /var/folders/yl/_q9l42k90g1g4mdhbs226msm0000gn/T//ccvymW0p.s 			page 67


1253:./ucOSII/Core/os_flag.c **** ***************************************************************************************************
1254:./ucOSII/Core/os_flag.c **** */
1255:./ucOSII/Core/os_flag.c **** 
1256:./ucOSII/Core/os_flag.c **** void  OS_FlagUnlink (OS_FLAG_NODE *pnode)
1257:./ucOSII/Core/os_flag.c **** {
 2525              		.loc 1 1257 1
 2526              		.cfi_startproc
 2527              		@ args = 0, pretend = 0, frame = 24
 2528              		@ frame_needed = 1, uses_anonymous_args = 0
 2529              		@ link register save eliminated.
 2530 0000 80B4     		push	{r7}
 2531              	.LCFI60:
 2532              		.cfi_def_cfa_offset 4
 2533              		.cfi_offset 7, -4
 2534 0002 87B0     		sub	sp, sp, #28
 2535              	.LCFI61:
 2536              		.cfi_def_cfa_offset 32
 2537 0004 00AF     		add	r7, sp, #0
 2538              	.LCFI62:
 2539              		.cfi_def_cfa_register 7
 2540 0006 7860     		str	r0, [r7, #4]
1258:./ucOSII/Core/os_flag.c **** #if OS_TASK_DEL_EN > 0u
1259:./ucOSII/Core/os_flag.c ****     OS_TCB       *ptcb;
1260:./ucOSII/Core/os_flag.c **** #endif
1261:./ucOSII/Core/os_flag.c ****     OS_FLAG_GRP  *pgrp;
1262:./ucOSII/Core/os_flag.c ****     OS_FLAG_NODE *pnode_prev;
1263:./ucOSII/Core/os_flag.c ****     OS_FLAG_NODE *pnode_next;
1264:./ucOSII/Core/os_flag.c **** 
1265:./ucOSII/Core/os_flag.c **** 
1266:./ucOSII/Core/os_flag.c ****     pnode_prev = (OS_FLAG_NODE *)pnode->OSFlagNodePrev;
 2541              		.loc 1 1266 16
 2542 0008 7B68     		ldr	r3, [r7, #4]
 2543 000a 5B68     		ldr	r3, [r3, #4]
 2544 000c 7B61     		str	r3, [r7, #20]
1267:./ucOSII/Core/os_flag.c ****     pnode_next = (OS_FLAG_NODE *)pnode->OSFlagNodeNext;
 2545              		.loc 1 1267 16
 2546 000e 7B68     		ldr	r3, [r7, #4]
 2547 0010 1B68     		ldr	r3, [r3]
 2548 0012 3B61     		str	r3, [r7, #16]
1268:./ucOSII/Core/os_flag.c ****     if (pnode_prev == (OS_FLAG_NODE *)0) {                      /* Is it first node in wait list?  
 2549              		.loc 1 1268 8
 2550 0014 7B69     		ldr	r3, [r7, #20]
 2551 0016 002B     		cmp	r3, #0
 2552 0018 0CD1     		bne	.L154
1269:./ucOSII/Core/os_flag.c ****         pgrp                 = (OS_FLAG_GRP *)pnode->OSFlagNodeFlagGrp;
 2553              		.loc 1 1269 30
 2554 001a 7B68     		ldr	r3, [r7, #4]
 2555 001c DB68     		ldr	r3, [r3, #12]
 2556 001e FB60     		str	r3, [r7, #12]
1270:./ucOSII/Core/os_flag.c ****         pgrp->OSFlagWaitList = (void *)pnode_next;              /*      Update list for new 1st nod
 2557              		.loc 1 1270 30
 2558 0020 FB68     		ldr	r3, [r7, #12]
 2559 0022 3A69     		ldr	r2, [r7, #16]
 2560 0024 5A60     		str	r2, [r3, #4]
1271:./ucOSII/Core/os_flag.c ****         if (pnode_next != (OS_FLAG_NODE *)0) {
 2561              		.loc 1 1271 12
 2562 0026 3B69     		ldr	r3, [r7, #16]
ARM GAS  /var/folders/yl/_q9l42k90g1g4mdhbs226msm0000gn/T//ccvymW0p.s 			page 68


 2563 0028 002B     		cmp	r3, #0
 2564 002a 0CD0     		beq	.L155
1272:./ucOSII/Core/os_flag.c ****             pnode_next->OSFlagNodePrev = (OS_FLAG_NODE *)0;     /*      Link new 1st node PREV to N
 2565              		.loc 1 1272 40
 2566 002c 3B69     		ldr	r3, [r7, #16]
 2567 002e 0022     		movs	r2, #0
 2568 0030 5A60     		str	r2, [r3, #4]
 2569 0032 08E0     		b	.L155
 2570              	.L154:
1273:./ucOSII/Core/os_flag.c ****         }
1274:./ucOSII/Core/os_flag.c ****     } else {                                                    /* No,  A node somewhere in the lis
1275:./ucOSII/Core/os_flag.c ****         pnode_prev->OSFlagNodeNext = pnode_next;                /*      Link around the node to unl
 2571              		.loc 1 1275 36
 2572 0034 7B69     		ldr	r3, [r7, #20]
 2573 0036 3A69     		ldr	r2, [r7, #16]
 2574 0038 1A60     		str	r2, [r3]
1276:./ucOSII/Core/os_flag.c ****         if (pnode_next != (OS_FLAG_NODE *)0) {                  /*      Was this the LAST node?    
 2575              		.loc 1 1276 12
 2576 003a 3B69     		ldr	r3, [r7, #16]
 2577 003c 002B     		cmp	r3, #0
 2578 003e 02D0     		beq	.L155
1277:./ucOSII/Core/os_flag.c ****             pnode_next->OSFlagNodePrev = pnode_prev;            /*      No, Link around current nod
 2579              		.loc 1 1277 40
 2580 0040 3B69     		ldr	r3, [r7, #16]
 2581 0042 7A69     		ldr	r2, [r7, #20]
 2582 0044 5A60     		str	r2, [r3, #4]
 2583              	.L155:
1278:./ucOSII/Core/os_flag.c ****         }
1279:./ucOSII/Core/os_flag.c ****     }
1280:./ucOSII/Core/os_flag.c **** #if OS_TASK_DEL_EN > 0u
1281:./ucOSII/Core/os_flag.c ****     ptcb                = (OS_TCB *)pnode->OSFlagNodeTCB;
 2584              		.loc 1 1281 25
 2585 0046 7B68     		ldr	r3, [r7, #4]
 2586 0048 9B68     		ldr	r3, [r3, #8]
 2587 004a BB60     		str	r3, [r7, #8]
1282:./ucOSII/Core/os_flag.c ****     ptcb->OSTCBFlagNode = (OS_FLAG_NODE *)0;
 2588              		.loc 1 1282 25
 2589 004c BB68     		ldr	r3, [r7, #8]
 2590 004e 0022     		movs	r2, #0
 2591 0050 DA62     		str	r2, [r3, #44]
1283:./ucOSII/Core/os_flag.c **** #endif
1284:./ucOSII/Core/os_flag.c **** }
 2592              		.loc 1 1284 1
 2593 0052 00BF     		nop
 2594 0054 1C37     		adds	r7, r7, #28
 2595              	.LCFI63:
 2596              		.cfi_def_cfa_offset 4
 2597 0056 BD46     		mov	sp, r7
 2598              	.LCFI64:
 2599              		.cfi_def_cfa_register 13
 2600              		@ sp needed
 2601 0058 5DF8047B 		ldr	r7, [sp], #4
 2602              	.LCFI65:
 2603              		.cfi_restore 7
 2604              		.cfi_def_cfa_offset 0
 2605 005c 7047     		bx	lr
 2606              		.cfi_endproc
ARM GAS  /var/folders/yl/_q9l42k90g1g4mdhbs226msm0000gn/T//ccvymW0p.s 			page 69


 2607              	.LFE15:
 2609              		.text
 2610              	.Letext0:
 2611              		.file 2 "./ucOSII/Port/os_cpu.h"
 2612              		.file 3 "./ucOSII/Core/ucos_ii.h"
ARM GAS  /var/folders/yl/_q9l42k90g1g4mdhbs226msm0000gn/T//ccvymW0p.s 			page 70


DEFINED SYMBOLS
                            *ABS*:0000000000000000 os_flag.c
/var/folders/yl/_q9l42k90g1g4mdhbs226msm0000gn/T//ccvymW0p.s:20     .text.OSFlagAccept:0000000000000000 $t
/var/folders/yl/_q9l42k90g1g4mdhbs226msm0000gn/T//ccvymW0p.s:26     .text.OSFlagAccept:0000000000000000 OSFlagAccept
/var/folders/yl/_q9l42k90g1g4mdhbs226msm0000gn/T//ccvymW0p.s:116    .text.OSFlagAccept:0000000000000074 $d
/var/folders/yl/_q9l42k90g1g4mdhbs226msm0000gn/T//ccvymW0p.s:120    .text.OSFlagAccept:0000000000000084 $t
/var/folders/yl/_q9l42k90g1g4mdhbs226msm0000gn/T//ccvymW0p.s:312    .rodata:0000000000000000 $d
/var/folders/yl/_q9l42k90g1g4mdhbs226msm0000gn/T//ccvymW0p.s:316    .text.OSFlagCreate:0000000000000000 $t
/var/folders/yl/_q9l42k90g1g4mdhbs226msm0000gn/T//ccvymW0p.s:322    .text.OSFlagCreate:0000000000000000 OSFlagCreate
/var/folders/yl/_q9l42k90g1g4mdhbs226msm0000gn/T//ccvymW0p.s:434    .text.OSFlagCreate:000000000000008c $d
/var/folders/yl/_q9l42k90g1g4mdhbs226msm0000gn/T//ccvymW0p.s:441    .text.OSFlagDel:0000000000000000 $t
/var/folders/yl/_q9l42k90g1g4mdhbs226msm0000gn/T//ccvymW0p.s:447    .text.OSFlagDel:0000000000000000 OSFlagDel
/var/folders/yl/_q9l42k90g1g4mdhbs226msm0000gn/T//ccvymW0p.s:2401   .text.OS_FlagTaskRdy:0000000000000000 OS_FlagTaskRdy
/var/folders/yl/_q9l42k90g1g4mdhbs226msm0000gn/T//ccvymW0p.s:707    .text.OSFlagDel:0000000000000164 $d
/var/folders/yl/_q9l42k90g1g4mdhbs226msm0000gn/T//ccvymW0p.s:714    .text.OSFlagNameGet:0000000000000000 $t
/var/folders/yl/_q9l42k90g1g4mdhbs226msm0000gn/T//ccvymW0p.s:720    .text.OSFlagNameGet:0000000000000000 OSFlagNameGet
/var/folders/yl/_q9l42k90g1g4mdhbs226msm0000gn/T//ccvymW0p.s:838    .text.OSFlagNameGet:0000000000000090 $d
/var/folders/yl/_q9l42k90g1g4mdhbs226msm0000gn/T//ccvymW0p.s:843    .text.OSFlagNameSet:0000000000000000 $t
/var/folders/yl/_q9l42k90g1g4mdhbs226msm0000gn/T//ccvymW0p.s:849    .text.OSFlagNameSet:0000000000000000 OSFlagNameSet
/var/folders/yl/_q9l42k90g1g4mdhbs226msm0000gn/T//ccvymW0p.s:967    .text.OSFlagNameSet:000000000000008c $d
/var/folders/yl/_q9l42k90g1g4mdhbs226msm0000gn/T//ccvymW0p.s:972    .text.OSFlagPend:0000000000000000 $t
/var/folders/yl/_q9l42k90g1g4mdhbs226msm0000gn/T//ccvymW0p.s:978    .text.OSFlagPend:0000000000000000 OSFlagPend
/var/folders/yl/_q9l42k90g1g4mdhbs226msm0000gn/T//ccvymW0p.s:1120   .text.OSFlagPend:00000000000000d8 $d
/var/folders/yl/_q9l42k90g1g4mdhbs226msm0000gn/T//ccvymW0p.s:1124   .text.OSFlagPend:00000000000000e8 $t
/var/folders/yl/_q9l42k90g1g4mdhbs226msm0000gn/T//ccvymW0p.s:2115   .text.OS_FlagBlock:0000000000000000 OS_FlagBlock
/var/folders/yl/_q9l42k90g1g4mdhbs226msm0000gn/T//ccvymW0p.s:1412   .text.OSFlagPend:00000000000002b4 $d
/var/folders/yl/_q9l42k90g1g4mdhbs226msm0000gn/T//ccvymW0p.s:1417   .text.OSFlagPend:00000000000002c0 $t
/var/folders/yl/_q9l42k90g1g4mdhbs226msm0000gn/T//ccvymW0p.s:2523   .text.OS_FlagUnlink:0000000000000000 OS_FlagUnlink
/var/folders/yl/_q9l42k90g1g4mdhbs226msm0000gn/T//ccvymW0p.s:1581   .text.OSFlagPend:00000000000003bc $d
/var/folders/yl/_q9l42k90g1g4mdhbs226msm0000gn/T//ccvymW0p.s:1586   .text.OSFlagPendGetFlagsRdy:0000000000000000 $t
/var/folders/yl/_q9l42k90g1g4mdhbs226msm0000gn/T//ccvymW0p.s:1592   .text.OSFlagPendGetFlagsRdy:0000000000000000 OSFlagPendGetFlagsRdy
/var/folders/yl/_q9l42k90g1g4mdhbs226msm0000gn/T//ccvymW0p.s:1640   .text.OSFlagPendGetFlagsRdy:000000000000002c $d
/var/folders/yl/_q9l42k90g1g4mdhbs226msm0000gn/T//ccvymW0p.s:1645   .text.OSFlagPost:0000000000000000 $t
/var/folders/yl/_q9l42k90g1g4mdhbs226msm0000gn/T//ccvymW0p.s:1651   .text.OSFlagPost:0000000000000000 OSFlagPost
/var/folders/yl/_q9l42k90g1g4mdhbs226msm0000gn/T//ccvymW0p.s:1793   .text.OSFlagPost:00000000000000c8 $d
/var/folders/yl/_q9l42k90g1g4mdhbs226msm0000gn/T//ccvymW0p.s:1797   .text.OSFlagPost:00000000000000d8 $t
/var/folders/yl/_q9l42k90g1g4mdhbs226msm0000gn/T//ccvymW0p.s:2024   .text.OSFlagQuery:0000000000000000 $t
/var/folders/yl/_q9l42k90g1g4mdhbs226msm0000gn/T//ccvymW0p.s:2030   .text.OSFlagQuery:0000000000000000 OSFlagQuery
/var/folders/yl/_q9l42k90g1g4mdhbs226msm0000gn/T//ccvymW0p.s:2110   .text.OS_FlagBlock:0000000000000000 $t
/var/folders/yl/_q9l42k90g1g4mdhbs226msm0000gn/T//ccvymW0p.s:2274   .text.OS_FlagBlock:00000000000000e0 $d
/var/folders/yl/_q9l42k90g1g4mdhbs226msm0000gn/T//ccvymW0p.s:2281   .text.OS_FlagInit:0000000000000000 $t
/var/folders/yl/_q9l42k90g1g4mdhbs226msm0000gn/T//ccvymW0p.s:2287   .text.OS_FlagInit:0000000000000000 OS_FlagInit
/var/folders/yl/_q9l42k90g1g4mdhbs226msm0000gn/T//ccvymW0p.s:2389   .text.OS_FlagInit:0000000000000078 $d
/var/folders/yl/_q9l42k90g1g4mdhbs226msm0000gn/T//ccvymW0p.s:2396   .text.OS_FlagTaskRdy:0000000000000000 $t
/var/folders/yl/_q9l42k90g1g4mdhbs226msm0000gn/T//ccvymW0p.s:2511   .text.OS_FlagTaskRdy:000000000000009c $d
/var/folders/yl/_q9l42k90g1g4mdhbs226msm0000gn/T//ccvymW0p.s:2517   .text.OS_FlagUnlink:0000000000000000 $t

UNDEFINED SYMBOLS
OS_CPU_SR_Save
OS_CPU_SR_Restore
SYSVIEW_RecordU32Register
OSIntNesting
OSFlagFreeList
SEGGER_SYSVIEW_ShrinkId
SEGGER_SYSVIEW_RecordU32x2
SEGGER_SYSVIEW_RecordEndCallU32
OS_Sched
ARM GAS  /var/folders/yl/_q9l42k90g1g4mdhbs226msm0000gn/T//ccvymW0p.s 			page 71


OS_StrLen
SYSVIEW_UpdateResource
SYSVIEW_RecordU32x4
OSLockNesting
OSTCBCur
SEGGER_SYSVIEW_RecordU32x3
SYSVIEW_TaskSuspend
OSRdyTbl
OSRdyGrp
OS_MemClr
OSFlagTbl
SYSVIEW_TaskReady
