ARM GAS  /var/folders/yl/_q9l42k90g1g4mdhbs226msm0000gn/T//ccuO3qAW.s 			page 1


   1              		.cpu cortex-m4
   2              		.arch armv7e-m
   3              		.fpu fpv4-sp-d16
   4              		.eabi_attribute 27, 1
   5              		.eabi_attribute 28, 1
   6              		.eabi_attribute 20, 1
   7              		.eabi_attribute 21, 1
   8              		.eabi_attribute 23, 3
   9              		.eabi_attribute 24, 1
  10              		.eabi_attribute 25, 1
  11              		.eabi_attribute 26, 1
  12              		.eabi_attribute 30, 6
  13              		.eabi_attribute 34, 1
  14              		.eabi_attribute 18, 4
  15              		.file	"os_mbox.c"
  16              		.text
  17              	.Ltext0:
  18              		.cfi_sections	.debug_frame
  19              		.section	.text.OSMboxAccept,"ax",%progbits
  20              		.align	1
  21              		.global	OSMboxAccept
  22              		.syntax unified
  23              		.thumb
  24              		.thumb_func
  26              	OSMboxAccept:
  27              	.LFB3:
  28              		.file 1 "./ucOSII/Core/os_mbox.c"
   1:./ucOSII/Core/os_mbox.c **** /*
   2:./ucOSII/Core/os_mbox.c **** ***************************************************************************************************
   3:./ucOSII/Core/os_mbox.c **** *                                              uC/OS-II
   4:./ucOSII/Core/os_mbox.c **** *                                        The Real-Time Kernel
   5:./ucOSII/Core/os_mbox.c **** *
   6:./ucOSII/Core/os_mbox.c **** *                    Copyright 1992-2021 Silicon Laboratories Inc. www.silabs.com
   7:./ucOSII/Core/os_mbox.c **** *
   8:./ucOSII/Core/os_mbox.c **** *                                 SPDX-License-Identifier: APACHE-2.0
   9:./ucOSII/Core/os_mbox.c **** *
  10:./ucOSII/Core/os_mbox.c **** *               This software is subject to an open source license and is distributed by
  11:./ucOSII/Core/os_mbox.c **** *                Silicon Laboratories Inc. pursuant to the terms of the Apache License,
  12:./ucOSII/Core/os_mbox.c **** *                    Version 2.0 available at www.apache.org/licenses/LICENSE-2.0.
  13:./ucOSII/Core/os_mbox.c **** *
  14:./ucOSII/Core/os_mbox.c **** ***************************************************************************************************
  15:./ucOSII/Core/os_mbox.c **** */
  16:./ucOSII/Core/os_mbox.c **** 
  17:./ucOSII/Core/os_mbox.c **** 
  18:./ucOSII/Core/os_mbox.c **** /*
  19:./ucOSII/Core/os_mbox.c **** ***************************************************************************************************
  20:./ucOSII/Core/os_mbox.c **** *
  21:./ucOSII/Core/os_mbox.c **** *                                      MESSAGE MAILBOX MANAGEMENT
  22:./ucOSII/Core/os_mbox.c **** *
  23:./ucOSII/Core/os_mbox.c **** * Filename : os_mbox.c
  24:./ucOSII/Core/os_mbox.c **** * Version  : V2.93.01
  25:./ucOSII/Core/os_mbox.c **** ***************************************************************************************************
  26:./ucOSII/Core/os_mbox.c **** */
  27:./ucOSII/Core/os_mbox.c **** 
  28:./ucOSII/Core/os_mbox.c **** #ifndef  OS_MBOX_C
  29:./ucOSII/Core/os_mbox.c **** #define  OS_MBOX_C
  30:./ucOSII/Core/os_mbox.c **** 
ARM GAS  /var/folders/yl/_q9l42k90g1g4mdhbs226msm0000gn/T//ccuO3qAW.s 			page 2


  31:./ucOSII/Core/os_mbox.c **** #define  MICRIUM_SOURCE
  32:./ucOSII/Core/os_mbox.c **** 
  33:./ucOSII/Core/os_mbox.c **** #ifndef  OS_MASTER_FILE
  34:./ucOSII/Core/os_mbox.c **** #include <ucos_ii.h>
  35:./ucOSII/Core/os_mbox.c **** #endif
  36:./ucOSII/Core/os_mbox.c **** 
  37:./ucOSII/Core/os_mbox.c **** #if OS_MBOX_EN > 0u
  38:./ucOSII/Core/os_mbox.c **** /*
  39:./ucOSII/Core/os_mbox.c **** ***************************************************************************************************
  40:./ucOSII/Core/os_mbox.c **** *                                        ACCEPT MESSAGE FROM MAILBOX
  41:./ucOSII/Core/os_mbox.c **** *
  42:./ucOSII/Core/os_mbox.c **** * Description: This function checks the mailbox to see if a message is available.  Unlike OSMboxPen
  43:./ucOSII/Core/os_mbox.c **** *              OSMboxAccept() does not suspend the calling task if a message is not available.
  44:./ucOSII/Core/os_mbox.c **** *
  45:./ucOSII/Core/os_mbox.c **** * Arguments  : pevent        is a pointer to the event control block
  46:./ucOSII/Core/os_mbox.c **** *
  47:./ucOSII/Core/os_mbox.c **** * Returns    : != (void *)0  is the message in the mailbox if one is available.  The mailbox is cle
  48:./ucOSII/Core/os_mbox.c **** *                            so the next time OSMboxAccept() is called, the mailbox will be empty.
  49:./ucOSII/Core/os_mbox.c **** *              == (void *)0  if the mailbox is empty or,
  50:./ucOSII/Core/os_mbox.c **** *                            if 'pevent' is a NULL pointer or,
  51:./ucOSII/Core/os_mbox.c **** *                            if you didn't pass the proper event pointer.
  52:./ucOSII/Core/os_mbox.c **** ***************************************************************************************************
  53:./ucOSII/Core/os_mbox.c **** */
  54:./ucOSII/Core/os_mbox.c **** 
  55:./ucOSII/Core/os_mbox.c **** #if OS_MBOX_ACCEPT_EN > 0u
  56:./ucOSII/Core/os_mbox.c **** void  *OSMboxAccept (OS_EVENT *pevent)
  57:./ucOSII/Core/os_mbox.c **** {
  29              		.loc 1 57 1
  30              		.cfi_startproc
  31              		@ args = 0, pretend = 0, frame = 16
  32              		@ frame_needed = 1, uses_anonymous_args = 0
  33 0000 80B5     		push	{r7, lr}
  34              	.LCFI0:
  35              		.cfi_def_cfa_offset 8
  36              		.cfi_offset 7, -8
  37              		.cfi_offset 14, -4
  38 0002 84B0     		sub	sp, sp, #16
  39              	.LCFI1:
  40              		.cfi_def_cfa_offset 24
  41 0004 00AF     		add	r7, sp, #0
  42              	.LCFI2:
  43              		.cfi_def_cfa_register 7
  44 0006 7860     		str	r0, [r7, #4]
  58:./ucOSII/Core/os_mbox.c ****     void      *pmsg;
  59:./ucOSII/Core/os_mbox.c **** #if OS_CRITICAL_METHOD == 3u                              /* Allocate storage for CPU status regist
  60:./ucOSII/Core/os_mbox.c ****     OS_CPU_SR  cpu_sr = 0u;
  45              		.loc 1 60 16
  46 0008 0023     		movs	r3, #0
  47 000a FB60     		str	r3, [r7, #12]
  61:./ucOSII/Core/os_mbox.c **** #endif
  62:./ucOSII/Core/os_mbox.c **** 
  63:./ucOSII/Core/os_mbox.c **** 
  64:./ucOSII/Core/os_mbox.c **** 
  65:./ucOSII/Core/os_mbox.c **** #if OS_ARG_CHK_EN > 0u
  66:./ucOSII/Core/os_mbox.c ****     if (pevent == (OS_EVENT *)0) {                        /* Validate 'pevent'                     
  48              		.loc 1 66 8
  49 000c 7B68     		ldr	r3, [r7, #4]
ARM GAS  /var/folders/yl/_q9l42k90g1g4mdhbs226msm0000gn/T//ccuO3qAW.s 			page 3


  50 000e 002B     		cmp	r3, #0
  51 0010 01D1     		bne	.L2
  67:./ucOSII/Core/os_mbox.c ****         return ((void *)0);
  52              		.loc 1 67 16
  53 0012 0023     		movs	r3, #0
  54 0014 13E0     		b	.L3
  55              	.L2:
  68:./ucOSII/Core/os_mbox.c ****     }
  69:./ucOSII/Core/os_mbox.c **** #endif
  70:./ucOSII/Core/os_mbox.c ****     if (pevent->OSEventType != OS_EVENT_TYPE_MBOX) {      /* Validate event block type             
  56              		.loc 1 70 15
  57 0016 7B68     		ldr	r3, [r7, #4]
  58 0018 1B78     		ldrb	r3, [r3]	@ zero_extendqisi2
  59              		.loc 1 70 8
  60 001a 012B     		cmp	r3, #1
  61 001c 01D0     		beq	.L4
  71:./ucOSII/Core/os_mbox.c ****         return ((void *)0);
  62              		.loc 1 71 16
  63 001e 0023     		movs	r3, #0
  64 0020 0DE0     		b	.L3
  65              	.L4:
  72:./ucOSII/Core/os_mbox.c ****     }
  73:./ucOSII/Core/os_mbox.c ****     OS_ENTER_CRITICAL();
  66              		.loc 1 73 5
  67 0022 4020     		movs	r0, #64
  68 0024 FFF7FEFF 		bl	OS_CPU_SR_Save
  69 0028 F860     		str	r0, [r7, #12]
  74:./ucOSII/Core/os_mbox.c ****     pmsg               = pevent->OSEventPtr;
  70              		.loc 1 74 24
  71 002a 7B68     		ldr	r3, [r7, #4]
  72 002c 5B68     		ldr	r3, [r3, #4]
  73 002e BB60     		str	r3, [r7, #8]
  75:./ucOSII/Core/os_mbox.c ****     pevent->OSEventPtr = (void *)0;                       /* Clear the mailbox                     
  74              		.loc 1 75 24
  75 0030 7B68     		ldr	r3, [r7, #4]
  76 0032 0022     		movs	r2, #0
  77 0034 5A60     		str	r2, [r3, #4]
  76:./ucOSII/Core/os_mbox.c ****     OS_EXIT_CRITICAL();
  78              		.loc 1 76 5
  79 0036 F868     		ldr	r0, [r7, #12]
  80 0038 FFF7FEFF 		bl	OS_CPU_SR_Restore
  77:./ucOSII/Core/os_mbox.c ****     return (pmsg);                                        /* Return the message received (or NULL) 
  81              		.loc 1 77 12
  82 003c BB68     		ldr	r3, [r7, #8]
  83              	.L3:
  78:./ucOSII/Core/os_mbox.c **** }
  84              		.loc 1 78 1
  85 003e 1846     		mov	r0, r3
  86 0040 1037     		adds	r7, r7, #16
  87              	.LCFI3:
  88              		.cfi_def_cfa_offset 8
  89 0042 BD46     		mov	sp, r7
  90              	.LCFI4:
  91              		.cfi_def_cfa_register 13
  92              		@ sp needed
  93 0044 80BD     		pop	{r7, pc}
  94              		.cfi_endproc
ARM GAS  /var/folders/yl/_q9l42k90g1g4mdhbs226msm0000gn/T//ccuO3qAW.s 			page 4


  95              	.LFE3:
  97              		.section	.rodata
  98              		.align	2
  99              	.LC0:
 100 0000 3F00     		.ascii	"?\000"
 101              		.section	.text.OSMboxCreate,"ax",%progbits
 102              		.align	1
 103              		.global	OSMboxCreate
 104              		.syntax unified
 105              		.thumb
 106              		.thumb_func
 108              	OSMboxCreate:
 109              	.LFB4:
  79:./ucOSII/Core/os_mbox.c **** #endif
  80:./ucOSII/Core/os_mbox.c **** 
  81:./ucOSII/Core/os_mbox.c **** 
  82:./ucOSII/Core/os_mbox.c **** /*
  83:./ucOSII/Core/os_mbox.c **** ***************************************************************************************************
  84:./ucOSII/Core/os_mbox.c **** *                                          CREATE A MESSAGE MAILBOX
  85:./ucOSII/Core/os_mbox.c **** *
  86:./ucOSII/Core/os_mbox.c **** * Description: This function creates a message mailbox if free event control blocks are available.
  87:./ucOSII/Core/os_mbox.c **** *
  88:./ucOSII/Core/os_mbox.c **** * Arguments  : pmsg          is a pointer to a message that you wish to deposit in the mailbox.  If
  89:./ucOSII/Core/os_mbox.c **** *                            you set this value to the NULL pointer (i.e. (void *)0) then the mailb
  90:./ucOSII/Core/os_mbox.c **** *                            will be considered empty.
  91:./ucOSII/Core/os_mbox.c **** *
  92:./ucOSII/Core/os_mbox.c **** * Returns    : != (OS_EVENT *)0  is a pointer to the event control clock (OS_EVENT) associated with
  93:./ucOSII/Core/os_mbox.c **** *                                created mailbox
  94:./ucOSII/Core/os_mbox.c **** *              == (OS_EVENT *)0  if no event control blocks were available
  95:./ucOSII/Core/os_mbox.c **** ***************************************************************************************************
  96:./ucOSII/Core/os_mbox.c **** */
  97:./ucOSII/Core/os_mbox.c **** 
  98:./ucOSII/Core/os_mbox.c **** OS_EVENT  *OSMboxCreate (void *pmsg)
  99:./ucOSII/Core/os_mbox.c **** {
 110              		.loc 1 99 1
 111              		.cfi_startproc
 112              		@ args = 0, pretend = 0, frame = 16
 113              		@ frame_needed = 1, uses_anonymous_args = 0
 114 0000 80B5     		push	{r7, lr}
 115              	.LCFI5:
 116              		.cfi_def_cfa_offset 8
 117              		.cfi_offset 7, -8
 118              		.cfi_offset 14, -4
 119 0002 84B0     		sub	sp, sp, #16
 120              	.LCFI6:
 121              		.cfi_def_cfa_offset 24
 122 0004 00AF     		add	r7, sp, #0
 123              	.LCFI7:
 124              		.cfi_def_cfa_register 7
 125 0006 7860     		str	r0, [r7, #4]
 100:./ucOSII/Core/os_mbox.c ****     OS_EVENT  *pevent;
 101:./ucOSII/Core/os_mbox.c **** #if OS_CRITICAL_METHOD == 3u                     /* Allocate storage for CPU status register       
 102:./ucOSII/Core/os_mbox.c ****     OS_CPU_SR  cpu_sr = 0u;
 126              		.loc 1 102 16
 127 0008 0023     		movs	r3, #0
 128 000a FB60     		str	r3, [r7, #12]
 103:./ucOSII/Core/os_mbox.c **** #endif
ARM GAS  /var/folders/yl/_q9l42k90g1g4mdhbs226msm0000gn/T//ccuO3qAW.s 			page 5


 104:./ucOSII/Core/os_mbox.c **** 
 105:./ucOSII/Core/os_mbox.c **** 
 106:./ucOSII/Core/os_mbox.c **** 
 107:./ucOSII/Core/os_mbox.c **** #ifdef OS_SAFETY_CRITICAL_IEC61508
 108:./ucOSII/Core/os_mbox.c ****     if (OSSafetyCriticalStartFlag == OS_TRUE) {
 109:./ucOSII/Core/os_mbox.c ****         OS_SAFETY_CRITICAL_EXCEPTION();
 110:./ucOSII/Core/os_mbox.c ****         return ((OS_EVENT *)0);
 111:./ucOSII/Core/os_mbox.c ****     }
 112:./ucOSII/Core/os_mbox.c **** #endif
 113:./ucOSII/Core/os_mbox.c **** 
 114:./ucOSII/Core/os_mbox.c ****     if (OSIntNesting > 0u) {                     /* See if called from ISR ...                     
 129              		.loc 1 114 22
 130 000c 1B4B     		ldr	r3, .L10
 131 000e 1B78     		ldrb	r3, [r3]	@ zero_extendqisi2
 132              		.loc 1 114 8
 133 0010 002B     		cmp	r3, #0
 134 0012 01D0     		beq	.L6
 115:./ucOSII/Core/os_mbox.c ****         return ((OS_EVENT *)0);                  /* ... can't CREATE from an ISR                   
 135              		.loc 1 115 16
 136 0014 0023     		movs	r3, #0
 137 0016 2CE0     		b	.L7
 138              	.L6:
 116:./ucOSII/Core/os_mbox.c ****     }
 117:./ucOSII/Core/os_mbox.c ****     OS_ENTER_CRITICAL();
 139              		.loc 1 117 5
 140 0018 4020     		movs	r0, #64
 141 001a FFF7FEFF 		bl	OS_CPU_SR_Save
 142 001e F860     		str	r0, [r7, #12]
 118:./ucOSII/Core/os_mbox.c ****     pevent = OSEventFreeList;                    /* Get next free event control block              
 143              		.loc 1 118 12
 144 0020 174B     		ldr	r3, .L10+4
 145 0022 1B68     		ldr	r3, [r3]
 146 0024 BB60     		str	r3, [r7, #8]
 119:./ucOSII/Core/os_mbox.c ****     if (OSEventFreeList != (OS_EVENT *)0) {      /* See if pool of free ECB pool was empty         
 147              		.loc 1 119 25
 148 0026 164B     		ldr	r3, .L10+4
 149 0028 1B68     		ldr	r3, [r3]
 150              		.loc 1 119 8
 151 002a 002B     		cmp	r3, #0
 152 002c 04D0     		beq	.L8
 120:./ucOSII/Core/os_mbox.c ****         OSEventFreeList = (OS_EVENT *)OSEventFreeList->OSEventPtr;
 153              		.loc 1 120 54
 154 002e 144B     		ldr	r3, .L10+4
 155 0030 1B68     		ldr	r3, [r3]
 156 0032 5B68     		ldr	r3, [r3, #4]
 157              		.loc 1 120 25
 158 0034 124A     		ldr	r2, .L10+4
 159 0036 1360     		str	r3, [r2]
 160              	.L8:
 121:./ucOSII/Core/os_mbox.c ****     }
 122:./ucOSII/Core/os_mbox.c ****     OS_EXIT_CRITICAL();
 161              		.loc 1 122 5
 162 0038 F868     		ldr	r0, [r7, #12]
 163 003a FFF7FEFF 		bl	OS_CPU_SR_Restore
 123:./ucOSII/Core/os_mbox.c ****     if (pevent != (OS_EVENT *)0) {
 164              		.loc 1 123 8
 165 003e BB68     		ldr	r3, [r7, #8]
ARM GAS  /var/folders/yl/_q9l42k90g1g4mdhbs226msm0000gn/T//ccuO3qAW.s 			page 6


 166 0040 002B     		cmp	r3, #0
 167 0042 15D0     		beq	.L9
 124:./ucOSII/Core/os_mbox.c ****         pevent->OSEventType    = OS_EVENT_TYPE_MBOX;
 168              		.loc 1 124 32
 169 0044 BB68     		ldr	r3, [r7, #8]
 170 0046 0122     		movs	r2, #1
 171 0048 1A70     		strb	r2, [r3]
 125:./ucOSII/Core/os_mbox.c ****         pevent->OSEventCnt     = 0u;
 172              		.loc 1 125 32
 173 004a BB68     		ldr	r3, [r7, #8]
 174 004c 0022     		movs	r2, #0
 175 004e 1A81     		strh	r2, [r3, #8]	@ movhi
 126:./ucOSII/Core/os_mbox.c ****         pevent->OSEventPtr     = pmsg;           /* Deposit message in event control block         
 176              		.loc 1 126 32
 177 0050 BB68     		ldr	r3, [r7, #8]
 178 0052 7A68     		ldr	r2, [r7, #4]
 179 0054 5A60     		str	r2, [r3, #4]
 127:./ucOSII/Core/os_mbox.c **** #if OS_EVENT_NAME_EN > 0u
 128:./ucOSII/Core/os_mbox.c ****         pevent->OSEventName    = (INT8U *)(void *)"?";
 180              		.loc 1 128 32
 181 0056 BB68     		ldr	r3, [r7, #8]
 182 0058 0A4A     		ldr	r2, .L10+8
 183 005a 5A61     		str	r2, [r3, #20]
 129:./ucOSII/Core/os_mbox.c **** #endif
 130:./ucOSII/Core/os_mbox.c ****         OS_EventWaitListInit(pevent);
 184              		.loc 1 130 9
 185 005c B868     		ldr	r0, [r7, #8]
 186 005e FFF7FEFF 		bl	OS_EventWaitListInit
 131:./ucOSII/Core/os_mbox.c **** 
 132:./ucOSII/Core/os_mbox.c ****         OS_TRACE_MBOX_CREATE(pevent, pevent->OSEventName);
 187              		.loc 1 132 9
 188 0062 B968     		ldr	r1, [r7, #8]
 189 0064 BB68     		ldr	r3, [r7, #8]
 190 0066 5B69     		ldr	r3, [r3, #20]
 191 0068 1A46     		mov	r2, r3
 192 006a 2320     		movs	r0, #35
 193 006c FFF7FEFF 		bl	SYSVIEW_RecordU32Register
 194              	.L9:
 133:./ucOSII/Core/os_mbox.c ****     }
 134:./ucOSII/Core/os_mbox.c ****     return (pevent);                             /* Return pointer to event control block          
 195              		.loc 1 134 12
 196 0070 BB68     		ldr	r3, [r7, #8]
 197              	.L7:
 135:./ucOSII/Core/os_mbox.c **** }
 198              		.loc 1 135 1
 199 0072 1846     		mov	r0, r3
 200 0074 1037     		adds	r7, r7, #16
 201              	.LCFI8:
 202              		.cfi_def_cfa_offset 8
 203 0076 BD46     		mov	sp, r7
 204              	.LCFI9:
 205              		.cfi_def_cfa_register 13
 206              		@ sp needed
 207 0078 80BD     		pop	{r7, pc}
 208              	.L11:
 209 007a 00BF     		.align	2
 210              	.L10:
ARM GAS  /var/folders/yl/_q9l42k90g1g4mdhbs226msm0000gn/T//ccuO3qAW.s 			page 7


 211 007c 00000000 		.word	OSIntNesting
 212 0080 00000000 		.word	OSEventFreeList
 213 0084 00000000 		.word	.LC0
 214              		.cfi_endproc
 215              	.LFE4:
 217              		.section	.text.OSMboxDel,"ax",%progbits
 218              		.align	1
 219              		.global	OSMboxDel
 220              		.syntax unified
 221              		.thumb
 222              		.thumb_func
 224              	OSMboxDel:
 225              	.LFB5:
 136:./ucOSII/Core/os_mbox.c **** 
 137:./ucOSII/Core/os_mbox.c **** 
 138:./ucOSII/Core/os_mbox.c **** /*
 139:./ucOSII/Core/os_mbox.c **** ***************************************************************************************************
 140:./ucOSII/Core/os_mbox.c **** *                                           DELETE A MAIBOX
 141:./ucOSII/Core/os_mbox.c **** *
 142:./ucOSII/Core/os_mbox.c **** * Description: This function deletes a mailbox and readies all tasks pending on the mailbox.
 143:./ucOSII/Core/os_mbox.c **** *
 144:./ucOSII/Core/os_mbox.c **** * Arguments  : pevent        is a pointer to the event control block associated with the desired
 145:./ucOSII/Core/os_mbox.c **** *                            mailbox.
 146:./ucOSII/Core/os_mbox.c **** *
 147:./ucOSII/Core/os_mbox.c **** *              opt           determines delete options as follows:
 148:./ucOSII/Core/os_mbox.c **** *                            opt == OS_DEL_NO_PEND   Delete the mailbox ONLY if no task pending
 149:./ucOSII/Core/os_mbox.c **** *                            opt == OS_DEL_ALWAYS    Deletes the mailbox even if tasks are waiting.
 150:./ucOSII/Core/os_mbox.c **** *                                                    In this case, all the tasks pending will be re
 151:./ucOSII/Core/os_mbox.c **** *
 152:./ucOSII/Core/os_mbox.c **** *              perr          is a pointer to an error code that can contain one of the following va
 153:./ucOSII/Core/os_mbox.c **** *                            OS_ERR_NONE                  The call was successful and the mailbox w
 154:./ucOSII/Core/os_mbox.c **** *                            OS_ERR_DEL_ISR               If you attempted to delete the mailbox fr
 155:./ucOSII/Core/os_mbox.c **** *                            OS_ERR_INVALID_OPT           An invalid option was specified
 156:./ucOSII/Core/os_mbox.c **** *                            OS_ERR_ILLEGAL_DEL_RUN_TIME  If you tried to delete a mailbox after sa
 157:./ucOSII/Core/os_mbox.c **** *                                                         critical operation started.
 158:./ucOSII/Core/os_mbox.c **** *                            OS_ERR_TASK_WAITING          One or more tasks were waiting on the mai
 159:./ucOSII/Core/os_mbox.c **** *                            OS_ERR_EVENT_TYPE            If you didn't pass a pointer to a mailbox
 160:./ucOSII/Core/os_mbox.c **** *                            OS_ERR_PEVENT_NULL           If 'pevent' is a NULL pointer.
 161:./ucOSII/Core/os_mbox.c **** *
 162:./ucOSII/Core/os_mbox.c **** * Returns    : pevent        upon error
 163:./ucOSII/Core/os_mbox.c **** *              (OS_EVENT *)0 if the mailbox was successfully deleted.
 164:./ucOSII/Core/os_mbox.c **** *
 165:./ucOSII/Core/os_mbox.c **** * Note(s)    : 1) This function must be used with care.  Tasks that would normally expect the prese
 166:./ucOSII/Core/os_mbox.c **** *                 the mailbox MUST check the return code of OSMboxPend().
 167:./ucOSII/Core/os_mbox.c **** *              2) OSMboxAccept() callers will not know that the intended mailbox has been deleted!
 168:./ucOSII/Core/os_mbox.c **** *              3) This call can potentially disable interrupts for a long time.  The interrupt disa
 169:./ucOSII/Core/os_mbox.c **** *                 time is directly proportional to the number of tasks waiting on the mailbox.
 170:./ucOSII/Core/os_mbox.c **** *              4) Because ALL tasks pending on the mailbox will be readied, you MUST be careful in
 171:./ucOSII/Core/os_mbox.c **** *                 applications where the mailbox is used for mutual exclusion because the resource(
 172:./ucOSII/Core/os_mbox.c **** *                 will no longer be guarded by the mailbox.
 173:./ucOSII/Core/os_mbox.c **** *              5) All tasks that were waiting for the mailbox will be readied and returned an
 174:./ucOSII/Core/os_mbox.c **** *                 OS_ERR_PEND_ABORT if OSMboxDel() was called with OS_DEL_ALWAYS
 175:./ucOSII/Core/os_mbox.c **** ***************************************************************************************************
 176:./ucOSII/Core/os_mbox.c **** */
 177:./ucOSII/Core/os_mbox.c **** 
 178:./ucOSII/Core/os_mbox.c **** #if OS_MBOX_DEL_EN > 0u
 179:./ucOSII/Core/os_mbox.c **** OS_EVENT  *OSMboxDel (OS_EVENT  *pevent,
ARM GAS  /var/folders/yl/_q9l42k90g1g4mdhbs226msm0000gn/T//ccuO3qAW.s 			page 8


 180:./ucOSII/Core/os_mbox.c ****                       INT8U      opt,
 181:./ucOSII/Core/os_mbox.c ****                       INT8U     *perr)
 182:./ucOSII/Core/os_mbox.c **** {
 226              		.loc 1 182 1
 227              		.cfi_startproc
 228              		@ args = 0, pretend = 0, frame = 32
 229              		@ frame_needed = 1, uses_anonymous_args = 0
 230 0000 80B5     		push	{r7, lr}
 231              	.LCFI10:
 232              		.cfi_def_cfa_offset 8
 233              		.cfi_offset 7, -8
 234              		.cfi_offset 14, -4
 235 0002 88B0     		sub	sp, sp, #32
 236              	.LCFI11:
 237              		.cfi_def_cfa_offset 40
 238 0004 00AF     		add	r7, sp, #0
 239              	.LCFI12:
 240              		.cfi_def_cfa_register 7
 241 0006 F860     		str	r0, [r7, #12]
 242 0008 0B46     		mov	r3, r1
 243 000a 7A60     		str	r2, [r7, #4]
 244 000c FB72     		strb	r3, [r7, #11]
 183:./ucOSII/Core/os_mbox.c ****     BOOLEAN    tasks_waiting;
 184:./ucOSII/Core/os_mbox.c ****     OS_EVENT  *pevent_return;
 185:./ucOSII/Core/os_mbox.c **** #if OS_CRITICAL_METHOD == 3u                               /* Allocate storage for CPU status regis
 186:./ucOSII/Core/os_mbox.c ****     OS_CPU_SR  cpu_sr = 0u;
 245              		.loc 1 186 16
 246 000e 0023     		movs	r3, #0
 247 0010 7B61     		str	r3, [r7, #20]
 187:./ucOSII/Core/os_mbox.c **** #endif
 188:./ucOSII/Core/os_mbox.c **** 
 189:./ucOSII/Core/os_mbox.c **** 
 190:./ucOSII/Core/os_mbox.c **** 
 191:./ucOSII/Core/os_mbox.c **** #ifdef OS_SAFETY_CRITICAL
 192:./ucOSII/Core/os_mbox.c ****     if (perr == (INT8U *)0) {
 193:./ucOSII/Core/os_mbox.c ****         OS_SAFETY_CRITICAL_EXCEPTION();
 194:./ucOSII/Core/os_mbox.c ****         return ((OS_EVENT *)0);
 195:./ucOSII/Core/os_mbox.c ****     }
 196:./ucOSII/Core/os_mbox.c **** #endif
 197:./ucOSII/Core/os_mbox.c **** 
 198:./ucOSII/Core/os_mbox.c **** #ifdef OS_SAFETY_CRITICAL_IEC61508
 199:./ucOSII/Core/os_mbox.c ****     if (OSSafetyCriticalStartFlag == OS_TRUE) {
 200:./ucOSII/Core/os_mbox.c ****         OS_SAFETY_CRITICAL_EXCEPTION();
 201:./ucOSII/Core/os_mbox.c ****         *perr = OS_ERR_ILLEGAL_DEL_RUN_TIME;
 202:./ucOSII/Core/os_mbox.c ****         return ((OS_EVENT *)0);
 203:./ucOSII/Core/os_mbox.c ****     }
 204:./ucOSII/Core/os_mbox.c **** #endif
 205:./ucOSII/Core/os_mbox.c **** 
 206:./ucOSII/Core/os_mbox.c **** #if OS_ARG_CHK_EN > 0u
 207:./ucOSII/Core/os_mbox.c ****     if (pevent == (OS_EVENT *)0) {                         /* Validate 'pevent'                    
 248              		.loc 1 207 8
 249 0012 FB68     		ldr	r3, [r7, #12]
 250 0014 002B     		cmp	r3, #0
 251 0016 04D1     		bne	.L13
 208:./ucOSII/Core/os_mbox.c ****         *perr = OS_ERR_PEVENT_NULL;
 252              		.loc 1 208 15
 253 0018 7B68     		ldr	r3, [r7, #4]
ARM GAS  /var/folders/yl/_q9l42k90g1g4mdhbs226msm0000gn/T//ccuO3qAW.s 			page 9


 254 001a 0422     		movs	r2, #4
 255 001c 1A70     		strb	r2, [r3]
 209:./ucOSII/Core/os_mbox.c ****         return (pevent);
 256              		.loc 1 209 16
 257 001e FB68     		ldr	r3, [r7, #12]
 258 0020 97E0     		b	.L14
 259              	.L13:
 210:./ucOSII/Core/os_mbox.c ****     }
 211:./ucOSII/Core/os_mbox.c **** #endif
 212:./ucOSII/Core/os_mbox.c **** 
 213:./ucOSII/Core/os_mbox.c ****     OS_TRACE_MBOX_DEL_ENTER(pevent, opt);
 260              		.loc 1 213 5
 261 0022 FB68     		ldr	r3, [r7, #12]
 262 0024 1846     		mov	r0, r3
 263 0026 FFF7FEFF 		bl	SEGGER_SYSVIEW_ShrinkId
 264 002a 0146     		mov	r1, r0
 265 002c FB7A     		ldrb	r3, [r7, #11]	@ zero_extendqisi2
 266 002e 1A46     		mov	r2, r3
 267 0030 2420     		movs	r0, #36
 268 0032 FFF7FEFF 		bl	SEGGER_SYSVIEW_RecordU32x2
 214:./ucOSII/Core/os_mbox.c **** 
 215:./ucOSII/Core/os_mbox.c ****     if (pevent->OSEventType != OS_EVENT_TYPE_MBOX) {       /* Validate event block type            
 269              		.loc 1 215 15
 270 0036 FB68     		ldr	r3, [r7, #12]
 271 0038 1B78     		ldrb	r3, [r3]	@ zero_extendqisi2
 272              		.loc 1 215 8
 273 003a 012B     		cmp	r3, #1
 274 003c 0AD0     		beq	.L15
 216:./ucOSII/Core/os_mbox.c ****         *perr = OS_ERR_EVENT_TYPE;
 275              		.loc 1 216 15
 276 003e 7B68     		ldr	r3, [r7, #4]
 277 0040 0122     		movs	r2, #1
 278 0042 1A70     		strb	r2, [r3]
 217:./ucOSII/Core/os_mbox.c ****         OS_TRACE_MBOX_DEL_EXIT(*perr);
 279              		.loc 1 217 9
 280 0044 7B68     		ldr	r3, [r7, #4]
 281 0046 1B78     		ldrb	r3, [r3]	@ zero_extendqisi2
 282 0048 1946     		mov	r1, r3
 283 004a 2420     		movs	r0, #36
 284 004c FFF7FEFF 		bl	SEGGER_SYSVIEW_RecordEndCallU32
 218:./ucOSII/Core/os_mbox.c ****         return (pevent);
 285              		.loc 1 218 16
 286 0050 FB68     		ldr	r3, [r7, #12]
 287 0052 7EE0     		b	.L14
 288              	.L15:
 219:./ucOSII/Core/os_mbox.c ****     }
 220:./ucOSII/Core/os_mbox.c ****     if (OSIntNesting > 0u) {                               /* See if called from ISR ...           
 289              		.loc 1 220 22
 290 0054 414B     		ldr	r3, .L29
 291 0056 1B78     		ldrb	r3, [r3]	@ zero_extendqisi2
 292              		.loc 1 220 8
 293 0058 002B     		cmp	r3, #0
 294 005a 0AD0     		beq	.L16
 221:./ucOSII/Core/os_mbox.c ****         *perr = OS_ERR_DEL_ISR;                            /* ... can't DELETE from an ISR         
 295              		.loc 1 221 15
 296 005c 7B68     		ldr	r3, [r7, #4]
 297 005e 0F22     		movs	r2, #15
ARM GAS  /var/folders/yl/_q9l42k90g1g4mdhbs226msm0000gn/T//ccuO3qAW.s 			page 10


 298 0060 1A70     		strb	r2, [r3]
 222:./ucOSII/Core/os_mbox.c ****         OS_TRACE_MBOX_DEL_EXIT(*perr);
 299              		.loc 1 222 9
 300 0062 7B68     		ldr	r3, [r7, #4]
 301 0064 1B78     		ldrb	r3, [r3]	@ zero_extendqisi2
 302 0066 1946     		mov	r1, r3
 303 0068 2420     		movs	r0, #36
 304 006a FFF7FEFF 		bl	SEGGER_SYSVIEW_RecordEndCallU32
 223:./ucOSII/Core/os_mbox.c ****         return (pevent);
 305              		.loc 1 223 16
 306 006e FB68     		ldr	r3, [r7, #12]
 307 0070 6FE0     		b	.L14
 308              	.L16:
 224:./ucOSII/Core/os_mbox.c ****     }
 225:./ucOSII/Core/os_mbox.c ****     OS_ENTER_CRITICAL();
 309              		.loc 1 225 5
 310 0072 4020     		movs	r0, #64
 311 0074 FFF7FEFF 		bl	OS_CPU_SR_Save
 312 0078 7861     		str	r0, [r7, #20]
 226:./ucOSII/Core/os_mbox.c ****     if (pevent->OSEventGrp != 0u) {                        /* See if any tasks waiting on mailbox  
 313              		.loc 1 226 15
 314 007a FB68     		ldr	r3, [r7, #12]
 315 007c 9B7A     		ldrb	r3, [r3, #10]	@ zero_extendqisi2
 316              		.loc 1 226 8
 317 007e 002B     		cmp	r3, #0
 318 0080 02D0     		beq	.L17
 227:./ucOSII/Core/os_mbox.c ****         tasks_waiting = OS_TRUE;                           /* Yes                                  
 319              		.loc 1 227 23
 320 0082 0123     		movs	r3, #1
 321 0084 FB77     		strb	r3, [r7, #31]
 322 0086 01E0     		b	.L18
 323              	.L17:
 228:./ucOSII/Core/os_mbox.c ****     } else {
 229:./ucOSII/Core/os_mbox.c ****         tasks_waiting = OS_FALSE;                          /* No                                   
 324              		.loc 1 229 23
 325 0088 0023     		movs	r3, #0
 326 008a FB77     		strb	r3, [r7, #31]
 327              	.L18:
 230:./ucOSII/Core/os_mbox.c ****     }
 231:./ucOSII/Core/os_mbox.c ****     switch (opt) {
 328              		.loc 1 231 5
 329 008c FB7A     		ldrb	r3, [r7, #11]	@ zero_extendqisi2
 330 008e 002B     		cmp	r3, #0
 331 0090 02D0     		beq	.L19
 332 0092 012B     		cmp	r3, #1
 333 0094 2BD0     		beq	.L25
 334 0096 4CE0     		b	.L28
 335              	.L19:
 232:./ucOSII/Core/os_mbox.c ****         case OS_DEL_NO_PEND:                               /* Delete mailbox only if no task waitin
 233:./ucOSII/Core/os_mbox.c ****              if (tasks_waiting == OS_FALSE) {
 336              		.loc 1 233 17
 337 0098 FB7F     		ldrb	r3, [r7, #31]	@ zero_extendqisi2
 338 009a 002B     		cmp	r3, #0
 339 009c 18D1     		bne	.L22
 234:./ucOSII/Core/os_mbox.c **** #if OS_EVENT_NAME_EN > 0u
 235:./ucOSII/Core/os_mbox.c ****                  pevent->OSEventName = (INT8U *)(void *)"?";
 340              		.loc 1 235 38
ARM GAS  /var/folders/yl/_q9l42k90g1g4mdhbs226msm0000gn/T//ccuO3qAW.s 			page 11


 341 009e FB68     		ldr	r3, [r7, #12]
 342 00a0 2F4A     		ldr	r2, .L29+4
 343 00a2 5A61     		str	r2, [r3, #20]
 236:./ucOSII/Core/os_mbox.c **** #endif
 237:./ucOSII/Core/os_mbox.c ****                  pevent->OSEventType = OS_EVENT_TYPE_UNUSED;
 344              		.loc 1 237 38
 345 00a4 FB68     		ldr	r3, [r7, #12]
 346 00a6 0022     		movs	r2, #0
 347 00a8 1A70     		strb	r2, [r3]
 238:./ucOSII/Core/os_mbox.c ****                  pevent->OSEventPtr  = OSEventFreeList;    /* Return Event Control Block to free li
 348              		.loc 1 238 38
 349 00aa 2E4B     		ldr	r3, .L29+8
 350 00ac 1A68     		ldr	r2, [r3]
 351 00ae FB68     		ldr	r3, [r7, #12]
 352 00b0 5A60     		str	r2, [r3, #4]
 239:./ucOSII/Core/os_mbox.c ****                  pevent->OSEventCnt  = 0u;
 353              		.loc 1 239 38
 354 00b2 FB68     		ldr	r3, [r7, #12]
 355 00b4 0022     		movs	r2, #0
 356 00b6 1A81     		strh	r2, [r3, #8]	@ movhi
 240:./ucOSII/Core/os_mbox.c ****                  OSEventFreeList     = pevent;             /* Get next free event control block    
 357              		.loc 1 240 38
 358 00b8 2A4A     		ldr	r2, .L29+8
 359 00ba FB68     		ldr	r3, [r7, #12]
 360 00bc 1360     		str	r3, [r2]
 241:./ucOSII/Core/os_mbox.c ****                  OS_EXIT_CRITICAL();
 361              		.loc 1 241 18
 362 00be 7869     		ldr	r0, [r7, #20]
 363 00c0 FFF7FEFF 		bl	OS_CPU_SR_Restore
 242:./ucOSII/Core/os_mbox.c ****                  *perr               = OS_ERR_NONE;
 364              		.loc 1 242 38
 365 00c4 7B68     		ldr	r3, [r7, #4]
 366 00c6 0022     		movs	r2, #0
 367 00c8 1A70     		strb	r2, [r3]
 243:./ucOSII/Core/os_mbox.c ****                  pevent_return       = (OS_EVENT *)0;      /* Mailbox has been deleted             
 368              		.loc 1 243 38
 369 00ca 0023     		movs	r3, #0
 370 00cc BB61     		str	r3, [r7, #24]
 244:./ucOSII/Core/os_mbox.c ****              } else {
 245:./ucOSII/Core/os_mbox.c ****                  OS_EXIT_CRITICAL();
 246:./ucOSII/Core/os_mbox.c ****                  *perr               = OS_ERR_TASK_WAITING;
 247:./ucOSII/Core/os_mbox.c ****                  pevent_return       = pevent;
 248:./ucOSII/Core/os_mbox.c ****              }
 249:./ucOSII/Core/os_mbox.c ****              break;
 371              		.loc 1 249 14
 372 00ce 39E0     		b	.L24
 373              	.L22:
 245:./ucOSII/Core/os_mbox.c ****                  *perr               = OS_ERR_TASK_WAITING;
 374              		.loc 1 245 18
 375 00d0 7869     		ldr	r0, [r7, #20]
 376 00d2 FFF7FEFF 		bl	OS_CPU_SR_Restore
 246:./ucOSII/Core/os_mbox.c ****                  pevent_return       = pevent;
 377              		.loc 1 246 38
 378 00d6 7B68     		ldr	r3, [r7, #4]
 379 00d8 4922     		movs	r2, #73
 380 00da 1A70     		strb	r2, [r3]
 247:./ucOSII/Core/os_mbox.c ****              }
ARM GAS  /var/folders/yl/_q9l42k90g1g4mdhbs226msm0000gn/T//ccuO3qAW.s 			page 12


 381              		.loc 1 247 38
 382 00dc FB68     		ldr	r3, [r7, #12]
 383 00de BB61     		str	r3, [r7, #24]
 384              		.loc 1 249 14
 385 00e0 30E0     		b	.L24
 386              	.L26:
 250:./ucOSII/Core/os_mbox.c **** 
 251:./ucOSII/Core/os_mbox.c ****         case OS_DEL_ALWAYS:                                /* Always delete the mailbox            
 252:./ucOSII/Core/os_mbox.c ****              while (pevent->OSEventGrp != 0u) {            /* Ready ALL tasks waiting for mailbox  
 253:./ucOSII/Core/os_mbox.c ****                  (void)OS_EventTaskRdy(pevent, (void *)0, OS_STAT_MBOX, OS_STAT_PEND_ABORT);
 387              		.loc 1 253 24
 388 00e2 0223     		movs	r3, #2
 389 00e4 0222     		movs	r2, #2
 390 00e6 0021     		movs	r1, #0
 391 00e8 F868     		ldr	r0, [r7, #12]
 392 00ea FFF7FEFF 		bl	OS_EventTaskRdy
 393              	.L25:
 252:./ucOSII/Core/os_mbox.c ****                  (void)OS_EventTaskRdy(pevent, (void *)0, OS_STAT_MBOX, OS_STAT_PEND_ABORT);
 394              		.loc 1 252 27
 395 00ee FB68     		ldr	r3, [r7, #12]
 396 00f0 9B7A     		ldrb	r3, [r3, #10]	@ zero_extendqisi2
 252:./ucOSII/Core/os_mbox.c ****                  (void)OS_EventTaskRdy(pevent, (void *)0, OS_STAT_MBOX, OS_STAT_PEND_ABORT);
 397              		.loc 1 252 20
 398 00f2 002B     		cmp	r3, #0
 399 00f4 F5D1     		bne	.L26
 254:./ucOSII/Core/os_mbox.c ****              }
 255:./ucOSII/Core/os_mbox.c **** #if OS_EVENT_NAME_EN > 0u
 256:./ucOSII/Core/os_mbox.c ****              pevent->OSEventName    = (INT8U *)(void *)"?";
 400              		.loc 1 256 37
 401 00f6 FB68     		ldr	r3, [r7, #12]
 402 00f8 194A     		ldr	r2, .L29+4
 403 00fa 5A61     		str	r2, [r3, #20]
 257:./ucOSII/Core/os_mbox.c **** #endif
 258:./ucOSII/Core/os_mbox.c ****              pevent->OSEventType    = OS_EVENT_TYPE_UNUSED;
 404              		.loc 1 258 37
 405 00fc FB68     		ldr	r3, [r7, #12]
 406 00fe 0022     		movs	r2, #0
 407 0100 1A70     		strb	r2, [r3]
 259:./ucOSII/Core/os_mbox.c ****              pevent->OSEventPtr     = OSEventFreeList;     /* Return Event Control Block to free li
 408              		.loc 1 259 37
 409 0102 184B     		ldr	r3, .L29+8
 410 0104 1A68     		ldr	r2, [r3]
 411 0106 FB68     		ldr	r3, [r7, #12]
 412 0108 5A60     		str	r2, [r3, #4]
 260:./ucOSII/Core/os_mbox.c ****              pevent->OSEventCnt     = 0u;
 413              		.loc 1 260 37
 414 010a FB68     		ldr	r3, [r7, #12]
 415 010c 0022     		movs	r2, #0
 416 010e 1A81     		strh	r2, [r3, #8]	@ movhi
 261:./ucOSII/Core/os_mbox.c ****              OSEventFreeList        = pevent;              /* Get next free event control block    
 417              		.loc 1 261 37
 418 0110 144A     		ldr	r2, .L29+8
 419 0112 FB68     		ldr	r3, [r7, #12]
 420 0114 1360     		str	r3, [r2]
 262:./ucOSII/Core/os_mbox.c ****              OS_EXIT_CRITICAL();
 421              		.loc 1 262 14
 422 0116 7869     		ldr	r0, [r7, #20]
ARM GAS  /var/folders/yl/_q9l42k90g1g4mdhbs226msm0000gn/T//ccuO3qAW.s 			page 13


 423 0118 FFF7FEFF 		bl	OS_CPU_SR_Restore
 263:./ucOSII/Core/os_mbox.c ****              if (tasks_waiting == OS_TRUE) {               /* Reschedule only if task(s) were waiti
 424              		.loc 1 263 17
 425 011c FB7F     		ldrb	r3, [r7, #31]	@ zero_extendqisi2
 426 011e 012B     		cmp	r3, #1
 427 0120 01D1     		bne	.L27
 264:./ucOSII/Core/os_mbox.c ****                  OS_Sched();                               /* Find highest priority task ready to r
 428              		.loc 1 264 18
 429 0122 FFF7FEFF 		bl	OS_Sched
 430              	.L27:
 265:./ucOSII/Core/os_mbox.c ****              }
 266:./ucOSII/Core/os_mbox.c ****              *perr         = OS_ERR_NONE;
 431              		.loc 1 266 28
 432 0126 7B68     		ldr	r3, [r7, #4]
 433 0128 0022     		movs	r2, #0
 434 012a 1A70     		strb	r2, [r3]
 267:./ucOSII/Core/os_mbox.c ****              pevent_return = (OS_EVENT *)0;                /* Mailbox has been deleted             
 435              		.loc 1 267 28
 436 012c 0023     		movs	r3, #0
 437 012e BB61     		str	r3, [r7, #24]
 268:./ucOSII/Core/os_mbox.c ****              break;
 438              		.loc 1 268 14
 439 0130 08E0     		b	.L24
 440              	.L28:
 269:./ucOSII/Core/os_mbox.c **** 
 270:./ucOSII/Core/os_mbox.c ****         default:
 271:./ucOSII/Core/os_mbox.c ****              OS_EXIT_CRITICAL();
 441              		.loc 1 271 14
 442 0132 7869     		ldr	r0, [r7, #20]
 443 0134 FFF7FEFF 		bl	OS_CPU_SR_Restore
 272:./ucOSII/Core/os_mbox.c ****              *perr         = OS_ERR_INVALID_OPT;
 444              		.loc 1 272 28
 445 0138 7B68     		ldr	r3, [r7, #4]
 446 013a 0722     		movs	r2, #7
 447 013c 1A70     		strb	r2, [r3]
 273:./ucOSII/Core/os_mbox.c ****              pevent_return = pevent;
 448              		.loc 1 273 28
 449 013e FB68     		ldr	r3, [r7, #12]
 450 0140 BB61     		str	r3, [r7, #24]
 274:./ucOSII/Core/os_mbox.c ****              break;
 451              		.loc 1 274 14
 452 0142 00BF     		nop
 453              	.L24:
 275:./ucOSII/Core/os_mbox.c ****     }
 276:./ucOSII/Core/os_mbox.c **** 
 277:./ucOSII/Core/os_mbox.c ****     OS_TRACE_MBOX_DEL_EXIT(*perr);
 454              		.loc 1 277 5
 455 0144 7B68     		ldr	r3, [r7, #4]
 456 0146 1B78     		ldrb	r3, [r3]	@ zero_extendqisi2
 457 0148 1946     		mov	r1, r3
 458 014a 2420     		movs	r0, #36
 459 014c FFF7FEFF 		bl	SEGGER_SYSVIEW_RecordEndCallU32
 278:./ucOSII/Core/os_mbox.c **** 
 279:./ucOSII/Core/os_mbox.c ****     return (pevent_return);
 460              		.loc 1 279 12
 461 0150 BB69     		ldr	r3, [r7, #24]
 462              	.L14:
ARM GAS  /var/folders/yl/_q9l42k90g1g4mdhbs226msm0000gn/T//ccuO3qAW.s 			page 14


 280:./ucOSII/Core/os_mbox.c **** }
 463              		.loc 1 280 1
 464 0152 1846     		mov	r0, r3
 465 0154 2037     		adds	r7, r7, #32
 466              	.LCFI13:
 467              		.cfi_def_cfa_offset 8
 468 0156 BD46     		mov	sp, r7
 469              	.LCFI14:
 470              		.cfi_def_cfa_register 13
 471              		@ sp needed
 472 0158 80BD     		pop	{r7, pc}
 473              	.L30:
 474 015a 00BF     		.align	2
 475              	.L29:
 476 015c 00000000 		.word	OSIntNesting
 477 0160 00000000 		.word	.LC0
 478 0164 00000000 		.word	OSEventFreeList
 479              		.cfi_endproc
 480              	.LFE5:
 482              		.section	.text.OSMboxPend,"ax",%progbits
 483              		.align	1
 484              		.global	OSMboxPend
 485              		.syntax unified
 486              		.thumb
 487              		.thumb_func
 489              	OSMboxPend:
 490              	.LFB6:
 281:./ucOSII/Core/os_mbox.c **** #endif
 282:./ucOSII/Core/os_mbox.c **** 
 283:./ucOSII/Core/os_mbox.c **** 
 284:./ucOSII/Core/os_mbox.c **** /*
 285:./ucOSII/Core/os_mbox.c **** ***************************************************************************************************
 286:./ucOSII/Core/os_mbox.c **** *                                    PEND ON MAILBOX FOR A MESSAGE
 287:./ucOSII/Core/os_mbox.c **** *
 288:./ucOSII/Core/os_mbox.c **** * Description: This function waits for a message to be sent to a mailbox
 289:./ucOSII/Core/os_mbox.c **** *
 290:./ucOSII/Core/os_mbox.c **** * Arguments  : pevent        is a pointer to the event control block associated with the desired ma
 291:./ucOSII/Core/os_mbox.c **** *
 292:./ucOSII/Core/os_mbox.c **** *              timeout       is an optional timeout period (in clock ticks).  If non-zero, your tas
 293:./ucOSII/Core/os_mbox.c **** *                            wait for a message to arrive at the mailbox up to the amount of time
 294:./ucOSII/Core/os_mbox.c **** *                            specified by this argument.  If you specify 0, however, your task will
 295:./ucOSII/Core/os_mbox.c **** *                            forever at the specified mailbox or, until a message arrives.
 296:./ucOSII/Core/os_mbox.c **** *
 297:./ucOSII/Core/os_mbox.c **** *              perr          is a pointer to where an error message will be deposited.  Possible er
 298:./ucOSII/Core/os_mbox.c **** *                            messages are:
 299:./ucOSII/Core/os_mbox.c **** *
 300:./ucOSII/Core/os_mbox.c **** *                            OS_ERR_NONE         The call was successful and your task received a
 301:./ucOSII/Core/os_mbox.c **** *                                                message.
 302:./ucOSII/Core/os_mbox.c **** *                            OS_ERR_TIMEOUT      A message was not received within the specified 't
 303:./ucOSII/Core/os_mbox.c **** *                            OS_ERR_PEND_ABORT   The wait on the mailbox was aborted.
 304:./ucOSII/Core/os_mbox.c **** *                            OS_ERR_EVENT_TYPE   Invalid event type
 305:./ucOSII/Core/os_mbox.c **** *                            OS_ERR_PEND_ISR     If you called this function from an ISR and the re
 306:./ucOSII/Core/os_mbox.c **** *                                                would lead to a suspension.
 307:./ucOSII/Core/os_mbox.c **** *                            OS_ERR_PEVENT_NULL  If 'pevent' is a NULL pointer
 308:./ucOSII/Core/os_mbox.c **** *                            OS_ERR_PEND_LOCKED  If you called this function when the scheduler is 
 309:./ucOSII/Core/os_mbox.c **** *
 310:./ucOSII/Core/os_mbox.c **** * Returns    : != (void *)0  is a pointer to the message received
ARM GAS  /var/folders/yl/_q9l42k90g1g4mdhbs226msm0000gn/T//ccuO3qAW.s 			page 15


 311:./ucOSII/Core/os_mbox.c **** *              == (void *)0  if no message was received or,
 312:./ucOSII/Core/os_mbox.c **** *                            if 'pevent' is a NULL pointer or,
 313:./ucOSII/Core/os_mbox.c **** *                            if you didn't pass the proper pointer to the event control block.
 314:./ucOSII/Core/os_mbox.c **** ***************************************************************************************************
 315:./ucOSII/Core/os_mbox.c **** */
 316:./ucOSII/Core/os_mbox.c **** 
 317:./ucOSII/Core/os_mbox.c **** void  *OSMboxPend (OS_EVENT  *pevent,
 318:./ucOSII/Core/os_mbox.c ****                    INT32U     timeout,
 319:./ucOSII/Core/os_mbox.c ****                    INT8U     *perr)
 320:./ucOSII/Core/os_mbox.c **** {
 491              		.loc 1 320 1
 492              		.cfi_startproc
 493              		@ args = 0, pretend = 0, frame = 24
 494              		@ frame_needed = 1, uses_anonymous_args = 0
 495 0000 80B5     		push	{r7, lr}
 496              	.LCFI15:
 497              		.cfi_def_cfa_offset 8
 498              		.cfi_offset 7, -8
 499              		.cfi_offset 14, -4
 500 0002 86B0     		sub	sp, sp, #24
 501              	.LCFI16:
 502              		.cfi_def_cfa_offset 32
 503 0004 00AF     		add	r7, sp, #0
 504              	.LCFI17:
 505              		.cfi_def_cfa_register 7
 506 0006 F860     		str	r0, [r7, #12]
 507 0008 B960     		str	r1, [r7, #8]
 508 000a 7A60     		str	r2, [r7, #4]
 321:./ucOSII/Core/os_mbox.c ****     void      *pmsg;
 322:./ucOSII/Core/os_mbox.c **** #if OS_CRITICAL_METHOD == 3u                          /* Allocate storage for CPU status register  
 323:./ucOSII/Core/os_mbox.c ****     OS_CPU_SR  cpu_sr = 0u;
 509              		.loc 1 323 16
 510 000c 0023     		movs	r3, #0
 511 000e 3B61     		str	r3, [r7, #16]
 324:./ucOSII/Core/os_mbox.c **** #endif
 325:./ucOSII/Core/os_mbox.c **** 
 326:./ucOSII/Core/os_mbox.c **** 
 327:./ucOSII/Core/os_mbox.c **** #ifdef OS_SAFETY_CRITICAL
 328:./ucOSII/Core/os_mbox.c ****     if (perr == (INT8U *)0) {
 329:./ucOSII/Core/os_mbox.c ****         OS_SAFETY_CRITICAL_EXCEPTION();
 330:./ucOSII/Core/os_mbox.c ****         return ((void *)0);
 331:./ucOSII/Core/os_mbox.c ****     }
 332:./ucOSII/Core/os_mbox.c **** #endif
 333:./ucOSII/Core/os_mbox.c **** 
 334:./ucOSII/Core/os_mbox.c **** #if OS_ARG_CHK_EN > 0u
 335:./ucOSII/Core/os_mbox.c ****     if (pevent == (OS_EVENT *)0) {                    /* Validate 'pevent'                         
 512              		.loc 1 335 8
 513 0010 FB68     		ldr	r3, [r7, #12]
 514 0012 002B     		cmp	r3, #0
 515 0014 04D1     		bne	.L32
 336:./ucOSII/Core/os_mbox.c ****         *perr = OS_ERR_PEVENT_NULL;
 516              		.loc 1 336 15
 517 0016 7B68     		ldr	r3, [r7, #4]
 518 0018 0422     		movs	r2, #4
 519 001a 1A70     		strb	r2, [r3]
 337:./ucOSII/Core/os_mbox.c ****         return ((void *)0);
 520              		.loc 1 337 16
ARM GAS  /var/folders/yl/_q9l42k90g1g4mdhbs226msm0000gn/T//ccuO3qAW.s 			page 16


 521 001c 0023     		movs	r3, #0
 522 001e B8E0     		b	.L33
 523              	.L32:
 338:./ucOSII/Core/os_mbox.c ****     }
 339:./ucOSII/Core/os_mbox.c **** #endif
 340:./ucOSII/Core/os_mbox.c **** 
 341:./ucOSII/Core/os_mbox.c ****     OS_TRACE_MBOX_PEND_ENTER(pevent, timeout);
 524              		.loc 1 341 5
 525 0020 FB68     		ldr	r3, [r7, #12]
 526 0022 1846     		mov	r0, r3
 527 0024 FFF7FEFF 		bl	SEGGER_SYSVIEW_ShrinkId
 528 0028 0346     		mov	r3, r0
 529 002a BA68     		ldr	r2, [r7, #8]
 530 002c 1946     		mov	r1, r3
 531 002e 2720     		movs	r0, #39
 532 0030 FFF7FEFF 		bl	SEGGER_SYSVIEW_RecordU32x2
 342:./ucOSII/Core/os_mbox.c **** 
 343:./ucOSII/Core/os_mbox.c ****     if (pevent->OSEventType != OS_EVENT_TYPE_MBOX) {  /* Validate event block type                 
 533              		.loc 1 343 15
 534 0034 FB68     		ldr	r3, [r7, #12]
 535 0036 1B78     		ldrb	r3, [r3]	@ zero_extendqisi2
 536              		.loc 1 343 8
 537 0038 012B     		cmp	r3, #1
 538 003a 0AD0     		beq	.L34
 344:./ucOSII/Core/os_mbox.c ****         *perr = OS_ERR_EVENT_TYPE;
 539              		.loc 1 344 15
 540 003c 7B68     		ldr	r3, [r7, #4]
 541 003e 0122     		movs	r2, #1
 542 0040 1A70     		strb	r2, [r3]
 345:./ucOSII/Core/os_mbox.c ****         OS_TRACE_MBOX_PEND_EXIT(*perr);
 543              		.loc 1 345 9
 544 0042 7B68     		ldr	r3, [r7, #4]
 545 0044 1B78     		ldrb	r3, [r3]	@ zero_extendqisi2
 546 0046 1946     		mov	r1, r3
 547 0048 2720     		movs	r0, #39
 548 004a FFF7FEFF 		bl	SEGGER_SYSVIEW_RecordEndCallU32
 346:./ucOSII/Core/os_mbox.c ****         return ((void *)0);
 549              		.loc 1 346 16
 550 004e 0023     		movs	r3, #0
 551 0050 9FE0     		b	.L33
 552              	.L34:
 347:./ucOSII/Core/os_mbox.c ****     }
 348:./ucOSII/Core/os_mbox.c ****     if (OSIntNesting > 0u) {                          /* See if called from ISR ...                
 553              		.loc 1 348 22
 554 0052 524B     		ldr	r3, .L43
 555 0054 1B78     		ldrb	r3, [r3]	@ zero_extendqisi2
 556              		.loc 1 348 8
 557 0056 002B     		cmp	r3, #0
 558 0058 0AD0     		beq	.L35
 349:./ucOSII/Core/os_mbox.c ****         *perr = OS_ERR_PEND_ISR;                      /* ... can't PEND from an ISR                
 559              		.loc 1 349 15
 560 005a 7B68     		ldr	r3, [r7, #4]
 561 005c 0222     		movs	r2, #2
 562 005e 1A70     		strb	r2, [r3]
 350:./ucOSII/Core/os_mbox.c ****         OS_TRACE_MBOX_PEND_EXIT(*perr);
 563              		.loc 1 350 9
 564 0060 7B68     		ldr	r3, [r7, #4]
ARM GAS  /var/folders/yl/_q9l42k90g1g4mdhbs226msm0000gn/T//ccuO3qAW.s 			page 17


 565 0062 1B78     		ldrb	r3, [r3]	@ zero_extendqisi2
 566 0064 1946     		mov	r1, r3
 567 0066 2720     		movs	r0, #39
 568 0068 FFF7FEFF 		bl	SEGGER_SYSVIEW_RecordEndCallU32
 351:./ucOSII/Core/os_mbox.c ****         return ((void *)0);
 569              		.loc 1 351 16
 570 006c 0023     		movs	r3, #0
 571 006e 90E0     		b	.L33
 572              	.L35:
 352:./ucOSII/Core/os_mbox.c ****     }
 353:./ucOSII/Core/os_mbox.c ****     if (OSLockNesting > 0u) {                         /* See if called with scheduler locked ...   
 573              		.loc 1 353 23
 574 0070 4B4B     		ldr	r3, .L43+4
 575 0072 1B78     		ldrb	r3, [r3]	@ zero_extendqisi2
 576              		.loc 1 353 8
 577 0074 002B     		cmp	r3, #0
 578 0076 0AD0     		beq	.L36
 354:./ucOSII/Core/os_mbox.c ****         *perr = OS_ERR_PEND_LOCKED;                   /* ... can't PEND when locked                
 579              		.loc 1 354 15
 580 0078 7B68     		ldr	r3, [r7, #4]
 581 007a 0D22     		movs	r2, #13
 582 007c 1A70     		strb	r2, [r3]
 355:./ucOSII/Core/os_mbox.c ****         OS_TRACE_MBOX_PEND_EXIT(*perr);
 583              		.loc 1 355 9
 584 007e 7B68     		ldr	r3, [r7, #4]
 585 0080 1B78     		ldrb	r3, [r3]	@ zero_extendqisi2
 586 0082 1946     		mov	r1, r3
 587 0084 2720     		movs	r0, #39
 588 0086 FFF7FEFF 		bl	SEGGER_SYSVIEW_RecordEndCallU32
 356:./ucOSII/Core/os_mbox.c ****         return ((void *)0);
 589              		.loc 1 356 16
 590 008a 0023     		movs	r3, #0
 591 008c 81E0     		b	.L33
 592              	.L36:
 357:./ucOSII/Core/os_mbox.c ****     }
 358:./ucOSII/Core/os_mbox.c ****     OS_ENTER_CRITICAL();
 593              		.loc 1 358 5
 594 008e 4020     		movs	r0, #64
 595 0090 FFF7FEFF 		bl	OS_CPU_SR_Save
 596 0094 3861     		str	r0, [r7, #16]
 359:./ucOSII/Core/os_mbox.c ****     pmsg = pevent->OSEventPtr;
 597              		.loc 1 359 10
 598 0096 FB68     		ldr	r3, [r7, #12]
 599 0098 5B68     		ldr	r3, [r3, #4]
 600 009a 7B61     		str	r3, [r7, #20]
 360:./ucOSII/Core/os_mbox.c ****     if (pmsg != (void *)0) {                          /* See if there is already a message         
 601              		.loc 1 360 8
 602 009c 7B69     		ldr	r3, [r7, #20]
 603 009e 002B     		cmp	r3, #0
 604 00a0 10D0     		beq	.L37
 361:./ucOSII/Core/os_mbox.c ****         pevent->OSEventPtr = (void *)0;               /* Clear the mailbox                         
 605              		.loc 1 361 28
 606 00a2 FB68     		ldr	r3, [r7, #12]
 607 00a4 0022     		movs	r2, #0
 608 00a6 5A60     		str	r2, [r3, #4]
 362:./ucOSII/Core/os_mbox.c ****         OS_EXIT_CRITICAL();
 609              		.loc 1 362 9
ARM GAS  /var/folders/yl/_q9l42k90g1g4mdhbs226msm0000gn/T//ccuO3qAW.s 			page 18


 610 00a8 3869     		ldr	r0, [r7, #16]
 611 00aa FFF7FEFF 		bl	OS_CPU_SR_Restore
 363:./ucOSII/Core/os_mbox.c ****         *perr = OS_ERR_NONE;
 612              		.loc 1 363 15
 613 00ae 7B68     		ldr	r3, [r7, #4]
 614 00b0 0022     		movs	r2, #0
 615 00b2 1A70     		strb	r2, [r3]
 364:./ucOSII/Core/os_mbox.c ****         OS_TRACE_MBOX_PEND_EXIT(*perr);
 616              		.loc 1 364 9
 617 00b4 7B68     		ldr	r3, [r7, #4]
 618 00b6 1B78     		ldrb	r3, [r3]	@ zero_extendqisi2
 619 00b8 1946     		mov	r1, r3
 620 00ba 2720     		movs	r0, #39
 621 00bc FFF7FEFF 		bl	SEGGER_SYSVIEW_RecordEndCallU32
 365:./ucOSII/Core/os_mbox.c ****         return (pmsg);                                /* Return the message received (or NULL)     
 622              		.loc 1 365 16
 623 00c0 7B69     		ldr	r3, [r7, #20]
 624 00c2 66E0     		b	.L33
 625              	.L37:
 366:./ucOSII/Core/os_mbox.c ****     }
 367:./ucOSII/Core/os_mbox.c ****     OSTCBCur->OSTCBStat     |= OS_STAT_MBOX;          /* Message not available, task will pend     
 626              		.loc 1 367 29
 627 00c4 374B     		ldr	r3, .L43+8
 628 00c6 1B68     		ldr	r3, [r3]
 629 00c8 93F83820 		ldrb	r2, [r3, #56]	@ zero_extendqisi2
 630 00cc 354B     		ldr	r3, .L43+8
 631 00ce 1B68     		ldr	r3, [r3]
 632 00d0 42F00202 		orr	r2, r2, #2
 633 00d4 D2B2     		uxtb	r2, r2
 634 00d6 83F83820 		strb	r2, [r3, #56]
 368:./ucOSII/Core/os_mbox.c ****     OSTCBCur->OSTCBStatPend  = OS_STAT_PEND_OK;
 635              		.loc 1 368 13
 636 00da 324B     		ldr	r3, .L43+8
 637 00dc 1B68     		ldr	r3, [r3]
 638              		.loc 1 368 30
 639 00de 0022     		movs	r2, #0
 640 00e0 83F83920 		strb	r2, [r3, #57]
 369:./ucOSII/Core/os_mbox.c ****     OSTCBCur->OSTCBDly       = timeout;               /* Load timeout in TCB                       
 641              		.loc 1 369 13
 642 00e4 2F4B     		ldr	r3, .L43+8
 643 00e6 1B68     		ldr	r3, [r3]
 644              		.loc 1 369 30
 645 00e8 BA68     		ldr	r2, [r7, #8]
 646 00ea 5A63     		str	r2, [r3, #52]
 370:./ucOSII/Core/os_mbox.c ****     OS_EventTaskWait(pevent);                         /* Suspend task until event or timeout occurs
 647              		.loc 1 370 5
 648 00ec F868     		ldr	r0, [r7, #12]
 649 00ee FFF7FEFF 		bl	OS_EventTaskWait
 371:./ucOSII/Core/os_mbox.c ****     OS_EXIT_CRITICAL();
 650              		.loc 1 371 5
 651 00f2 3869     		ldr	r0, [r7, #16]
 652 00f4 FFF7FEFF 		bl	OS_CPU_SR_Restore
 372:./ucOSII/Core/os_mbox.c ****     OS_Sched();                                       /* Find next highest priority task ready to r
 653              		.loc 1 372 5
 654 00f8 FFF7FEFF 		bl	OS_Sched
 373:./ucOSII/Core/os_mbox.c ****     OS_ENTER_CRITICAL();
 655              		.loc 1 373 5
ARM GAS  /var/folders/yl/_q9l42k90g1g4mdhbs226msm0000gn/T//ccuO3qAW.s 			page 19


 656 00fc 4020     		movs	r0, #64
 657 00fe FFF7FEFF 		bl	OS_CPU_SR_Save
 658 0102 3861     		str	r0, [r7, #16]
 374:./ucOSII/Core/os_mbox.c ****     switch (OSTCBCur->OSTCBStatPend) {                /* See if we timed-out or aborted            
 659              		.loc 1 374 21
 660 0104 274B     		ldr	r3, .L43+8
 661 0106 1B68     		ldr	r3, [r3]
 662 0108 93F83930 		ldrb	r3, [r3, #57]	@ zero_extendqisi2
 663              		.loc 1 374 5
 664 010c 002B     		cmp	r3, #0
 665 010e 02D0     		beq	.L38
 666 0110 022B     		cmp	r3, #2
 667 0112 08D0     		beq	.L39
 668 0114 0DE0     		b	.L42
 669              	.L38:
 375:./ucOSII/Core/os_mbox.c ****         case OS_STAT_PEND_OK:
 376:./ucOSII/Core/os_mbox.c ****              pmsg =  OSTCBCur->OSTCBMsg;
 670              		.loc 1 376 30
 671 0116 234B     		ldr	r3, .L43+8
 672 0118 1B68     		ldr	r3, [r3]
 673              		.loc 1 376 19
 674 011a 9B6A     		ldr	r3, [r3, #40]
 675 011c 7B61     		str	r3, [r7, #20]
 377:./ucOSII/Core/os_mbox.c ****             *perr =  OS_ERR_NONE;
 676              		.loc 1 377 19
 677 011e 7B68     		ldr	r3, [r7, #4]
 678 0120 0022     		movs	r2, #0
 679 0122 1A70     		strb	r2, [r3]
 378:./ucOSII/Core/os_mbox.c ****              break;
 680              		.loc 1 378 14
 681 0124 11E0     		b	.L41
 682              	.L39:
 379:./ucOSII/Core/os_mbox.c **** 
 380:./ucOSII/Core/os_mbox.c ****         case OS_STAT_PEND_ABORT:
 381:./ucOSII/Core/os_mbox.c ****              pmsg = (void *)0;
 683              		.loc 1 381 19
 684 0126 0023     		movs	r3, #0
 685 0128 7B61     		str	r3, [r7, #20]
 382:./ucOSII/Core/os_mbox.c ****             *perr =  OS_ERR_PEND_ABORT;               /* Indicate that we aborted                  
 686              		.loc 1 382 19
 687 012a 7B68     		ldr	r3, [r7, #4]
 688 012c 0E22     		movs	r2, #14
 689 012e 1A70     		strb	r2, [r3]
 383:./ucOSII/Core/os_mbox.c ****              break;
 690              		.loc 1 383 14
 691 0130 0BE0     		b	.L41
 692              	.L42:
 384:./ucOSII/Core/os_mbox.c **** 
 385:./ucOSII/Core/os_mbox.c ****         case OS_STAT_PEND_TO:
 386:./ucOSII/Core/os_mbox.c ****         default:
 387:./ucOSII/Core/os_mbox.c ****              OS_EventTaskRemove(OSTCBCur, pevent);
 693              		.loc 1 387 14
 694 0132 1C4B     		ldr	r3, .L43+8
 695 0134 1B68     		ldr	r3, [r3]
 696 0136 F968     		ldr	r1, [r7, #12]
 697 0138 1846     		mov	r0, r3
 698 013a FFF7FEFF 		bl	OS_EventTaskRemove
ARM GAS  /var/folders/yl/_q9l42k90g1g4mdhbs226msm0000gn/T//ccuO3qAW.s 			page 20


 388:./ucOSII/Core/os_mbox.c ****              pmsg = (void *)0;
 699              		.loc 1 388 19
 700 013e 0023     		movs	r3, #0
 701 0140 7B61     		str	r3, [r7, #20]
 389:./ucOSII/Core/os_mbox.c ****             *perr =  OS_ERR_TIMEOUT;                  /* Indicate that we didn't get event within T
 702              		.loc 1 389 19
 703 0142 7B68     		ldr	r3, [r7, #4]
 704 0144 0A22     		movs	r2, #10
 705 0146 1A70     		strb	r2, [r3]
 390:./ucOSII/Core/os_mbox.c ****              break;
 706              		.loc 1 390 14
 707 0148 00BF     		nop
 708              	.L41:
 391:./ucOSII/Core/os_mbox.c ****     }
 392:./ucOSII/Core/os_mbox.c ****     OSTCBCur->OSTCBStat          =  OS_STAT_RDY;      /* Set   task  status to ready               
 709              		.loc 1 392 13
 710 014a 164B     		ldr	r3, .L43+8
 711 014c 1B68     		ldr	r3, [r3]
 712              		.loc 1 392 34
 713 014e 0022     		movs	r2, #0
 714 0150 83F83820 		strb	r2, [r3, #56]
 393:./ucOSII/Core/os_mbox.c ****     OSTCBCur->OSTCBStatPend      =  OS_STAT_PEND_OK;  /* Clear pend  status                        
 715              		.loc 1 393 13
 716 0154 134B     		ldr	r3, .L43+8
 717 0156 1B68     		ldr	r3, [r3]
 718              		.loc 1 393 34
 719 0158 0022     		movs	r2, #0
 720 015a 83F83920 		strb	r2, [r3, #57]
 394:./ucOSII/Core/os_mbox.c ****     OSTCBCur->OSTCBEventPtr      = (OS_EVENT  *)0;    /* Clear event pointers                      
 721              		.loc 1 394 13
 722 015e 114B     		ldr	r3, .L43+8
 723 0160 1B68     		ldr	r3, [r3]
 724              		.loc 1 394 34
 725 0162 0022     		movs	r2, #0
 726 0164 DA61     		str	r2, [r3, #28]
 395:./ucOSII/Core/os_mbox.c **** #if (OS_EVENT_MULTI_EN > 0u)
 396:./ucOSII/Core/os_mbox.c ****     OSTCBCur->OSTCBEventMultiPtr = (OS_EVENT **)0;
 727              		.loc 1 396 13
 728 0166 0F4B     		ldr	r3, .L43+8
 729 0168 1B68     		ldr	r3, [r3]
 730              		.loc 1 396 34
 731 016a 0022     		movs	r2, #0
 732 016c 1A62     		str	r2, [r3, #32]
 397:./ucOSII/Core/os_mbox.c ****     OSTCBCur->OSTCBEventMultiRdy = (OS_EVENT  *)0;
 733              		.loc 1 397 13
 734 016e 0D4B     		ldr	r3, .L43+8
 735 0170 1B68     		ldr	r3, [r3]
 736              		.loc 1 397 34
 737 0172 0022     		movs	r2, #0
 738 0174 5A62     		str	r2, [r3, #36]
 398:./ucOSII/Core/os_mbox.c **** #endif
 399:./ucOSII/Core/os_mbox.c ****     OSTCBCur->OSTCBMsg           = (void      *)0;    /* Clear  received message                   
 739              		.loc 1 399 13
 740 0176 0B4B     		ldr	r3, .L43+8
 741 0178 1B68     		ldr	r3, [r3]
 742              		.loc 1 399 34
 743 017a 0022     		movs	r2, #0
ARM GAS  /var/folders/yl/_q9l42k90g1g4mdhbs226msm0000gn/T//ccuO3qAW.s 			page 21


 744 017c 9A62     		str	r2, [r3, #40]
 400:./ucOSII/Core/os_mbox.c ****     OS_EXIT_CRITICAL();
 745              		.loc 1 400 5
 746 017e 3869     		ldr	r0, [r7, #16]
 747 0180 FFF7FEFF 		bl	OS_CPU_SR_Restore
 401:./ucOSII/Core/os_mbox.c ****     OS_TRACE_MBOX_PEND_EXIT(*perr);
 748              		.loc 1 401 5
 749 0184 7B68     		ldr	r3, [r7, #4]
 750 0186 1B78     		ldrb	r3, [r3]	@ zero_extendqisi2
 751 0188 1946     		mov	r1, r3
 752 018a 2720     		movs	r0, #39
 753 018c FFF7FEFF 		bl	SEGGER_SYSVIEW_RecordEndCallU32
 402:./ucOSII/Core/os_mbox.c **** 
 403:./ucOSII/Core/os_mbox.c ****     return (pmsg);                                    /* Return received message                   
 754              		.loc 1 403 12
 755 0190 7B69     		ldr	r3, [r7, #20]
 756              	.L33:
 404:./ucOSII/Core/os_mbox.c **** }
 757              		.loc 1 404 1
 758 0192 1846     		mov	r0, r3
 759 0194 1837     		adds	r7, r7, #24
 760              	.LCFI18:
 761              		.cfi_def_cfa_offset 8
 762 0196 BD46     		mov	sp, r7
 763              	.LCFI19:
 764              		.cfi_def_cfa_register 13
 765              		@ sp needed
 766 0198 80BD     		pop	{r7, pc}
 767              	.L44:
 768 019a 00BF     		.align	2
 769              	.L43:
 770 019c 00000000 		.word	OSIntNesting
 771 01a0 00000000 		.word	OSLockNesting
 772 01a4 00000000 		.word	OSTCBCur
 773              		.cfi_endproc
 774              	.LFE6:
 776              		.section	.text.OSMboxPendAbort,"ax",%progbits
 777              		.align	1
 778              		.global	OSMboxPendAbort
 779              		.syntax unified
 780              		.thumb
 781              		.thumb_func
 783              	OSMboxPendAbort:
 784              	.LFB7:
 405:./ucOSII/Core/os_mbox.c **** 
 406:./ucOSII/Core/os_mbox.c **** 
 407:./ucOSII/Core/os_mbox.c **** /*
 408:./ucOSII/Core/os_mbox.c **** ***************************************************************************************************
 409:./ucOSII/Core/os_mbox.c **** *                                     ABORT WAITING ON A MESSAGE MAILBOX
 410:./ucOSII/Core/os_mbox.c **** *
 411:./ucOSII/Core/os_mbox.c **** * Description: This function aborts & readies any tasks currently waiting on a mailbox.  This funct
 412:./ucOSII/Core/os_mbox.c **** *              should be used to fault-abort the wait on the mailbox, rather than to normally signa
 413:./ucOSII/Core/os_mbox.c **** *              the mailbox via OSMboxPost() or OSMboxPostOpt().
 414:./ucOSII/Core/os_mbox.c **** *
 415:./ucOSII/Core/os_mbox.c **** * Arguments  : pevent        is a pointer to the event control block associated with the desired ma
 416:./ucOSII/Core/os_mbox.c **** *
 417:./ucOSII/Core/os_mbox.c **** *              opt           determines the type of ABORT performed:
ARM GAS  /var/folders/yl/_q9l42k90g1g4mdhbs226msm0000gn/T//ccuO3qAW.s 			page 22


 418:./ucOSII/Core/os_mbox.c **** *                            OS_PEND_OPT_NONE         ABORT wait for a single task (HPT) waiting on
 419:./ucOSII/Core/os_mbox.c **** *                                                     mailbox
 420:./ucOSII/Core/os_mbox.c **** *                            OS_PEND_OPT_BROADCAST    ABORT wait for ALL tasks that are  waiting on
 421:./ucOSII/Core/os_mbox.c **** *                                                     mailbox
 422:./ucOSII/Core/os_mbox.c **** *
 423:./ucOSII/Core/os_mbox.c **** *              perr          is a pointer to where an error message will be deposited.  Possible er
 424:./ucOSII/Core/os_mbox.c **** *                            messages are:
 425:./ucOSII/Core/os_mbox.c **** *
 426:./ucOSII/Core/os_mbox.c **** *                            OS_ERR_NONE         No tasks were     waiting on the mailbox.
 427:./ucOSII/Core/os_mbox.c **** *                            OS_ERR_PEND_ABORT   At least one task waiting on the mailbox was readi
 428:./ucOSII/Core/os_mbox.c **** *                                                and informed of the aborted wait; check return val
 429:./ucOSII/Core/os_mbox.c **** *                                                for the number of tasks whose wait on the mailbox
 430:./ucOSII/Core/os_mbox.c **** *                                                was aborted.
 431:./ucOSII/Core/os_mbox.c **** *                            OS_ERR_EVENT_TYPE   If you didn't pass a pointer to a mailbox.
 432:./ucOSII/Core/os_mbox.c **** *                            OS_ERR_PEVENT_NULL  If 'pevent' is a NULL pointer.
 433:./ucOSII/Core/os_mbox.c **** *
 434:./ucOSII/Core/os_mbox.c **** * Returns    : == 0          if no tasks were waiting on the mailbox, or upon error.
 435:./ucOSII/Core/os_mbox.c **** *              >  0          if one or more tasks waiting on the mailbox are now readied and inform
 436:./ucOSII/Core/os_mbox.c **** ***************************************************************************************************
 437:./ucOSII/Core/os_mbox.c **** */
 438:./ucOSII/Core/os_mbox.c **** 
 439:./ucOSII/Core/os_mbox.c **** #if OS_MBOX_PEND_ABORT_EN > 0u
 440:./ucOSII/Core/os_mbox.c **** INT8U  OSMboxPendAbort (OS_EVENT  *pevent,
 441:./ucOSII/Core/os_mbox.c ****                         INT8U      opt,
 442:./ucOSII/Core/os_mbox.c ****                         INT8U     *perr)
 443:./ucOSII/Core/os_mbox.c **** {
 785              		.loc 1 443 1
 786              		.cfi_startproc
 787              		@ args = 0, pretend = 0, frame = 24
 788              		@ frame_needed = 1, uses_anonymous_args = 0
 789 0000 80B5     		push	{r7, lr}
 790              	.LCFI20:
 791              		.cfi_def_cfa_offset 8
 792              		.cfi_offset 7, -8
 793              		.cfi_offset 14, -4
 794 0002 86B0     		sub	sp, sp, #24
 795              	.LCFI21:
 796              		.cfi_def_cfa_offset 32
 797 0004 00AF     		add	r7, sp, #0
 798              	.LCFI22:
 799              		.cfi_def_cfa_register 7
 800 0006 F860     		str	r0, [r7, #12]
 801 0008 0B46     		mov	r3, r1
 802 000a 7A60     		str	r2, [r7, #4]
 803 000c FB72     		strb	r3, [r7, #11]
 444:./ucOSII/Core/os_mbox.c ****     INT8U      nbr_tasks;
 445:./ucOSII/Core/os_mbox.c **** #if OS_CRITICAL_METHOD == 3u                               /* Allocate storage for CPU status regis
 446:./ucOSII/Core/os_mbox.c ****     OS_CPU_SR  cpu_sr = 0u;
 804              		.loc 1 446 16
 805 000e 0023     		movs	r3, #0
 806 0010 3B61     		str	r3, [r7, #16]
 447:./ucOSII/Core/os_mbox.c **** #endif
 448:./ucOSII/Core/os_mbox.c **** 
 449:./ucOSII/Core/os_mbox.c **** 
 450:./ucOSII/Core/os_mbox.c **** 
 451:./ucOSII/Core/os_mbox.c **** #ifdef OS_SAFETY_CRITICAL
 452:./ucOSII/Core/os_mbox.c ****     if (perr == (INT8U *)0) {
ARM GAS  /var/folders/yl/_q9l42k90g1g4mdhbs226msm0000gn/T//ccuO3qAW.s 			page 23


 453:./ucOSII/Core/os_mbox.c ****         OS_SAFETY_CRITICAL_EXCEPTION();
 454:./ucOSII/Core/os_mbox.c ****         return (0u);
 455:./ucOSII/Core/os_mbox.c ****     }
 456:./ucOSII/Core/os_mbox.c **** #endif
 457:./ucOSII/Core/os_mbox.c **** 
 458:./ucOSII/Core/os_mbox.c **** #if OS_ARG_CHK_EN > 0u
 459:./ucOSII/Core/os_mbox.c ****     if (pevent == (OS_EVENT *)0) {                         /* Validate 'pevent'                    
 807              		.loc 1 459 8
 808 0012 FB68     		ldr	r3, [r7, #12]
 809 0014 002B     		cmp	r3, #0
 810 0016 04D1     		bne	.L46
 460:./ucOSII/Core/os_mbox.c ****         *perr = OS_ERR_PEVENT_NULL;
 811              		.loc 1 460 15
 812 0018 7B68     		ldr	r3, [r7, #4]
 813 001a 0422     		movs	r2, #4
 814 001c 1A70     		strb	r2, [r3]
 461:./ucOSII/Core/os_mbox.c ****         return (0u);
 815              		.loc 1 461 16
 816 001e 0023     		movs	r3, #0
 817 0020 3FE0     		b	.L47
 818              	.L46:
 462:./ucOSII/Core/os_mbox.c ****     }
 463:./ucOSII/Core/os_mbox.c **** #endif
 464:./ucOSII/Core/os_mbox.c ****     if (pevent->OSEventType != OS_EVENT_TYPE_MBOX) {       /* Validate event block type            
 819              		.loc 1 464 15
 820 0022 FB68     		ldr	r3, [r7, #12]
 821 0024 1B78     		ldrb	r3, [r3]	@ zero_extendqisi2
 822              		.loc 1 464 8
 823 0026 012B     		cmp	r3, #1
 824 0028 04D0     		beq	.L48
 465:./ucOSII/Core/os_mbox.c ****         *perr = OS_ERR_EVENT_TYPE;
 825              		.loc 1 465 15
 826 002a 7B68     		ldr	r3, [r7, #4]
 827 002c 0122     		movs	r2, #1
 828 002e 1A70     		strb	r2, [r3]
 466:./ucOSII/Core/os_mbox.c ****         return (0u);
 829              		.loc 1 466 16
 830 0030 0023     		movs	r3, #0
 831 0032 36E0     		b	.L47
 832              	.L48:
 467:./ucOSII/Core/os_mbox.c ****     }
 468:./ucOSII/Core/os_mbox.c ****     OS_ENTER_CRITICAL();
 833              		.loc 1 468 5
 834 0034 4020     		movs	r0, #64
 835 0036 FFF7FEFF 		bl	OS_CPU_SR_Save
 836 003a 3861     		str	r0, [r7, #16]
 469:./ucOSII/Core/os_mbox.c ****     if (pevent->OSEventGrp != 0u) {                        /* See if any task waiting on mailbox?  
 837              		.loc 1 469 15
 838 003c FB68     		ldr	r3, [r7, #12]
 839 003e 9B7A     		ldrb	r3, [r3, #10]	@ zero_extendqisi2
 840              		.loc 1 469 8
 841 0040 002B     		cmp	r3, #0
 842 0042 27D0     		beq	.L49
 470:./ucOSII/Core/os_mbox.c ****         nbr_tasks = 0u;
 843              		.loc 1 470 19
 844 0044 0023     		movs	r3, #0
 845 0046 FB75     		strb	r3, [r7, #23]
ARM GAS  /var/folders/yl/_q9l42k90g1g4mdhbs226msm0000gn/T//ccuO3qAW.s 			page 24


 471:./ucOSII/Core/os_mbox.c ****         switch (opt) {
 846              		.loc 1 471 9
 847 0048 FB7A     		ldrb	r3, [r7, #11]	@ zero_extendqisi2
 848 004a 012B     		cmp	r3, #1
 849 004c 0ED1     		bne	.L50
 472:./ucOSII/Core/os_mbox.c ****             case OS_PEND_OPT_BROADCAST:                    /* Do we need to abort ALL waiting tasks
 473:./ucOSII/Core/os_mbox.c ****                  while (pevent->OSEventGrp != 0u) {        /* Yes, ready ALL tasks waiting on mailb
 850              		.loc 1 473 24
 851 004e 08E0     		b	.L51
 852              	.L52:
 474:./ucOSII/Core/os_mbox.c ****                      (void)OS_EventTaskRdy(pevent, (void *)0, OS_STAT_MBOX, OS_STAT_PEND_ABORT);
 853              		.loc 1 474 28
 854 0050 0223     		movs	r3, #2
 855 0052 0222     		movs	r2, #2
 856 0054 0021     		movs	r1, #0
 857 0056 F868     		ldr	r0, [r7, #12]
 858 0058 FFF7FEFF 		bl	OS_EventTaskRdy
 475:./ucOSII/Core/os_mbox.c ****                      nbr_tasks++;
 859              		.loc 1 475 31
 860 005c FB7D     		ldrb	r3, [r7, #23]	@ zero_extendqisi2
 861 005e 0133     		adds	r3, r3, #1
 862 0060 FB75     		strb	r3, [r7, #23]
 863              	.L51:
 473:./ucOSII/Core/os_mbox.c ****                      (void)OS_EventTaskRdy(pevent, (void *)0, OS_STAT_MBOX, OS_STAT_PEND_ABORT);
 864              		.loc 1 473 31
 865 0062 FB68     		ldr	r3, [r7, #12]
 866 0064 9B7A     		ldrb	r3, [r3, #10]	@ zero_extendqisi2
 473:./ucOSII/Core/os_mbox.c ****                      (void)OS_EventTaskRdy(pevent, (void *)0, OS_STAT_MBOX, OS_STAT_PEND_ABORT);
 867              		.loc 1 473 24
 868 0066 002B     		cmp	r3, #0
 869 0068 F2D1     		bne	.L52
 476:./ucOSII/Core/os_mbox.c ****                  }
 477:./ucOSII/Core/os_mbox.c ****                  break;
 870              		.loc 1 477 18
 871 006a 09E0     		b	.L53
 872              	.L50:
 478:./ucOSII/Core/os_mbox.c **** 
 479:./ucOSII/Core/os_mbox.c ****             case OS_PEND_OPT_NONE:
 480:./ucOSII/Core/os_mbox.c ****             default:                                       /* No,  ready HPT       waiting on mailb
 481:./ucOSII/Core/os_mbox.c ****                  (void)OS_EventTaskRdy(pevent, (void *)0, OS_STAT_MBOX, OS_STAT_PEND_ABORT);
 873              		.loc 1 481 24
 874 006c 0223     		movs	r3, #2
 875 006e 0222     		movs	r2, #2
 876 0070 0021     		movs	r1, #0
 877 0072 F868     		ldr	r0, [r7, #12]
 878 0074 FFF7FEFF 		bl	OS_EventTaskRdy
 482:./ucOSII/Core/os_mbox.c ****                  nbr_tasks++;
 879              		.loc 1 482 27
 880 0078 FB7D     		ldrb	r3, [r7, #23]	@ zero_extendqisi2
 881 007a 0133     		adds	r3, r3, #1
 882 007c FB75     		strb	r3, [r7, #23]
 483:./ucOSII/Core/os_mbox.c ****                  break;
 883              		.loc 1 483 18
 884 007e 00BF     		nop
 885              	.L53:
 484:./ucOSII/Core/os_mbox.c ****         }
 485:./ucOSII/Core/os_mbox.c ****         OS_EXIT_CRITICAL();
ARM GAS  /var/folders/yl/_q9l42k90g1g4mdhbs226msm0000gn/T//ccuO3qAW.s 			page 25


 886              		.loc 1 485 9
 887 0080 3869     		ldr	r0, [r7, #16]
 888 0082 FFF7FEFF 		bl	OS_CPU_SR_Restore
 486:./ucOSII/Core/os_mbox.c ****         OS_Sched();                                        /* Find HPT ready to run                
 889              		.loc 1 486 9
 890 0086 FFF7FEFF 		bl	OS_Sched
 487:./ucOSII/Core/os_mbox.c ****         *perr = OS_ERR_PEND_ABORT;
 891              		.loc 1 487 15
 892 008a 7B68     		ldr	r3, [r7, #4]
 893 008c 0E22     		movs	r2, #14
 894 008e 1A70     		strb	r2, [r3]
 488:./ucOSII/Core/os_mbox.c ****         return (nbr_tasks);
 895              		.loc 1 488 16
 896 0090 FB7D     		ldrb	r3, [r7, #23]	@ zero_extendqisi2
 897 0092 06E0     		b	.L47
 898              	.L49:
 489:./ucOSII/Core/os_mbox.c ****     }
 490:./ucOSII/Core/os_mbox.c ****     OS_EXIT_CRITICAL();
 899              		.loc 1 490 5
 900 0094 3869     		ldr	r0, [r7, #16]
 901 0096 FFF7FEFF 		bl	OS_CPU_SR_Restore
 491:./ucOSII/Core/os_mbox.c ****     *perr = OS_ERR_NONE;
 902              		.loc 1 491 11
 903 009a 7B68     		ldr	r3, [r7, #4]
 904 009c 0022     		movs	r2, #0
 905 009e 1A70     		strb	r2, [r3]
 492:./ucOSII/Core/os_mbox.c ****     return (0u);                                           /* No tasks waiting on mailbox          
 906              		.loc 1 492 12
 907 00a0 0023     		movs	r3, #0
 908              	.L47:
 493:./ucOSII/Core/os_mbox.c **** }
 909              		.loc 1 493 1
 910 00a2 1846     		mov	r0, r3
 911 00a4 1837     		adds	r7, r7, #24
 912              	.LCFI23:
 913              		.cfi_def_cfa_offset 8
 914 00a6 BD46     		mov	sp, r7
 915              	.LCFI24:
 916              		.cfi_def_cfa_register 13
 917              		@ sp needed
 918 00a8 80BD     		pop	{r7, pc}
 919              		.cfi_endproc
 920              	.LFE7:
 922              		.section	.text.OSMboxPost,"ax",%progbits
 923              		.align	1
 924              		.global	OSMboxPost
 925              		.syntax unified
 926              		.thumb
 927              		.thumb_func
 929              	OSMboxPost:
 930              	.LFB8:
 494:./ucOSII/Core/os_mbox.c **** #endif
 495:./ucOSII/Core/os_mbox.c **** 
 496:./ucOSII/Core/os_mbox.c **** 
 497:./ucOSII/Core/os_mbox.c **** /*
 498:./ucOSII/Core/os_mbox.c **** ***************************************************************************************************
 499:./ucOSII/Core/os_mbox.c **** *                                      POST MESSAGE TO A MAILBOX
ARM GAS  /var/folders/yl/_q9l42k90g1g4mdhbs226msm0000gn/T//ccuO3qAW.s 			page 26


 500:./ucOSII/Core/os_mbox.c **** *
 501:./ucOSII/Core/os_mbox.c **** * Description: This function sends a message to a mailbox
 502:./ucOSII/Core/os_mbox.c **** *
 503:./ucOSII/Core/os_mbox.c **** * Arguments  : pevent        is a pointer to the event control block associated with the desired ma
 504:./ucOSII/Core/os_mbox.c **** *
 505:./ucOSII/Core/os_mbox.c **** *              pmsg          is a pointer to the message to send.  You MUST NOT send a NULL pointer
 506:./ucOSII/Core/os_mbox.c **** *
 507:./ucOSII/Core/os_mbox.c **** * Returns    : OS_ERR_NONE          The call was successful and the message was sent
 508:./ucOSII/Core/os_mbox.c **** *              OS_ERR_MBOX_FULL     If the mailbox already contains a message.  You can can only se
 509:./ucOSII/Core/os_mbox.c **** *                                   message at a time and thus, the message MUST be consumed before
 510:./ucOSII/Core/os_mbox.c **** *                                   are allowed to send another one.
 511:./ucOSII/Core/os_mbox.c **** *              OS_ERR_EVENT_TYPE    If you are attempting to post to a non mailbox.
 512:./ucOSII/Core/os_mbox.c **** *              OS_ERR_PEVENT_NULL   If 'pevent' is a NULL pointer
 513:./ucOSII/Core/os_mbox.c **** *              OS_ERR_POST_NULL_PTR If you are attempting to post a NULL pointer
 514:./ucOSII/Core/os_mbox.c **** *
 515:./ucOSII/Core/os_mbox.c **** * Note(s)    : 1) HPT means Highest Priority Task
 516:./ucOSII/Core/os_mbox.c **** ***************************************************************************************************
 517:./ucOSII/Core/os_mbox.c **** */
 518:./ucOSII/Core/os_mbox.c **** 
 519:./ucOSII/Core/os_mbox.c **** #if OS_MBOX_POST_EN > 0u
 520:./ucOSII/Core/os_mbox.c **** INT8U  OSMboxPost (OS_EVENT  *pevent,
 521:./ucOSII/Core/os_mbox.c ****                    void      *pmsg)
 522:./ucOSII/Core/os_mbox.c **** {
 931              		.loc 1 522 1
 932              		.cfi_startproc
 933              		@ args = 0, pretend = 0, frame = 16
 934              		@ frame_needed = 1, uses_anonymous_args = 0
 935 0000 80B5     		push	{r7, lr}
 936              	.LCFI25:
 937              		.cfi_def_cfa_offset 8
 938              		.cfi_offset 7, -8
 939              		.cfi_offset 14, -4
 940 0002 84B0     		sub	sp, sp, #16
 941              	.LCFI26:
 942              		.cfi_def_cfa_offset 24
 943 0004 00AF     		add	r7, sp, #0
 944              	.LCFI27:
 945              		.cfi_def_cfa_register 7
 946 0006 7860     		str	r0, [r7, #4]
 947 0008 3960     		str	r1, [r7]
 523:./ucOSII/Core/os_mbox.c **** #if OS_CRITICAL_METHOD == 3u                          /* Allocate storage for CPU status register  
 524:./ucOSII/Core/os_mbox.c ****     OS_CPU_SR  cpu_sr = 0u;
 948              		.loc 1 524 16
 949 000a 0023     		movs	r3, #0
 950 000c FB60     		str	r3, [r7, #12]
 525:./ucOSII/Core/os_mbox.c **** #endif
 526:./ucOSII/Core/os_mbox.c **** 
 527:./ucOSII/Core/os_mbox.c **** 
 528:./ucOSII/Core/os_mbox.c **** 
 529:./ucOSII/Core/os_mbox.c **** #if OS_ARG_CHK_EN > 0u
 530:./ucOSII/Core/os_mbox.c ****     if (pevent == (OS_EVENT *)0) {                    /* Validate 'pevent'                         
 951              		.loc 1 530 8
 952 000e 7B68     		ldr	r3, [r7, #4]
 953 0010 002B     		cmp	r3, #0
 954 0012 01D1     		bne	.L55
 531:./ucOSII/Core/os_mbox.c ****         return (OS_ERR_PEVENT_NULL);
 955              		.loc 1 531 16
ARM GAS  /var/folders/yl/_q9l42k90g1g4mdhbs226msm0000gn/T//ccuO3qAW.s 			page 27


 956 0014 0423     		movs	r3, #4
 957 0016 48E0     		b	.L56
 958              	.L55:
 532:./ucOSII/Core/os_mbox.c ****     }
 533:./ucOSII/Core/os_mbox.c ****     if (pmsg == (void *)0) {                          /* Make sure we are not posting a NULL pointe
 959              		.loc 1 533 8
 960 0018 3B68     		ldr	r3, [r7]
 961 001a 002B     		cmp	r3, #0
 962 001c 01D1     		bne	.L57
 534:./ucOSII/Core/os_mbox.c ****         return (OS_ERR_POST_NULL_PTR);
 963              		.loc 1 534 16
 964 001e 0323     		movs	r3, #3
 965 0020 43E0     		b	.L56
 966              	.L57:
 535:./ucOSII/Core/os_mbox.c ****     }
 536:./ucOSII/Core/os_mbox.c **** #endif
 537:./ucOSII/Core/os_mbox.c **** 
 538:./ucOSII/Core/os_mbox.c ****     OS_TRACE_MBOX_POST_ENTER(pevent);
 967              		.loc 1 538 5
 968 0022 7B68     		ldr	r3, [r7, #4]
 969 0024 1846     		mov	r0, r3
 970 0026 FFF7FEFF 		bl	SEGGER_SYSVIEW_ShrinkId
 971 002a 0346     		mov	r3, r0
 972 002c 1946     		mov	r1, r3
 973 002e 2520     		movs	r0, #37
 974 0030 FFF7FEFF 		bl	SEGGER_SYSVIEW_RecordU32
 539:./ucOSII/Core/os_mbox.c **** 
 540:./ucOSII/Core/os_mbox.c ****     if (pevent->OSEventType != OS_EVENT_TYPE_MBOX) {  /* Validate event block type                 
 975              		.loc 1 540 15
 976 0034 7B68     		ldr	r3, [r7, #4]
 977 0036 1B78     		ldrb	r3, [r3]	@ zero_extendqisi2
 978              		.loc 1 540 8
 979 0038 012B     		cmp	r3, #1
 980 003a 05D0     		beq	.L58
 541:./ucOSII/Core/os_mbox.c ****         OS_TRACE_MBOX_POST_EXIT(OS_ERR_EVENT_TYPE);
 981              		.loc 1 541 9
 982 003c 0121     		movs	r1, #1
 983 003e 2520     		movs	r0, #37
 984 0040 FFF7FEFF 		bl	SEGGER_SYSVIEW_RecordEndCallU32
 542:./ucOSII/Core/os_mbox.c ****         return (OS_ERR_EVENT_TYPE);
 985              		.loc 1 542 16
 986 0044 0123     		movs	r3, #1
 987 0046 30E0     		b	.L56
 988              	.L58:
 543:./ucOSII/Core/os_mbox.c ****     }
 544:./ucOSII/Core/os_mbox.c ****     OS_ENTER_CRITICAL();
 989              		.loc 1 544 5
 990 0048 4020     		movs	r0, #64
 991 004a FFF7FEFF 		bl	OS_CPU_SR_Save
 992 004e F860     		str	r0, [r7, #12]
 545:./ucOSII/Core/os_mbox.c ****     if (pevent->OSEventGrp != 0u) {                   /* See if any task pending on mailbox        
 993              		.loc 1 545 15
 994 0050 7B68     		ldr	r3, [r7, #4]
 995 0052 9B7A     		ldrb	r3, [r3, #10]	@ zero_extendqisi2
 996              		.loc 1 545 8
 997 0054 002B     		cmp	r3, #0
 998 0056 10D0     		beq	.L59
ARM GAS  /var/folders/yl/_q9l42k90g1g4mdhbs226msm0000gn/T//ccuO3qAW.s 			page 28


 546:./ucOSII/Core/os_mbox.c ****                                                       /* Ready HPT waiting on event                
 547:./ucOSII/Core/os_mbox.c ****         (void)OS_EventTaskRdy(pevent, pmsg, OS_STAT_MBOX, OS_STAT_PEND_OK);
 999              		.loc 1 547 15
 1000 0058 0023     		movs	r3, #0
 1001 005a 0222     		movs	r2, #2
 1002 005c 3968     		ldr	r1, [r7]
 1003 005e 7868     		ldr	r0, [r7, #4]
 1004 0060 FFF7FEFF 		bl	OS_EventTaskRdy
 548:./ucOSII/Core/os_mbox.c ****         OS_EXIT_CRITICAL();
 1005              		.loc 1 548 9
 1006 0064 F868     		ldr	r0, [r7, #12]
 1007 0066 FFF7FEFF 		bl	OS_CPU_SR_Restore
 549:./ucOSII/Core/os_mbox.c ****         OS_Sched();                                   /* Find highest priority task ready to run   
 1008              		.loc 1 549 9
 1009 006a FFF7FEFF 		bl	OS_Sched
 550:./ucOSII/Core/os_mbox.c ****         OS_TRACE_MBOX_POST_EXIT(OS_ERR_NONE);
 1010              		.loc 1 550 9
 1011 006e 0021     		movs	r1, #0
 1012 0070 2520     		movs	r0, #37
 1013 0072 FFF7FEFF 		bl	SEGGER_SYSVIEW_RecordEndCallU32
 551:./ucOSII/Core/os_mbox.c ****         return (OS_ERR_NONE);
 1014              		.loc 1 551 16
 1015 0076 0023     		movs	r3, #0
 1016 0078 17E0     		b	.L56
 1017              	.L59:
 552:./ucOSII/Core/os_mbox.c ****     }
 553:./ucOSII/Core/os_mbox.c ****     if (pevent->OSEventPtr != (void *)0) {            /* Make sure mailbox doesn't already have a m
 1018              		.loc 1 553 15
 1019 007a 7B68     		ldr	r3, [r7, #4]
 1020 007c 5B68     		ldr	r3, [r3, #4]
 1021              		.loc 1 553 8
 1022 007e 002B     		cmp	r3, #0
 1023 0080 08D0     		beq	.L60
 554:./ucOSII/Core/os_mbox.c ****         OS_EXIT_CRITICAL();
 1024              		.loc 1 554 9
 1025 0082 F868     		ldr	r0, [r7, #12]
 1026 0084 FFF7FEFF 		bl	OS_CPU_SR_Restore
 555:./ucOSII/Core/os_mbox.c ****         OS_TRACE_MBOX_POST_EXIT(OS_ERR_MBOX_FULL);
 1027              		.loc 1 555 9
 1028 0088 1421     		movs	r1, #20
 1029 008a 2520     		movs	r0, #37
 1030 008c FFF7FEFF 		bl	SEGGER_SYSVIEW_RecordEndCallU32
 556:./ucOSII/Core/os_mbox.c ****         return (OS_ERR_MBOX_FULL);
 1031              		.loc 1 556 16
 1032 0090 1423     		movs	r3, #20
 1033 0092 0AE0     		b	.L56
 1034              	.L60:
 557:./ucOSII/Core/os_mbox.c ****     }
 558:./ucOSII/Core/os_mbox.c ****     pevent->OSEventPtr = pmsg;                        /* Place message in mailbox                  
 1035              		.loc 1 558 24
 1036 0094 7B68     		ldr	r3, [r7, #4]
 1037 0096 3A68     		ldr	r2, [r7]
 1038 0098 5A60     		str	r2, [r3, #4]
 559:./ucOSII/Core/os_mbox.c ****     OS_EXIT_CRITICAL();
 1039              		.loc 1 559 5
 1040 009a F868     		ldr	r0, [r7, #12]
 1041 009c FFF7FEFF 		bl	OS_CPU_SR_Restore
ARM GAS  /var/folders/yl/_q9l42k90g1g4mdhbs226msm0000gn/T//ccuO3qAW.s 			page 29


 560:./ucOSII/Core/os_mbox.c ****     OS_TRACE_MBOX_POST_EXIT(OS_ERR_NONE);
 1042              		.loc 1 560 5
 1043 00a0 0021     		movs	r1, #0
 1044 00a2 2520     		movs	r0, #37
 1045 00a4 FFF7FEFF 		bl	SEGGER_SYSVIEW_RecordEndCallU32
 561:./ucOSII/Core/os_mbox.c ****     return (OS_ERR_NONE);
 1046              		.loc 1 561 12
 1047 00a8 0023     		movs	r3, #0
 1048              	.L56:
 562:./ucOSII/Core/os_mbox.c **** }
 1049              		.loc 1 562 1
 1050 00aa 1846     		mov	r0, r3
 1051 00ac 1037     		adds	r7, r7, #16
 1052              	.LCFI28:
 1053              		.cfi_def_cfa_offset 8
 1054 00ae BD46     		mov	sp, r7
 1055              	.LCFI29:
 1056              		.cfi_def_cfa_register 13
 1057              		@ sp needed
 1058 00b0 80BD     		pop	{r7, pc}
 1059              		.cfi_endproc
 1060              	.LFE8:
 1062              		.section	.text.OSMboxPostOpt,"ax",%progbits
 1063              		.align	1
 1064              		.global	OSMboxPostOpt
 1065              		.syntax unified
 1066              		.thumb
 1067              		.thumb_func
 1069              	OSMboxPostOpt:
 1070              	.LFB9:
 563:./ucOSII/Core/os_mbox.c **** #endif
 564:./ucOSII/Core/os_mbox.c **** 
 565:./ucOSII/Core/os_mbox.c **** 
 566:./ucOSII/Core/os_mbox.c **** /*
 567:./ucOSII/Core/os_mbox.c **** ***************************************************************************************************
 568:./ucOSII/Core/os_mbox.c **** *                                      POST MESSAGE TO A MAILBOX
 569:./ucOSII/Core/os_mbox.c **** *
 570:./ucOSII/Core/os_mbox.c **** * Description: This function sends a message to a mailbox
 571:./ucOSII/Core/os_mbox.c **** *
 572:./ucOSII/Core/os_mbox.c **** * Arguments  : pevent        is a pointer to the event control block associated with the desired ma
 573:./ucOSII/Core/os_mbox.c **** *
 574:./ucOSII/Core/os_mbox.c **** *              pmsg          is a pointer to the message to send.  You MUST NOT send a NULL pointer
 575:./ucOSII/Core/os_mbox.c **** *
 576:./ucOSII/Core/os_mbox.c **** *              opt           determines the type of POST performed:
 577:./ucOSII/Core/os_mbox.c **** *                            OS_POST_OPT_NONE         POST to a single waiting task
 578:./ucOSII/Core/os_mbox.c **** *                                                     (Identical to OSMboxPost())
 579:./ucOSII/Core/os_mbox.c **** *                            OS_POST_OPT_BROADCAST    POST to ALL tasks that are waiting on the mai
 580:./ucOSII/Core/os_mbox.c **** *
 581:./ucOSII/Core/os_mbox.c **** *                            OS_POST_OPT_NO_SCHED     Indicates that the scheduler will NOT be invo
 582:./ucOSII/Core/os_mbox.c **** *
 583:./ucOSII/Core/os_mbox.c **** * Returns    : OS_ERR_NONE          The call was successful and the message was sent
 584:./ucOSII/Core/os_mbox.c **** *              OS_ERR_MBOX_FULL     If the mailbox already contains a message.  You can can only se
 585:./ucOSII/Core/os_mbox.c **** *                                   message at a time and thus, the message MUST be consumed before
 586:./ucOSII/Core/os_mbox.c **** *                                   are allowed to send another one.
 587:./ucOSII/Core/os_mbox.c **** *              OS_ERR_EVENT_TYPE    If you are attempting to post to a non mailbox.
 588:./ucOSII/Core/os_mbox.c **** *              OS_ERR_PEVENT_NULL   If 'pevent' is a NULL pointer
 589:./ucOSII/Core/os_mbox.c **** *              OS_ERR_POST_NULL_PTR If you are attempting to post a NULL pointer
ARM GAS  /var/folders/yl/_q9l42k90g1g4mdhbs226msm0000gn/T//ccuO3qAW.s 			page 30


 590:./ucOSII/Core/os_mbox.c **** *
 591:./ucOSII/Core/os_mbox.c **** * Note(s)    : 1) HPT means Highest Priority Task
 592:./ucOSII/Core/os_mbox.c **** *
 593:./ucOSII/Core/os_mbox.c **** * Warning    : Interrupts can be disabled for a long time if you do a 'broadcast'.  In fact, the
 594:./ucOSII/Core/os_mbox.c **** *              interrupt disable time is proportional to the number of tasks waiting on the mailbox
 595:./ucOSII/Core/os_mbox.c **** ***************************************************************************************************
 596:./ucOSII/Core/os_mbox.c **** */
 597:./ucOSII/Core/os_mbox.c **** 
 598:./ucOSII/Core/os_mbox.c **** #if OS_MBOX_POST_OPT_EN > 0u
 599:./ucOSII/Core/os_mbox.c **** INT8U  OSMboxPostOpt (OS_EVENT  *pevent,
 600:./ucOSII/Core/os_mbox.c ****                       void      *pmsg,
 601:./ucOSII/Core/os_mbox.c ****                       INT8U      opt)
 602:./ucOSII/Core/os_mbox.c **** {
 1071              		.loc 1 602 1
 1072              		.cfi_startproc
 1073              		@ args = 0, pretend = 0, frame = 24
 1074              		@ frame_needed = 1, uses_anonymous_args = 0
 1075 0000 80B5     		push	{r7, lr}
 1076              	.LCFI30:
 1077              		.cfi_def_cfa_offset 8
 1078              		.cfi_offset 7, -8
 1079              		.cfi_offset 14, -4
 1080 0002 86B0     		sub	sp, sp, #24
 1081              	.LCFI31:
 1082              		.cfi_def_cfa_offset 32
 1083 0004 00AF     		add	r7, sp, #0
 1084              	.LCFI32:
 1085              		.cfi_def_cfa_register 7
 1086 0006 F860     		str	r0, [r7, #12]
 1087 0008 B960     		str	r1, [r7, #8]
 1088 000a 1346     		mov	r3, r2
 1089 000c FB71     		strb	r3, [r7, #7]
 603:./ucOSII/Core/os_mbox.c **** #if OS_CRITICAL_METHOD == 3u                          /* Allocate storage for CPU status register  
 604:./ucOSII/Core/os_mbox.c ****     OS_CPU_SR  cpu_sr = 0u;
 1090              		.loc 1 604 16
 1091 000e 0023     		movs	r3, #0
 1092 0010 7B61     		str	r3, [r7, #20]
 605:./ucOSII/Core/os_mbox.c **** #endif
 606:./ucOSII/Core/os_mbox.c **** 
 607:./ucOSII/Core/os_mbox.c **** 
 608:./ucOSII/Core/os_mbox.c **** 
 609:./ucOSII/Core/os_mbox.c **** #if OS_ARG_CHK_EN > 0u
 610:./ucOSII/Core/os_mbox.c ****     if (pevent == (OS_EVENT *)0) {                    /* Validate 'pevent'                         
 1093              		.loc 1 610 8
 1094 0012 FB68     		ldr	r3, [r7, #12]
 1095 0014 002B     		cmp	r3, #0
 1096 0016 01D1     		bne	.L62
 611:./ucOSII/Core/os_mbox.c ****         return (OS_ERR_PEVENT_NULL);
 1097              		.loc 1 611 16
 1098 0018 0423     		movs	r3, #4
 1099 001a 5FE0     		b	.L63
 1100              	.L62:
 612:./ucOSII/Core/os_mbox.c ****     }
 613:./ucOSII/Core/os_mbox.c ****     if (pmsg == (void *)0) {                          /* Make sure we are not posting a NULL pointe
 1101              		.loc 1 613 8
 1102 001c BB68     		ldr	r3, [r7, #8]
 1103 001e 002B     		cmp	r3, #0
ARM GAS  /var/folders/yl/_q9l42k90g1g4mdhbs226msm0000gn/T//ccuO3qAW.s 			page 31


 1104 0020 01D1     		bne	.L64
 614:./ucOSII/Core/os_mbox.c ****         return (OS_ERR_POST_NULL_PTR);
 1105              		.loc 1 614 16
 1106 0022 0323     		movs	r3, #3
 1107 0024 5AE0     		b	.L63
 1108              	.L64:
 615:./ucOSII/Core/os_mbox.c ****     }
 616:./ucOSII/Core/os_mbox.c **** #endif
 617:./ucOSII/Core/os_mbox.c **** 
 618:./ucOSII/Core/os_mbox.c ****     OS_TRACE_MBOX_POST_OPT_ENTER(pevent, opt);
 1109              		.loc 1 618 5
 1110 0026 FB68     		ldr	r3, [r7, #12]
 1111 0028 1846     		mov	r0, r3
 1112 002a FFF7FEFF 		bl	SEGGER_SYSVIEW_ShrinkId
 1113 002e 0146     		mov	r1, r0
 1114 0030 FB79     		ldrb	r3, [r7, #7]	@ zero_extendqisi2
 1115 0032 1A46     		mov	r2, r3
 1116 0034 2620     		movs	r0, #38
 1117 0036 FFF7FEFF 		bl	SEGGER_SYSVIEW_RecordU32x2
 619:./ucOSII/Core/os_mbox.c **** 
 620:./ucOSII/Core/os_mbox.c ****     if (pevent->OSEventType != OS_EVENT_TYPE_MBOX) {  /* Validate event block type                 
 1118              		.loc 1 620 15
 1119 003a FB68     		ldr	r3, [r7, #12]
 1120 003c 1B78     		ldrb	r3, [r3]	@ zero_extendqisi2
 1121              		.loc 1 620 8
 1122 003e 012B     		cmp	r3, #1
 1123 0040 05D0     		beq	.L65
 621:./ucOSII/Core/os_mbox.c ****         OS_TRACE_MBOX_POST_OPT_EXIT(OS_ERR_EVENT_TYPE);
 1124              		.loc 1 621 9
 1125 0042 0121     		movs	r1, #1
 1126 0044 2620     		movs	r0, #38
 1127 0046 FFF7FEFF 		bl	SEGGER_SYSVIEW_RecordEndCallU32
 622:./ucOSII/Core/os_mbox.c ****         return (OS_ERR_EVENT_TYPE);
 1128              		.loc 1 622 16
 1129 004a 0123     		movs	r3, #1
 1130 004c 46E0     		b	.L63
 1131              	.L65:
 623:./ucOSII/Core/os_mbox.c ****     }
 624:./ucOSII/Core/os_mbox.c ****     OS_ENTER_CRITICAL();
 1132              		.loc 1 624 5
 1133 004e 4020     		movs	r0, #64
 1134 0050 FFF7FEFF 		bl	OS_CPU_SR_Save
 1135 0054 7861     		str	r0, [r7, #20]
 625:./ucOSII/Core/os_mbox.c ****     if (pevent->OSEventGrp != 0u) {                   /* See if any task pending on mailbox        
 1136              		.loc 1 625 15
 1137 0056 FB68     		ldr	r3, [r7, #12]
 1138 0058 9B7A     		ldrb	r3, [r3, #10]	@ zero_extendqisi2
 1139              		.loc 1 625 8
 1140 005a 002B     		cmp	r3, #0
 1141 005c 26D0     		beq	.L66
 626:./ucOSII/Core/os_mbox.c ****         if ((opt & OS_POST_OPT_BROADCAST) != 0x00u) { /* Do we need to post msg to ALL waiting task
 1142              		.loc 1 626 18
 1143 005e FB79     		ldrb	r3, [r7, #7]	@ zero_extendqisi2
 1144 0060 03F00103 		and	r3, r3, #1
 1145              		.loc 1 626 12
 1146 0064 002B     		cmp	r3, #0
 1147 0066 0BD0     		beq	.L67
ARM GAS  /var/folders/yl/_q9l42k90g1g4mdhbs226msm0000gn/T//ccuO3qAW.s 			page 32


 627:./ucOSII/Core/os_mbox.c ****             while (pevent->OSEventGrp != 0u) {        /* Yes, Post to ALL tasks waiting on mailbox 
 1148              		.loc 1 627 19
 1149 0068 05E0     		b	.L68
 1150              	.L69:
 628:./ucOSII/Core/os_mbox.c ****                 (void)OS_EventTaskRdy(pevent, pmsg, OS_STAT_MBOX, OS_STAT_PEND_OK);
 1151              		.loc 1 628 23
 1152 006a 0023     		movs	r3, #0
 1153 006c 0222     		movs	r2, #2
 1154 006e B968     		ldr	r1, [r7, #8]
 1155 0070 F868     		ldr	r0, [r7, #12]
 1156 0072 FFF7FEFF 		bl	OS_EventTaskRdy
 1157              	.L68:
 627:./ucOSII/Core/os_mbox.c ****             while (pevent->OSEventGrp != 0u) {        /* Yes, Post to ALL tasks waiting on mailbox 
 1158              		.loc 1 627 26
 1159 0076 FB68     		ldr	r3, [r7, #12]
 1160 0078 9B7A     		ldrb	r3, [r3, #10]	@ zero_extendqisi2
 627:./ucOSII/Core/os_mbox.c ****             while (pevent->OSEventGrp != 0u) {        /* Yes, Post to ALL tasks waiting on mailbox 
 1161              		.loc 1 627 19
 1162 007a 002B     		cmp	r3, #0
 1163 007c F5D1     		bne	.L69
 1164 007e 05E0     		b	.L70
 1165              	.L67:
 629:./ucOSII/Core/os_mbox.c ****             }
 630:./ucOSII/Core/os_mbox.c ****         } else {                                      /* No,  Post to HPT waiting on mbox          
 631:./ucOSII/Core/os_mbox.c ****             (void)OS_EventTaskRdy(pevent, pmsg, OS_STAT_MBOX, OS_STAT_PEND_OK);
 1166              		.loc 1 631 19
 1167 0080 0023     		movs	r3, #0
 1168 0082 0222     		movs	r2, #2
 1169 0084 B968     		ldr	r1, [r7, #8]
 1170 0086 F868     		ldr	r0, [r7, #12]
 1171 0088 FFF7FEFF 		bl	OS_EventTaskRdy
 1172              	.L70:
 632:./ucOSII/Core/os_mbox.c ****         }
 633:./ucOSII/Core/os_mbox.c ****         OS_EXIT_CRITICAL();
 1173              		.loc 1 633 9
 1174 008c 7869     		ldr	r0, [r7, #20]
 1175 008e FFF7FEFF 		bl	OS_CPU_SR_Restore
 634:./ucOSII/Core/os_mbox.c ****         if ((opt & OS_POST_OPT_NO_SCHED) == 0u) {     /* See if scheduler needs to be invoked      
 1176              		.loc 1 634 18
 1177 0092 FB79     		ldrb	r3, [r7, #7]	@ zero_extendqisi2
 1178 0094 03F00403 		and	r3, r3, #4
 1179              		.loc 1 634 12
 1180 0098 002B     		cmp	r3, #0
 1181 009a 01D1     		bne	.L71
 635:./ucOSII/Core/os_mbox.c ****             OS_Sched();                               /* Find HPT ready to run                     
 1182              		.loc 1 635 13
 1183 009c FFF7FEFF 		bl	OS_Sched
 1184              	.L71:
 636:./ucOSII/Core/os_mbox.c ****         }
 637:./ucOSII/Core/os_mbox.c ****         OS_TRACE_MBOX_POST_OPT_EXIT(OS_ERR_NONE);
 1185              		.loc 1 637 9
 1186 00a0 0021     		movs	r1, #0
 1187 00a2 2620     		movs	r0, #38
 1188 00a4 FFF7FEFF 		bl	SEGGER_SYSVIEW_RecordEndCallU32
 638:./ucOSII/Core/os_mbox.c ****         return (OS_ERR_NONE);
 1189              		.loc 1 638 16
 1190 00a8 0023     		movs	r3, #0
ARM GAS  /var/folders/yl/_q9l42k90g1g4mdhbs226msm0000gn/T//ccuO3qAW.s 			page 33


 1191 00aa 17E0     		b	.L63
 1192              	.L66:
 639:./ucOSII/Core/os_mbox.c ****     }
 640:./ucOSII/Core/os_mbox.c ****     if (pevent->OSEventPtr != (void *)0) {            /* Make sure mailbox doesn't already have a m
 1193              		.loc 1 640 15
 1194 00ac FB68     		ldr	r3, [r7, #12]
 1195 00ae 5B68     		ldr	r3, [r3, #4]
 1196              		.loc 1 640 8
 1197 00b0 002B     		cmp	r3, #0
 1198 00b2 08D0     		beq	.L72
 641:./ucOSII/Core/os_mbox.c ****         OS_EXIT_CRITICAL();
 1199              		.loc 1 641 9
 1200 00b4 7869     		ldr	r0, [r7, #20]
 1201 00b6 FFF7FEFF 		bl	OS_CPU_SR_Restore
 642:./ucOSII/Core/os_mbox.c ****         OS_TRACE_MBOX_POST_OPT_EXIT(OS_ERR_MBOX_FULL);
 1202              		.loc 1 642 9
 1203 00ba 1421     		movs	r1, #20
 1204 00bc 2620     		movs	r0, #38
 1205 00be FFF7FEFF 		bl	SEGGER_SYSVIEW_RecordEndCallU32
 643:./ucOSII/Core/os_mbox.c ****         return (OS_ERR_MBOX_FULL);
 1206              		.loc 1 643 16
 1207 00c2 1423     		movs	r3, #20
 1208 00c4 0AE0     		b	.L63
 1209              	.L72:
 644:./ucOSII/Core/os_mbox.c ****     }
 645:./ucOSII/Core/os_mbox.c ****     pevent->OSEventPtr = pmsg;                        /* Place message in mailbox                  
 1210              		.loc 1 645 24
 1211 00c6 FB68     		ldr	r3, [r7, #12]
 1212 00c8 BA68     		ldr	r2, [r7, #8]
 1213 00ca 5A60     		str	r2, [r3, #4]
 646:./ucOSII/Core/os_mbox.c ****     OS_EXIT_CRITICAL();
 1214              		.loc 1 646 5
 1215 00cc 7869     		ldr	r0, [r7, #20]
 1216 00ce FFF7FEFF 		bl	OS_CPU_SR_Restore
 647:./ucOSII/Core/os_mbox.c ****     OS_TRACE_MBOX_POST_OPT_EXIT(OS_ERR_NONE);
 1217              		.loc 1 647 5
 1218 00d2 0021     		movs	r1, #0
 1219 00d4 2620     		movs	r0, #38
 1220 00d6 FFF7FEFF 		bl	SEGGER_SYSVIEW_RecordEndCallU32
 648:./ucOSII/Core/os_mbox.c ****     return (OS_ERR_NONE);
 1221              		.loc 1 648 12
 1222 00da 0023     		movs	r3, #0
 1223              	.L63:
 649:./ucOSII/Core/os_mbox.c **** }
 1224              		.loc 1 649 1
 1225 00dc 1846     		mov	r0, r3
 1226 00de 1837     		adds	r7, r7, #24
 1227              	.LCFI33:
 1228              		.cfi_def_cfa_offset 8
 1229 00e0 BD46     		mov	sp, r7
 1230              	.LCFI34:
 1231              		.cfi_def_cfa_register 13
 1232              		@ sp needed
 1233 00e2 80BD     		pop	{r7, pc}
 1234              		.cfi_endproc
 1235              	.LFE9:
 1237              		.section	.text.OSMboxQuery,"ax",%progbits
ARM GAS  /var/folders/yl/_q9l42k90g1g4mdhbs226msm0000gn/T//ccuO3qAW.s 			page 34


 1238              		.align	1
 1239              		.global	OSMboxQuery
 1240              		.syntax unified
 1241              		.thumb
 1242              		.thumb_func
 1244              	OSMboxQuery:
 1245              	.LFB10:
 650:./ucOSII/Core/os_mbox.c **** #endif
 651:./ucOSII/Core/os_mbox.c **** 
 652:./ucOSII/Core/os_mbox.c **** 
 653:./ucOSII/Core/os_mbox.c **** /*
 654:./ucOSII/Core/os_mbox.c **** ***************************************************************************************************
 655:./ucOSII/Core/os_mbox.c **** *                                       QUERY A MESSAGE MAILBOX
 656:./ucOSII/Core/os_mbox.c **** *
 657:./ucOSII/Core/os_mbox.c **** * Description: This function obtains information about a message mailbox.
 658:./ucOSII/Core/os_mbox.c **** *
 659:./ucOSII/Core/os_mbox.c **** * Arguments  : pevent        is a pointer to the event control block associated with the desired ma
 660:./ucOSII/Core/os_mbox.c **** *
 661:./ucOSII/Core/os_mbox.c **** *              p_mbox_data   is a pointer to a structure that will contain information about the me
 662:./ucOSII/Core/os_mbox.c **** *                            mailbox.
 663:./ucOSII/Core/os_mbox.c **** *
 664:./ucOSII/Core/os_mbox.c **** * Returns    : OS_ERR_NONE         The call was successful and the message was sent
 665:./ucOSII/Core/os_mbox.c **** *              OS_ERR_EVENT_TYPE   If you are attempting to obtain data from a non mailbox.
 666:./ucOSII/Core/os_mbox.c **** *              OS_ERR_PEVENT_NULL  If 'pevent'      is a NULL pointer
 667:./ucOSII/Core/os_mbox.c **** *              OS_ERR_PDATA_NULL   If 'p_mbox_data' is a NULL pointer
 668:./ucOSII/Core/os_mbox.c **** ***************************************************************************************************
 669:./ucOSII/Core/os_mbox.c **** */
 670:./ucOSII/Core/os_mbox.c **** 
 671:./ucOSII/Core/os_mbox.c **** #if OS_MBOX_QUERY_EN > 0u
 672:./ucOSII/Core/os_mbox.c **** INT8U  OSMboxQuery (OS_EVENT      *pevent,
 673:./ucOSII/Core/os_mbox.c ****                     OS_MBOX_DATA  *p_mbox_data)
 674:./ucOSII/Core/os_mbox.c **** {
 1246              		.loc 1 674 1
 1247              		.cfi_startproc
 1248              		@ args = 0, pretend = 0, frame = 24
 1249              		@ frame_needed = 1, uses_anonymous_args = 0
 1250 0000 80B5     		push	{r7, lr}
 1251              	.LCFI35:
 1252              		.cfi_def_cfa_offset 8
 1253              		.cfi_offset 7, -8
 1254              		.cfi_offset 14, -4
 1255 0002 86B0     		sub	sp, sp, #24
 1256              	.LCFI36:
 1257              		.cfi_def_cfa_offset 32
 1258 0004 00AF     		add	r7, sp, #0
 1259              	.LCFI37:
 1260              		.cfi_def_cfa_register 7
 1261 0006 7860     		str	r0, [r7, #4]
 1262 0008 3960     		str	r1, [r7]
 675:./ucOSII/Core/os_mbox.c ****     INT8U       i;
 676:./ucOSII/Core/os_mbox.c ****     OS_PRIO    *psrc;
 677:./ucOSII/Core/os_mbox.c ****     OS_PRIO    *pdest;
 678:./ucOSII/Core/os_mbox.c **** #if OS_CRITICAL_METHOD == 3u                               /* Allocate storage for CPU status regis
 679:./ucOSII/Core/os_mbox.c ****     OS_CPU_SR   cpu_sr = 0u;
 1263              		.loc 1 679 17
 1264 000a 0023     		movs	r3, #0
 1265 000c BB60     		str	r3, [r7, #8]
ARM GAS  /var/folders/yl/_q9l42k90g1g4mdhbs226msm0000gn/T//ccuO3qAW.s 			page 35


 680:./ucOSII/Core/os_mbox.c **** #endif
 681:./ucOSII/Core/os_mbox.c **** 
 682:./ucOSII/Core/os_mbox.c **** 
 683:./ucOSII/Core/os_mbox.c **** 
 684:./ucOSII/Core/os_mbox.c **** #if OS_ARG_CHK_EN > 0u
 685:./ucOSII/Core/os_mbox.c ****     if (pevent == (OS_EVENT *)0) {                         /* Validate 'pevent'                    
 1266              		.loc 1 685 8
 1267 000e 7B68     		ldr	r3, [r7, #4]
 1268 0010 002B     		cmp	r3, #0
 1269 0012 01D1     		bne	.L74
 686:./ucOSII/Core/os_mbox.c ****         return (OS_ERR_PEVENT_NULL);
 1270              		.loc 1 686 16
 1271 0014 0423     		movs	r3, #4
 1272 0016 31E0     		b	.L75
 1273              	.L74:
 687:./ucOSII/Core/os_mbox.c ****     }
 688:./ucOSII/Core/os_mbox.c ****     if (p_mbox_data == (OS_MBOX_DATA *)0) {                /* Validate 'p_mbox_data'               
 1274              		.loc 1 688 8
 1275 0018 3B68     		ldr	r3, [r7]
 1276 001a 002B     		cmp	r3, #0
 1277 001c 01D1     		bne	.L76
 689:./ucOSII/Core/os_mbox.c ****         return (OS_ERR_PDATA_NULL);
 1278              		.loc 1 689 16
 1279 001e 0923     		movs	r3, #9
 1280 0020 2CE0     		b	.L75
 1281              	.L76:
 690:./ucOSII/Core/os_mbox.c ****     }
 691:./ucOSII/Core/os_mbox.c **** #endif
 692:./ucOSII/Core/os_mbox.c ****     if (pevent->OSEventType != OS_EVENT_TYPE_MBOX) {       /* Validate event block type            
 1282              		.loc 1 692 15
 1283 0022 7B68     		ldr	r3, [r7, #4]
 1284 0024 1B78     		ldrb	r3, [r3]	@ zero_extendqisi2
 1285              		.loc 1 692 8
 1286 0026 012B     		cmp	r3, #1
 1287 0028 01D0     		beq	.L77
 693:./ucOSII/Core/os_mbox.c ****         return (OS_ERR_EVENT_TYPE);
 1288              		.loc 1 693 16
 1289 002a 0123     		movs	r3, #1
 1290 002c 26E0     		b	.L75
 1291              	.L77:
 694:./ucOSII/Core/os_mbox.c ****     }
 695:./ucOSII/Core/os_mbox.c ****     OS_ENTER_CRITICAL();
 1292              		.loc 1 695 5
 1293 002e 4020     		movs	r0, #64
 1294 0030 FFF7FEFF 		bl	OS_CPU_SR_Save
 1295 0034 B860     		str	r0, [r7, #8]
 696:./ucOSII/Core/os_mbox.c ****     p_mbox_data->OSEventGrp = pevent->OSEventGrp;          /* Copy message mailbox wait list       
 1296              		.loc 1 696 37
 1297 0036 7B68     		ldr	r3, [r7, #4]
 1298 0038 9A7A     		ldrb	r2, [r3, #10]	@ zero_extendqisi2
 1299              		.loc 1 696 29
 1300 003a 3B68     		ldr	r3, [r7]
 1301 003c 1A73     		strb	r2, [r3, #12]
 697:./ucOSII/Core/os_mbox.c ****     psrc                    = &pevent->OSEventTbl[0];
 1302              		.loc 1 697 29
 1303 003e 7B68     		ldr	r3, [r7, #4]
 1304 0040 0B33     		adds	r3, r3, #11
ARM GAS  /var/folders/yl/_q9l42k90g1g4mdhbs226msm0000gn/T//ccuO3qAW.s 			page 36


 1305 0042 3B61     		str	r3, [r7, #16]
 698:./ucOSII/Core/os_mbox.c ****     pdest                   = &p_mbox_data->OSEventTbl[0];
 1306              		.loc 1 698 29
 1307 0044 3B68     		ldr	r3, [r7]
 1308 0046 0433     		adds	r3, r3, #4
 1309 0048 FB60     		str	r3, [r7, #12]
 699:./ucOSII/Core/os_mbox.c ****     for (i = 0u; i < OS_EVENT_TBL_SIZE; i++) {
 1310              		.loc 1 699 12
 1311 004a 0023     		movs	r3, #0
 1312 004c FB75     		strb	r3, [r7, #23]
 1313              		.loc 1 699 5
 1314 004e 0AE0     		b	.L78
 1315              	.L79:
 700:./ucOSII/Core/os_mbox.c ****         *pdest++ = *psrc++;
 1316              		.loc 1 700 25 discriminator 3
 1317 0050 3A69     		ldr	r2, [r7, #16]
 1318 0052 531C     		adds	r3, r2, #1
 1319 0054 3B61     		str	r3, [r7, #16]
 1320              		.loc 1 700 15 discriminator 3
 1321 0056 FB68     		ldr	r3, [r7, #12]
 1322 0058 591C     		adds	r1, r3, #1
 1323 005a F960     		str	r1, [r7, #12]
 1324              		.loc 1 700 20 discriminator 3
 1325 005c 1278     		ldrb	r2, [r2]	@ zero_extendqisi2
 1326              		.loc 1 700 18 discriminator 3
 1327 005e 1A70     		strb	r2, [r3]
 699:./ucOSII/Core/os_mbox.c ****     for (i = 0u; i < OS_EVENT_TBL_SIZE; i++) {
 1328              		.loc 1 699 42 discriminator 3
 1329 0060 FB7D     		ldrb	r3, [r7, #23]	@ zero_extendqisi2
 1330 0062 0133     		adds	r3, r3, #1
 1331 0064 FB75     		strb	r3, [r7, #23]
 1332              	.L78:
 699:./ucOSII/Core/os_mbox.c ****     for (i = 0u; i < OS_EVENT_TBL_SIZE; i++) {
 1333              		.loc 1 699 5 discriminator 1
 1334 0066 FB7D     		ldrb	r3, [r7, #23]	@ zero_extendqisi2
 1335 0068 072B     		cmp	r3, #7
 1336 006a F1D9     		bls	.L79
 701:./ucOSII/Core/os_mbox.c ****     }
 702:./ucOSII/Core/os_mbox.c ****     p_mbox_data->OSMsg = pevent->OSEventPtr;               /* Get message from mailbox             
 1337              		.loc 1 702 32
 1338 006c 7B68     		ldr	r3, [r7, #4]
 1339 006e 5A68     		ldr	r2, [r3, #4]
 1340              		.loc 1 702 24
 1341 0070 3B68     		ldr	r3, [r7]
 1342 0072 1A60     		str	r2, [r3]
 703:./ucOSII/Core/os_mbox.c ****     OS_EXIT_CRITICAL();
 1343              		.loc 1 703 5
 1344 0074 B868     		ldr	r0, [r7, #8]
 1345 0076 FFF7FEFF 		bl	OS_CPU_SR_Restore
 704:./ucOSII/Core/os_mbox.c ****     return (OS_ERR_NONE);
 1346              		.loc 1 704 12
 1347 007a 0023     		movs	r3, #0
 1348              	.L75:
 705:./ucOSII/Core/os_mbox.c **** }
 1349              		.loc 1 705 1
 1350 007c 1846     		mov	r0, r3
 1351 007e 1837     		adds	r7, r7, #24
ARM GAS  /var/folders/yl/_q9l42k90g1g4mdhbs226msm0000gn/T//ccuO3qAW.s 			page 37


 1352              	.LCFI38:
 1353              		.cfi_def_cfa_offset 8
 1354 0080 BD46     		mov	sp, r7
 1355              	.LCFI39:
 1356              		.cfi_def_cfa_register 13
 1357              		@ sp needed
 1358 0082 80BD     		pop	{r7, pc}
 1359              		.cfi_endproc
 1360              	.LFE10:
 1362              		.text
 1363              	.Letext0:
 1364              		.file 2 "./ucOSII/Port/os_cpu.h"
 1365              		.file 3 "./ucOSII/Core/ucos_ii.h"
ARM GAS  /var/folders/yl/_q9l42k90g1g4mdhbs226msm0000gn/T//ccuO3qAW.s 			page 38


DEFINED SYMBOLS
                            *ABS*:0000000000000000 os_mbox.c
/var/folders/yl/_q9l42k90g1g4mdhbs226msm0000gn/T//ccuO3qAW.s:20     .text.OSMboxAccept:0000000000000000 $t
/var/folders/yl/_q9l42k90g1g4mdhbs226msm0000gn/T//ccuO3qAW.s:26     .text.OSMboxAccept:0000000000000000 OSMboxAccept
/var/folders/yl/_q9l42k90g1g4mdhbs226msm0000gn/T//ccuO3qAW.s:98     .rodata:0000000000000000 $d
/var/folders/yl/_q9l42k90g1g4mdhbs226msm0000gn/T//ccuO3qAW.s:102    .text.OSMboxCreate:0000000000000000 $t
/var/folders/yl/_q9l42k90g1g4mdhbs226msm0000gn/T//ccuO3qAW.s:108    .text.OSMboxCreate:0000000000000000 OSMboxCreate
/var/folders/yl/_q9l42k90g1g4mdhbs226msm0000gn/T//ccuO3qAW.s:211    .text.OSMboxCreate:000000000000007c $d
/var/folders/yl/_q9l42k90g1g4mdhbs226msm0000gn/T//ccuO3qAW.s:218    .text.OSMboxDel:0000000000000000 $t
/var/folders/yl/_q9l42k90g1g4mdhbs226msm0000gn/T//ccuO3qAW.s:224    .text.OSMboxDel:0000000000000000 OSMboxDel
/var/folders/yl/_q9l42k90g1g4mdhbs226msm0000gn/T//ccuO3qAW.s:476    .text.OSMboxDel:000000000000015c $d
/var/folders/yl/_q9l42k90g1g4mdhbs226msm0000gn/T//ccuO3qAW.s:483    .text.OSMboxPend:0000000000000000 $t
/var/folders/yl/_q9l42k90g1g4mdhbs226msm0000gn/T//ccuO3qAW.s:489    .text.OSMboxPend:0000000000000000 OSMboxPend
/var/folders/yl/_q9l42k90g1g4mdhbs226msm0000gn/T//ccuO3qAW.s:770    .text.OSMboxPend:000000000000019c $d
/var/folders/yl/_q9l42k90g1g4mdhbs226msm0000gn/T//ccuO3qAW.s:777    .text.OSMboxPendAbort:0000000000000000 $t
/var/folders/yl/_q9l42k90g1g4mdhbs226msm0000gn/T//ccuO3qAW.s:783    .text.OSMboxPendAbort:0000000000000000 OSMboxPendAbort
/var/folders/yl/_q9l42k90g1g4mdhbs226msm0000gn/T//ccuO3qAW.s:923    .text.OSMboxPost:0000000000000000 $t
/var/folders/yl/_q9l42k90g1g4mdhbs226msm0000gn/T//ccuO3qAW.s:929    .text.OSMboxPost:0000000000000000 OSMboxPost
/var/folders/yl/_q9l42k90g1g4mdhbs226msm0000gn/T//ccuO3qAW.s:1063   .text.OSMboxPostOpt:0000000000000000 $t
/var/folders/yl/_q9l42k90g1g4mdhbs226msm0000gn/T//ccuO3qAW.s:1069   .text.OSMboxPostOpt:0000000000000000 OSMboxPostOpt
/var/folders/yl/_q9l42k90g1g4mdhbs226msm0000gn/T//ccuO3qAW.s:1238   .text.OSMboxQuery:0000000000000000 $t
/var/folders/yl/_q9l42k90g1g4mdhbs226msm0000gn/T//ccuO3qAW.s:1244   .text.OSMboxQuery:0000000000000000 OSMboxQuery

UNDEFINED SYMBOLS
OS_CPU_SR_Save
OS_CPU_SR_Restore
OS_EventWaitListInit
SYSVIEW_RecordU32Register
OSIntNesting
OSEventFreeList
SEGGER_SYSVIEW_ShrinkId
SEGGER_SYSVIEW_RecordU32x2
SEGGER_SYSVIEW_RecordEndCallU32
OS_EventTaskRdy
OS_Sched
OS_EventTaskWait
OS_EventTaskRemove
OSLockNesting
OSTCBCur
SEGGER_SYSVIEW_RecordU32
