ARM GAS  /var/folders/yl/_q9l42k90g1g4mdhbs226msm0000gn/T//ccM27y0v.s 			page 1


   1              		.cpu cortex-m4
   2              		.arch armv7e-m
   3              		.fpu fpv4-sp-d16
   4              		.eabi_attribute 27, 1
   5              		.eabi_attribute 28, 1
   6              		.eabi_attribute 20, 1
   7              		.eabi_attribute 21, 1
   8              		.eabi_attribute 23, 3
   9              		.eabi_attribute 24, 1
  10              		.eabi_attribute 25, 1
  11              		.eabi_attribute 26, 1
  12              		.eabi_attribute 30, 6
  13              		.eabi_attribute 34, 1
  14              		.eabi_attribute 18, 4
  15              		.file	"os_mutex.c"
  16              		.text
  17              	.Ltext0:
  18              		.cfi_sections	.debug_frame
  19              		.section	.text.OSMutexAccept,"ax",%progbits
  20              		.align	1
  21              		.global	OSMutexAccept
  22              		.syntax unified
  23              		.thumb
  24              		.thumb_func
  26              	OSMutexAccept:
  27              	.LFB3:
  28              		.file 1 "./ucOSII/Core/os_mutex.c"
   1:./ucOSII/Core/os_mutex.c **** /*
   2:./ucOSII/Core/os_mutex.c **** ***************************************************************************************************
   3:./ucOSII/Core/os_mutex.c **** *                                              uC/OS-II
   4:./ucOSII/Core/os_mutex.c **** *                                        The Real-Time Kernel
   5:./ucOSII/Core/os_mutex.c **** *
   6:./ucOSII/Core/os_mutex.c **** *                    Copyright 1992-2021 Silicon Laboratories Inc. www.silabs.com
   7:./ucOSII/Core/os_mutex.c **** *
   8:./ucOSII/Core/os_mutex.c **** *                                 SPDX-License-Identifier: APACHE-2.0
   9:./ucOSII/Core/os_mutex.c **** *
  10:./ucOSII/Core/os_mutex.c **** *               This software is subject to an open source license and is distributed by
  11:./ucOSII/Core/os_mutex.c **** *                Silicon Laboratories Inc. pursuant to the terms of the Apache License,
  12:./ucOSII/Core/os_mutex.c **** *                    Version 2.0 available at www.apache.org/licenses/LICENSE-2.0.
  13:./ucOSII/Core/os_mutex.c **** *
  14:./ucOSII/Core/os_mutex.c **** ***************************************************************************************************
  15:./ucOSII/Core/os_mutex.c **** */
  16:./ucOSII/Core/os_mutex.c **** 
  17:./ucOSII/Core/os_mutex.c **** 
  18:./ucOSII/Core/os_mutex.c **** /*
  19:./ucOSII/Core/os_mutex.c **** ***************************************************************************************************
  20:./ucOSII/Core/os_mutex.c **** *
  21:./ucOSII/Core/os_mutex.c **** *                                 MUTUAL EXCLUSION SEMAPHORE MANAGEMENT
  22:./ucOSII/Core/os_mutex.c **** *
  23:./ucOSII/Core/os_mutex.c **** * Filename : os_mutex.c
  24:./ucOSII/Core/os_mutex.c **** * Version  : V2.93.01
  25:./ucOSII/Core/os_mutex.c **** ***************************************************************************************************
  26:./ucOSII/Core/os_mutex.c **** */
  27:./ucOSII/Core/os_mutex.c **** 
  28:./ucOSII/Core/os_mutex.c **** #ifndef  OS_MUTEX_C
  29:./ucOSII/Core/os_mutex.c **** #define  OS_MUTEX_C
  30:./ucOSII/Core/os_mutex.c **** 
ARM GAS  /var/folders/yl/_q9l42k90g1g4mdhbs226msm0000gn/T//ccM27y0v.s 			page 2


  31:./ucOSII/Core/os_mutex.c **** #define  MICRIUM_SOURCE
  32:./ucOSII/Core/os_mutex.c **** 
  33:./ucOSII/Core/os_mutex.c **** #ifndef  OS_MASTER_FILE
  34:./ucOSII/Core/os_mutex.c **** #include <ucos_ii.h>
  35:./ucOSII/Core/os_mutex.c **** #endif
  36:./ucOSII/Core/os_mutex.c **** 
  37:./ucOSII/Core/os_mutex.c **** 
  38:./ucOSII/Core/os_mutex.c **** #if OS_MUTEX_EN > 0u
  39:./ucOSII/Core/os_mutex.c **** /*
  40:./ucOSII/Core/os_mutex.c **** ***************************************************************************************************
  41:./ucOSII/Core/os_mutex.c **** *                                           LOCAL CONSTANTS
  42:./ucOSII/Core/os_mutex.c **** ***************************************************************************************************
  43:./ucOSII/Core/os_mutex.c **** */
  44:./ucOSII/Core/os_mutex.c **** 
  45:./ucOSII/Core/os_mutex.c **** #define  OS_MUTEX_KEEP_LOWER_8   ((INT16U)0x00FFu)
  46:./ucOSII/Core/os_mutex.c **** #define  OS_MUTEX_KEEP_UPPER_8   ((INT16U)0xFF00u)
  47:./ucOSII/Core/os_mutex.c **** 
  48:./ucOSII/Core/os_mutex.c **** #define  OS_MUTEX_AVAILABLE      ((INT16U)0x00FFu)
  49:./ucOSII/Core/os_mutex.c **** 
  50:./ucOSII/Core/os_mutex.c **** /*
  51:./ucOSII/Core/os_mutex.c **** ***************************************************************************************************
  52:./ucOSII/Core/os_mutex.c **** *                                           LOCAL CONSTANTS
  53:./ucOSII/Core/os_mutex.c **** ***************************************************************************************************
  54:./ucOSII/Core/os_mutex.c **** */
  55:./ucOSII/Core/os_mutex.c **** 
  56:./ucOSII/Core/os_mutex.c **** static  void  OSMutex_RdyAtPrio(OS_TCB *ptcb, INT8U prio);
  57:./ucOSII/Core/os_mutex.c **** 
  58:./ucOSII/Core/os_mutex.c **** 
  59:./ucOSII/Core/os_mutex.c **** /*
  60:./ucOSII/Core/os_mutex.c **** ***************************************************************************************************
  61:./ucOSII/Core/os_mutex.c **** *                                  ACCEPT MUTUAL EXCLUSION SEMAPHORE
  62:./ucOSII/Core/os_mutex.c **** *
  63:./ucOSII/Core/os_mutex.c **** * Description: This  function checks the mutual exclusion semaphore to see if a resource is availab
  64:./ucOSII/Core/os_mutex.c **** *              Unlike OSMutexPend(), OSMutexAccept() does not suspend the calling task if the resou
  65:./ucOSII/Core/os_mutex.c **** *              not available or the event did not occur.
  66:./ucOSII/Core/os_mutex.c **** *
  67:./ucOSII/Core/os_mutex.c **** * Arguments  : pevent     is a pointer to the event control block
  68:./ucOSII/Core/os_mutex.c **** *
  69:./ucOSII/Core/os_mutex.c **** *              perr       is a pointer to an error code which will be returned to your application:
  70:./ucOSII/Core/os_mutex.c **** *                            OS_ERR_NONE         if the call was successful.
  71:./ucOSII/Core/os_mutex.c **** *                            OS_ERR_EVENT_TYPE   if 'pevent' is not a pointer to a mutex
  72:./ucOSII/Core/os_mutex.c **** *                            OS_ERR_PEVENT_NULL  'pevent' is a NULL pointer
  73:./ucOSII/Core/os_mutex.c **** *                            OS_ERR_PEND_ISR     if you called this function from an ISR
  74:./ucOSII/Core/os_mutex.c **** *                            OS_ERR_PCP_LOWER    If the priority of the task that owns the Mutex is
  75:./ucOSII/Core/os_mutex.c **** *                                                HIGHER (i.e. a lower number) than the PCP.  This e
  76:./ucOSII/Core/os_mutex.c **** *                                                indicates that you did not set the PCP higher (low
  77:./ucOSII/Core/os_mutex.c **** *                                                number) than ALL the tasks that compete for the Mu
  78:./ucOSII/Core/os_mutex.c **** *                                                Unfortunately, this is something that could not be
  79:./ucOSII/Core/os_mutex.c **** *                                                detected when the Mutex is created because we don'
  80:./ucOSII/Core/os_mutex.c **** *                                                what tasks will be using the Mutex.
  81:./ucOSII/Core/os_mutex.c **** *
  82:./ucOSII/Core/os_mutex.c **** * Returns    : == OS_TRUE    if the resource is available, the mutual exclusion semaphore is acquir
  83:./ucOSII/Core/os_mutex.c **** *              == OS_FALSE   a) if the resource is not available
  84:./ucOSII/Core/os_mutex.c **** *                            b) you didn't pass a pointer to a mutual exclusion semaphore
  85:./ucOSII/Core/os_mutex.c **** *                            c) you called this function from an ISR
  86:./ucOSII/Core/os_mutex.c **** *
  87:./ucOSII/Core/os_mutex.c **** * Warning(s) : This function CANNOT be called from an ISR because mutual exclusion semaphores are
ARM GAS  /var/folders/yl/_q9l42k90g1g4mdhbs226msm0000gn/T//ccM27y0v.s 			page 3


  88:./ucOSII/Core/os_mutex.c **** *              intended to be used by tasks only.
  89:./ucOSII/Core/os_mutex.c **** ***************************************************************************************************
  90:./ucOSII/Core/os_mutex.c **** */
  91:./ucOSII/Core/os_mutex.c **** 
  92:./ucOSII/Core/os_mutex.c **** #if OS_MUTEX_ACCEPT_EN > 0u
  93:./ucOSII/Core/os_mutex.c **** BOOLEAN  OSMutexAccept (OS_EVENT  *pevent,
  94:./ucOSII/Core/os_mutex.c ****                         INT8U     *perr)
  95:./ucOSII/Core/os_mutex.c **** {
  29              		.loc 1 95 1
  30              		.cfi_startproc
  31              		@ args = 0, pretend = 0, frame = 16
  32              		@ frame_needed = 1, uses_anonymous_args = 0
  33 0000 80B5     		push	{r7, lr}
  34              	.LCFI0:
  35              		.cfi_def_cfa_offset 8
  36              		.cfi_offset 7, -8
  37              		.cfi_offset 14, -4
  38 0002 84B0     		sub	sp, sp, #16
  39              	.LCFI1:
  40              		.cfi_def_cfa_offset 24
  41 0004 00AF     		add	r7, sp, #0
  42              	.LCFI2:
  43              		.cfi_def_cfa_register 7
  44 0006 7860     		str	r0, [r7, #4]
  45 0008 3960     		str	r1, [r7]
  96:./ucOSII/Core/os_mutex.c ****     INT8U      pcp;                                    /* Priority Ceiling Priority (PCP)          
  97:./ucOSII/Core/os_mutex.c **** #if OS_CRITICAL_METHOD == 3u                           /* Allocate storage for CPU status register 
  98:./ucOSII/Core/os_mutex.c ****     OS_CPU_SR  cpu_sr = 0u;
  46              		.loc 1 98 16
  47 000a 0023     		movs	r3, #0
  48 000c FB60     		str	r3, [r7, #12]
  99:./ucOSII/Core/os_mutex.c **** #endif
 100:./ucOSII/Core/os_mutex.c **** 
 101:./ucOSII/Core/os_mutex.c **** 
 102:./ucOSII/Core/os_mutex.c **** 
 103:./ucOSII/Core/os_mutex.c **** #ifdef OS_SAFETY_CRITICAL
 104:./ucOSII/Core/os_mutex.c ****     if (perr == (INT8U *)0) {
 105:./ucOSII/Core/os_mutex.c ****         OS_SAFETY_CRITICAL_EXCEPTION();
 106:./ucOSII/Core/os_mutex.c ****         return (OS_FALSE);
 107:./ucOSII/Core/os_mutex.c ****     }
 108:./ucOSII/Core/os_mutex.c **** #endif
 109:./ucOSII/Core/os_mutex.c **** 
 110:./ucOSII/Core/os_mutex.c **** #if OS_ARG_CHK_EN > 0u
 111:./ucOSII/Core/os_mutex.c ****     if (pevent == (OS_EVENT *)0) {                     /* Validate 'pevent'                        
  49              		.loc 1 111 8
  50 000e 7B68     		ldr	r3, [r7, #4]
  51 0010 002B     		cmp	r3, #0
  52 0012 04D1     		bne	.L2
 112:./ucOSII/Core/os_mutex.c ****         *perr = OS_ERR_PEVENT_NULL;
  53              		.loc 1 112 15
  54 0014 3B68     		ldr	r3, [r7]
  55 0016 0422     		movs	r2, #4
  56 0018 1A70     		strb	r2, [r3]
 113:./ucOSII/Core/os_mutex.c ****         return (OS_FALSE);
  57              		.loc 1 113 16
  58 001a 0023     		movs	r3, #0
  59 001c 55E0     		b	.L3
ARM GAS  /var/folders/yl/_q9l42k90g1g4mdhbs226msm0000gn/T//ccM27y0v.s 			page 4


  60              	.L2:
 114:./ucOSII/Core/os_mutex.c ****     }
 115:./ucOSII/Core/os_mutex.c **** #endif
 116:./ucOSII/Core/os_mutex.c ****     if (pevent->OSEventType != OS_EVENT_TYPE_MUTEX) {  /* Validate event block type                
  61              		.loc 1 116 15
  62 001e 7B68     		ldr	r3, [r7, #4]
  63 0020 1B78     		ldrb	r3, [r3]	@ zero_extendqisi2
  64              		.loc 1 116 8
  65 0022 042B     		cmp	r3, #4
  66 0024 04D0     		beq	.L4
 117:./ucOSII/Core/os_mutex.c ****         *perr = OS_ERR_EVENT_TYPE;
  67              		.loc 1 117 15
  68 0026 3B68     		ldr	r3, [r7]
  69 0028 0122     		movs	r2, #1
  70 002a 1A70     		strb	r2, [r3]
 118:./ucOSII/Core/os_mutex.c ****         return (OS_FALSE);
  71              		.loc 1 118 16
  72 002c 0023     		movs	r3, #0
  73 002e 4CE0     		b	.L3
  74              	.L4:
 119:./ucOSII/Core/os_mutex.c ****     }
 120:./ucOSII/Core/os_mutex.c ****     if (OSIntNesting > 0u) {                           /* Make sure it's not called from an ISR    
  75              		.loc 1 120 22
  76 0030 284B     		ldr	r3, .L9
  77 0032 1B78     		ldrb	r3, [r3]	@ zero_extendqisi2
  78              		.loc 1 120 8
  79 0034 002B     		cmp	r3, #0
  80 0036 04D0     		beq	.L5
 121:./ucOSII/Core/os_mutex.c ****         *perr = OS_ERR_PEND_ISR;
  81              		.loc 1 121 15
  82 0038 3B68     		ldr	r3, [r7]
  83 003a 0222     		movs	r2, #2
  84 003c 1A70     		strb	r2, [r3]
 122:./ucOSII/Core/os_mutex.c ****         return (OS_FALSE);
  85              		.loc 1 122 16
  86 003e 0023     		movs	r3, #0
  87 0040 43E0     		b	.L3
  88              	.L5:
 123:./ucOSII/Core/os_mutex.c ****     }
 124:./ucOSII/Core/os_mutex.c ****     OS_ENTER_CRITICAL();                               /* Get value (0 or 1) of Mutex              
  89              		.loc 1 124 5
  90 0042 4020     		movs	r0, #64
  91 0044 FFF7FEFF 		bl	OS_CPU_SR_Save
  92 0048 F860     		str	r0, [r7, #12]
 125:./ucOSII/Core/os_mutex.c ****     pcp = (INT8U)(pevent->OSEventCnt >> 8u);           /* Get PCP from mutex                       
  93              		.loc 1 125 25
  94 004a 7B68     		ldr	r3, [r7, #4]
  95 004c 1B89     		ldrh	r3, [r3, #8]
  96              		.loc 1 125 11
  97 004e 1B0A     		lsrs	r3, r3, #8
  98 0050 9BB2     		uxth	r3, r3
  99              		.loc 1 125 9
 100 0052 FB72     		strb	r3, [r7, #11]
 126:./ucOSII/Core/os_mutex.c ****     if ((pevent->OSEventCnt & OS_MUTEX_KEEP_LOWER_8) == OS_MUTEX_AVAILABLE) {
 101              		.loc 1 126 16
 102 0054 7B68     		ldr	r3, [r7, #4]
 103 0056 1B89     		ldrh	r3, [r3, #8]
ARM GAS  /var/folders/yl/_q9l42k90g1g4mdhbs226msm0000gn/T//ccM27y0v.s 			page 5


 104              		.loc 1 126 29
 105 0058 DBB2     		uxtb	r3, r3
 106              		.loc 1 126 8
 107 005a FF2B     		cmp	r3, #255
 108 005c 2ED1     		bne	.L6
 127:./ucOSII/Core/os_mutex.c ****         pevent->OSEventCnt &= OS_MUTEX_KEEP_UPPER_8;   /*      Mask off LSByte (Acquire Mutex)     
 109              		.loc 1 127 28
 110 005e 7B68     		ldr	r3, [r7, #4]
 111 0060 1B89     		ldrh	r3, [r3, #8]
 112 0062 23F0FF03 		bic	r3, r3, #255
 113 0066 9AB2     		uxth	r2, r3
 114 0068 7B68     		ldr	r3, [r7, #4]
 115 006a 1A81     		strh	r2, [r3, #8]	@ movhi
 128:./ucOSII/Core/os_mutex.c ****         pevent->OSEventCnt |= (INT16U)OSTCBCur->OSTCBPrio;  /* Save current task priority in LSByte
 116              		.loc 1 128 28
 117 006c 7B68     		ldr	r3, [r7, #4]
 118 006e 1A89     		ldrh	r2, [r3, #8]
 119              		.loc 1 128 47
 120 0070 194B     		ldr	r3, .L9+4
 121 0072 1B68     		ldr	r3, [r3]
 122 0074 93F83A30 		ldrb	r3, [r3, #58]	@ zero_extendqisi2
 123 0078 9BB2     		uxth	r3, r3
 124              		.loc 1 128 28
 125 007a 1343     		orrs	r3, r3, r2
 126 007c 9AB2     		uxth	r2, r3
 127 007e 7B68     		ldr	r3, [r7, #4]
 128 0080 1A81     		strh	r2, [r3, #8]	@ movhi
 129:./ucOSII/Core/os_mutex.c ****         pevent->OSEventPtr  = (void *)OSTCBCur;        /*      Link TCB of task owning Mutex       
 129              		.loc 1 129 29
 130 0082 154B     		ldr	r3, .L9+4
 131 0084 1A68     		ldr	r2, [r3]
 132 0086 7B68     		ldr	r3, [r7, #4]
 133 0088 5A60     		str	r2, [r3, #4]
 130:./ucOSII/Core/os_mutex.c ****         if ((pcp != OS_PRIO_MUTEX_CEIL_DIS) &&
 134              		.loc 1 130 12
 135 008a FB7A     		ldrb	r3, [r7, #11]	@ zero_extendqisi2
 136 008c FF2B     		cmp	r3, #255
 137 008e 0DD0     		beq	.L7
 131:./ucOSII/Core/os_mutex.c ****             (OSTCBCur->OSTCBPrio <= pcp)) {            /*      PCP 'must' have a SMALLER prio ...  
 138              		.loc 1 131 22 discriminator 1
 139 0090 114B     		ldr	r3, .L9+4
 140 0092 1B68     		ldr	r3, [r3]
 141 0094 93F83A30 		ldrb	r3, [r3, #58]	@ zero_extendqisi2
 130:./ucOSII/Core/os_mutex.c ****         if ((pcp != OS_PRIO_MUTEX_CEIL_DIS) &&
 142              		.loc 1 130 45 discriminator 1
 143 0098 FA7A     		ldrb	r2, [r7, #11]	@ zero_extendqisi2
 144 009a 9A42     		cmp	r2, r3
 145 009c 06D3     		bcc	.L7
 132:./ucOSII/Core/os_mutex.c ****              OS_EXIT_CRITICAL();                       /*      ... than current task!              
 146              		.loc 1 132 14
 147 009e F868     		ldr	r0, [r7, #12]
 148 00a0 FFF7FEFF 		bl	OS_CPU_SR_Restore
 133:./ucOSII/Core/os_mutex.c ****             *perr = OS_ERR_PCP_LOWER;
 149              		.loc 1 133 19
 150 00a4 3B68     		ldr	r3, [r7]
 151 00a6 7822     		movs	r2, #120
 152 00a8 1A70     		strb	r2, [r3]
ARM GAS  /var/folders/yl/_q9l42k90g1g4mdhbs226msm0000gn/T//ccM27y0v.s 			page 6


 153 00aa 05E0     		b	.L8
 154              	.L7:
 134:./ucOSII/Core/os_mutex.c ****         } else {
 135:./ucOSII/Core/os_mutex.c ****              OS_EXIT_CRITICAL();
 155              		.loc 1 135 14
 156 00ac F868     		ldr	r0, [r7, #12]
 157 00ae FFF7FEFF 		bl	OS_CPU_SR_Restore
 136:./ucOSII/Core/os_mutex.c ****             *perr = OS_ERR_NONE;
 158              		.loc 1 136 19
 159 00b2 3B68     		ldr	r3, [r7]
 160 00b4 0022     		movs	r2, #0
 161 00b6 1A70     		strb	r2, [r3]
 162              	.L8:
 137:./ucOSII/Core/os_mutex.c ****         }
 138:./ucOSII/Core/os_mutex.c ****         return (OS_TRUE);
 163              		.loc 1 138 16
 164 00b8 0123     		movs	r3, #1
 165 00ba 06E0     		b	.L3
 166              	.L6:
 139:./ucOSII/Core/os_mutex.c ****     }
 140:./ucOSII/Core/os_mutex.c ****     OS_EXIT_CRITICAL();
 167              		.loc 1 140 5
 168 00bc F868     		ldr	r0, [r7, #12]
 169 00be FFF7FEFF 		bl	OS_CPU_SR_Restore
 141:./ucOSII/Core/os_mutex.c ****     *perr = OS_ERR_NONE;
 170              		.loc 1 141 11
 171 00c2 3B68     		ldr	r3, [r7]
 172 00c4 0022     		movs	r2, #0
 173 00c6 1A70     		strb	r2, [r3]
 142:./ucOSII/Core/os_mutex.c ****     return (OS_FALSE);
 174              		.loc 1 142 12
 175 00c8 0023     		movs	r3, #0
 176              	.L3:
 143:./ucOSII/Core/os_mutex.c **** }
 177              		.loc 1 143 1
 178 00ca 1846     		mov	r0, r3
 179 00cc 1037     		adds	r7, r7, #16
 180              	.LCFI3:
 181              		.cfi_def_cfa_offset 8
 182 00ce BD46     		mov	sp, r7
 183              	.LCFI4:
 184              		.cfi_def_cfa_register 13
 185              		@ sp needed
 186 00d0 80BD     		pop	{r7, pc}
 187              	.L10:
 188 00d2 00BF     		.align	2
 189              	.L9:
 190 00d4 00000000 		.word	OSIntNesting
 191 00d8 00000000 		.word	OSTCBCur
 192              		.cfi_endproc
 193              	.LFE3:
 195              		.section	.rodata
 196              		.align	2
 197              	.LC0:
 198 0000 3F00     		.ascii	"?\000"
 199              		.section	.text.OSMutexCreate,"ax",%progbits
 200              		.align	1
ARM GAS  /var/folders/yl/_q9l42k90g1g4mdhbs226msm0000gn/T//ccM27y0v.s 			page 7


 201              		.global	OSMutexCreate
 202              		.syntax unified
 203              		.thumb
 204              		.thumb_func
 206              	OSMutexCreate:
 207              	.LFB4:
 144:./ucOSII/Core/os_mutex.c **** #endif
 145:./ucOSII/Core/os_mutex.c **** 
 146:./ucOSII/Core/os_mutex.c **** 
 147:./ucOSII/Core/os_mutex.c **** /*
 148:./ucOSII/Core/os_mutex.c **** ***************************************************************************************************
 149:./ucOSII/Core/os_mutex.c **** *                                 CREATE A MUTUAL EXCLUSION SEMAPHORE
 150:./ucOSII/Core/os_mutex.c **** *
 151:./ucOSII/Core/os_mutex.c **** * Description: This function creates a mutual exclusion semaphore.
 152:./ucOSII/Core/os_mutex.c **** *
 153:./ucOSII/Core/os_mutex.c **** * Arguments  : prio          is the priority to use when accessing the mutual exclusion semaphore. 
 154:./ucOSII/Core/os_mutex.c **** *                            other words, when the semaphore is acquired and a higher priority task
 155:./ucOSII/Core/os_mutex.c **** *                            attempts to obtain the semaphore then the priority of the task owning 
 156:./ucOSII/Core/os_mutex.c **** *                            semaphore is raised to this priority.  It is assumed that you will spe
 157:./ucOSII/Core/os_mutex.c **** *                            a priority that is LOWER in value than ANY of the tasks competing for 
 158:./ucOSII/Core/os_mutex.c **** *                            mutex. If the priority is specified as OS_PRIO_MUTEX_CEIL_DIS, then th
 159:./ucOSII/Core/os_mutex.c **** *                            priority ceiling promotion is disabled. This way, the tasks accessing 
 160:./ucOSII/Core/os_mutex.c **** *                            semaphore do not have their priority promoted.
 161:./ucOSII/Core/os_mutex.c **** *
 162:./ucOSII/Core/os_mutex.c **** *              perr          is a pointer to an error code which will be returned to your applicati
 163:./ucOSII/Core/os_mutex.c **** *                               OS_ERR_NONE                     if the call was successful.
 164:./ucOSII/Core/os_mutex.c **** *                               OS_ERR_CREATE_ISR               if you attempted to create a MUTEX 
 165:./ucOSII/Core/os_mutex.c **** *                                                               ISR
 166:./ucOSII/Core/os_mutex.c **** *                               OS_ERR_ILLEGAL_CREATE_RUN_TIME  if you tried to create a mutex afte
 167:./ucOSII/Core/os_mutex.c **** *                                                               safety critical operation started.
 168:./ucOSII/Core/os_mutex.c **** *                               OS_ERR_PRIO_EXIST               if a task at the priority ceiling p
 169:./ucOSII/Core/os_mutex.c **** *                                                               already exist.
 170:./ucOSII/Core/os_mutex.c **** *                               OS_ERR_PEVENT_NULL              No more event control blocks availa
 171:./ucOSII/Core/os_mutex.c **** *                               OS_ERR_PRIO_INVALID             if the priority you specify is high
 172:./ucOSII/Core/os_mutex.c **** *                                                               the maximum allowed (i.e. > OS_LOWE
 173:./ucOSII/Core/os_mutex.c **** *
 174:./ucOSII/Core/os_mutex.c **** * Returns    : != (void *)0  is a pointer to the event control clock (OS_EVENT) associated with the
 175:./ucOSII/Core/os_mutex.c **** *                            created mutex.
 176:./ucOSII/Core/os_mutex.c **** *              == (void *)0  if an error is detected.
 177:./ucOSII/Core/os_mutex.c **** *
 178:./ucOSII/Core/os_mutex.c **** * Note(s)    : 1) The LEAST significant 8 bits of '.OSEventCnt' hold the priority number of the tas
 179:./ucOSII/Core/os_mutex.c **** *                 owning the mutex or 0xFF if no task owns the mutex.
 180:./ucOSII/Core/os_mutex.c **** *
 181:./ucOSII/Core/os_mutex.c **** *              2) The MOST  significant 8 bits of '.OSEventCnt' hold the priority number used to
 182:./ucOSII/Core/os_mutex.c **** *                 reduce priority inversion or 0xFF (OS_PRIO_MUTEX_CEIL_DIS) if priority ceiling
 183:./ucOSII/Core/os_mutex.c **** *                 promotion is disabled.
 184:./ucOSII/Core/os_mutex.c **** ***************************************************************************************************
 185:./ucOSII/Core/os_mutex.c **** */
 186:./ucOSII/Core/os_mutex.c **** 
 187:./ucOSII/Core/os_mutex.c **** OS_EVENT  *OSMutexCreate (INT8U   prio,
 188:./ucOSII/Core/os_mutex.c ****                           INT8U  *perr)
 189:./ucOSII/Core/os_mutex.c **** {
 208              		.loc 1 189 1
 209              		.cfi_startproc
 210              		@ args = 0, pretend = 0, frame = 16
 211              		@ frame_needed = 1, uses_anonymous_args = 0
 212 0000 80B5     		push	{r7, lr}
ARM GAS  /var/folders/yl/_q9l42k90g1g4mdhbs226msm0000gn/T//ccM27y0v.s 			page 8


 213              	.LCFI5:
 214              		.cfi_def_cfa_offset 8
 215              		.cfi_offset 7, -8
 216              		.cfi_offset 14, -4
 217 0002 84B0     		sub	sp, sp, #16
 218              	.LCFI6:
 219              		.cfi_def_cfa_offset 24
 220 0004 00AF     		add	r7, sp, #0
 221              	.LCFI7:
 222              		.cfi_def_cfa_register 7
 223 0006 0346     		mov	r3, r0
 224 0008 3960     		str	r1, [r7]
 225 000a FB71     		strb	r3, [r7, #7]
 190:./ucOSII/Core/os_mutex.c ****     OS_EVENT  *pevent;
 191:./ucOSII/Core/os_mutex.c **** #if OS_CRITICAL_METHOD == 3u                               /* Allocate storage for CPU status regis
 192:./ucOSII/Core/os_mutex.c ****     OS_CPU_SR  cpu_sr = 0u;
 226              		.loc 1 192 16
 227 000c 0023     		movs	r3, #0
 228 000e FB60     		str	r3, [r7, #12]
 193:./ucOSII/Core/os_mutex.c **** #endif
 194:./ucOSII/Core/os_mutex.c **** 
 195:./ucOSII/Core/os_mutex.c **** 
 196:./ucOSII/Core/os_mutex.c **** 
 197:./ucOSII/Core/os_mutex.c **** #ifdef OS_SAFETY_CRITICAL
 198:./ucOSII/Core/os_mutex.c ****     if (perr == (INT8U *)0) {
 199:./ucOSII/Core/os_mutex.c ****         OS_SAFETY_CRITICAL_EXCEPTION();
 200:./ucOSII/Core/os_mutex.c ****         return ((OS_EVENT *)0);
 201:./ucOSII/Core/os_mutex.c ****     }
 202:./ucOSII/Core/os_mutex.c **** #endif
 203:./ucOSII/Core/os_mutex.c **** 
 204:./ucOSII/Core/os_mutex.c **** #ifdef OS_SAFETY_CRITICAL_IEC61508
 205:./ucOSII/Core/os_mutex.c ****     if (OSSafetyCriticalStartFlag == OS_TRUE) {
 206:./ucOSII/Core/os_mutex.c ****         OS_SAFETY_CRITICAL_EXCEPTION();
 207:./ucOSII/Core/os_mutex.c ****         *perr = OS_ERR_ILLEGAL_CREATE_RUN_TIME;
 208:./ucOSII/Core/os_mutex.c ****         return ((OS_EVENT *)0);
 209:./ucOSII/Core/os_mutex.c ****     }
 210:./ucOSII/Core/os_mutex.c **** #endif
 211:./ucOSII/Core/os_mutex.c **** 
 212:./ucOSII/Core/os_mutex.c **** #if OS_ARG_CHK_EN > 0u
 213:./ucOSII/Core/os_mutex.c ****     if (prio != OS_PRIO_MUTEX_CEIL_DIS) {
 229              		.loc 1 213 8
 230 0010 FB79     		ldrb	r3, [r7, #7]	@ zero_extendqisi2
 231 0012 FF2B     		cmp	r3, #255
 232 0014 07D0     		beq	.L12
 214:./ucOSII/Core/os_mutex.c ****         if (prio >= OS_LOWEST_PRIO) {                      /* Validate PCP                         
 233              		.loc 1 214 12
 234 0016 FB79     		ldrb	r3, [r7, #7]	@ zero_extendqisi2
 235 0018 3E2B     		cmp	r3, #62
 236 001a 04D9     		bls	.L12
 215:./ucOSII/Core/os_mutex.c ****            *perr = OS_ERR_PRIO_INVALID;
 237              		.loc 1 215 18
 238 001c 3B68     		ldr	r3, [r7]
 239 001e 2A22     		movs	r2, #42
 240 0020 1A70     		strb	r2, [r3]
 216:./ucOSII/Core/os_mutex.c ****             return ((OS_EVENT *)0);
 241              		.loc 1 216 20
 242 0022 0023     		movs	r3, #0
ARM GAS  /var/folders/yl/_q9l42k90g1g4mdhbs226msm0000gn/T//ccM27y0v.s 			page 9


 243 0024 60E0     		b	.L13
 244              	.L12:
 217:./ucOSII/Core/os_mutex.c ****         }
 218:./ucOSII/Core/os_mutex.c ****     }
 219:./ucOSII/Core/os_mutex.c **** #endif
 220:./ucOSII/Core/os_mutex.c ****     if (OSIntNesting > 0u) {                               /* See if called from ISR ...           
 245              		.loc 1 220 22
 246 0026 324B     		ldr	r3, .L19
 247 0028 1B78     		ldrb	r3, [r3]	@ zero_extendqisi2
 248              		.loc 1 220 8
 249 002a 002B     		cmp	r3, #0
 250 002c 04D0     		beq	.L14
 221:./ucOSII/Core/os_mutex.c ****         *perr = OS_ERR_CREATE_ISR;                         /* ... can't CREATE mutex from an ISR   
 251              		.loc 1 221 15
 252 002e 3B68     		ldr	r3, [r7]
 253 0030 1022     		movs	r2, #16
 254 0032 1A70     		strb	r2, [r3]
 222:./ucOSII/Core/os_mutex.c ****         return ((OS_EVENT *)0);
 255              		.loc 1 222 16
 256 0034 0023     		movs	r3, #0
 257 0036 57E0     		b	.L13
 258              	.L14:
 223:./ucOSII/Core/os_mutex.c ****     }
 224:./ucOSII/Core/os_mutex.c ****     OS_ENTER_CRITICAL();
 259              		.loc 1 224 5
 260 0038 4020     		movs	r0, #64
 261 003a FFF7FEFF 		bl	OS_CPU_SR_Save
 262 003e F860     		str	r0, [r7, #12]
 225:./ucOSII/Core/os_mutex.c ****     if (prio != OS_PRIO_MUTEX_CEIL_DIS) {
 263              		.loc 1 225 8
 264 0040 FB79     		ldrb	r3, [r7, #7]	@ zero_extendqisi2
 265 0042 FF2B     		cmp	r3, #255
 266 0044 12D0     		beq	.L15
 226:./ucOSII/Core/os_mutex.c ****         if (OSTCBPrioTbl[prio] != (OS_TCB *)0) {           /* Mutex priority must not already exist
 267              		.loc 1 226 25
 268 0046 FB79     		ldrb	r3, [r7, #7]	@ zero_extendqisi2
 269 0048 2A4A     		ldr	r2, .L19+4
 270 004a 52F82330 		ldr	r3, [r2, r3, lsl #2]
 271              		.loc 1 226 12
 272 004e 002B     		cmp	r3, #0
 273 0050 07D0     		beq	.L16
 227:./ucOSII/Core/os_mutex.c ****             OS_EXIT_CRITICAL();                            /* Task already exist at priority ...   
 274              		.loc 1 227 13
 275 0052 F868     		ldr	r0, [r7, #12]
 276 0054 FFF7FEFF 		bl	OS_CPU_SR_Restore
 228:./ucOSII/Core/os_mutex.c ****            *perr = OS_ERR_PRIO_EXIST;                      /* ... ceiling priority                 
 277              		.loc 1 228 18
 278 0058 3B68     		ldr	r3, [r7]
 279 005a 2822     		movs	r2, #40
 280 005c 1A70     		strb	r2, [r3]
 229:./ucOSII/Core/os_mutex.c ****             return ((OS_EVENT *)0);
 281              		.loc 1 229 20
 282 005e 0023     		movs	r3, #0
 283 0060 42E0     		b	.L13
 284              	.L16:
 230:./ucOSII/Core/os_mutex.c ****         }
 231:./ucOSII/Core/os_mutex.c ****         OSTCBPrioTbl[prio] = OS_TCB_RESERVED;              /* Reserve the table entry              
ARM GAS  /var/folders/yl/_q9l42k90g1g4mdhbs226msm0000gn/T//ccM27y0v.s 			page 10


 285              		.loc 1 231 21
 286 0062 FB79     		ldrb	r3, [r7, #7]	@ zero_extendqisi2
 287              		.loc 1 231 28
 288 0064 234A     		ldr	r2, .L19+4
 289 0066 0121     		movs	r1, #1
 290 0068 42F82310 		str	r1, [r2, r3, lsl #2]
 291              	.L15:
 232:./ucOSII/Core/os_mutex.c ****     }
 233:./ucOSII/Core/os_mutex.c **** 
 234:./ucOSII/Core/os_mutex.c ****     pevent = OSEventFreeList;                              /* Get next free event control block    
 292              		.loc 1 234 12
 293 006c 224B     		ldr	r3, .L19+8
 294 006e 1B68     		ldr	r3, [r3]
 295 0070 BB60     		str	r3, [r7, #8]
 235:./ucOSII/Core/os_mutex.c ****     if (pevent == (OS_EVENT *)0) {                         /* See if an ECB was available          
 296              		.loc 1 235 8
 297 0072 BB68     		ldr	r3, [r7, #8]
 298 0074 002B     		cmp	r3, #0
 299 0076 0FD1     		bne	.L17
 236:./ucOSII/Core/os_mutex.c ****         if (prio != OS_PRIO_MUTEX_CEIL_DIS) {
 300              		.loc 1 236 12
 301 0078 FB79     		ldrb	r3, [r7, #7]	@ zero_extendqisi2
 302 007a FF2B     		cmp	r3, #255
 303 007c 04D0     		beq	.L18
 237:./ucOSII/Core/os_mutex.c ****             OSTCBPrioTbl[prio] = (OS_TCB *)0;              /* No, Release the table entry          
 304              		.loc 1 237 25
 305 007e FB79     		ldrb	r3, [r7, #7]	@ zero_extendqisi2
 306              		.loc 1 237 32
 307 0080 1C4A     		ldr	r2, .L19+4
 308 0082 0021     		movs	r1, #0
 309 0084 42F82310 		str	r1, [r2, r3, lsl #2]
 310              	.L18:
 238:./ucOSII/Core/os_mutex.c ****         }
 239:./ucOSII/Core/os_mutex.c ****         OS_EXIT_CRITICAL();
 311              		.loc 1 239 9
 312 0088 F868     		ldr	r0, [r7, #12]
 313 008a FFF7FEFF 		bl	OS_CPU_SR_Restore
 240:./ucOSII/Core/os_mutex.c ****        *perr = OS_ERR_PEVENT_NULL;                         /* No more event control blocks         
 314              		.loc 1 240 14
 315 008e 3B68     		ldr	r3, [r7]
 316 0090 0422     		movs	r2, #4
 317 0092 1A70     		strb	r2, [r3]
 241:./ucOSII/Core/os_mutex.c ****         return (pevent);
 318              		.loc 1 241 16
 319 0094 BB68     		ldr	r3, [r7, #8]
 320 0096 27E0     		b	.L13
 321              	.L17:
 242:./ucOSII/Core/os_mutex.c ****     }
 243:./ucOSII/Core/os_mutex.c ****     OSEventFreeList     = (OS_EVENT *)OSEventFreeList->OSEventPtr; /* Adjust the free list         
 322              		.loc 1 243 54
 323 0098 174B     		ldr	r3, .L19+8
 324 009a 1B68     		ldr	r3, [r3]
 325 009c 5B68     		ldr	r3, [r3, #4]
 326              		.loc 1 243 25
 327 009e 164A     		ldr	r2, .L19+8
 328 00a0 1360     		str	r3, [r2]
 244:./ucOSII/Core/os_mutex.c ****     OS_EXIT_CRITICAL();
ARM GAS  /var/folders/yl/_q9l42k90g1g4mdhbs226msm0000gn/T//ccM27y0v.s 			page 11


 329              		.loc 1 244 5
 330 00a2 F868     		ldr	r0, [r7, #12]
 331 00a4 FFF7FEFF 		bl	OS_CPU_SR_Restore
 245:./ucOSII/Core/os_mutex.c ****     pevent->OSEventType = OS_EVENT_TYPE_MUTEX;
 332              		.loc 1 245 25
 333 00a8 BB68     		ldr	r3, [r7, #8]
 334 00aa 0422     		movs	r2, #4
 335 00ac 1A70     		strb	r2, [r3]
 246:./ucOSII/Core/os_mutex.c ****     pevent->OSEventCnt  = (INT16U)((INT16U)prio << 8u) | OS_MUTEX_AVAILABLE; /* Resource is avail. 
 336              		.loc 1 246 27
 337 00ae FB79     		ldrb	r3, [r7, #7]	@ zero_extendqisi2
 338 00b0 9BB2     		uxth	r3, r3
 339 00b2 1B02     		lsls	r3, r3, #8
 340 00b4 9BB2     		uxth	r3, r3
 341              		.loc 1 246 25
 342 00b6 43F0FF03 		orr	r3, r3, #255
 343 00ba 9AB2     		uxth	r2, r3
 344 00bc BB68     		ldr	r3, [r7, #8]
 345 00be 1A81     		strh	r2, [r3, #8]	@ movhi
 247:./ucOSII/Core/os_mutex.c ****     pevent->OSEventPtr  = (void *)0;                       /* No task owning the mutex             
 346              		.loc 1 247 25
 347 00c0 BB68     		ldr	r3, [r7, #8]
 348 00c2 0022     		movs	r2, #0
 349 00c4 5A60     		str	r2, [r3, #4]
 248:./ucOSII/Core/os_mutex.c **** #if OS_EVENT_NAME_EN > 0u
 249:./ucOSII/Core/os_mutex.c ****     pevent->OSEventName = (INT8U *)(void *)"?";
 350              		.loc 1 249 25
 351 00c6 BB68     		ldr	r3, [r7, #8]
 352 00c8 0C4A     		ldr	r2, .L19+12
 353 00ca 5A61     		str	r2, [r3, #20]
 250:./ucOSII/Core/os_mutex.c **** #endif
 251:./ucOSII/Core/os_mutex.c ****     OS_EventWaitListInit(pevent);
 354              		.loc 1 251 5
 355 00cc B868     		ldr	r0, [r7, #8]
 356 00ce FFF7FEFF 		bl	OS_EventWaitListInit
 252:./ucOSII/Core/os_mutex.c ****     OS_TRACE_MUTEX_CREATE(pevent, pevent->OSEventName);
 357              		.loc 1 252 5
 358 00d2 B968     		ldr	r1, [r7, #8]
 359 00d4 BB68     		ldr	r3, [r7, #8]
 360 00d6 5B69     		ldr	r3, [r3, #20]
 361 00d8 1A46     		mov	r2, r3
 362 00da 2820     		movs	r0, #40
 363 00dc FFF7FEFF 		bl	SYSVIEW_RecordU32Register
 253:./ucOSII/Core/os_mutex.c ****    *perr = OS_ERR_NONE;
 364              		.loc 1 253 10
 365 00e0 3B68     		ldr	r3, [r7]
 366 00e2 0022     		movs	r2, #0
 367 00e4 1A70     		strb	r2, [r3]
 254:./ucOSII/Core/os_mutex.c ****     return (pevent);
 368              		.loc 1 254 12
 369 00e6 BB68     		ldr	r3, [r7, #8]
 370              	.L13:
 255:./ucOSII/Core/os_mutex.c **** }
 371              		.loc 1 255 1
 372 00e8 1846     		mov	r0, r3
 373 00ea 1037     		adds	r7, r7, #16
 374              	.LCFI8:
ARM GAS  /var/folders/yl/_q9l42k90g1g4mdhbs226msm0000gn/T//ccM27y0v.s 			page 12


 375              		.cfi_def_cfa_offset 8
 376 00ec BD46     		mov	sp, r7
 377              	.LCFI9:
 378              		.cfi_def_cfa_register 13
 379              		@ sp needed
 380 00ee 80BD     		pop	{r7, pc}
 381              	.L20:
 382              		.align	2
 383              	.L19:
 384 00f0 00000000 		.word	OSIntNesting
 385 00f4 00000000 		.word	OSTCBPrioTbl
 386 00f8 00000000 		.word	OSEventFreeList
 387 00fc 00000000 		.word	.LC0
 388              		.cfi_endproc
 389              	.LFE4:
 391              		.section	.text.OSMutexDel,"ax",%progbits
 392              		.align	1
 393              		.global	OSMutexDel
 394              		.syntax unified
 395              		.thumb
 396              		.thumb_func
 398              	OSMutexDel:
 399              	.LFB5:
 256:./ucOSII/Core/os_mutex.c **** 
 257:./ucOSII/Core/os_mutex.c **** 
 258:./ucOSII/Core/os_mutex.c **** /*
 259:./ucOSII/Core/os_mutex.c **** ***************************************************************************************************
 260:./ucOSII/Core/os_mutex.c **** *                                           DELETE A MUTEX
 261:./ucOSII/Core/os_mutex.c **** *
 262:./ucOSII/Core/os_mutex.c **** * Description: This function deletes a mutual exclusion semaphore and readies all tasks pending on 
 263:./ucOSII/Core/os_mutex.c **** *
 264:./ucOSII/Core/os_mutex.c **** * Arguments  : pevent        is a pointer to the event control block associated with the desired mu
 265:./ucOSII/Core/os_mutex.c **** *
 266:./ucOSII/Core/os_mutex.c **** *              opt           determines delete options as follows:
 267:./ucOSII/Core/os_mutex.c **** *                            opt == OS_DEL_NO_PEND   Delete mutex ONLY if no task pending
 268:./ucOSII/Core/os_mutex.c **** *                            opt == OS_DEL_ALWAYS    Deletes the mutex even if tasks are waiting.
 269:./ucOSII/Core/os_mutex.c **** *                                                    In this case, all the tasks pending will be re
 270:./ucOSII/Core/os_mutex.c **** *
 271:./ucOSII/Core/os_mutex.c **** *              perr          is a pointer to an error code that can contain one of the following va
 272:./ucOSII/Core/os_mutex.c **** *                            OS_ERR_NONE                  The call was successful and the mutex was
 273:./ucOSII/Core/os_mutex.c **** *                            OS_ERR_DEL_ISR               If you attempted to delete the MUTEX from
 274:./ucOSII/Core/os_mutex.c **** *                            OS_ERR_INVALID_OPT           An invalid option was specified
 275:./ucOSII/Core/os_mutex.c **** *                            OS_ERR_ILLEGAL_DEL_RUN_TIME  If you tried to delete a mutex after safe
 276:./ucOSII/Core/os_mutex.c **** *                                                         critical operation started.
 277:./ucOSII/Core/os_mutex.c **** *                            OS_ERR_TASK_WAITING          One or more tasks were waiting on the mut
 278:./ucOSII/Core/os_mutex.c **** *                            OS_ERR_EVENT_TYPE            If you didn't pass a pointer to a mutex
 279:./ucOSII/Core/os_mutex.c **** *                            OS_ERR_PEVENT_NULL           If 'pevent' is a NULL pointer.
 280:./ucOSII/Core/os_mutex.c **** *
 281:./ucOSII/Core/os_mutex.c **** * Returns    : pevent        upon error
 282:./ucOSII/Core/os_mutex.c **** *              (OS_EVENT *)0 if the mutex was successfully deleted.
 283:./ucOSII/Core/os_mutex.c **** *
 284:./ucOSII/Core/os_mutex.c **** * Note(s)    : 1) This function must be used with care.  Tasks that would normally expect the prese
 285:./ucOSII/Core/os_mutex.c **** *                 the mutex MUST check the return code of OSMutexPend().
 286:./ucOSII/Core/os_mutex.c **** *
 287:./ucOSII/Core/os_mutex.c **** *              2) This call can potentially disable interrupts for a long time.  The interrupt disa
 288:./ucOSII/Core/os_mutex.c **** *                 time is directly proportional to the number of tasks waiting on the mutex.
 289:./ucOSII/Core/os_mutex.c **** *
ARM GAS  /var/folders/yl/_q9l42k90g1g4mdhbs226msm0000gn/T//ccM27y0v.s 			page 13


 290:./ucOSII/Core/os_mutex.c **** *              3) Because ALL tasks pending on the mutex will be readied, you MUST be careful becau
 291:./ucOSII/Core/os_mutex.c **** *                 resource(s) will no longer be guarded by the mutex.
 292:./ucOSII/Core/os_mutex.c **** *
 293:./ucOSII/Core/os_mutex.c **** *              4) IMPORTANT: In the 'OS_DEL_ALWAYS' case, we assume that the owner of the Mutex (if
 294:./ucOSII/Core/os_mutex.c **** *                            is one) is ready-to-run and is thus NOT pending on another kernel obje
 295:./ucOSII/Core/os_mutex.c **** *                            has delayed itself.  In other words, if a task owns the mutex being de
 296:./ucOSII/Core/os_mutex.c **** *                            that task will be made ready-to-run at its original priority.
 297:./ucOSII/Core/os_mutex.c **** ***************************************************************************************************
 298:./ucOSII/Core/os_mutex.c **** */
 299:./ucOSII/Core/os_mutex.c **** 
 300:./ucOSII/Core/os_mutex.c **** #if OS_MUTEX_DEL_EN > 0u
 301:./ucOSII/Core/os_mutex.c **** OS_EVENT  *OSMutexDel (OS_EVENT  *pevent,
 302:./ucOSII/Core/os_mutex.c ****                        INT8U      opt,
 303:./ucOSII/Core/os_mutex.c ****                        INT8U     *perr)
 304:./ucOSII/Core/os_mutex.c **** {
 400              		.loc 1 304 1
 401              		.cfi_startproc
 402              		@ args = 0, pretend = 0, frame = 40
 403              		@ frame_needed = 1, uses_anonymous_args = 0
 404 0000 80B5     		push	{r7, lr}
 405              	.LCFI10:
 406              		.cfi_def_cfa_offset 8
 407              		.cfi_offset 7, -8
 408              		.cfi_offset 14, -4
 409 0002 8AB0     		sub	sp, sp, #40
 410              	.LCFI11:
 411              		.cfi_def_cfa_offset 48
 412 0004 00AF     		add	r7, sp, #0
 413              	.LCFI12:
 414              		.cfi_def_cfa_register 7
 415 0006 F860     		str	r0, [r7, #12]
 416 0008 0B46     		mov	r3, r1
 417 000a 7A60     		str	r2, [r7, #4]
 418 000c FB72     		strb	r3, [r7, #11]
 305:./ucOSII/Core/os_mutex.c ****     BOOLEAN    tasks_waiting;
 306:./ucOSII/Core/os_mutex.c ****     OS_EVENT  *pevent_return;
 307:./ucOSII/Core/os_mutex.c ****     INT8U      pcp;                                        /* Priority ceiling priority            
 308:./ucOSII/Core/os_mutex.c ****     INT8U      prio;
 309:./ucOSII/Core/os_mutex.c ****     OS_TCB    *ptcb;
 310:./ucOSII/Core/os_mutex.c **** #if OS_CRITICAL_METHOD == 3u                               /* Allocate storage for CPU status regis
 311:./ucOSII/Core/os_mutex.c ****     OS_CPU_SR  cpu_sr = 0u;
 419              		.loc 1 311 16
 420 000e 0023     		movs	r3, #0
 421 0010 FB61     		str	r3, [r7, #28]
 312:./ucOSII/Core/os_mutex.c **** #endif
 313:./ucOSII/Core/os_mutex.c **** 
 314:./ucOSII/Core/os_mutex.c **** 
 315:./ucOSII/Core/os_mutex.c **** #ifdef OS_SAFETY_CRITICAL
 316:./ucOSII/Core/os_mutex.c ****     if (perr == (INT8U *)0) {
 317:./ucOSII/Core/os_mutex.c ****         OS_SAFETY_CRITICAL_EXCEPTION();
 318:./ucOSII/Core/os_mutex.c ****         return ((OS_EVENT *)0);
 319:./ucOSII/Core/os_mutex.c ****     }
 320:./ucOSII/Core/os_mutex.c **** #endif
 321:./ucOSII/Core/os_mutex.c **** 
 322:./ucOSII/Core/os_mutex.c **** #ifdef OS_SAFETY_CRITICAL_IEC61508
 323:./ucOSII/Core/os_mutex.c ****     if (OSSafetyCriticalStartFlag == OS_TRUE) {
 324:./ucOSII/Core/os_mutex.c ****         OS_SAFETY_CRITICAL_EXCEPTION();
ARM GAS  /var/folders/yl/_q9l42k90g1g4mdhbs226msm0000gn/T//ccM27y0v.s 			page 14


 325:./ucOSII/Core/os_mutex.c ****         *perr = OS_ERR_ILLEGAL_DEL_RUN_TIME;
 326:./ucOSII/Core/os_mutex.c ****         return ((OS_EVENT *)0);
 327:./ucOSII/Core/os_mutex.c ****     }
 328:./ucOSII/Core/os_mutex.c **** #endif
 329:./ucOSII/Core/os_mutex.c **** 
 330:./ucOSII/Core/os_mutex.c **** #if OS_ARG_CHK_EN > 0u
 331:./ucOSII/Core/os_mutex.c ****     if (pevent == (OS_EVENT *)0) {                         /* Validate 'pevent'                    
 422              		.loc 1 331 8
 423 0012 FB68     		ldr	r3, [r7, #12]
 424 0014 002B     		cmp	r3, #0
 425 0016 04D1     		bne	.L22
 332:./ucOSII/Core/os_mutex.c ****         *perr = OS_ERR_PEVENT_NULL;
 426              		.loc 1 332 15
 427 0018 7B68     		ldr	r3, [r7, #4]
 428 001a 0422     		movs	r2, #4
 429 001c 1A70     		strb	r2, [r3]
 333:./ucOSII/Core/os_mutex.c ****         return (pevent);
 430              		.loc 1 333 16
 431 001e FB68     		ldr	r3, [r7, #12]
 432 0020 DDE0     		b	.L23
 433              	.L22:
 334:./ucOSII/Core/os_mutex.c ****     }
 335:./ucOSII/Core/os_mutex.c **** #endif
 336:./ucOSII/Core/os_mutex.c **** 
 337:./ucOSII/Core/os_mutex.c ****     OS_TRACE_MUTEX_DEL_ENTER(pevent, opt);
 434              		.loc 1 337 5
 435 0022 FB68     		ldr	r3, [r7, #12]
 436 0024 1846     		mov	r0, r3
 437 0026 FFF7FEFF 		bl	SEGGER_SYSVIEW_ShrinkId
 438 002a 0146     		mov	r1, r0
 439 002c FB7A     		ldrb	r3, [r7, #11]	@ zero_extendqisi2
 440 002e 1A46     		mov	r2, r3
 441 0030 2920     		movs	r0, #41
 442 0032 FFF7FEFF 		bl	SEGGER_SYSVIEW_RecordU32x2
 338:./ucOSII/Core/os_mutex.c **** 
 339:./ucOSII/Core/os_mutex.c ****     if (pevent->OSEventType != OS_EVENT_TYPE_MUTEX) {      /* Validate event block type            
 443              		.loc 1 339 15
 444 0036 FB68     		ldr	r3, [r7, #12]
 445 0038 1B78     		ldrb	r3, [r3]	@ zero_extendqisi2
 446              		.loc 1 339 8
 447 003a 042B     		cmp	r3, #4
 448 003c 0AD0     		beq	.L24
 340:./ucOSII/Core/os_mutex.c ****         *perr = OS_ERR_EVENT_TYPE;
 449              		.loc 1 340 15
 450 003e 7B68     		ldr	r3, [r7, #4]
 451 0040 0122     		movs	r2, #1
 452 0042 1A70     		strb	r2, [r3]
 341:./ucOSII/Core/os_mutex.c ****         OS_TRACE_MUTEX_DEL_EXIT(*perr);
 453              		.loc 1 341 9
 454 0044 7B68     		ldr	r3, [r7, #4]
 455 0046 1B78     		ldrb	r3, [r3]	@ zero_extendqisi2
 456 0048 1946     		mov	r1, r3
 457 004a 2920     		movs	r0, #41
 458 004c FFF7FEFF 		bl	SEGGER_SYSVIEW_RecordEndCallU32
 342:./ucOSII/Core/os_mutex.c ****         return (pevent);
 459              		.loc 1 342 16
 460 0050 FB68     		ldr	r3, [r7, #12]
ARM GAS  /var/folders/yl/_q9l42k90g1g4mdhbs226msm0000gn/T//ccM27y0v.s 			page 15


 461 0052 C4E0     		b	.L23
 462              	.L24:
 343:./ucOSII/Core/os_mutex.c ****     }
 344:./ucOSII/Core/os_mutex.c ****     if (OSIntNesting > 0u) {                               /* See if called from ISR ...           
 463              		.loc 1 344 22
 464 0054 644B     		ldr	r3, .L41
 465 0056 1B78     		ldrb	r3, [r3]	@ zero_extendqisi2
 466              		.loc 1 344 8
 467 0058 002B     		cmp	r3, #0
 468 005a 0AD0     		beq	.L25
 345:./ucOSII/Core/os_mutex.c ****         *perr = OS_ERR_DEL_ISR;                            /* ... can't DELETE from an ISR         
 469              		.loc 1 345 15
 470 005c 7B68     		ldr	r3, [r7, #4]
 471 005e 0F22     		movs	r2, #15
 472 0060 1A70     		strb	r2, [r3]
 346:./ucOSII/Core/os_mutex.c ****         OS_TRACE_MUTEX_DEL_EXIT(*perr);
 473              		.loc 1 346 9
 474 0062 7B68     		ldr	r3, [r7, #4]
 475 0064 1B78     		ldrb	r3, [r3]	@ zero_extendqisi2
 476 0066 1946     		mov	r1, r3
 477 0068 2920     		movs	r0, #41
 478 006a FFF7FEFF 		bl	SEGGER_SYSVIEW_RecordEndCallU32
 347:./ucOSII/Core/os_mutex.c ****         return (pevent);
 479              		.loc 1 347 16
 480 006e FB68     		ldr	r3, [r7, #12]
 481 0070 B5E0     		b	.L23
 482              	.L25:
 348:./ucOSII/Core/os_mutex.c ****     }
 349:./ucOSII/Core/os_mutex.c ****     OS_ENTER_CRITICAL();
 483              		.loc 1 349 5
 484 0072 4020     		movs	r0, #64
 485 0074 FFF7FEFF 		bl	OS_CPU_SR_Save
 486 0078 F861     		str	r0, [r7, #28]
 350:./ucOSII/Core/os_mutex.c ****     if (pevent->OSEventGrp != 0u) {                        /* See if any tasks waiting on mutex    
 487              		.loc 1 350 15
 488 007a FB68     		ldr	r3, [r7, #12]
 489 007c 9B7A     		ldrb	r3, [r3, #10]	@ zero_extendqisi2
 490              		.loc 1 350 8
 491 007e 002B     		cmp	r3, #0
 492 0080 03D0     		beq	.L26
 351:./ucOSII/Core/os_mutex.c ****         tasks_waiting = OS_TRUE;                           /* Yes                                  
 493              		.loc 1 351 23
 494 0082 0123     		movs	r3, #1
 495 0084 87F82730 		strb	r3, [r7, #39]
 496 0088 02E0     		b	.L27
 497              	.L26:
 352:./ucOSII/Core/os_mutex.c ****     } else {
 353:./ucOSII/Core/os_mutex.c ****         tasks_waiting = OS_FALSE;                          /* No                                   
 498              		.loc 1 353 23
 499 008a 0023     		movs	r3, #0
 500 008c 87F82730 		strb	r3, [r7, #39]
 501              	.L27:
 354:./ucOSII/Core/os_mutex.c ****     }
 355:./ucOSII/Core/os_mutex.c ****     switch (opt) {
 502              		.loc 1 355 5
 503 0090 FB7A     		ldrb	r3, [r7, #11]	@ zero_extendqisi2
 504 0092 002B     		cmp	r3, #0
ARM GAS  /var/folders/yl/_q9l42k90g1g4mdhbs226msm0000gn/T//ccM27y0v.s 			page 16


 505 0094 02D0     		beq	.L28
 506 0096 012B     		cmp	r3, #1
 507 0098 33D0     		beq	.L29
 508 009a 90E0     		b	.L40
 509              	.L28:
 356:./ucOSII/Core/os_mutex.c ****         case OS_DEL_NO_PEND:                               /* DELETE MUTEX ONLY IF NO TASK WAITING 
 357:./ucOSII/Core/os_mutex.c ****              if (tasks_waiting == OS_FALSE) {
 510              		.loc 1 357 17
 511 009c 97F82730 		ldrb	r3, [r7, #39]	@ zero_extendqisi2
 512 00a0 002B     		cmp	r3, #0
 513 00a2 25D1     		bne	.L31
 358:./ucOSII/Core/os_mutex.c **** #if OS_EVENT_NAME_EN > 0u
 359:./ucOSII/Core/os_mutex.c ****                  pevent->OSEventName   = (INT8U *)(void *)"?";
 514              		.loc 1 359 40
 515 00a4 FB68     		ldr	r3, [r7, #12]
 516 00a6 514A     		ldr	r2, .L41+4
 517 00a8 5A61     		str	r2, [r3, #20]
 360:./ucOSII/Core/os_mutex.c **** #endif
 361:./ucOSII/Core/os_mutex.c ****                  pcp                   = (INT8U)(pevent->OSEventCnt >> 8u);
 518              		.loc 1 361 56
 519 00aa FB68     		ldr	r3, [r7, #12]
 520 00ac 1B89     		ldrh	r3, [r3, #8]
 521              		.loc 1 361 42
 522 00ae 1B0A     		lsrs	r3, r3, #8
 523 00b0 9BB2     		uxth	r3, r3
 524              		.loc 1 361 40
 525 00b2 FB76     		strb	r3, [r7, #27]
 362:./ucOSII/Core/os_mutex.c ****                  if (pcp != OS_PRIO_MUTEX_CEIL_DIS) {
 526              		.loc 1 362 21
 527 00b4 FB7E     		ldrb	r3, [r7, #27]	@ zero_extendqisi2
 528 00b6 FF2B     		cmp	r3, #255
 529 00b8 04D0     		beq	.L32
 363:./ucOSII/Core/os_mutex.c ****                      OSTCBPrioTbl[pcp] = (OS_TCB *)0;      /* Free up the PCP                      
 530              		.loc 1 363 34
 531 00ba FB7E     		ldrb	r3, [r7, #27]	@ zero_extendqisi2
 532              		.loc 1 363 40
 533 00bc 4C4A     		ldr	r2, .L41+8
 534 00be 0021     		movs	r1, #0
 535 00c0 42F82310 		str	r1, [r2, r3, lsl #2]
 536              	.L32:
 364:./ucOSII/Core/os_mutex.c ****                  }
 365:./ucOSII/Core/os_mutex.c ****                  pevent->OSEventType   = OS_EVENT_TYPE_UNUSED;
 537              		.loc 1 365 40
 538 00c4 FB68     		ldr	r3, [r7, #12]
 539 00c6 0022     		movs	r2, #0
 540 00c8 1A70     		strb	r2, [r3]
 366:./ucOSII/Core/os_mutex.c ****                  pevent->OSEventPtr    = OSEventFreeList;  /* Return Event Control Block to free li
 541              		.loc 1 366 40
 542 00ca 4A4B     		ldr	r3, .L41+12
 543 00cc 1A68     		ldr	r2, [r3]
 544 00ce FB68     		ldr	r3, [r7, #12]
 545 00d0 5A60     		str	r2, [r3, #4]
 367:./ucOSII/Core/os_mutex.c ****                  pevent->OSEventCnt    = 0u;
 546              		.loc 1 367 40
 547 00d2 FB68     		ldr	r3, [r7, #12]
 548 00d4 0022     		movs	r2, #0
 549 00d6 1A81     		strh	r2, [r3, #8]	@ movhi
ARM GAS  /var/folders/yl/_q9l42k90g1g4mdhbs226msm0000gn/T//ccM27y0v.s 			page 17


 368:./ucOSII/Core/os_mutex.c ****                  OSEventFreeList       = pevent;
 550              		.loc 1 368 40
 551 00d8 464A     		ldr	r2, .L41+12
 552 00da FB68     		ldr	r3, [r7, #12]
 553 00dc 1360     		str	r3, [r2]
 369:./ucOSII/Core/os_mutex.c ****                  OS_EXIT_CRITICAL();
 554              		.loc 1 369 18
 555 00de F869     		ldr	r0, [r7, #28]
 556 00e0 FFF7FEFF 		bl	OS_CPU_SR_Restore
 370:./ucOSII/Core/os_mutex.c ****                  *perr                 = OS_ERR_NONE;
 557              		.loc 1 370 40
 558 00e4 7B68     		ldr	r3, [r7, #4]
 559 00e6 0022     		movs	r2, #0
 560 00e8 1A70     		strb	r2, [r3]
 371:./ucOSII/Core/os_mutex.c ****                  pevent_return         = (OS_EVENT *)0;    /* Mutex has been deleted               
 561              		.loc 1 371 40
 562 00ea 0023     		movs	r3, #0
 563 00ec 3B62     		str	r3, [r7, #32]
 372:./ucOSII/Core/os_mutex.c ****              } else {
 373:./ucOSII/Core/os_mutex.c ****                  OS_EXIT_CRITICAL();
 374:./ucOSII/Core/os_mutex.c ****                  *perr                 = OS_ERR_TASK_WAITING;
 375:./ucOSII/Core/os_mutex.c ****                  pevent_return         = pevent;
 376:./ucOSII/Core/os_mutex.c ****              }
 377:./ucOSII/Core/os_mutex.c ****              break;
 564              		.loc 1 377 14
 565 00ee 6FE0     		b	.L34
 566              	.L31:
 373:./ucOSII/Core/os_mutex.c ****                  *perr                 = OS_ERR_TASK_WAITING;
 567              		.loc 1 373 18
 568 00f0 F869     		ldr	r0, [r7, #28]
 569 00f2 FFF7FEFF 		bl	OS_CPU_SR_Restore
 374:./ucOSII/Core/os_mutex.c ****                  pevent_return         = pevent;
 570              		.loc 1 374 40
 571 00f6 7B68     		ldr	r3, [r7, #4]
 572 00f8 4922     		movs	r2, #73
 573 00fa 1A70     		strb	r2, [r3]
 375:./ucOSII/Core/os_mutex.c ****              }
 574              		.loc 1 375 40
 575 00fc FB68     		ldr	r3, [r7, #12]
 576 00fe 3B62     		str	r3, [r7, #32]
 577              		.loc 1 377 14
 578 0100 66E0     		b	.L34
 579              	.L29:
 378:./ucOSII/Core/os_mutex.c **** 
 379:./ucOSII/Core/os_mutex.c ****         case OS_DEL_ALWAYS:                                /* ALWAYS DELETE THE MUTEX -------------
 380:./ucOSII/Core/os_mutex.c ****              pcp  = (INT8U)(pevent->OSEventCnt >> 8u);                       /* Get PCP of mutex   
 580              		.loc 1 380 35
 581 0102 FB68     		ldr	r3, [r7, #12]
 582 0104 1B89     		ldrh	r3, [r3, #8]
 583              		.loc 1 380 21
 584 0106 1B0A     		lsrs	r3, r3, #8
 585 0108 9BB2     		uxth	r3, r3
 586              		.loc 1 380 19
 587 010a FB76     		strb	r3, [r7, #27]
 381:./ucOSII/Core/os_mutex.c ****              if (pcp != OS_PRIO_MUTEX_CEIL_DIS) {
 588              		.loc 1 381 17
 589 010c FB7E     		ldrb	r3, [r7, #27]	@ zero_extendqisi2
ARM GAS  /var/folders/yl/_q9l42k90g1g4mdhbs226msm0000gn/T//ccM27y0v.s 			page 18


 590 010e FF2B     		cmp	r3, #255
 591 0110 25D0     		beq	.L36
 382:./ucOSII/Core/os_mutex.c ****                  prio = (INT8U)(pevent->OSEventCnt & OS_MUTEX_KEEP_LOWER_8); /* Get owner's orig pr
 592              		.loc 1 382 39
 593 0112 FB68     		ldr	r3, [r7, #12]
 594 0114 1B89     		ldrh	r3, [r3, #8]
 595              		.loc 1 382 23
 596 0116 BB76     		strb	r3, [r7, #26]
 383:./ucOSII/Core/os_mutex.c ****                  ptcb = (OS_TCB *)pevent->OSEventPtr;
 597              		.loc 1 383 23
 598 0118 FB68     		ldr	r3, [r7, #12]
 599 011a 5B68     		ldr	r3, [r3, #4]
 600 011c 7B61     		str	r3, [r7, #20]
 384:./ucOSII/Core/os_mutex.c ****                  if (ptcb != (OS_TCB *)0) {                /* See if any task owns the mutex       
 601              		.loc 1 384 21
 602 011e 7B69     		ldr	r3, [r7, #20]
 603 0120 002B     		cmp	r3, #0
 604 0122 1CD0     		beq	.L36
 385:./ucOSII/Core/os_mutex.c ****                      if (ptcb->OSTCBPrio == pcp) {         /* See if original prio was changed     
 605              		.loc 1 385 30
 606 0124 7B69     		ldr	r3, [r7, #20]
 607 0126 93F83A30 		ldrb	r3, [r3, #58]	@ zero_extendqisi2
 608              		.loc 1 385 25
 609 012a FA7E     		ldrb	r2, [r7, #27]	@ zero_extendqisi2
 610 012c 9A42     		cmp	r2, r3
 611 012e 16D1     		bne	.L36
 386:./ucOSII/Core/os_mutex.c ****                          OS_TRACE_MUTEX_TASK_PRIO_DISINHERIT(OSTCBCur, prio);
 612              		.loc 1 386 26
 613 0130 314B     		ldr	r3, .L41+16
 614 0132 1B68     		ldr	r3, [r3]
 615 0134 1846     		mov	r0, r3
 616 0136 FFF7FEFF 		bl	SEGGER_SYSVIEW_ShrinkId
 617 013a 0146     		mov	r1, r0
 618 013c BB7E     		ldrb	r3, [r7, #26]	@ zero_extendqisi2
 619 013e 1A46     		mov	r2, r3
 620 0140 2D20     		movs	r0, #45
 621 0142 FFF7FEFF 		bl	SEGGER_SYSVIEW_RecordU32x2
 387:./ucOSII/Core/os_mutex.c ****                          OSMutex_RdyAtPrio(ptcb, prio);    /* Yes, Restore the task's original prio
 622              		.loc 1 387 26
 623 0146 BB7E     		ldrb	r3, [r7, #26]	@ zero_extendqisi2
 624 0148 1946     		mov	r1, r3
 625 014a 7869     		ldr	r0, [r7, #20]
 626 014c FFF7FEFF 		bl	OSMutex_RdyAtPrio
 388:./ucOSII/Core/os_mutex.c ****                      }
 389:./ucOSII/Core/os_mutex.c ****                  }
 390:./ucOSII/Core/os_mutex.c ****              }
 391:./ucOSII/Core/os_mutex.c ****              while (pevent->OSEventGrp != 0u) {            /* Ready ALL tasks waiting for mutex    
 627              		.loc 1 391 20
 628 0150 05E0     		b	.L36
 629              	.L37:
 392:./ucOSII/Core/os_mutex.c ****                  (void)OS_EventTaskRdy(pevent, (void *)0, OS_STAT_MUTEX, OS_STAT_PEND_ABORT);
 630              		.loc 1 392 24
 631 0152 0223     		movs	r3, #2
 632 0154 1022     		movs	r2, #16
 633 0156 0021     		movs	r1, #0
 634 0158 F868     		ldr	r0, [r7, #12]
 635 015a FFF7FEFF 		bl	OS_EventTaskRdy
ARM GAS  /var/folders/yl/_q9l42k90g1g4mdhbs226msm0000gn/T//ccM27y0v.s 			page 19


 636              	.L36:
 391:./ucOSII/Core/os_mutex.c ****                  (void)OS_EventTaskRdy(pevent, (void *)0, OS_STAT_MUTEX, OS_STAT_PEND_ABORT);
 637              		.loc 1 391 27
 638 015e FB68     		ldr	r3, [r7, #12]
 639 0160 9B7A     		ldrb	r3, [r3, #10]	@ zero_extendqisi2
 391:./ucOSII/Core/os_mutex.c ****                  (void)OS_EventTaskRdy(pevent, (void *)0, OS_STAT_MUTEX, OS_STAT_PEND_ABORT);
 640              		.loc 1 391 20
 641 0162 002B     		cmp	r3, #0
 642 0164 F5D1     		bne	.L37
 393:./ucOSII/Core/os_mutex.c ****              }
 394:./ucOSII/Core/os_mutex.c **** #if OS_EVENT_NAME_EN > 0u
 395:./ucOSII/Core/os_mutex.c ****              pevent->OSEventName   = (INT8U *)(void *)"?";
 643              		.loc 1 395 36
 644 0166 FB68     		ldr	r3, [r7, #12]
 645 0168 204A     		ldr	r2, .L41+4
 646 016a 5A61     		str	r2, [r3, #20]
 396:./ucOSII/Core/os_mutex.c **** #endif
 397:./ucOSII/Core/os_mutex.c ****              pcp                   = (INT8U)(pevent->OSEventCnt >> 8u);
 647              		.loc 1 397 52
 648 016c FB68     		ldr	r3, [r7, #12]
 649 016e 1B89     		ldrh	r3, [r3, #8]
 650              		.loc 1 397 38
 651 0170 1B0A     		lsrs	r3, r3, #8
 652 0172 9BB2     		uxth	r3, r3
 653              		.loc 1 397 36
 654 0174 FB76     		strb	r3, [r7, #27]
 398:./ucOSII/Core/os_mutex.c ****              if (pcp != OS_PRIO_MUTEX_CEIL_DIS) {
 655              		.loc 1 398 17
 656 0176 FB7E     		ldrb	r3, [r7, #27]	@ zero_extendqisi2
 657 0178 FF2B     		cmp	r3, #255
 658 017a 04D0     		beq	.L38
 399:./ucOSII/Core/os_mutex.c ****                  OSTCBPrioTbl[pcp] = (OS_TCB *)0;          /* Free up the PCP                      
 659              		.loc 1 399 30
 660 017c FB7E     		ldrb	r3, [r7, #27]	@ zero_extendqisi2
 661              		.loc 1 399 36
 662 017e 1C4A     		ldr	r2, .L41+8
 663 0180 0021     		movs	r1, #0
 664 0182 42F82310 		str	r1, [r2, r3, lsl #2]
 665              	.L38:
 400:./ucOSII/Core/os_mutex.c ****              }
 401:./ucOSII/Core/os_mutex.c ****              pevent->OSEventType   = OS_EVENT_TYPE_UNUSED;
 666              		.loc 1 401 36
 667 0186 FB68     		ldr	r3, [r7, #12]
 668 0188 0022     		movs	r2, #0
 669 018a 1A70     		strb	r2, [r3]
 402:./ucOSII/Core/os_mutex.c ****              pevent->OSEventPtr    = OSEventFreeList;      /* Return Event Control Block to free li
 670              		.loc 1 402 36
 671 018c 194B     		ldr	r3, .L41+12
 672 018e 1A68     		ldr	r2, [r3]
 673 0190 FB68     		ldr	r3, [r7, #12]
 674 0192 5A60     		str	r2, [r3, #4]
 403:./ucOSII/Core/os_mutex.c ****              pevent->OSEventCnt    = 0u;
 675              		.loc 1 403 36
 676 0194 FB68     		ldr	r3, [r7, #12]
 677 0196 0022     		movs	r2, #0
 678 0198 1A81     		strh	r2, [r3, #8]	@ movhi
 404:./ucOSII/Core/os_mutex.c ****              OSEventFreeList       = pevent;               /* Get next free event control block    
ARM GAS  /var/folders/yl/_q9l42k90g1g4mdhbs226msm0000gn/T//ccM27y0v.s 			page 20


 679              		.loc 1 404 36
 680 019a 164A     		ldr	r2, .L41+12
 681 019c FB68     		ldr	r3, [r7, #12]
 682 019e 1360     		str	r3, [r2]
 405:./ucOSII/Core/os_mutex.c ****              OS_EXIT_CRITICAL();
 683              		.loc 1 405 14
 684 01a0 F869     		ldr	r0, [r7, #28]
 685 01a2 FFF7FEFF 		bl	OS_CPU_SR_Restore
 406:./ucOSII/Core/os_mutex.c ****              if (tasks_waiting == OS_TRUE) {               /* Reschedule only if task(s) were waiti
 686              		.loc 1 406 17
 687 01a6 97F82730 		ldrb	r3, [r7, #39]	@ zero_extendqisi2
 688 01aa 012B     		cmp	r3, #1
 689 01ac 01D1     		bne	.L39
 407:./ucOSII/Core/os_mutex.c ****                  OS_Sched();                               /* Find highest priority task ready to r
 690              		.loc 1 407 18
 691 01ae FFF7FEFF 		bl	OS_Sched
 692              	.L39:
 408:./ucOSII/Core/os_mutex.c ****              }
 409:./ucOSII/Core/os_mutex.c ****              *perr         = OS_ERR_NONE;
 693              		.loc 1 409 28
 694 01b2 7B68     		ldr	r3, [r7, #4]
 695 01b4 0022     		movs	r2, #0
 696 01b6 1A70     		strb	r2, [r3]
 410:./ucOSII/Core/os_mutex.c ****              pevent_return = (OS_EVENT *)0;                /* Mutex has been deleted               
 697              		.loc 1 410 28
 698 01b8 0023     		movs	r3, #0
 699 01ba 3B62     		str	r3, [r7, #32]
 411:./ucOSII/Core/os_mutex.c ****              break;
 700              		.loc 1 411 14
 701 01bc 08E0     		b	.L34
 702              	.L40:
 412:./ucOSII/Core/os_mutex.c **** 
 413:./ucOSII/Core/os_mutex.c ****         default:
 414:./ucOSII/Core/os_mutex.c ****              OS_EXIT_CRITICAL();
 703              		.loc 1 414 14
 704 01be F869     		ldr	r0, [r7, #28]
 705 01c0 FFF7FEFF 		bl	OS_CPU_SR_Restore
 415:./ucOSII/Core/os_mutex.c ****              *perr         = OS_ERR_INVALID_OPT;
 706              		.loc 1 415 28
 707 01c4 7B68     		ldr	r3, [r7, #4]
 708 01c6 0722     		movs	r2, #7
 709 01c8 1A70     		strb	r2, [r3]
 416:./ucOSII/Core/os_mutex.c ****              pevent_return = pevent;
 710              		.loc 1 416 28
 711 01ca FB68     		ldr	r3, [r7, #12]
 712 01cc 3B62     		str	r3, [r7, #32]
 417:./ucOSII/Core/os_mutex.c ****              break;
 713              		.loc 1 417 14
 714 01ce 00BF     		nop
 715              	.L34:
 418:./ucOSII/Core/os_mutex.c ****     }
 419:./ucOSII/Core/os_mutex.c **** 
 420:./ucOSII/Core/os_mutex.c ****     OS_TRACE_MUTEX_DEL_EXIT(*perr);
 716              		.loc 1 420 5
 717 01d0 7B68     		ldr	r3, [r7, #4]
 718 01d2 1B78     		ldrb	r3, [r3]	@ zero_extendqisi2
 719 01d4 1946     		mov	r1, r3
ARM GAS  /var/folders/yl/_q9l42k90g1g4mdhbs226msm0000gn/T//ccM27y0v.s 			page 21


 720 01d6 2920     		movs	r0, #41
 721 01d8 FFF7FEFF 		bl	SEGGER_SYSVIEW_RecordEndCallU32
 421:./ucOSII/Core/os_mutex.c **** 
 422:./ucOSII/Core/os_mutex.c ****     return (pevent_return);
 722              		.loc 1 422 12
 723 01dc 3B6A     		ldr	r3, [r7, #32]
 724              	.L23:
 423:./ucOSII/Core/os_mutex.c **** }
 725              		.loc 1 423 1
 726 01de 1846     		mov	r0, r3
 727 01e0 2837     		adds	r7, r7, #40
 728              	.LCFI13:
 729              		.cfi_def_cfa_offset 8
 730 01e2 BD46     		mov	sp, r7
 731              	.LCFI14:
 732              		.cfi_def_cfa_register 13
 733              		@ sp needed
 734 01e4 80BD     		pop	{r7, pc}
 735              	.L42:
 736 01e6 00BF     		.align	2
 737              	.L41:
 738 01e8 00000000 		.word	OSIntNesting
 739 01ec 00000000 		.word	.LC0
 740 01f0 00000000 		.word	OSTCBPrioTbl
 741 01f4 00000000 		.word	OSEventFreeList
 742 01f8 00000000 		.word	OSTCBCur
 743              		.cfi_endproc
 744              	.LFE5:
 746              		.section	.text.OSMutexPend,"ax",%progbits
 747              		.align	1
 748              		.global	OSMutexPend
 749              		.syntax unified
 750              		.thumb
 751              		.thumb_func
 753              	OSMutexPend:
 754              	.LFB6:
 424:./ucOSII/Core/os_mutex.c **** #endif
 425:./ucOSII/Core/os_mutex.c **** 
 426:./ucOSII/Core/os_mutex.c **** 
 427:./ucOSII/Core/os_mutex.c **** /*
 428:./ucOSII/Core/os_mutex.c **** ***************************************************************************************************
 429:./ucOSII/Core/os_mutex.c **** *                                 PEND ON MUTUAL EXCLUSION SEMAPHORE
 430:./ucOSII/Core/os_mutex.c **** *
 431:./ucOSII/Core/os_mutex.c **** * Description: This function waits for a mutual exclusion semaphore.
 432:./ucOSII/Core/os_mutex.c **** *
 433:./ucOSII/Core/os_mutex.c **** * Arguments  : pevent        is a pointer to the event control block associated with the desired
 434:./ucOSII/Core/os_mutex.c **** *                            mutex.
 435:./ucOSII/Core/os_mutex.c **** *
 436:./ucOSII/Core/os_mutex.c **** *              timeout       is an optional timeout period (in clock ticks).  If non-zero, your tas
 437:./ucOSII/Core/os_mutex.c **** *                            wait for the resource up to the amount of time specified by this argum
 438:./ucOSII/Core/os_mutex.c **** *                            If you specify 0, however, your task will wait forever at the specifie
 439:./ucOSII/Core/os_mutex.c **** *                            mutex or, until the resource becomes available.
 440:./ucOSII/Core/os_mutex.c **** *
 441:./ucOSII/Core/os_mutex.c **** *              perr          is a pointer to where an error message will be deposited.  Possible er
 442:./ucOSII/Core/os_mutex.c **** *                            messages are:
 443:./ucOSII/Core/os_mutex.c **** *                               OS_ERR_NONE        The call was successful and your task owns the m
 444:./ucOSII/Core/os_mutex.c **** *                               OS_ERR_TIMEOUT     The mutex was not available within the specified
ARM GAS  /var/folders/yl/_q9l42k90g1g4mdhbs226msm0000gn/T//ccM27y0v.s 			page 22


 445:./ucOSII/Core/os_mutex.c **** *                               OS_ERR_PEND_ABORT  The wait on the mutex was aborted.
 446:./ucOSII/Core/os_mutex.c **** *                               OS_ERR_EVENT_TYPE  If you didn't pass a pointer to a mutex
 447:./ucOSII/Core/os_mutex.c **** *                               OS_ERR_PEVENT_NULL 'pevent' is a NULL pointer
 448:./ucOSII/Core/os_mutex.c **** *                               OS_ERR_PEND_ISR    If you called this function from an ISR and the 
 449:./ucOSII/Core/os_mutex.c **** *                                                  would lead to a suspension.
 450:./ucOSII/Core/os_mutex.c **** *                               OS_ERR_PCP_LOWER   If the priority of the task that owns the Mutex 
 451:./ucOSII/Core/os_mutex.c **** *                                                  HIGHER (i.e. a lower number) than the PCP.  This
 452:./ucOSII/Core/os_mutex.c **** *                                                  indicates that you did not set the PCP higher (l
 453:./ucOSII/Core/os_mutex.c **** *                                                  number) than ALL the tasks that compete for the 
 454:./ucOSII/Core/os_mutex.c **** *                                                  Unfortunately, this is something that could not 
 455:./ucOSII/Core/os_mutex.c **** *                                                  detected when the Mutex is created because we do
 456:./ucOSII/Core/os_mutex.c **** *                                                  what tasks will be using the Mutex.
 457:./ucOSII/Core/os_mutex.c **** *                               OS_ERR_PEND_LOCKED If you called this function when the scheduler i
 458:./ucOSII/Core/os_mutex.c **** *
 459:./ucOSII/Core/os_mutex.c **** * Returns    : none
 460:./ucOSII/Core/os_mutex.c **** *
 461:./ucOSII/Core/os_mutex.c **** * Note(s)    : 1) The task that owns the Mutex MUST NOT pend on any other event while it owns the m
 462:./ucOSII/Core/os_mutex.c **** *
 463:./ucOSII/Core/os_mutex.c **** *              2) You MUST NOT change the priority of the task that owns the mutex
 464:./ucOSII/Core/os_mutex.c **** ***************************************************************************************************
 465:./ucOSII/Core/os_mutex.c **** */
 466:./ucOSII/Core/os_mutex.c **** 
 467:./ucOSII/Core/os_mutex.c **** void  OSMutexPend (OS_EVENT  *pevent,
 468:./ucOSII/Core/os_mutex.c ****                    INT32U     timeout,
 469:./ucOSII/Core/os_mutex.c ****                    INT8U     *perr)
 470:./ucOSII/Core/os_mutex.c **** {
 755              		.loc 1 470 1
 756              		.cfi_startproc
 757              		@ args = 0, pretend = 0, frame = 40
 758              		@ frame_needed = 1, uses_anonymous_args = 0
 759 0000 80B5     		push	{r7, lr}
 760              	.LCFI15:
 761              		.cfi_def_cfa_offset 8
 762              		.cfi_offset 7, -8
 763              		.cfi_offset 14, -4
 764 0002 8AB0     		sub	sp, sp, #40
 765              	.LCFI16:
 766              		.cfi_def_cfa_offset 48
 767 0004 00AF     		add	r7, sp, #0
 768              	.LCFI17:
 769              		.cfi_def_cfa_register 7
 770 0006 F860     		str	r0, [r7, #12]
 771 0008 B960     		str	r1, [r7, #8]
 772 000a 7A60     		str	r2, [r7, #4]
 471:./ucOSII/Core/os_mutex.c ****     INT8U      pcp;                                        /* Priority Ceiling Priority (PCP)      
 472:./ucOSII/Core/os_mutex.c ****     INT8U      mprio;                                      /* Mutex owner priority                 
 473:./ucOSII/Core/os_mutex.c ****     BOOLEAN    rdy;                                        /* Flag indicating task was ready       
 474:./ucOSII/Core/os_mutex.c ****     OS_TCB    *ptcb;
 475:./ucOSII/Core/os_mutex.c ****     OS_EVENT  *pevent2;
 476:./ucOSII/Core/os_mutex.c ****     INT8U      y;
 477:./ucOSII/Core/os_mutex.c **** #if OS_CRITICAL_METHOD == 3u                               /* Allocate storage for CPU status regis
 478:./ucOSII/Core/os_mutex.c ****     OS_CPU_SR  cpu_sr = 0u;
 773              		.loc 1 478 16
 774 000c 0023     		movs	r3, #0
 775 000e 3B62     		str	r3, [r7, #32]
 479:./ucOSII/Core/os_mutex.c **** #endif
 480:./ucOSII/Core/os_mutex.c **** 
ARM GAS  /var/folders/yl/_q9l42k90g1g4mdhbs226msm0000gn/T//ccM27y0v.s 			page 23


 481:./ucOSII/Core/os_mutex.c **** 
 482:./ucOSII/Core/os_mutex.c **** #ifdef OS_SAFETY_CRITICAL
 483:./ucOSII/Core/os_mutex.c ****     if (perr == (INT8U *)0) {
 484:./ucOSII/Core/os_mutex.c ****         OS_SAFETY_CRITICAL_EXCEPTION();
 485:./ucOSII/Core/os_mutex.c ****         return;
 486:./ucOSII/Core/os_mutex.c ****     }
 487:./ucOSII/Core/os_mutex.c **** #endif
 488:./ucOSII/Core/os_mutex.c **** 
 489:./ucOSII/Core/os_mutex.c **** #if OS_ARG_CHK_EN > 0u
 490:./ucOSII/Core/os_mutex.c ****     if (pevent == (OS_EVENT *)0) {                         /* Validate 'pevent'                    
 776              		.loc 1 490 8
 777 0010 FB68     		ldr	r3, [r7, #12]
 778 0012 002B     		cmp	r3, #0
 779 0014 03D1     		bne	.L44
 491:./ucOSII/Core/os_mutex.c ****         *perr = OS_ERR_PEVENT_NULL;
 780              		.loc 1 491 15
 781 0016 7B68     		ldr	r3, [r7, #4]
 782 0018 0422     		movs	r2, #4
 783 001a 1A70     		strb	r2, [r3]
 492:./ucOSII/Core/os_mutex.c ****         return;
 784              		.loc 1 492 9
 785 001c C6E1     		b	.L43
 786              	.L44:
 493:./ucOSII/Core/os_mutex.c ****     }
 494:./ucOSII/Core/os_mutex.c **** #endif
 495:./ucOSII/Core/os_mutex.c **** 
 496:./ucOSII/Core/os_mutex.c ****     OS_TRACE_MUTEX_PEND_ENTER(pevent, timeout);
 787              		.loc 1 496 5
 788 001e FB68     		ldr	r3, [r7, #12]
 789 0020 1846     		mov	r0, r3
 790 0022 FFF7FEFF 		bl	SEGGER_SYSVIEW_ShrinkId
 791 0026 0346     		mov	r3, r0
 792 0028 BA68     		ldr	r2, [r7, #8]
 793 002a 1946     		mov	r1, r3
 794 002c 2B20     		movs	r0, #43
 795 002e FFF7FEFF 		bl	SEGGER_SYSVIEW_RecordU32x2
 497:./ucOSII/Core/os_mutex.c **** 
 498:./ucOSII/Core/os_mutex.c ****     if (pevent->OSEventType != OS_EVENT_TYPE_MUTEX) {      /* Validate event block type            
 796              		.loc 1 498 15
 797 0032 FB68     		ldr	r3, [r7, #12]
 798 0034 1B78     		ldrb	r3, [r3]	@ zero_extendqisi2
 799              		.loc 1 498 8
 800 0036 042B     		cmp	r3, #4
 801 0038 09D0     		beq	.L46
 499:./ucOSII/Core/os_mutex.c ****         *perr = OS_ERR_EVENT_TYPE;
 802              		.loc 1 499 15
 803 003a 7B68     		ldr	r3, [r7, #4]
 804 003c 0122     		movs	r2, #1
 805 003e 1A70     		strb	r2, [r3]
 500:./ucOSII/Core/os_mutex.c ****         OS_TRACE_MUTEX_PEND_EXIT(*perr);
 806              		.loc 1 500 9
 807 0040 7B68     		ldr	r3, [r7, #4]
 808 0042 1B78     		ldrb	r3, [r3]	@ zero_extendqisi2
 809 0044 1946     		mov	r1, r3
 810 0046 2B20     		movs	r0, #43
 811 0048 FFF7FEFF 		bl	SEGGER_SYSVIEW_RecordEndCallU32
 501:./ucOSII/Core/os_mutex.c ****         return;
ARM GAS  /var/folders/yl/_q9l42k90g1g4mdhbs226msm0000gn/T//ccM27y0v.s 			page 24


 812              		.loc 1 501 9
 813 004c AEE1     		b	.L43
 814              	.L46:
 502:./ucOSII/Core/os_mutex.c ****     }
 503:./ucOSII/Core/os_mutex.c ****     if (OSIntNesting > 0u) {                               /* See if called from ISR ...           
 815              		.loc 1 503 22
 816 004e 924B     		ldr	r3, .L64
 817 0050 1B78     		ldrb	r3, [r3]	@ zero_extendqisi2
 818              		.loc 1 503 8
 819 0052 002B     		cmp	r3, #0
 820 0054 09D0     		beq	.L47
 504:./ucOSII/Core/os_mutex.c ****         *perr = OS_ERR_PEND_ISR;                           /* ... can't PEND from an ISR           
 821              		.loc 1 504 15
 822 0056 7B68     		ldr	r3, [r7, #4]
 823 0058 0222     		movs	r2, #2
 824 005a 1A70     		strb	r2, [r3]
 505:./ucOSII/Core/os_mutex.c ****         OS_TRACE_MUTEX_PEND_EXIT(*perr);
 825              		.loc 1 505 9
 826 005c 7B68     		ldr	r3, [r7, #4]
 827 005e 1B78     		ldrb	r3, [r3]	@ zero_extendqisi2
 828 0060 1946     		mov	r1, r3
 829 0062 2B20     		movs	r0, #43
 830 0064 FFF7FEFF 		bl	SEGGER_SYSVIEW_RecordEndCallU32
 506:./ucOSII/Core/os_mutex.c ****         return;
 831              		.loc 1 506 9
 832 0068 A0E1     		b	.L43
 833              	.L47:
 507:./ucOSII/Core/os_mutex.c ****     }
 508:./ucOSII/Core/os_mutex.c ****     if (OSLockNesting > 0u) {                              /* See if called with scheduler locked .
 834              		.loc 1 508 23
 835 006a 8C4B     		ldr	r3, .L64+4
 836 006c 1B78     		ldrb	r3, [r3]	@ zero_extendqisi2
 837              		.loc 1 508 8
 838 006e 002B     		cmp	r3, #0
 839 0070 09D0     		beq	.L48
 509:./ucOSII/Core/os_mutex.c ****         *perr = OS_ERR_PEND_LOCKED;                        /* ... can't PEND when locked           
 840              		.loc 1 509 15
 841 0072 7B68     		ldr	r3, [r7, #4]
 842 0074 0D22     		movs	r2, #13
 843 0076 1A70     		strb	r2, [r3]
 510:./ucOSII/Core/os_mutex.c ****         OS_TRACE_MUTEX_PEND_EXIT(*perr);
 844              		.loc 1 510 9
 845 0078 7B68     		ldr	r3, [r7, #4]
 846 007a 1B78     		ldrb	r3, [r3]	@ zero_extendqisi2
 847 007c 1946     		mov	r1, r3
 848 007e 2B20     		movs	r0, #43
 849 0080 FFF7FEFF 		bl	SEGGER_SYSVIEW_RecordEndCallU32
 511:./ucOSII/Core/os_mutex.c ****         return;
 850              		.loc 1 511 9
 851 0084 92E1     		b	.L43
 852              	.L48:
 512:./ucOSII/Core/os_mutex.c ****     }
 513:./ucOSII/Core/os_mutex.c **** 
 514:./ucOSII/Core/os_mutex.c ****     OS_ENTER_CRITICAL();
 853              		.loc 1 514 5
 854 0086 4020     		movs	r0, #64
 855 0088 FFF7FEFF 		bl	OS_CPU_SR_Save
ARM GAS  /var/folders/yl/_q9l42k90g1g4mdhbs226msm0000gn/T//ccM27y0v.s 			page 25


 856 008c 3862     		str	r0, [r7, #32]
 515:./ucOSII/Core/os_mutex.c ****     pcp = (INT8U)(pevent->OSEventCnt >> 8u);               /* Get PCP from mutex                   
 857              		.loc 1 515 25
 858 008e FB68     		ldr	r3, [r7, #12]
 859 0090 1B89     		ldrh	r3, [r3, #8]
 860              		.loc 1 515 11
 861 0092 1B0A     		lsrs	r3, r3, #8
 862 0094 9BB2     		uxth	r3, r3
 863              		.loc 1 515 9
 864 0096 FB77     		strb	r3, [r7, #31]
 516:./ucOSII/Core/os_mutex.c ****                                                            /* Is Mutex available?                  
 517:./ucOSII/Core/os_mutex.c ****     if ((INT8U)(pevent->OSEventCnt & OS_MUTEX_KEEP_LOWER_8) == OS_MUTEX_AVAILABLE) {
 865              		.loc 1 517 23
 866 0098 FB68     		ldr	r3, [r7, #12]
 867 009a 1B89     		ldrh	r3, [r3, #8]
 868              		.loc 1 517 9
 869 009c DBB2     		uxtb	r3, r3
 870              		.loc 1 517 8
 871 009e FF2B     		cmp	r3, #255
 872 00a0 33D1     		bne	.L49
 518:./ucOSII/Core/os_mutex.c ****         pevent->OSEventCnt &= OS_MUTEX_KEEP_UPPER_8;       /* Yes, Acquire the resource            
 873              		.loc 1 518 28
 874 00a2 FB68     		ldr	r3, [r7, #12]
 875 00a4 1B89     		ldrh	r3, [r3, #8]
 876 00a6 23F0FF03 		bic	r3, r3, #255
 877 00aa 9AB2     		uxth	r2, r3
 878 00ac FB68     		ldr	r3, [r7, #12]
 879 00ae 1A81     		strh	r2, [r3, #8]	@ movhi
 519:./ucOSII/Core/os_mutex.c ****         pevent->OSEventCnt |= (INT16U)OSTCBCur->OSTCBPrio; /*      Save priority of owning task    
 880              		.loc 1 519 28
 881 00b0 FB68     		ldr	r3, [r7, #12]
 882 00b2 1A89     		ldrh	r2, [r3, #8]
 883              		.loc 1 519 47
 884 00b4 7A4B     		ldr	r3, .L64+8
 885 00b6 1B68     		ldr	r3, [r3]
 886 00b8 93F83A30 		ldrb	r3, [r3, #58]	@ zero_extendqisi2
 887 00bc 9BB2     		uxth	r3, r3
 888              		.loc 1 519 28
 889 00be 1343     		orrs	r3, r3, r2
 890 00c0 9AB2     		uxth	r2, r3
 891 00c2 FB68     		ldr	r3, [r7, #12]
 892 00c4 1A81     		strh	r2, [r3, #8]	@ movhi
 520:./ucOSII/Core/os_mutex.c ****         pevent->OSEventPtr  = (void *)OSTCBCur;            /*      Point to owning task's OS_TCB   
 893              		.loc 1 520 29
 894 00c6 764B     		ldr	r3, .L64+8
 895 00c8 1A68     		ldr	r2, [r3]
 896 00ca FB68     		ldr	r3, [r7, #12]
 897 00cc 5A60     		str	r2, [r3, #4]
 521:./ucOSII/Core/os_mutex.c ****         if ((pcp != OS_PRIO_MUTEX_CEIL_DIS) &&
 898              		.loc 1 521 12
 899 00ce FB7F     		ldrb	r3, [r7, #31]	@ zero_extendqisi2
 900 00d0 FF2B     		cmp	r3, #255
 901 00d2 0DD0     		beq	.L50
 522:./ucOSII/Core/os_mutex.c ****             (OSTCBCur->OSTCBPrio <= pcp)) {                /*      PCP 'must' have a SMALLER prio .
 902              		.loc 1 522 22 discriminator 1
 903 00d4 724B     		ldr	r3, .L64+8
 904 00d6 1B68     		ldr	r3, [r3]
ARM GAS  /var/folders/yl/_q9l42k90g1g4mdhbs226msm0000gn/T//ccM27y0v.s 			page 26


 905 00d8 93F83A30 		ldrb	r3, [r3, #58]	@ zero_extendqisi2
 521:./ucOSII/Core/os_mutex.c ****         if ((pcp != OS_PRIO_MUTEX_CEIL_DIS) &&
 906              		.loc 1 521 45 discriminator 1
 907 00dc FA7F     		ldrb	r2, [r7, #31]	@ zero_extendqisi2
 908 00de 9A42     		cmp	r2, r3
 909 00e0 06D3     		bcc	.L50
 523:./ucOSII/Core/os_mutex.c ****              OS_EXIT_CRITICAL();                           /*      ... than current task!          
 910              		.loc 1 523 14
 911 00e2 386A     		ldr	r0, [r7, #32]
 912 00e4 FFF7FEFF 		bl	OS_CPU_SR_Restore
 524:./ucOSII/Core/os_mutex.c ****             *perr = OS_ERR_PCP_LOWER;
 913              		.loc 1 524 19
 914 00e8 7B68     		ldr	r3, [r7, #4]
 915 00ea 7822     		movs	r2, #120
 916 00ec 1A70     		strb	r2, [r3]
 917 00ee 05E0     		b	.L51
 918              	.L50:
 525:./ucOSII/Core/os_mutex.c ****         } else {
 526:./ucOSII/Core/os_mutex.c ****              OS_EXIT_CRITICAL();
 919              		.loc 1 526 14
 920 00f0 386A     		ldr	r0, [r7, #32]
 921 00f2 FFF7FEFF 		bl	OS_CPU_SR_Restore
 527:./ucOSII/Core/os_mutex.c ****             *perr = OS_ERR_NONE;
 922              		.loc 1 527 19
 923 00f6 7B68     		ldr	r3, [r7, #4]
 924 00f8 0022     		movs	r2, #0
 925 00fa 1A70     		strb	r2, [r3]
 926              	.L51:
 528:./ucOSII/Core/os_mutex.c ****         }
 529:./ucOSII/Core/os_mutex.c ****         OS_TRACE_MUTEX_PEND_EXIT(*perr);
 927              		.loc 1 529 9
 928 00fc 7B68     		ldr	r3, [r7, #4]
 929 00fe 1B78     		ldrb	r3, [r3]	@ zero_extendqisi2
 930 0100 1946     		mov	r1, r3
 931 0102 2B20     		movs	r0, #43
 932 0104 FFF7FEFF 		bl	SEGGER_SYSVIEW_RecordEndCallU32
 530:./ucOSII/Core/os_mutex.c ****         return;
 933              		.loc 1 530 9
 934 0108 50E1     		b	.L43
 935              	.L49:
 531:./ucOSII/Core/os_mutex.c ****     }
 532:./ucOSII/Core/os_mutex.c ****     if (pcp != OS_PRIO_MUTEX_CEIL_DIS) {
 936              		.loc 1 532 8
 937 010a FB7F     		ldrb	r3, [r7, #31]	@ zero_extendqisi2
 938 010c FF2B     		cmp	r3, #255
 939 010e 00F0F380 		beq	.L52
 533:./ucOSII/Core/os_mutex.c ****         mprio = (INT8U)(pevent->OSEventCnt & OS_MUTEX_KEEP_LOWER_8); /*  Get priority of mutex owne
 940              		.loc 1 533 31
 941 0112 FB68     		ldr	r3, [r7, #12]
 942 0114 1B89     		ldrh	r3, [r3, #8]
 943              		.loc 1 533 15
 944 0116 BB77     		strb	r3, [r7, #30]
 534:./ucOSII/Core/os_mutex.c ****         ptcb  = (OS_TCB *)(pevent->OSEventPtr);                   /*     Point to TCB of mutex owne
 945              		.loc 1 534 15
 946 0118 FB68     		ldr	r3, [r7, #12]
 947 011a 5B68     		ldr	r3, [r3, #4]
 948 011c BB61     		str	r3, [r7, #24]
ARM GAS  /var/folders/yl/_q9l42k90g1g4mdhbs226msm0000gn/T//ccM27y0v.s 			page 27


 535:./ucOSII/Core/os_mutex.c ****         if (ptcb->OSTCBPrio > pcp) {                              /*     Need to promote prio of ow
 949              		.loc 1 535 17
 950 011e BB69     		ldr	r3, [r7, #24]
 951 0120 93F83A30 		ldrb	r3, [r3, #58]	@ zero_extendqisi2
 952              		.loc 1 535 12
 953 0124 FA7F     		ldrb	r2, [r7, #31]	@ zero_extendqisi2
 954 0126 9A42     		cmp	r2, r3
 955 0128 80F0E680 		bcs	.L52
 536:./ucOSII/Core/os_mutex.c ****             if (mprio > OSTCBCur->OSTCBPrio) {
 956              		.loc 1 536 33
 957 012c 5C4B     		ldr	r3, .L64+8
 958 012e 1B68     		ldr	r3, [r3]
 959 0130 93F83A30 		ldrb	r3, [r3, #58]	@ zero_extendqisi2
 960              		.loc 1 536 16
 961 0134 BA7F     		ldrb	r2, [r7, #30]	@ zero_extendqisi2
 962 0136 9A42     		cmp	r2, r3
 963 0138 40F2DE80 		bls	.L52
 537:./ucOSII/Core/os_mutex.c ****                 y = ptcb->OSTCBY;
 964              		.loc 1 537 19
 965 013c BB69     		ldr	r3, [r7, #24]
 966 013e 93F83C30 		ldrb	r3, [r3, #60]
 967 0142 FB75     		strb	r3, [r7, #23]
 538:./ucOSII/Core/os_mutex.c ****                 if ((OSRdyTbl[y] & ptcb->OSTCBBitX) != 0u) {      /*     See if mutex owner is read
 968              		.loc 1 538 30
 969 0144 FB7D     		ldrb	r3, [r7, #23]	@ zero_extendqisi2
 970 0146 574A     		ldr	r2, .L64+12
 971 0148 D25C     		ldrb	r2, [r2, r3]	@ zero_extendqisi2
 972              		.loc 1 538 40
 973 014a BB69     		ldr	r3, [r7, #24]
 974 014c 93F83D30 		ldrb	r3, [r3, #61]	@ zero_extendqisi2
 975              		.loc 1 538 53
 976 0150 1340     		ands	r3, r3, r2
 977 0152 DBB2     		uxtb	r3, r3
 978              		.loc 1 538 20
 979 0154 002B     		cmp	r3, #0
 980 0156 20D0     		beq	.L53
 539:./ucOSII/Core/os_mutex.c ****                     OSRdyTbl[y] &= (OS_PRIO)~ptcb->OSTCBBitX;     /*     Yes, Remove owner from Rdy
 981              		.loc 1 539 33
 982 0158 FB7D     		ldrb	r3, [r7, #23]	@ zero_extendqisi2
 983 015a 524A     		ldr	r2, .L64+12
 984 015c D15C     		ldrb	r1, [r2, r3]	@ zero_extendqisi2
 985              		.loc 1 539 50
 986 015e BB69     		ldr	r3, [r7, #24]
 987 0160 93F83D30 		ldrb	r3, [r3, #61]	@ zero_extendqisi2
 988              		.loc 1 539 36
 989 0164 DB43     		mvns	r3, r3
 990 0166 DAB2     		uxtb	r2, r3
 991              		.loc 1 539 33
 992 0168 FB7D     		ldrb	r3, [r7, #23]	@ zero_extendqisi2
 993 016a 0A40     		ands	r2, r2, r1
 994 016c D1B2     		uxtb	r1, r2
 995 016e 4D4A     		ldr	r2, .L64+12
 996 0170 D154     		strb	r1, [r2, r3]
 540:./ucOSII/Core/os_mutex.c ****                     if (OSRdyTbl[y] == 0u) {                      /*          ... list at current p
 997              		.loc 1 540 33
 998 0172 FB7D     		ldrb	r3, [r7, #23]	@ zero_extendqisi2
 999 0174 4B4A     		ldr	r2, .L64+12
ARM GAS  /var/folders/yl/_q9l42k90g1g4mdhbs226msm0000gn/T//ccM27y0v.s 			page 28


 1000 0176 D35C     		ldrb	r3, [r2, r3]	@ zero_extendqisi2
 1001              		.loc 1 540 24
 1002 0178 002B     		cmp	r3, #0
 1003 017a 0AD1     		bne	.L54
 541:./ucOSII/Core/os_mutex.c ****                         OSRdyGrp &= (OS_PRIO)~ptcb->OSTCBBitY;
 1004              		.loc 1 541 51
 1005 017c BB69     		ldr	r3, [r7, #24]
 1006 017e 93F83E30 		ldrb	r3, [r3, #62]	@ zero_extendqisi2
 1007              		.loc 1 541 37
 1008 0182 DB43     		mvns	r3, r3
 1009 0184 DAB2     		uxtb	r2, r3
 1010              		.loc 1 541 34
 1011 0186 484B     		ldr	r3, .L64+16
 1012 0188 1B78     		ldrb	r3, [r3]	@ zero_extendqisi2
 1013 018a 1340     		ands	r3, r3, r2
 1014 018c DAB2     		uxtb	r2, r3
 1015 018e 464B     		ldr	r3, .L64+16
 1016 0190 1A70     		strb	r2, [r3]
 1017              	.L54:
 542:./ucOSII/Core/os_mutex.c ****                     }
 543:./ucOSII/Core/os_mutex.c ****                     rdy = OS_TRUE;
 1018              		.loc 1 543 25
 1019 0192 0123     		movs	r3, #1
 1020 0194 87F82730 		strb	r3, [r7, #39]
 1021 0198 2DE0     		b	.L55
 1022              	.L53:
 544:./ucOSII/Core/os_mutex.c ****                 } else {
 545:./ucOSII/Core/os_mutex.c ****                     pevent2 = ptcb->OSTCBEventPtr;
 1023              		.loc 1 545 29
 1024 019a BB69     		ldr	r3, [r7, #24]
 1025 019c DB69     		ldr	r3, [r3, #28]
 1026 019e 3B61     		str	r3, [r7, #16]
 546:./ucOSII/Core/os_mutex.c ****                     if (pevent2 != (OS_EVENT *)0) {               /* Remove from event wait list   
 1027              		.loc 1 546 24
 1028 01a0 3B69     		ldr	r3, [r7, #16]
 1029 01a2 002B     		cmp	r3, #0
 1030 01a4 24D0     		beq	.L56
 547:./ucOSII/Core/os_mutex.c ****                         y = ptcb->OSTCBY;
 1031              		.loc 1 547 27
 1032 01a6 BB69     		ldr	r3, [r7, #24]
 1033 01a8 93F83C30 		ldrb	r3, [r3, #60]
 1034 01ac FB75     		strb	r3, [r7, #23]
 548:./ucOSII/Core/os_mutex.c ****                         pevent2->OSEventTbl[y] &= (OS_PRIO)~ptcb->OSTCBBitX;
 1035              		.loc 1 548 48
 1036 01ae FB7D     		ldrb	r3, [r7, #23]	@ zero_extendqisi2
 1037 01b0 3A69     		ldr	r2, [r7, #16]
 1038 01b2 1344     		add	r3, r3, r2
 1039 01b4 D97A     		ldrb	r1, [r3, #11]	@ zero_extendqisi2
 1040              		.loc 1 548 65
 1041 01b6 BB69     		ldr	r3, [r7, #24]
 1042 01b8 93F83D30 		ldrb	r3, [r3, #61]	@ zero_extendqisi2
 1043              		.loc 1 548 51
 1044 01bc DB43     		mvns	r3, r3
 1045 01be DAB2     		uxtb	r2, r3
 1046              		.loc 1 548 48
 1047 01c0 FB7D     		ldrb	r3, [r7, #23]	@ zero_extendqisi2
 1048 01c2 0A40     		ands	r2, r2, r1
ARM GAS  /var/folders/yl/_q9l42k90g1g4mdhbs226msm0000gn/T//ccM27y0v.s 			page 29


 1049 01c4 D1B2     		uxtb	r1, r2
 1050 01c6 3A69     		ldr	r2, [r7, #16]
 1051 01c8 1344     		add	r3, r3, r2
 1052 01ca 0A46     		mov	r2, r1
 1053 01cc DA72     		strb	r2, [r3, #11]
 549:./ucOSII/Core/os_mutex.c ****                         if (pevent2->OSEventTbl[y] == 0u) {
 1054              		.loc 1 549 48
 1055 01ce FB7D     		ldrb	r3, [r7, #23]	@ zero_extendqisi2
 1056 01d0 3A69     		ldr	r2, [r7, #16]
 1057 01d2 1344     		add	r3, r3, r2
 1058 01d4 DB7A     		ldrb	r3, [r3, #11]	@ zero_extendqisi2
 1059              		.loc 1 549 28
 1060 01d6 002B     		cmp	r3, #0
 1061 01d8 0AD1     		bne	.L56
 550:./ucOSII/Core/os_mutex.c ****                             pevent2->OSEventGrp &= (OS_PRIO)~ptcb->OSTCBBitY;
 1062              		.loc 1 550 49
 1063 01da 3B69     		ldr	r3, [r7, #16]
 1064 01dc 9A7A     		ldrb	r2, [r3, #10]	@ zero_extendqisi2
 1065              		.loc 1 550 66
 1066 01de BB69     		ldr	r3, [r7, #24]
 1067 01e0 93F83E30 		ldrb	r3, [r3, #62]	@ zero_extendqisi2
 1068              		.loc 1 550 52
 1069 01e4 DB43     		mvns	r3, r3
 1070 01e6 DBB2     		uxtb	r3, r3
 1071              		.loc 1 550 49
 1072 01e8 1340     		ands	r3, r3, r2
 1073 01ea DAB2     		uxtb	r2, r3
 1074 01ec 3B69     		ldr	r3, [r7, #16]
 1075 01ee 9A72     		strb	r2, [r3, #10]
 1076              	.L56:
 551:./ucOSII/Core/os_mutex.c ****                         }
 552:./ucOSII/Core/os_mutex.c ****                     }
 553:./ucOSII/Core/os_mutex.c ****                     rdy = OS_FALSE;                        /* No                                   
 1077              		.loc 1 553 25
 1078 01f0 0023     		movs	r3, #0
 1079 01f2 87F82730 		strb	r3, [r7, #39]
 1080              	.L55:
 554:./ucOSII/Core/os_mutex.c ****                 }
 555:./ucOSII/Core/os_mutex.c ****                 ptcb->OSTCBPrio = pcp;                     /* Change owner task prio to PCP        
 1081              		.loc 1 555 33
 1082 01f6 BB69     		ldr	r3, [r7, #24]
 1083 01f8 FA7F     		ldrb	r2, [r7, #31]
 1084 01fa 83F83A20 		strb	r2, [r3, #58]
 556:./ucOSII/Core/os_mutex.c **** 
 557:./ucOSII/Core/os_mutex.c ****                 OS_TRACE_MUTEX_TASK_PRIO_INHERIT(ptcb, pcp);
 1085              		.loc 1 557 17
 1086 01fe BB69     		ldr	r3, [r7, #24]
 1087 0200 1846     		mov	r0, r3
 1088 0202 FFF7FEFF 		bl	SEGGER_SYSVIEW_ShrinkId
 1089 0206 0146     		mov	r1, r0
 1090 0208 FB7F     		ldrb	r3, [r7, #31]	@ zero_extendqisi2
 1091 020a 1A46     		mov	r2, r3
 1092 020c 2C20     		movs	r0, #44
 1093 020e FFF7FEFF 		bl	SEGGER_SYSVIEW_RecordU32x2
 558:./ucOSII/Core/os_mutex.c **** 
 559:./ucOSII/Core/os_mutex.c **** #if OS_LOWEST_PRIO <= 63u
 560:./ucOSII/Core/os_mutex.c ****                 ptcb->OSTCBY    = (INT8U)( ptcb->OSTCBPrio >> 3u);
ARM GAS  /var/folders/yl/_q9l42k90g1g4mdhbs226msm0000gn/T//ccM27y0v.s 			page 30


 1094              		.loc 1 560 48
 1095 0212 BB69     		ldr	r3, [r7, #24]
 1096 0214 93F83A30 		ldrb	r3, [r3, #58]	@ zero_extendqisi2
 1097              		.loc 1 560 35
 1098 0218 DB08     		lsrs	r3, r3, #3
 1099 021a DAB2     		uxtb	r2, r3
 1100              		.loc 1 560 33
 1101 021c BB69     		ldr	r3, [r7, #24]
 1102 021e 83F83C20 		strb	r2, [r3, #60]
 561:./ucOSII/Core/os_mutex.c ****                 ptcb->OSTCBX    = (INT8U)( ptcb->OSTCBPrio & 0x07u);
 1103              		.loc 1 561 48
 1104 0222 BB69     		ldr	r3, [r7, #24]
 1105 0224 93F83A30 		ldrb	r3, [r3, #58]	@ zero_extendqisi2
 1106              		.loc 1 561 35
 1107 0228 03F00703 		and	r3, r3, #7
 1108 022c DAB2     		uxtb	r2, r3
 1109              		.loc 1 561 33
 1110 022e BB69     		ldr	r3, [r7, #24]
 1111 0230 83F83B20 		strb	r2, [r3, #59]
 562:./ucOSII/Core/os_mutex.c **** #else
 563:./ucOSII/Core/os_mutex.c ****                 ptcb->OSTCBY    = (INT8U)((INT8U)(ptcb->OSTCBPrio >> 4u) & 0xFFu);
 564:./ucOSII/Core/os_mutex.c ****                 ptcb->OSTCBX    = (INT8U)( ptcb->OSTCBPrio & 0x0Fu);
 565:./ucOSII/Core/os_mutex.c **** #endif
 566:./ucOSII/Core/os_mutex.c ****                 ptcb->OSTCBBitY = (OS_PRIO)(1uL << ptcb->OSTCBY);
 1112              		.loc 1 566 56
 1113 0234 BB69     		ldr	r3, [r7, #24]
 1114 0236 93F83C30 		ldrb	r3, [r3, #60]	@ zero_extendqisi2
 1115 023a 1A46     		mov	r2, r3
 1116              		.loc 1 566 49
 1117 023c 0123     		movs	r3, #1
 1118 023e 9340     		lsls	r3, r3, r2
 1119              		.loc 1 566 35
 1120 0240 DAB2     		uxtb	r2, r3
 1121              		.loc 1 566 33
 1122 0242 BB69     		ldr	r3, [r7, #24]
 1123 0244 83F83E20 		strb	r2, [r3, #62]
 567:./ucOSII/Core/os_mutex.c ****                 ptcb->OSTCBBitX = (OS_PRIO)(1uL << ptcb->OSTCBX);
 1124              		.loc 1 567 56
 1125 0248 BB69     		ldr	r3, [r7, #24]
 1126 024a 93F83B30 		ldrb	r3, [r3, #59]	@ zero_extendqisi2
 1127 024e 1A46     		mov	r2, r3
 1128              		.loc 1 567 49
 1129 0250 0123     		movs	r3, #1
 1130 0252 9340     		lsls	r3, r3, r2
 1131              		.loc 1 567 35
 1132 0254 DAB2     		uxtb	r2, r3
 1133              		.loc 1 567 33
 1134 0256 BB69     		ldr	r3, [r7, #24]
 1135 0258 83F83D20 		strb	r2, [r3, #61]
 568:./ucOSII/Core/os_mutex.c **** 
 569:./ucOSII/Core/os_mutex.c ****                 if (rdy == OS_TRUE) {                      /* If task was ready at owner's priority
 1136              		.loc 1 569 20
 1137 025c 97F82730 		ldrb	r3, [r7, #39]	@ zero_extendqisi2
 1138 0260 012B     		cmp	r3, #1
 1139 0262 23D1     		bne	.L57
 570:./ucOSII/Core/os_mutex.c ****                     OSRdyGrp               |= ptcb->OSTCBBitY; /* ... make it ready at new priority
 1140              		.loc 1 570 51
ARM GAS  /var/folders/yl/_q9l42k90g1g4mdhbs226msm0000gn/T//ccM27y0v.s 			page 31


 1141 0264 BB69     		ldr	r3, [r7, #24]
 1142 0266 93F83E20 		ldrb	r2, [r3, #62]	@ zero_extendqisi2
 1143              		.loc 1 570 44
 1144 026a 0F4B     		ldr	r3, .L64+16
 1145 026c 1B78     		ldrb	r3, [r3]	@ zero_extendqisi2
 1146 026e 1343     		orrs	r3, r3, r2
 1147 0270 DAB2     		uxtb	r2, r3
 1148 0272 0D4B     		ldr	r3, .L64+16
 1149 0274 1A70     		strb	r2, [r3]
 571:./ucOSII/Core/os_mutex.c ****                     OSRdyTbl[ptcb->OSTCBY] |= ptcb->OSTCBBitX;
 1150              		.loc 1 571 34
 1151 0276 BB69     		ldr	r3, [r7, #24]
 1152 0278 93F83C30 		ldrb	r3, [r3, #60]	@ zero_extendqisi2
 1153              		.loc 1 571 44
 1154 027c 1A46     		mov	r2, r3
 1155 027e 094B     		ldr	r3, .L64+12
 1156 0280 9A5C     		ldrb	r2, [r3, r2]	@ zero_extendqisi2
 1157              		.loc 1 571 51
 1158 0282 BB69     		ldr	r3, [r7, #24]
 1159 0284 93F83D30 		ldrb	r3, [r3, #61]	@ zero_extendqisi2
 1160              		.loc 1 571 34
 1161 0288 B969     		ldr	r1, [r7, #24]
 1162 028a 91F83C10 		ldrb	r1, [r1, #60]	@ zero_extendqisi2
 1163              		.loc 1 571 44
 1164 028e 1343     		orrs	r3, r3, r2
 1165 0290 DAB2     		uxtb	r2, r3
 1166 0292 044B     		ldr	r3, .L64+12
 1167 0294 5A54     		strb	r2, [r3, r1]
 1168 0296 2AE0     		b	.L58
 1169              	.L65:
 1170              		.align	2
 1171              	.L64:
 1172 0298 00000000 		.word	OSIntNesting
 1173 029c 00000000 		.word	OSLockNesting
 1174 02a0 00000000 		.word	OSTCBCur
 1175 02a4 00000000 		.word	OSRdyTbl
 1176 02a8 00000000 		.word	OSRdyGrp
 1177              	.L57:
 572:./ucOSII/Core/os_mutex.c ****                 } else {
 573:./ucOSII/Core/os_mutex.c ****                     pevent2 = ptcb->OSTCBEventPtr;
 1178              		.loc 1 573 29
 1179 02ac BB69     		ldr	r3, [r7, #24]
 1180 02ae DB69     		ldr	r3, [r3, #28]
 1181 02b0 3B61     		str	r3, [r7, #16]
 574:./ucOSII/Core/os_mutex.c ****                     if (pevent2 != (OS_EVENT *)0) {        /* Add to event wait list               
 1182              		.loc 1 574 24
 1183 02b2 3B69     		ldr	r3, [r7, #16]
 1184 02b4 002B     		cmp	r3, #0
 1185 02b6 1AD0     		beq	.L58
 575:./ucOSII/Core/os_mutex.c ****                         pevent2->OSEventGrp               |= ptcb->OSTCBBitY;
 1186              		.loc 1 575 59
 1187 02b8 3B69     		ldr	r3, [r7, #16]
 1188 02ba 9A7A     		ldrb	r2, [r3, #10]	@ zero_extendqisi2
 1189              		.loc 1 575 66
 1190 02bc BB69     		ldr	r3, [r7, #24]
 1191 02be 93F83E30 		ldrb	r3, [r3, #62]	@ zero_extendqisi2
 1192              		.loc 1 575 59
ARM GAS  /var/folders/yl/_q9l42k90g1g4mdhbs226msm0000gn/T//ccM27y0v.s 			page 32


 1193 02c2 1343     		orrs	r3, r3, r2
 1194 02c4 DAB2     		uxtb	r2, r3
 1195 02c6 3B69     		ldr	r3, [r7, #16]
 1196 02c8 9A72     		strb	r2, [r3, #10]
 576:./ucOSII/Core/os_mutex.c ****                         pevent2->OSEventTbl[ptcb->OSTCBY] |= ptcb->OSTCBBitX;
 1197              		.loc 1 576 49
 1198 02ca BB69     		ldr	r3, [r7, #24]
 1199 02cc 93F83C30 		ldrb	r3, [r3, #60]	@ zero_extendqisi2
 1200              		.loc 1 576 59
 1201 02d0 1A46     		mov	r2, r3
 1202 02d2 3B69     		ldr	r3, [r7, #16]
 1203 02d4 1344     		add	r3, r3, r2
 1204 02d6 DA7A     		ldrb	r2, [r3, #11]	@ zero_extendqisi2
 1205              		.loc 1 576 66
 1206 02d8 BB69     		ldr	r3, [r7, #24]
 1207 02da 93F83D30 		ldrb	r3, [r3, #61]	@ zero_extendqisi2
 1208              		.loc 1 576 49
 1209 02de B969     		ldr	r1, [r7, #24]
 1210 02e0 91F83C10 		ldrb	r1, [r1, #60]	@ zero_extendqisi2
 1211              		.loc 1 576 59
 1212 02e4 1343     		orrs	r3, r3, r2
 1213 02e6 DAB2     		uxtb	r2, r3
 1214 02e8 3B69     		ldr	r3, [r7, #16]
 1215 02ea 0B44     		add	r3, r3, r1
 1216 02ec DA72     		strb	r2, [r3, #11]
 1217              	.L58:
 577:./ucOSII/Core/os_mutex.c ****                     }
 578:./ucOSII/Core/os_mutex.c ****                 }
 579:./ucOSII/Core/os_mutex.c ****                 OSTCBPrioTbl[pcp] = ptcb;
 1218              		.loc 1 579 29
 1219 02ee FB7F     		ldrb	r3, [r7, #31]	@ zero_extendqisi2
 1220              		.loc 1 579 35
 1221 02f0 3049     		ldr	r1, .L66
 1222 02f2 BA69     		ldr	r2, [r7, #24]
 1223 02f4 41F82320 		str	r2, [r1, r3, lsl #2]
 1224              	.L52:
 580:./ucOSII/Core/os_mutex.c ****             }
 581:./ucOSII/Core/os_mutex.c ****         }
 582:./ucOSII/Core/os_mutex.c ****     }
 583:./ucOSII/Core/os_mutex.c ****     OSTCBCur->OSTCBStat     |= OS_STAT_MUTEX;         /* Mutex not available, pend current task    
 1225              		.loc 1 583 29
 1226 02f8 2F4B     		ldr	r3, .L66+4
 1227 02fa 1B68     		ldr	r3, [r3]
 1228 02fc 93F83820 		ldrb	r2, [r3, #56]	@ zero_extendqisi2
 1229 0300 2D4B     		ldr	r3, .L66+4
 1230 0302 1B68     		ldr	r3, [r3]
 1231 0304 42F01002 		orr	r2, r2, #16
 1232 0308 D2B2     		uxtb	r2, r2
 1233 030a 83F83820 		strb	r2, [r3, #56]
 584:./ucOSII/Core/os_mutex.c ****     OSTCBCur->OSTCBStatPend  = OS_STAT_PEND_OK;
 1234              		.loc 1 584 13
 1235 030e 2A4B     		ldr	r3, .L66+4
 1236 0310 1B68     		ldr	r3, [r3]
 1237              		.loc 1 584 30
 1238 0312 0022     		movs	r2, #0
 1239 0314 83F83920 		strb	r2, [r3, #57]
 585:./ucOSII/Core/os_mutex.c ****     OSTCBCur->OSTCBDly       = timeout;               /* Store timeout in current task's TCB       
ARM GAS  /var/folders/yl/_q9l42k90g1g4mdhbs226msm0000gn/T//ccM27y0v.s 			page 33


 1240              		.loc 1 585 13
 1241 0318 274B     		ldr	r3, .L66+4
 1242 031a 1B68     		ldr	r3, [r3]
 1243              		.loc 1 585 30
 1244 031c BA68     		ldr	r2, [r7, #8]
 1245 031e 5A63     		str	r2, [r3, #52]
 586:./ucOSII/Core/os_mutex.c ****     OS_EventTaskWait(pevent);                         /* Suspend task until event or timeout occurs
 1246              		.loc 1 586 5
 1247 0320 F868     		ldr	r0, [r7, #12]
 1248 0322 FFF7FEFF 		bl	OS_EventTaskWait
 587:./ucOSII/Core/os_mutex.c ****     OS_EXIT_CRITICAL();
 1249              		.loc 1 587 5
 1250 0326 386A     		ldr	r0, [r7, #32]
 1251 0328 FFF7FEFF 		bl	OS_CPU_SR_Restore
 588:./ucOSII/Core/os_mutex.c ****     OS_Sched();                                       /* Find next highest priority task ready     
 1252              		.loc 1 588 5
 1253 032c FFF7FEFF 		bl	OS_Sched
 589:./ucOSII/Core/os_mutex.c ****     OS_ENTER_CRITICAL();
 1254              		.loc 1 589 5
 1255 0330 4020     		movs	r0, #64
 1256 0332 FFF7FEFF 		bl	OS_CPU_SR_Save
 1257 0336 3862     		str	r0, [r7, #32]
 590:./ucOSII/Core/os_mutex.c ****     switch (OSTCBCur->OSTCBStatPend) {                /* See if we timed-out or aborted            
 1258              		.loc 1 590 21
 1259 0338 1F4B     		ldr	r3, .L66+4
 1260 033a 1B68     		ldr	r3, [r3]
 1261 033c 93F83930 		ldrb	r3, [r3, #57]	@ zero_extendqisi2
 1262              		.loc 1 590 5
 1263 0340 002B     		cmp	r3, #0
 1264 0342 02D0     		beq	.L59
 1265 0344 022B     		cmp	r3, #2
 1266 0346 04D0     		beq	.L60
 1267 0348 07E0     		b	.L63
 1268              	.L59:
 591:./ucOSII/Core/os_mutex.c ****         case OS_STAT_PEND_OK:
 592:./ucOSII/Core/os_mutex.c ****              *perr = OS_ERR_NONE;
 1269              		.loc 1 592 20
 1270 034a 7B68     		ldr	r3, [r7, #4]
 1271 034c 0022     		movs	r2, #0
 1272 034e 1A70     		strb	r2, [r3]
 593:./ucOSII/Core/os_mutex.c ****              break;
 1273              		.loc 1 593 14
 1274 0350 0DE0     		b	.L62
 1275              	.L60:
 594:./ucOSII/Core/os_mutex.c **** 
 595:./ucOSII/Core/os_mutex.c ****         case OS_STAT_PEND_ABORT:
 596:./ucOSII/Core/os_mutex.c ****              *perr = OS_ERR_PEND_ABORT;               /* Indicate that we aborted getting mutex    
 1276              		.loc 1 596 20
 1277 0352 7B68     		ldr	r3, [r7, #4]
 1278 0354 0E22     		movs	r2, #14
 1279 0356 1A70     		strb	r2, [r3]
 597:./ucOSII/Core/os_mutex.c ****              break;
 1280              		.loc 1 597 14
 1281 0358 09E0     		b	.L62
 1282              	.L63:
 598:./ucOSII/Core/os_mutex.c **** 
 599:./ucOSII/Core/os_mutex.c ****         case OS_STAT_PEND_TO:
ARM GAS  /var/folders/yl/_q9l42k90g1g4mdhbs226msm0000gn/T//ccM27y0v.s 			page 34


 600:./ucOSII/Core/os_mutex.c ****         default:
 601:./ucOSII/Core/os_mutex.c ****              OS_EventTaskRemove(OSTCBCur, pevent);
 1283              		.loc 1 601 14
 1284 035a 174B     		ldr	r3, .L66+4
 1285 035c 1B68     		ldr	r3, [r3]
 1286 035e F968     		ldr	r1, [r7, #12]
 1287 0360 1846     		mov	r0, r3
 1288 0362 FFF7FEFF 		bl	OS_EventTaskRemove
 602:./ucOSII/Core/os_mutex.c ****              *perr = OS_ERR_TIMEOUT;                  /* Indicate that we didn't get mutex within T
 1289              		.loc 1 602 20
 1290 0366 7B68     		ldr	r3, [r7, #4]
 1291 0368 0A22     		movs	r2, #10
 1292 036a 1A70     		strb	r2, [r3]
 603:./ucOSII/Core/os_mutex.c ****              break;
 1293              		.loc 1 603 14
 1294 036c 00BF     		nop
 1295              	.L62:
 604:./ucOSII/Core/os_mutex.c ****     }
 605:./ucOSII/Core/os_mutex.c ****     OSTCBCur->OSTCBStat          =  OS_STAT_RDY;      /* Set   task  status to ready               
 1296              		.loc 1 605 13
 1297 036e 124B     		ldr	r3, .L66+4
 1298 0370 1B68     		ldr	r3, [r3]
 1299              		.loc 1 605 34
 1300 0372 0022     		movs	r2, #0
 1301 0374 83F83820 		strb	r2, [r3, #56]
 606:./ucOSII/Core/os_mutex.c ****     OSTCBCur->OSTCBStatPend      =  OS_STAT_PEND_OK;  /* Clear pend  status                        
 1302              		.loc 1 606 13
 1303 0378 0F4B     		ldr	r3, .L66+4
 1304 037a 1B68     		ldr	r3, [r3]
 1305              		.loc 1 606 34
 1306 037c 0022     		movs	r2, #0
 1307 037e 83F83920 		strb	r2, [r3, #57]
 607:./ucOSII/Core/os_mutex.c ****     OSTCBCur->OSTCBEventPtr      = (OS_EVENT  *)0;    /* Clear event pointers                      
 1308              		.loc 1 607 13
 1309 0382 0D4B     		ldr	r3, .L66+4
 1310 0384 1B68     		ldr	r3, [r3]
 1311              		.loc 1 607 34
 1312 0386 0022     		movs	r2, #0
 1313 0388 DA61     		str	r2, [r3, #28]
 608:./ucOSII/Core/os_mutex.c **** #if (OS_EVENT_MULTI_EN > 0u)
 609:./ucOSII/Core/os_mutex.c ****     OSTCBCur->OSTCBEventMultiPtr = (OS_EVENT **)0;
 1314              		.loc 1 609 13
 1315 038a 0B4B     		ldr	r3, .L66+4
 1316 038c 1B68     		ldr	r3, [r3]
 1317              		.loc 1 609 34
 1318 038e 0022     		movs	r2, #0
 1319 0390 1A62     		str	r2, [r3, #32]
 610:./ucOSII/Core/os_mutex.c ****     OSTCBCur->OSTCBEventMultiRdy = (OS_EVENT  *)0;
 1320              		.loc 1 610 13
 1321 0392 094B     		ldr	r3, .L66+4
 1322 0394 1B68     		ldr	r3, [r3]
 1323              		.loc 1 610 34
 1324 0396 0022     		movs	r2, #0
 1325 0398 5A62     		str	r2, [r3, #36]
 611:./ucOSII/Core/os_mutex.c **** #endif
 612:./ucOSII/Core/os_mutex.c ****     OS_EXIT_CRITICAL();
 1326              		.loc 1 612 5
ARM GAS  /var/folders/yl/_q9l42k90g1g4mdhbs226msm0000gn/T//ccM27y0v.s 			page 35


 1327 039a 386A     		ldr	r0, [r7, #32]
 1328 039c FFF7FEFF 		bl	OS_CPU_SR_Restore
 613:./ucOSII/Core/os_mutex.c **** 
 614:./ucOSII/Core/os_mutex.c ****     OS_TRACE_MUTEX_PEND_EXIT(*perr);
 1329              		.loc 1 614 5
 1330 03a0 7B68     		ldr	r3, [r7, #4]
 1331 03a2 1B78     		ldrb	r3, [r3]	@ zero_extendqisi2
 1332 03a4 1946     		mov	r1, r3
 1333 03a6 2B20     		movs	r0, #43
 1334 03a8 FFF7FEFF 		bl	SEGGER_SYSVIEW_RecordEndCallU32
 1335              	.L43:
 615:./ucOSII/Core/os_mutex.c **** }
 1336              		.loc 1 615 1
 1337 03ac 2837     		adds	r7, r7, #40
 1338              	.LCFI18:
 1339              		.cfi_def_cfa_offset 8
 1340 03ae BD46     		mov	sp, r7
 1341              	.LCFI19:
 1342              		.cfi_def_cfa_register 13
 1343              		@ sp needed
 1344 03b0 80BD     		pop	{r7, pc}
 1345              	.L67:
 1346 03b2 00BF     		.align	2
 1347              	.L66:
 1348 03b4 00000000 		.word	OSTCBPrioTbl
 1349 03b8 00000000 		.word	OSTCBCur
 1350              		.cfi_endproc
 1351              	.LFE6:
 1353              		.section	.text.OSMutexPost,"ax",%progbits
 1354              		.align	1
 1355              		.global	OSMutexPost
 1356              		.syntax unified
 1357              		.thumb
 1358              		.thumb_func
 1360              	OSMutexPost:
 1361              	.LFB7:
 616:./ucOSII/Core/os_mutex.c **** 
 617:./ucOSII/Core/os_mutex.c **** 
 618:./ucOSII/Core/os_mutex.c **** /*
 619:./ucOSII/Core/os_mutex.c **** ***************************************************************************************************
 620:./ucOSII/Core/os_mutex.c **** *                                POST TO A MUTUAL EXCLUSION SEMAPHORE
 621:./ucOSII/Core/os_mutex.c **** *
 622:./ucOSII/Core/os_mutex.c **** * Description: This function signals a mutual exclusion semaphore
 623:./ucOSII/Core/os_mutex.c **** *
 624:./ucOSII/Core/os_mutex.c **** * Arguments  : pevent              is a pointer to the event control block associated with the desi
 625:./ucOSII/Core/os_mutex.c **** *                                  mutex.
 626:./ucOSII/Core/os_mutex.c **** *
 627:./ucOSII/Core/os_mutex.c **** * Returns    : OS_ERR_NONE             The call was successful and the mutex was signaled.
 628:./ucOSII/Core/os_mutex.c **** *              OS_ERR_EVENT_TYPE       If you didn't pass a pointer to a mutex
 629:./ucOSII/Core/os_mutex.c **** *              OS_ERR_PEVENT_NULL      'pevent' is a NULL pointer
 630:./ucOSII/Core/os_mutex.c **** *              OS_ERR_POST_ISR         Attempted to post from an ISR (not valid for MUTEXes)
 631:./ucOSII/Core/os_mutex.c **** *              OS_ERR_NOT_MUTEX_OWNER  The task that did the post is NOT the owner of the MUTEX.
 632:./ucOSII/Core/os_mutex.c **** *              OS_ERR_PCP_LOWER        If the priority of the new task that owns the Mutex is
 633:./ucOSII/Core/os_mutex.c **** *                                      HIGHER (i.e. a lower number) than the PCP.  This error
 634:./ucOSII/Core/os_mutex.c **** *                                      indicates that you did not set the PCP higher (lower
 635:./ucOSII/Core/os_mutex.c **** *                                      number) than ALL the tasks that compete for the Mutex.
 636:./ucOSII/Core/os_mutex.c **** *                                      Unfortunately, this is something that could not be
ARM GAS  /var/folders/yl/_q9l42k90g1g4mdhbs226msm0000gn/T//ccM27y0v.s 			page 36


 637:./ucOSII/Core/os_mutex.c **** *                                      detected when the Mutex is created because we don't know
 638:./ucOSII/Core/os_mutex.c **** *                                      what tasks will be using the Mutex.
 639:./ucOSII/Core/os_mutex.c **** ***************************************************************************************************
 640:./ucOSII/Core/os_mutex.c **** */
 641:./ucOSII/Core/os_mutex.c **** 
 642:./ucOSII/Core/os_mutex.c **** INT8U  OSMutexPost (OS_EVENT *pevent)
 643:./ucOSII/Core/os_mutex.c **** {
 1362              		.loc 1 643 1
 1363              		.cfi_startproc
 1364              		@ args = 0, pretend = 0, frame = 16
 1365              		@ frame_needed = 1, uses_anonymous_args = 0
 1366 0000 80B5     		push	{r7, lr}
 1367              	.LCFI20:
 1368              		.cfi_def_cfa_offset 8
 1369              		.cfi_offset 7, -8
 1370              		.cfi_offset 14, -4
 1371 0002 84B0     		sub	sp, sp, #16
 1372              	.LCFI21:
 1373              		.cfi_def_cfa_offset 24
 1374 0004 00AF     		add	r7, sp, #0
 1375              	.LCFI22:
 1376              		.cfi_def_cfa_register 7
 1377 0006 7860     		str	r0, [r7, #4]
 644:./ucOSII/Core/os_mutex.c ****     INT8U      pcp;                                   /* Priority ceiling priority                 
 645:./ucOSII/Core/os_mutex.c ****     INT8U      prio;
 646:./ucOSII/Core/os_mutex.c **** #if OS_CRITICAL_METHOD == 3u                          /* Allocate storage for CPU status register  
 647:./ucOSII/Core/os_mutex.c ****     OS_CPU_SR  cpu_sr = 0u;
 1378              		.loc 1 647 16
 1379 0008 0023     		movs	r3, #0
 1380 000a FB60     		str	r3, [r7, #12]
 648:./ucOSII/Core/os_mutex.c **** #endif
 649:./ucOSII/Core/os_mutex.c **** 
 650:./ucOSII/Core/os_mutex.c **** 
 651:./ucOSII/Core/os_mutex.c ****     if (OSIntNesting > 0u) {                          /* See if called from ISR ...                
 1381              		.loc 1 651 22
 1382 000c 564B     		ldr	r3, .L78
 1383 000e 1B78     		ldrb	r3, [r3]	@ zero_extendqisi2
 1384              		.loc 1 651 8
 1385 0010 002B     		cmp	r3, #0
 1386 0012 01D0     		beq	.L69
 652:./ucOSII/Core/os_mutex.c ****         return (OS_ERR_POST_ISR);                     /* ... can't POST mutex from an ISR          
 1387              		.loc 1 652 16
 1388 0014 0523     		movs	r3, #5
 1389 0016 A3E0     		b	.L70
 1390              	.L69:
 653:./ucOSII/Core/os_mutex.c ****     }
 654:./ucOSII/Core/os_mutex.c **** #if OS_ARG_CHK_EN > 0u
 655:./ucOSII/Core/os_mutex.c ****     if (pevent == (OS_EVENT *)0) {                    /* Validate 'pevent'                         
 1391              		.loc 1 655 8
 1392 0018 7B68     		ldr	r3, [r7, #4]
 1393 001a 002B     		cmp	r3, #0
 1394 001c 01D1     		bne	.L71
 656:./ucOSII/Core/os_mutex.c ****         return (OS_ERR_PEVENT_NULL);
 1395              		.loc 1 656 16
 1396 001e 0423     		movs	r3, #4
 1397 0020 9EE0     		b	.L70
 1398              	.L71:
ARM GAS  /var/folders/yl/_q9l42k90g1g4mdhbs226msm0000gn/T//ccM27y0v.s 			page 37


 657:./ucOSII/Core/os_mutex.c ****     }
 658:./ucOSII/Core/os_mutex.c **** #endif
 659:./ucOSII/Core/os_mutex.c **** 
 660:./ucOSII/Core/os_mutex.c ****     OS_TRACE_MUTEX_POST_ENTER(pevent);
 1399              		.loc 1 660 5
 1400 0022 7B68     		ldr	r3, [r7, #4]
 1401 0024 1846     		mov	r0, r3
 1402 0026 FFF7FEFF 		bl	SEGGER_SYSVIEW_ShrinkId
 1403 002a 0346     		mov	r3, r0
 1404 002c 1946     		mov	r1, r3
 1405 002e 2A20     		movs	r0, #42
 1406 0030 FFF7FEFF 		bl	SEGGER_SYSVIEW_RecordU32
 661:./ucOSII/Core/os_mutex.c **** 
 662:./ucOSII/Core/os_mutex.c ****     if (pevent->OSEventType != OS_EVENT_TYPE_MUTEX) { /* Validate event block type                 
 1407              		.loc 1 662 15
 1408 0034 7B68     		ldr	r3, [r7, #4]
 1409 0036 1B78     		ldrb	r3, [r3]	@ zero_extendqisi2
 1410              		.loc 1 662 8
 1411 0038 042B     		cmp	r3, #4
 1412 003a 05D0     		beq	.L72
 663:./ucOSII/Core/os_mutex.c ****         OS_TRACE_MUTEX_POST_EXIT(OS_ERR_EVENT_TYPE);
 1413              		.loc 1 663 9
 1414 003c 0121     		movs	r1, #1
 1415 003e 2A20     		movs	r0, #42
 1416 0040 FFF7FEFF 		bl	SEGGER_SYSVIEW_RecordEndCallU32
 664:./ucOSII/Core/os_mutex.c ****         return (OS_ERR_EVENT_TYPE);
 1417              		.loc 1 664 16
 1418 0044 0123     		movs	r3, #1
 1419 0046 8BE0     		b	.L70
 1420              	.L72:
 665:./ucOSII/Core/os_mutex.c ****     }
 666:./ucOSII/Core/os_mutex.c ****     OS_ENTER_CRITICAL();
 1421              		.loc 1 666 5
 1422 0048 4020     		movs	r0, #64
 1423 004a FFF7FEFF 		bl	OS_CPU_SR_Save
 1424 004e F860     		str	r0, [r7, #12]
 667:./ucOSII/Core/os_mutex.c ****     pcp  = (INT8U)(pevent->OSEventCnt >> 8u);         /* Get priority ceiling priority of mutex    
 1425              		.loc 1 667 26
 1426 0050 7B68     		ldr	r3, [r7, #4]
 1427 0052 1B89     		ldrh	r3, [r3, #8]
 1428              		.loc 1 667 12
 1429 0054 1B0A     		lsrs	r3, r3, #8
 1430 0056 9BB2     		uxth	r3, r3
 1431              		.loc 1 667 10
 1432 0058 FB72     		strb	r3, [r7, #11]
 668:./ucOSII/Core/os_mutex.c ****     prio = (INT8U)(pevent->OSEventCnt & OS_MUTEX_KEEP_LOWER_8);  /* Get owner's original priority  
 1433              		.loc 1 668 26
 1434 005a 7B68     		ldr	r3, [r7, #4]
 1435 005c 1B89     		ldrh	r3, [r3, #8]
 1436              		.loc 1 668 10
 1437 005e BB72     		strb	r3, [r7, #10]
 669:./ucOSII/Core/os_mutex.c ****     if (OSTCBCur != (OS_TCB *)pevent->OSEventPtr) {   /* See if posting task owns the MUTEX        
 1438              		.loc 1 669 37
 1439 0060 7B68     		ldr	r3, [r7, #4]
 1440 0062 5A68     		ldr	r2, [r3, #4]
 1441              		.loc 1 669 18
 1442 0064 414B     		ldr	r3, .L78+4
ARM GAS  /var/folders/yl/_q9l42k90g1g4mdhbs226msm0000gn/T//ccM27y0v.s 			page 38


 1443 0066 1B68     		ldr	r3, [r3]
 1444              		.loc 1 669 8
 1445 0068 9A42     		cmp	r2, r3
 1446 006a 08D0     		beq	.L73
 670:./ucOSII/Core/os_mutex.c ****         OS_EXIT_CRITICAL();
 1447              		.loc 1 670 9
 1448 006c F868     		ldr	r0, [r7, #12]
 1449 006e FFF7FEFF 		bl	OS_CPU_SR_Restore
 671:./ucOSII/Core/os_mutex.c ****         OS_TRACE_MUTEX_POST_EXIT(OS_ERR_NOT_MUTEX_OWNER);
 1450              		.loc 1 671 9
 1451 0072 6421     		movs	r1, #100
 1452 0074 2A20     		movs	r0, #42
 1453 0076 FFF7FEFF 		bl	SEGGER_SYSVIEW_RecordEndCallU32
 672:./ucOSII/Core/os_mutex.c ****         return (OS_ERR_NOT_MUTEX_OWNER);
 1454              		.loc 1 672 16
 1455 007a 6423     		movs	r3, #100
 1456 007c 70E0     		b	.L70
 1457              	.L73:
 673:./ucOSII/Core/os_mutex.c ****     }
 674:./ucOSII/Core/os_mutex.c ****     if (pcp != OS_PRIO_MUTEX_CEIL_DIS) {
 1458              		.loc 1 674 8
 1459 007e FB7A     		ldrb	r3, [r7, #11]	@ zero_extendqisi2
 1460 0080 FF2B     		cmp	r3, #255
 1461 0082 1DD0     		beq	.L74
 675:./ucOSII/Core/os_mutex.c ****         if (OSTCBCur->OSTCBPrio == pcp) {             /* Did we have to raise current task's priori
 1462              		.loc 1 675 21
 1463 0084 394B     		ldr	r3, .L78+4
 1464 0086 1B68     		ldr	r3, [r3]
 1465 0088 93F83A30 		ldrb	r3, [r3, #58]	@ zero_extendqisi2
 1466              		.loc 1 675 12
 1467 008c FA7A     		ldrb	r2, [r7, #11]	@ zero_extendqisi2
 1468 008e 9A42     		cmp	r2, r3
 1469 0090 11D1     		bne	.L75
 676:./ucOSII/Core/os_mutex.c ****             OS_TRACE_MUTEX_TASK_PRIO_DISINHERIT(OSTCBCur, prio);
 1470              		.loc 1 676 13
 1471 0092 364B     		ldr	r3, .L78+4
 1472 0094 1B68     		ldr	r3, [r3]
 1473 0096 1846     		mov	r0, r3
 1474 0098 FFF7FEFF 		bl	SEGGER_SYSVIEW_ShrinkId
 1475 009c 0146     		mov	r1, r0
 1476 009e BB7A     		ldrb	r3, [r7, #10]	@ zero_extendqisi2
 1477 00a0 1A46     		mov	r2, r3
 1478 00a2 2D20     		movs	r0, #45
 1479 00a4 FFF7FEFF 		bl	SEGGER_SYSVIEW_RecordU32x2
 677:./ucOSII/Core/os_mutex.c ****             OSMutex_RdyAtPrio(OSTCBCur, prio);        /* Restore the task's original priority      
 1480              		.loc 1 677 13
 1481 00a8 304B     		ldr	r3, .L78+4
 1482 00aa 1B68     		ldr	r3, [r3]
 1483 00ac BA7A     		ldrb	r2, [r7, #10]	@ zero_extendqisi2
 1484 00ae 1146     		mov	r1, r2
 1485 00b0 1846     		mov	r0, r3
 1486 00b2 FFF7FEFF 		bl	OSMutex_RdyAtPrio
 1487              	.L75:
 678:./ucOSII/Core/os_mutex.c ****         }
 679:./ucOSII/Core/os_mutex.c ****         OSTCBPrioTbl[pcp] = OS_TCB_RESERVED;          /* Reserve table entry                       
 1488              		.loc 1 679 21
 1489 00b6 FB7A     		ldrb	r3, [r7, #11]	@ zero_extendqisi2
ARM GAS  /var/folders/yl/_q9l42k90g1g4mdhbs226msm0000gn/T//ccM27y0v.s 			page 39


 1490              		.loc 1 679 27
 1491 00b8 2D4A     		ldr	r2, .L78+8
 1492 00ba 0121     		movs	r1, #1
 1493 00bc 42F82310 		str	r1, [r2, r3, lsl #2]
 1494              	.L74:
 680:./ucOSII/Core/os_mutex.c ****     }
 681:./ucOSII/Core/os_mutex.c ****     if (pevent->OSEventGrp != 0u) {                   /* Any task waiting for the mutex?           
 1495              		.loc 1 681 15
 1496 00c0 7B68     		ldr	r3, [r7, #4]
 1497 00c2 9B7A     		ldrb	r3, [r3, #10]	@ zero_extendqisi2
 1498              		.loc 1 681 8
 1499 00c4 002B     		cmp	r3, #0
 1500 00c6 39D0     		beq	.L76
 682:./ucOSII/Core/os_mutex.c ****                                                       /* Yes, Make HPT waiting for mutex ready     
 683:./ucOSII/Core/os_mutex.c ****         prio                = OS_EventTaskRdy(pevent, (void *)0, OS_STAT_MUTEX, OS_STAT_PEND_OK);
 1501              		.loc 1 683 31
 1502 00c8 0023     		movs	r3, #0
 1503 00ca 1022     		movs	r2, #16
 1504 00cc 0021     		movs	r1, #0
 1505 00ce 7868     		ldr	r0, [r7, #4]
 1506 00d0 FFF7FEFF 		bl	OS_EventTaskRdy
 1507 00d4 0346     		mov	r3, r0
 1508 00d6 BB72     		strb	r3, [r7, #10]
 684:./ucOSII/Core/os_mutex.c ****         pevent->OSEventCnt &= OS_MUTEX_KEEP_UPPER_8;  /*      Save priority of mutex's new owner   
 1509              		.loc 1 684 28
 1510 00d8 7B68     		ldr	r3, [r7, #4]
 1511 00da 1B89     		ldrh	r3, [r3, #8]
 1512 00dc 23F0FF03 		bic	r3, r3, #255
 1513 00e0 9AB2     		uxth	r2, r3
 1514 00e2 7B68     		ldr	r3, [r7, #4]
 1515 00e4 1A81     		strh	r2, [r3, #8]	@ movhi
 685:./ucOSII/Core/os_mutex.c ****         pevent->OSEventCnt |= (INT16U)prio;
 1516              		.loc 1 685 28
 1517 00e6 7B68     		ldr	r3, [r7, #4]
 1518 00e8 1A89     		ldrh	r2, [r3, #8]
 1519 00ea BB7A     		ldrb	r3, [r7, #10]	@ zero_extendqisi2
 1520 00ec 9BB2     		uxth	r3, r3
 1521 00ee 1343     		orrs	r3, r3, r2
 1522 00f0 9AB2     		uxth	r2, r3
 1523 00f2 7B68     		ldr	r3, [r7, #4]
 1524 00f4 1A81     		strh	r2, [r3, #8]	@ movhi
 686:./ucOSII/Core/os_mutex.c ****         pevent->OSEventPtr  = OSTCBPrioTbl[prio];     /*      Link to new mutex owner's OS_TCB     
 1525              		.loc 1 686 43
 1526 00f6 BB7A     		ldrb	r3, [r7, #10]	@ zero_extendqisi2
 1527 00f8 1D4A     		ldr	r2, .L78+8
 1528 00fa 52F82320 		ldr	r2, [r2, r3, lsl #2]
 1529              		.loc 1 686 29
 1530 00fe 7B68     		ldr	r3, [r7, #4]
 1531 0100 5A60     		str	r2, [r3, #4]
 687:./ucOSII/Core/os_mutex.c ****         if ((pcp  != OS_PRIO_MUTEX_CEIL_DIS) &&
 1532              		.loc 1 687 12
 1533 0102 FB7A     		ldrb	r3, [r7, #11]	@ zero_extendqisi2
 1534 0104 FF2B     		cmp	r3, #255
 1535 0106 0ED0     		beq	.L77
 1536              		.loc 1 687 46 discriminator 1
 1537 0108 BA7A     		ldrb	r2, [r7, #10]	@ zero_extendqisi2
 1538 010a FB7A     		ldrb	r3, [r7, #11]	@ zero_extendqisi2
ARM GAS  /var/folders/yl/_q9l42k90g1g4mdhbs226msm0000gn/T//ccM27y0v.s 			page 40


 1539 010c 9A42     		cmp	r2, r3
 1540 010e 0AD8     		bhi	.L77
 688:./ucOSII/Core/os_mutex.c ****             (prio <= pcp)) {                          /*      PCP 'must' have a SMALLER prio ...   
 689:./ucOSII/Core/os_mutex.c ****             OS_EXIT_CRITICAL();                       /*      ... than current task!               
 1541              		.loc 1 689 13
 1542 0110 F868     		ldr	r0, [r7, #12]
 1543 0112 FFF7FEFF 		bl	OS_CPU_SR_Restore
 690:./ucOSII/Core/os_mutex.c ****             OS_Sched();                               /*      Find highest priority task ready to r
 1544              		.loc 1 690 13
 1545 0116 FFF7FEFF 		bl	OS_Sched
 691:./ucOSII/Core/os_mutex.c ****             OS_TRACE_MUTEX_POST_EXIT(OS_ERR_PCP_LOWER);
 1546              		.loc 1 691 13
 1547 011a 7821     		movs	r1, #120
 1548 011c 2A20     		movs	r0, #42
 1549 011e FFF7FEFF 		bl	SEGGER_SYSVIEW_RecordEndCallU32
 692:./ucOSII/Core/os_mutex.c ****             return (OS_ERR_PCP_LOWER);
 1550              		.loc 1 692 20
 1551 0122 7823     		movs	r3, #120
 1552 0124 1CE0     		b	.L70
 1553              	.L77:
 693:./ucOSII/Core/os_mutex.c ****         } else {
 694:./ucOSII/Core/os_mutex.c ****             OS_EXIT_CRITICAL();
 1554              		.loc 1 694 13
 1555 0126 F868     		ldr	r0, [r7, #12]
 1556 0128 FFF7FEFF 		bl	OS_CPU_SR_Restore
 695:./ucOSII/Core/os_mutex.c ****             OS_Sched();                               /*      Find highest priority task ready to r
 1557              		.loc 1 695 13
 1558 012c FFF7FEFF 		bl	OS_Sched
 696:./ucOSII/Core/os_mutex.c ****             OS_TRACE_MUTEX_POST_EXIT(OS_ERR_NONE);
 1559              		.loc 1 696 13
 1560 0130 0021     		movs	r1, #0
 1561 0132 2A20     		movs	r0, #42
 1562 0134 FFF7FEFF 		bl	SEGGER_SYSVIEW_RecordEndCallU32
 697:./ucOSII/Core/os_mutex.c ****             return (OS_ERR_NONE);
 1563              		.loc 1 697 20
 1564 0138 0023     		movs	r3, #0
 1565 013a 11E0     		b	.L70
 1566              	.L76:
 698:./ucOSII/Core/os_mutex.c ****         }
 699:./ucOSII/Core/os_mutex.c ****     }
 700:./ucOSII/Core/os_mutex.c ****     pevent->OSEventCnt |= OS_MUTEX_AVAILABLE;         /* No,  Mutex is now available               
 1567              		.loc 1 700 24
 1568 013c 7B68     		ldr	r3, [r7, #4]
 1569 013e 1B89     		ldrh	r3, [r3, #8]
 1570 0140 43F0FF03 		orr	r3, r3, #255
 1571 0144 9AB2     		uxth	r2, r3
 1572 0146 7B68     		ldr	r3, [r7, #4]
 1573 0148 1A81     		strh	r2, [r3, #8]	@ movhi
 701:./ucOSII/Core/os_mutex.c ****     pevent->OSEventPtr  = (void *)0;
 1574              		.loc 1 701 25
 1575 014a 7B68     		ldr	r3, [r7, #4]
 1576 014c 0022     		movs	r2, #0
 1577 014e 5A60     		str	r2, [r3, #4]
 702:./ucOSII/Core/os_mutex.c ****     OS_EXIT_CRITICAL();
 1578              		.loc 1 702 5
 1579 0150 F868     		ldr	r0, [r7, #12]
 1580 0152 FFF7FEFF 		bl	OS_CPU_SR_Restore
ARM GAS  /var/folders/yl/_q9l42k90g1g4mdhbs226msm0000gn/T//ccM27y0v.s 			page 41


 703:./ucOSII/Core/os_mutex.c ****     OS_TRACE_MUTEX_POST_EXIT(OS_ERR_NONE);
 1581              		.loc 1 703 5
 1582 0156 0021     		movs	r1, #0
 1583 0158 2A20     		movs	r0, #42
 1584 015a FFF7FEFF 		bl	SEGGER_SYSVIEW_RecordEndCallU32
 704:./ucOSII/Core/os_mutex.c ****     return (OS_ERR_NONE);
 1585              		.loc 1 704 12
 1586 015e 0023     		movs	r3, #0
 1587              	.L70:
 705:./ucOSII/Core/os_mutex.c **** }
 1588              		.loc 1 705 1
 1589 0160 1846     		mov	r0, r3
 1590 0162 1037     		adds	r7, r7, #16
 1591              	.LCFI23:
 1592              		.cfi_def_cfa_offset 8
 1593 0164 BD46     		mov	sp, r7
 1594              	.LCFI24:
 1595              		.cfi_def_cfa_register 13
 1596              		@ sp needed
 1597 0166 80BD     		pop	{r7, pc}
 1598              	.L79:
 1599              		.align	2
 1600              	.L78:
 1601 0168 00000000 		.word	OSIntNesting
 1602 016c 00000000 		.word	OSTCBCur
 1603 0170 00000000 		.word	OSTCBPrioTbl
 1604              		.cfi_endproc
 1605              	.LFE7:
 1607              		.section	.text.OSMutexQuery,"ax",%progbits
 1608              		.align	1
 1609              		.global	OSMutexQuery
 1610              		.syntax unified
 1611              		.thumb
 1612              		.thumb_func
 1614              	OSMutexQuery:
 1615              	.LFB8:
 706:./ucOSII/Core/os_mutex.c **** 
 707:./ucOSII/Core/os_mutex.c **** 
 708:./ucOSII/Core/os_mutex.c **** /*
 709:./ucOSII/Core/os_mutex.c **** ***************************************************************************************************
 710:./ucOSII/Core/os_mutex.c **** *                                 QUERY A MUTUAL EXCLUSION SEMAPHORE
 711:./ucOSII/Core/os_mutex.c **** *
 712:./ucOSII/Core/os_mutex.c **** * Description: This function obtains information about a mutex
 713:./ucOSII/Core/os_mutex.c **** *
 714:./ucOSII/Core/os_mutex.c **** * Arguments  : pevent          is a pointer to the event control block associated with the desired 
 715:./ucOSII/Core/os_mutex.c **** *
 716:./ucOSII/Core/os_mutex.c **** *              p_mutex_data    is a pointer to a structure that will contain information about the 
 717:./ucOSII/Core/os_mutex.c **** *
 718:./ucOSII/Core/os_mutex.c **** * Returns    : OS_ERR_NONE          The call was successful and the message was sent
 719:./ucOSII/Core/os_mutex.c **** *              OS_ERR_QUERY_ISR     If you called this function from an ISR
 720:./ucOSII/Core/os_mutex.c **** *              OS_ERR_PEVENT_NULL   If 'pevent'       is a NULL pointer
 721:./ucOSII/Core/os_mutex.c **** *              OS_ERR_PDATA_NULL    If 'p_mutex_data' is a NULL pointer
 722:./ucOSII/Core/os_mutex.c **** *              OS_ERR_EVENT_TYPE    If you are attempting to obtain data from a non mutex.
 723:./ucOSII/Core/os_mutex.c **** ***************************************************************************************************
 724:./ucOSII/Core/os_mutex.c **** */
 725:./ucOSII/Core/os_mutex.c **** 
 726:./ucOSII/Core/os_mutex.c **** #if OS_MUTEX_QUERY_EN > 0u
ARM GAS  /var/folders/yl/_q9l42k90g1g4mdhbs226msm0000gn/T//ccM27y0v.s 			page 42


 727:./ucOSII/Core/os_mutex.c **** INT8U  OSMutexQuery (OS_EVENT       *pevent,
 728:./ucOSII/Core/os_mutex.c ****                      OS_MUTEX_DATA  *p_mutex_data)
 729:./ucOSII/Core/os_mutex.c **** {
 1616              		.loc 1 729 1
 1617              		.cfi_startproc
 1618              		@ args = 0, pretend = 0, frame = 24
 1619              		@ frame_needed = 1, uses_anonymous_args = 0
 1620 0000 80B5     		push	{r7, lr}
 1621              	.LCFI25:
 1622              		.cfi_def_cfa_offset 8
 1623              		.cfi_offset 7, -8
 1624              		.cfi_offset 14, -4
 1625 0002 86B0     		sub	sp, sp, #24
 1626              	.LCFI26:
 1627              		.cfi_def_cfa_offset 32
 1628 0004 00AF     		add	r7, sp, #0
 1629              	.LCFI27:
 1630              		.cfi_def_cfa_register 7
 1631 0006 7860     		str	r0, [r7, #4]
 1632 0008 3960     		str	r1, [r7]
 730:./ucOSII/Core/os_mutex.c ****     INT8U       i;
 731:./ucOSII/Core/os_mutex.c ****     OS_PRIO    *psrc;
 732:./ucOSII/Core/os_mutex.c ****     OS_PRIO    *pdest;
 733:./ucOSII/Core/os_mutex.c **** #if OS_CRITICAL_METHOD == 3u                     /* Allocate storage for CPU status register       
 734:./ucOSII/Core/os_mutex.c ****     OS_CPU_SR   cpu_sr = 0u;
 1633              		.loc 1 734 17
 1634 000a 0023     		movs	r3, #0
 1635 000c BB60     		str	r3, [r7, #8]
 735:./ucOSII/Core/os_mutex.c **** #endif
 736:./ucOSII/Core/os_mutex.c **** 
 737:./ucOSII/Core/os_mutex.c **** 
 738:./ucOSII/Core/os_mutex.c **** 
 739:./ucOSII/Core/os_mutex.c ****     if (OSIntNesting > 0u) {                               /* See if called from ISR ...           
 1636              		.loc 1 739 22
 1637 000e 294B     		ldr	r3, .L90
 1638 0010 1B78     		ldrb	r3, [r3]	@ zero_extendqisi2
 1639              		.loc 1 739 8
 1640 0012 002B     		cmp	r3, #0
 1641 0014 01D0     		beq	.L81
 740:./ucOSII/Core/os_mutex.c ****         return (OS_ERR_QUERY_ISR);                         /* ... can't QUERY mutex from an ISR    
 1642              		.loc 1 740 16
 1643 0016 0623     		movs	r3, #6
 1644 0018 48E0     		b	.L82
 1645              	.L81:
 741:./ucOSII/Core/os_mutex.c ****     }
 742:./ucOSII/Core/os_mutex.c **** #if OS_ARG_CHK_EN > 0u
 743:./ucOSII/Core/os_mutex.c ****     if (pevent == (OS_EVENT *)0) {                         /* Validate 'pevent'                    
 1646              		.loc 1 743 8
 1647 001a 7B68     		ldr	r3, [r7, #4]
 1648 001c 002B     		cmp	r3, #0
 1649 001e 01D1     		bne	.L83
 744:./ucOSII/Core/os_mutex.c ****         return (OS_ERR_PEVENT_NULL);
 1650              		.loc 1 744 16
 1651 0020 0423     		movs	r3, #4
 1652 0022 43E0     		b	.L82
 1653              	.L83:
 745:./ucOSII/Core/os_mutex.c ****     }
ARM GAS  /var/folders/yl/_q9l42k90g1g4mdhbs226msm0000gn/T//ccM27y0v.s 			page 43


 746:./ucOSII/Core/os_mutex.c ****     if (p_mutex_data == (OS_MUTEX_DATA *)0) {              /* Validate 'p_mutex_data'              
 1654              		.loc 1 746 8
 1655 0024 3B68     		ldr	r3, [r7]
 1656 0026 002B     		cmp	r3, #0
 1657 0028 01D1     		bne	.L84
 747:./ucOSII/Core/os_mutex.c ****         return (OS_ERR_PDATA_NULL);
 1658              		.loc 1 747 16
 1659 002a 0923     		movs	r3, #9
 1660 002c 3EE0     		b	.L82
 1661              	.L84:
 748:./ucOSII/Core/os_mutex.c ****     }
 749:./ucOSII/Core/os_mutex.c **** #endif
 750:./ucOSII/Core/os_mutex.c ****     if (pevent->OSEventType != OS_EVENT_TYPE_MUTEX) {      /* Validate event block type            
 1662              		.loc 1 750 15
 1663 002e 7B68     		ldr	r3, [r7, #4]
 1664 0030 1B78     		ldrb	r3, [r3]	@ zero_extendqisi2
 1665              		.loc 1 750 8
 1666 0032 042B     		cmp	r3, #4
 1667 0034 01D0     		beq	.L85
 751:./ucOSII/Core/os_mutex.c ****         return (OS_ERR_EVENT_TYPE);
 1668              		.loc 1 751 16
 1669 0036 0123     		movs	r3, #1
 1670 0038 38E0     		b	.L82
 1671              	.L85:
 752:./ucOSII/Core/os_mutex.c ****     }
 753:./ucOSII/Core/os_mutex.c ****     OS_ENTER_CRITICAL();
 1672              		.loc 1 753 5
 1673 003a 4020     		movs	r0, #64
 1674 003c FFF7FEFF 		bl	OS_CPU_SR_Save
 1675 0040 B860     		str	r0, [r7, #8]
 754:./ucOSII/Core/os_mutex.c ****     p_mutex_data->OSMutexPCP  = (INT8U)(pevent->OSEventCnt >> 8u);
 1676              		.loc 1 754 47
 1677 0042 7B68     		ldr	r3, [r7, #4]
 1678 0044 1B89     		ldrh	r3, [r3, #8]
 1679              		.loc 1 754 33
 1680 0046 1B0A     		lsrs	r3, r3, #8
 1681 0048 9BB2     		uxth	r3, r3
 1682 004a DAB2     		uxtb	r2, r3
 1683              		.loc 1 754 31
 1684 004c 3B68     		ldr	r3, [r7]
 1685 004e DA72     		strb	r2, [r3, #11]
 755:./ucOSII/Core/os_mutex.c ****     p_mutex_data->OSOwnerPrio = (INT8U)(pevent->OSEventCnt & OS_MUTEX_KEEP_LOWER_8);
 1686              		.loc 1 755 47
 1687 0050 7B68     		ldr	r3, [r7, #4]
 1688 0052 1B89     		ldrh	r3, [r3, #8]
 1689              		.loc 1 755 33
 1690 0054 DAB2     		uxtb	r2, r3
 1691              		.loc 1 755 31
 1692 0056 3B68     		ldr	r3, [r7]
 1693 0058 9A72     		strb	r2, [r3, #10]
 756:./ucOSII/Core/os_mutex.c ****     if (p_mutex_data->OSOwnerPrio == 0xFFu) {
 1694              		.loc 1 756 21
 1695 005a 3B68     		ldr	r3, [r7]
 1696 005c 9B7A     		ldrb	r3, [r3, #10]	@ zero_extendqisi2
 1697              		.loc 1 756 8
 1698 005e FF2B     		cmp	r3, #255
 1699 0060 03D1     		bne	.L86
ARM GAS  /var/folders/yl/_q9l42k90g1g4mdhbs226msm0000gn/T//ccM27y0v.s 			page 44


 757:./ucOSII/Core/os_mutex.c ****         p_mutex_data->OSValue = OS_TRUE;
 1700              		.loc 1 757 31
 1701 0062 3B68     		ldr	r3, [r7]
 1702 0064 0122     		movs	r2, #1
 1703 0066 5A72     		strb	r2, [r3, #9]
 1704 0068 02E0     		b	.L87
 1705              	.L86:
 758:./ucOSII/Core/os_mutex.c ****     } else {
 759:./ucOSII/Core/os_mutex.c ****         p_mutex_data->OSValue = OS_FALSE;
 1706              		.loc 1 759 31
 1707 006a 3B68     		ldr	r3, [r7]
 1708 006c 0022     		movs	r2, #0
 1709 006e 5A72     		strb	r2, [r3, #9]
 1710              	.L87:
 760:./ucOSII/Core/os_mutex.c ****     }
 761:./ucOSII/Core/os_mutex.c ****     p_mutex_data->OSEventGrp  = pevent->OSEventGrp;        /* Copy wait list                       
 1711              		.loc 1 761 39
 1712 0070 7B68     		ldr	r3, [r7, #4]
 1713 0072 9A7A     		ldrb	r2, [r3, #10]	@ zero_extendqisi2
 1714              		.loc 1 761 31
 1715 0074 3B68     		ldr	r3, [r7]
 1716 0076 1A72     		strb	r2, [r3, #8]
 762:./ucOSII/Core/os_mutex.c ****     psrc                      = &pevent->OSEventTbl[0];
 1717              		.loc 1 762 31
 1718 0078 7B68     		ldr	r3, [r7, #4]
 1719 007a 0B33     		adds	r3, r3, #11
 1720 007c 3B61     		str	r3, [r7, #16]
 763:./ucOSII/Core/os_mutex.c ****     pdest                     = &p_mutex_data->OSEventTbl[0];
 1721              		.loc 1 763 31
 1722 007e 3B68     		ldr	r3, [r7]
 1723 0080 FB60     		str	r3, [r7, #12]
 764:./ucOSII/Core/os_mutex.c ****     for (i = 0u; i < OS_EVENT_TBL_SIZE; i++) {
 1724              		.loc 1 764 12
 1725 0082 0023     		movs	r3, #0
 1726 0084 FB75     		strb	r3, [r7, #23]
 1727              		.loc 1 764 5
 1728 0086 0AE0     		b	.L88
 1729              	.L89:
 765:./ucOSII/Core/os_mutex.c ****         *pdest++ = *psrc++;
 1730              		.loc 1 765 25 discriminator 3
 1731 0088 3A69     		ldr	r2, [r7, #16]
 1732 008a 531C     		adds	r3, r2, #1
 1733 008c 3B61     		str	r3, [r7, #16]
 1734              		.loc 1 765 15 discriminator 3
 1735 008e FB68     		ldr	r3, [r7, #12]
 1736 0090 591C     		adds	r1, r3, #1
 1737 0092 F960     		str	r1, [r7, #12]
 1738              		.loc 1 765 20 discriminator 3
 1739 0094 1278     		ldrb	r2, [r2]	@ zero_extendqisi2
 1740              		.loc 1 765 18 discriminator 3
 1741 0096 1A70     		strb	r2, [r3]
 764:./ucOSII/Core/os_mutex.c ****     for (i = 0u; i < OS_EVENT_TBL_SIZE; i++) {
 1742              		.loc 1 764 42 discriminator 3
 1743 0098 FB7D     		ldrb	r3, [r7, #23]	@ zero_extendqisi2
 1744 009a 0133     		adds	r3, r3, #1
 1745 009c FB75     		strb	r3, [r7, #23]
 1746              	.L88:
ARM GAS  /var/folders/yl/_q9l42k90g1g4mdhbs226msm0000gn/T//ccM27y0v.s 			page 45


 764:./ucOSII/Core/os_mutex.c ****     for (i = 0u; i < OS_EVENT_TBL_SIZE; i++) {
 1747              		.loc 1 764 5 discriminator 1
 1748 009e FB7D     		ldrb	r3, [r7, #23]	@ zero_extendqisi2
 1749 00a0 072B     		cmp	r3, #7
 1750 00a2 F1D9     		bls	.L89
 766:./ucOSII/Core/os_mutex.c ****     }
 767:./ucOSII/Core/os_mutex.c ****     OS_EXIT_CRITICAL();
 1751              		.loc 1 767 5
 1752 00a4 B868     		ldr	r0, [r7, #8]
 1753 00a6 FFF7FEFF 		bl	OS_CPU_SR_Restore
 768:./ucOSII/Core/os_mutex.c ****     return (OS_ERR_NONE);
 1754              		.loc 1 768 12
 1755 00aa 0023     		movs	r3, #0
 1756              	.L82:
 769:./ucOSII/Core/os_mutex.c **** }
 1757              		.loc 1 769 1
 1758 00ac 1846     		mov	r0, r3
 1759 00ae 1837     		adds	r7, r7, #24
 1760              	.LCFI28:
 1761              		.cfi_def_cfa_offset 8
 1762 00b0 BD46     		mov	sp, r7
 1763              	.LCFI29:
 1764              		.cfi_def_cfa_register 13
 1765              		@ sp needed
 1766 00b2 80BD     		pop	{r7, pc}
 1767              	.L91:
 1768              		.align	2
 1769              	.L90:
 1770 00b4 00000000 		.word	OSIntNesting
 1771              		.cfi_endproc
 1772              	.LFE8:
 1774              		.section	.text.OSMutex_RdyAtPrio,"ax",%progbits
 1775              		.align	1
 1776              		.syntax unified
 1777              		.thumb
 1778              		.thumb_func
 1780              	OSMutex_RdyAtPrio:
 1781              	.LFB9:
 770:./ucOSII/Core/os_mutex.c **** #endif                                                     /* OS_MUTEX_QUERY_EN                    
 771:./ucOSII/Core/os_mutex.c **** 
 772:./ucOSII/Core/os_mutex.c **** 
 773:./ucOSII/Core/os_mutex.c **** /*
 774:./ucOSII/Core/os_mutex.c **** ***************************************************************************************************
 775:./ucOSII/Core/os_mutex.c **** *                            RESTORE A TASK BACK TO ITS ORIGINAL PRIORITY
 776:./ucOSII/Core/os_mutex.c **** *
 777:./ucOSII/Core/os_mutex.c **** * Description: This function makes a task ready at the specified priority
 778:./ucOSII/Core/os_mutex.c **** *
 779:./ucOSII/Core/os_mutex.c **** * Arguments  : ptcb            is a pointer to OS_TCB of the task to make ready
 780:./ucOSII/Core/os_mutex.c **** *
 781:./ucOSII/Core/os_mutex.c **** *              prio            is the desired priority
 782:./ucOSII/Core/os_mutex.c **** *
 783:./ucOSII/Core/os_mutex.c **** * Returns    : none
 784:./ucOSII/Core/os_mutex.c **** ***************************************************************************************************
 785:./ucOSII/Core/os_mutex.c **** */
 786:./ucOSII/Core/os_mutex.c **** 
 787:./ucOSII/Core/os_mutex.c **** static  void  OSMutex_RdyAtPrio (OS_TCB  *ptcb,
 788:./ucOSII/Core/os_mutex.c ****                                  INT8U    prio)
ARM GAS  /var/folders/yl/_q9l42k90g1g4mdhbs226msm0000gn/T//ccM27y0v.s 			page 46


 789:./ucOSII/Core/os_mutex.c **** {
 1782              		.loc 1 789 1
 1783              		.cfi_startproc
 1784              		@ args = 0, pretend = 0, frame = 16
 1785              		@ frame_needed = 1, uses_anonymous_args = 0
 1786 0000 80B5     		push	{r7, lr}
 1787              	.LCFI30:
 1788              		.cfi_def_cfa_offset 8
 1789              		.cfi_offset 7, -8
 1790              		.cfi_offset 14, -4
 1791 0002 84B0     		sub	sp, sp, #16
 1792              	.LCFI31:
 1793              		.cfi_def_cfa_offset 24
 1794 0004 00AF     		add	r7, sp, #0
 1795              	.LCFI32:
 1796              		.cfi_def_cfa_register 7
 1797 0006 7860     		str	r0, [r7, #4]
 1798 0008 0B46     		mov	r3, r1
 1799 000a FB70     		strb	r3, [r7, #3]
 790:./ucOSII/Core/os_mutex.c ****     INT8U  y;
 791:./ucOSII/Core/os_mutex.c **** 
 792:./ucOSII/Core/os_mutex.c **** 
 793:./ucOSII/Core/os_mutex.c ****     y            =  ptcb->OSTCBY;                          /* Remove owner from ready list at 'pcp'
 1800              		.loc 1 793 18
 1801 000c 7B68     		ldr	r3, [r7, #4]
 1802 000e 93F83C30 		ldrb	r3, [r3, #60]
 1803 0012 FB73     		strb	r3, [r7, #15]
 794:./ucOSII/Core/os_mutex.c ****     OSRdyTbl[y] &= (OS_PRIO)~ptcb->OSTCBBitX;
 1804              		.loc 1 794 17
 1805 0014 FB7B     		ldrb	r3, [r7, #15]	@ zero_extendqisi2
 1806 0016 384A     		ldr	r2, .L94
 1807 0018 D15C     		ldrb	r1, [r2, r3]	@ zero_extendqisi2
 1808              		.loc 1 794 34
 1809 001a 7B68     		ldr	r3, [r7, #4]
 1810 001c 93F83D30 		ldrb	r3, [r3, #61]	@ zero_extendqisi2
 1811              		.loc 1 794 20
 1812 0020 DB43     		mvns	r3, r3
 1813 0022 DAB2     		uxtb	r2, r3
 1814              		.loc 1 794 17
 1815 0024 FB7B     		ldrb	r3, [r7, #15]	@ zero_extendqisi2
 1816 0026 0A40     		ands	r2, r2, r1
 1817 0028 D1B2     		uxtb	r1, r2
 1818 002a 334A     		ldr	r2, .L94
 1819 002c D154     		strb	r1, [r2, r3]
 795:./ucOSII/Core/os_mutex.c ****     OS_TRACE_TASK_SUSPENDED(ptcb);
 1820              		.loc 1 795 5
 1821 002e 7B68     		ldr	r3, [r7, #4]
 1822 0030 1846     		mov	r0, r3
 1823 0032 FFF7FEFF 		bl	SYSVIEW_TaskSuspend
 796:./ucOSII/Core/os_mutex.c ****     if (OSRdyTbl[y] == 0u) {
 1824              		.loc 1 796 17
 1825 0036 FB7B     		ldrb	r3, [r7, #15]	@ zero_extendqisi2
 1826 0038 2F4A     		ldr	r2, .L94
 1827 003a D35C     		ldrb	r3, [r2, r3]	@ zero_extendqisi2
 1828              		.loc 1 796 8
 1829 003c 002B     		cmp	r3, #0
 1830 003e 0AD1     		bne	.L93
ARM GAS  /var/folders/yl/_q9l42k90g1g4mdhbs226msm0000gn/T//ccM27y0v.s 			page 47


 797:./ucOSII/Core/os_mutex.c ****         OSRdyGrp &= (OS_PRIO)~ptcb->OSTCBBitY;
 1831              		.loc 1 797 35
 1832 0040 7B68     		ldr	r3, [r7, #4]
 1833 0042 93F83E30 		ldrb	r3, [r3, #62]	@ zero_extendqisi2
 1834              		.loc 1 797 21
 1835 0046 DB43     		mvns	r3, r3
 1836 0048 DAB2     		uxtb	r2, r3
 1837              		.loc 1 797 18
 1838 004a 2C4B     		ldr	r3, .L94+4
 1839 004c 1B78     		ldrb	r3, [r3]	@ zero_extendqisi2
 1840 004e 1340     		ands	r3, r3, r2
 1841 0050 DAB2     		uxtb	r2, r3
 1842 0052 2A4B     		ldr	r3, .L94+4
 1843 0054 1A70     		strb	r2, [r3]
 1844              	.L93:
 798:./ucOSII/Core/os_mutex.c ****     }
 799:./ucOSII/Core/os_mutex.c ****     ptcb->OSTCBPrio         = prio;
 1845              		.loc 1 799 29
 1846 0056 7B68     		ldr	r3, [r7, #4]
 1847 0058 FA78     		ldrb	r2, [r7, #3]
 1848 005a 83F83A20 		strb	r2, [r3, #58]
 800:./ucOSII/Core/os_mutex.c ****     OSPrioCur               = prio;                        /* The current task is now at this prior
 1849              		.loc 1 800 29
 1850 005e 284A     		ldr	r2, .L94+8
 1851 0060 FB78     		ldrb	r3, [r7, #3]
 1852 0062 1370     		strb	r3, [r2]
 801:./ucOSII/Core/os_mutex.c **** #if OS_LOWEST_PRIO <= 63u
 802:./ucOSII/Core/os_mutex.c ****     ptcb->OSTCBY            = (INT8U)((INT8U)(prio >> 3u) & 0x07u);
 1853              		.loc 1 802 39
 1854 0064 FB78     		ldrb	r3, [r7, #3]	@ zero_extendqisi2
 1855 0066 DB08     		lsrs	r3, r3, #3
 1856 0068 DBB2     		uxtb	r3, r3
 1857              		.loc 1 802 31
 1858 006a 03F00703 		and	r3, r3, #7
 1859 006e DAB2     		uxtb	r2, r3
 1860              		.loc 1 802 29
 1861 0070 7B68     		ldr	r3, [r7, #4]
 1862 0072 83F83C20 		strb	r2, [r3, #60]
 803:./ucOSII/Core/os_mutex.c ****     ptcb->OSTCBX            = (INT8U)(prio & 0x07u);
 1863              		.loc 1 803 31
 1864 0076 FB78     		ldrb	r3, [r7, #3]
 1865 0078 03F00703 		and	r3, r3, #7
 1866 007c DAB2     		uxtb	r2, r3
 1867              		.loc 1 803 29
 1868 007e 7B68     		ldr	r3, [r7, #4]
 1869 0080 83F83B20 		strb	r2, [r3, #59]
 804:./ucOSII/Core/os_mutex.c **** #else
 805:./ucOSII/Core/os_mutex.c ****     ptcb->OSTCBY            = (INT8U)((INT8U)(prio >> 4u) & 0x0Fu);
 806:./ucOSII/Core/os_mutex.c ****     ptcb->OSTCBX            = (INT8U) (prio & 0x0Fu);
 807:./ucOSII/Core/os_mutex.c **** #endif
 808:./ucOSII/Core/os_mutex.c ****     ptcb->OSTCBBitY         = (OS_PRIO)(1uL << ptcb->OSTCBY);
 1870              		.loc 1 808 52
 1871 0084 7B68     		ldr	r3, [r7, #4]
 1872 0086 93F83C30 		ldrb	r3, [r3, #60]	@ zero_extendqisi2
 1873 008a 1A46     		mov	r2, r3
 1874              		.loc 1 808 45
 1875 008c 0123     		movs	r3, #1
ARM GAS  /var/folders/yl/_q9l42k90g1g4mdhbs226msm0000gn/T//ccM27y0v.s 			page 48


 1876 008e 9340     		lsls	r3, r3, r2
 1877              		.loc 1 808 31
 1878 0090 DAB2     		uxtb	r2, r3
 1879              		.loc 1 808 29
 1880 0092 7B68     		ldr	r3, [r7, #4]
 1881 0094 83F83E20 		strb	r2, [r3, #62]
 809:./ucOSII/Core/os_mutex.c ****     ptcb->OSTCBBitX         = (OS_PRIO)(1uL << ptcb->OSTCBX);
 1882              		.loc 1 809 52
 1883 0098 7B68     		ldr	r3, [r7, #4]
 1884 009a 93F83B30 		ldrb	r3, [r3, #59]	@ zero_extendqisi2
 1885 009e 1A46     		mov	r2, r3
 1886              		.loc 1 809 45
 1887 00a0 0123     		movs	r3, #1
 1888 00a2 9340     		lsls	r3, r3, r2
 1889              		.loc 1 809 31
 1890 00a4 DAB2     		uxtb	r2, r3
 1891              		.loc 1 809 29
 1892 00a6 7B68     		ldr	r3, [r7, #4]
 1893 00a8 83F83D20 		strb	r2, [r3, #61]
 810:./ucOSII/Core/os_mutex.c ****     OSRdyGrp               |= ptcb->OSTCBBitY;             /* Make task ready at original priority 
 1894              		.loc 1 810 35
 1895 00ac 7B68     		ldr	r3, [r7, #4]
 1896 00ae 93F83E20 		ldrb	r2, [r3, #62]	@ zero_extendqisi2
 1897              		.loc 1 810 28
 1898 00b2 124B     		ldr	r3, .L94+4
 1899 00b4 1B78     		ldrb	r3, [r3]	@ zero_extendqisi2
 1900 00b6 1343     		orrs	r3, r3, r2
 1901 00b8 DAB2     		uxtb	r2, r3
 1902 00ba 104B     		ldr	r3, .L94+4
 1903 00bc 1A70     		strb	r2, [r3]
 811:./ucOSII/Core/os_mutex.c ****     OSRdyTbl[ptcb->OSTCBY] |= ptcb->OSTCBBitX;
 1904              		.loc 1 811 18
 1905 00be 7B68     		ldr	r3, [r7, #4]
 1906 00c0 93F83C30 		ldrb	r3, [r3, #60]	@ zero_extendqisi2
 1907              		.loc 1 811 28
 1908 00c4 1A46     		mov	r2, r3
 1909 00c6 0C4B     		ldr	r3, .L94
 1910 00c8 9A5C     		ldrb	r2, [r3, r2]	@ zero_extendqisi2
 1911              		.loc 1 811 35
 1912 00ca 7B68     		ldr	r3, [r7, #4]
 1913 00cc 93F83D30 		ldrb	r3, [r3, #61]	@ zero_extendqisi2
 1914              		.loc 1 811 18
 1915 00d0 7968     		ldr	r1, [r7, #4]
 1916 00d2 91F83C10 		ldrb	r1, [r1, #60]	@ zero_extendqisi2
 1917              		.loc 1 811 28
 1918 00d6 1343     		orrs	r3, r3, r2
 1919 00d8 DAB2     		uxtb	r2, r3
 1920 00da 074B     		ldr	r3, .L94
 1921 00dc 5A54     		strb	r2, [r3, r1]
 812:./ucOSII/Core/os_mutex.c ****     OSTCBPrioTbl[prio]      = ptcb;
 1922              		.loc 1 812 17
 1923 00de FB78     		ldrb	r3, [r7, #3]	@ zero_extendqisi2
 1924              		.loc 1 812 29
 1925 00e0 0849     		ldr	r1, .L94+12
 1926 00e2 7A68     		ldr	r2, [r7, #4]
 1927 00e4 41F82320 		str	r2, [r1, r3, lsl #2]
 813:./ucOSII/Core/os_mutex.c ****     OS_TRACE_TASK_READY(ptcb);
ARM GAS  /var/folders/yl/_q9l42k90g1g4mdhbs226msm0000gn/T//ccM27y0v.s 			page 49


 1928              		.loc 1 813 5
 1929 00e8 7B68     		ldr	r3, [r7, #4]
 1930 00ea 1846     		mov	r0, r3
 1931 00ec FFF7FEFF 		bl	SYSVIEW_TaskReady
 814:./ucOSII/Core/os_mutex.c **** }
 1932              		.loc 1 814 1
 1933 00f0 00BF     		nop
 1934 00f2 1037     		adds	r7, r7, #16
 1935              	.LCFI33:
 1936              		.cfi_def_cfa_offset 8
 1937 00f4 BD46     		mov	sp, r7
 1938              	.LCFI34:
 1939              		.cfi_def_cfa_register 13
 1940              		@ sp needed
 1941 00f6 80BD     		pop	{r7, pc}
 1942              	.L95:
 1943              		.align	2
 1944              	.L94:
 1945 00f8 00000000 		.word	OSRdyTbl
 1946 00fc 00000000 		.word	OSRdyGrp
 1947 0100 00000000 		.word	OSPrioCur
 1948 0104 00000000 		.word	OSTCBPrioTbl
 1949              		.cfi_endproc
 1950              	.LFE9:
 1952              		.text
 1953              	.Letext0:
 1954              		.file 2 "./ucOSII/Port/os_cpu.h"
 1955              		.file 3 "./ucOSII/Core/ucos_ii.h"
ARM GAS  /var/folders/yl/_q9l42k90g1g4mdhbs226msm0000gn/T//ccM27y0v.s 			page 50


DEFINED SYMBOLS
                            *ABS*:0000000000000000 os_mutex.c
/var/folders/yl/_q9l42k90g1g4mdhbs226msm0000gn/T//ccM27y0v.s:20     .text.OSMutexAccept:0000000000000000 $t
/var/folders/yl/_q9l42k90g1g4mdhbs226msm0000gn/T//ccM27y0v.s:26     .text.OSMutexAccept:0000000000000000 OSMutexAccept
/var/folders/yl/_q9l42k90g1g4mdhbs226msm0000gn/T//ccM27y0v.s:190    .text.OSMutexAccept:00000000000000d4 $d
/var/folders/yl/_q9l42k90g1g4mdhbs226msm0000gn/T//ccM27y0v.s:196    .rodata:0000000000000000 $d
/var/folders/yl/_q9l42k90g1g4mdhbs226msm0000gn/T//ccM27y0v.s:200    .text.OSMutexCreate:0000000000000000 $t
/var/folders/yl/_q9l42k90g1g4mdhbs226msm0000gn/T//ccM27y0v.s:206    .text.OSMutexCreate:0000000000000000 OSMutexCreate
/var/folders/yl/_q9l42k90g1g4mdhbs226msm0000gn/T//ccM27y0v.s:384    .text.OSMutexCreate:00000000000000f0 $d
/var/folders/yl/_q9l42k90g1g4mdhbs226msm0000gn/T//ccM27y0v.s:392    .text.OSMutexDel:0000000000000000 $t
/var/folders/yl/_q9l42k90g1g4mdhbs226msm0000gn/T//ccM27y0v.s:398    .text.OSMutexDel:0000000000000000 OSMutexDel
/var/folders/yl/_q9l42k90g1g4mdhbs226msm0000gn/T//ccM27y0v.s:1780   .text.OSMutex_RdyAtPrio:0000000000000000 OSMutex_RdyAtPrio
/var/folders/yl/_q9l42k90g1g4mdhbs226msm0000gn/T//ccM27y0v.s:738    .text.OSMutexDel:00000000000001e8 $d
/var/folders/yl/_q9l42k90g1g4mdhbs226msm0000gn/T//ccM27y0v.s:747    .text.OSMutexPend:0000000000000000 $t
/var/folders/yl/_q9l42k90g1g4mdhbs226msm0000gn/T//ccM27y0v.s:753    .text.OSMutexPend:0000000000000000 OSMutexPend
/var/folders/yl/_q9l42k90g1g4mdhbs226msm0000gn/T//ccM27y0v.s:1172   .text.OSMutexPend:0000000000000298 $d
/var/folders/yl/_q9l42k90g1g4mdhbs226msm0000gn/T//ccM27y0v.s:1179   .text.OSMutexPend:00000000000002ac $t
/var/folders/yl/_q9l42k90g1g4mdhbs226msm0000gn/T//ccM27y0v.s:1348   .text.OSMutexPend:00000000000003b4 $d
/var/folders/yl/_q9l42k90g1g4mdhbs226msm0000gn/T//ccM27y0v.s:1354   .text.OSMutexPost:0000000000000000 $t
/var/folders/yl/_q9l42k90g1g4mdhbs226msm0000gn/T//ccM27y0v.s:1360   .text.OSMutexPost:0000000000000000 OSMutexPost
/var/folders/yl/_q9l42k90g1g4mdhbs226msm0000gn/T//ccM27y0v.s:1601   .text.OSMutexPost:0000000000000168 $d
/var/folders/yl/_q9l42k90g1g4mdhbs226msm0000gn/T//ccM27y0v.s:1608   .text.OSMutexQuery:0000000000000000 $t
/var/folders/yl/_q9l42k90g1g4mdhbs226msm0000gn/T//ccM27y0v.s:1614   .text.OSMutexQuery:0000000000000000 OSMutexQuery
/var/folders/yl/_q9l42k90g1g4mdhbs226msm0000gn/T//ccM27y0v.s:1770   .text.OSMutexQuery:00000000000000b4 $d
/var/folders/yl/_q9l42k90g1g4mdhbs226msm0000gn/T//ccM27y0v.s:1775   .text.OSMutex_RdyAtPrio:0000000000000000 $t
/var/folders/yl/_q9l42k90g1g4mdhbs226msm0000gn/T//ccM27y0v.s:1945   .text.OSMutex_RdyAtPrio:00000000000000f8 $d

UNDEFINED SYMBOLS
OS_CPU_SR_Save
OS_CPU_SR_Restore
OSIntNesting
OSTCBCur
OS_EventWaitListInit
SYSVIEW_RecordU32Register
OSTCBPrioTbl
OSEventFreeList
SEGGER_SYSVIEW_ShrinkId
SEGGER_SYSVIEW_RecordU32x2
SEGGER_SYSVIEW_RecordEndCallU32
OS_EventTaskRdy
OS_Sched
OSLockNesting
OSRdyTbl
OSRdyGrp
OS_EventTaskWait
OS_EventTaskRemove
SEGGER_SYSVIEW_RecordU32
SYSVIEW_TaskSuspend
SYSVIEW_TaskReady
OSPrioCur
