ARM GAS  /var/folders/yl/_q9l42k90g1g4mdhbs226msm0000gn/T//cc0VbLUy.s 			page 1


   1              		.cpu cortex-m4
   2              		.arch armv7e-m
   3              		.fpu fpv4-sp-d16
   4              		.eabi_attribute 27, 1
   5              		.eabi_attribute 28, 1
   6              		.eabi_attribute 20, 1
   7              		.eabi_attribute 21, 1
   8              		.eabi_attribute 23, 3
   9              		.eabi_attribute 24, 1
  10              		.eabi_attribute 25, 1
  11              		.eabi_attribute 26, 1
  12              		.eabi_attribute 30, 6
  13              		.eabi_attribute 34, 1
  14              		.eabi_attribute 18, 4
  15              		.file	"os_sem.c"
  16              		.text
  17              	.Ltext0:
  18              		.cfi_sections	.debug_frame
  19              		.section	.text.OSSemAccept,"ax",%progbits
  20              		.align	1
  21              		.global	OSSemAccept
  22              		.syntax unified
  23              		.thumb
  24              		.thumb_func
  26              	OSSemAccept:
  27              	.LFB3:
  28              		.file 1 "./ucOSII/Core/os_sem.c"
   1:./ucOSII/Core/os_sem.c **** /*
   2:./ucOSII/Core/os_sem.c **** ***************************************************************************************************
   3:./ucOSII/Core/os_sem.c **** *                                              uC/OS-II
   4:./ucOSII/Core/os_sem.c **** *                                        The Real-Time Kernel
   5:./ucOSII/Core/os_sem.c **** *
   6:./ucOSII/Core/os_sem.c **** *                    Copyright 1992-2021 Silicon Laboratories Inc. www.silabs.com
   7:./ucOSII/Core/os_sem.c **** *
   8:./ucOSII/Core/os_sem.c **** *                                 SPDX-License-Identifier: APACHE-2.0
   9:./ucOSII/Core/os_sem.c **** *
  10:./ucOSII/Core/os_sem.c **** *               This software is subject to an open source license and is distributed by
  11:./ucOSII/Core/os_sem.c **** *                Silicon Laboratories Inc. pursuant to the terms of the Apache License,
  12:./ucOSII/Core/os_sem.c **** *                    Version 2.0 available at www.apache.org/licenses/LICENSE-2.0.
  13:./ucOSII/Core/os_sem.c **** *
  14:./ucOSII/Core/os_sem.c **** ***************************************************************************************************
  15:./ucOSII/Core/os_sem.c **** */
  16:./ucOSII/Core/os_sem.c **** 
  17:./ucOSII/Core/os_sem.c **** 
  18:./ucOSII/Core/os_sem.c **** /*
  19:./ucOSII/Core/os_sem.c **** ***************************************************************************************************
  20:./ucOSII/Core/os_sem.c **** *
  21:./ucOSII/Core/os_sem.c **** *                                         SEMAPHORE MANAGEMENT
  22:./ucOSII/Core/os_sem.c **** *
  23:./ucOSII/Core/os_sem.c **** * Filename : os_sem.c
  24:./ucOSII/Core/os_sem.c **** * Version  : V2.93.01
  25:./ucOSII/Core/os_sem.c **** ***************************************************************************************************
  26:./ucOSII/Core/os_sem.c **** */
  27:./ucOSII/Core/os_sem.c **** 
  28:./ucOSII/Core/os_sem.c **** #ifndef  OS_SEM_C
  29:./ucOSII/Core/os_sem.c **** #define  OS_SEM_C
  30:./ucOSII/Core/os_sem.c **** 
ARM GAS  /var/folders/yl/_q9l42k90g1g4mdhbs226msm0000gn/T//cc0VbLUy.s 			page 2


  31:./ucOSII/Core/os_sem.c **** #define  MICRIUM_SOURCE
  32:./ucOSII/Core/os_sem.c **** 
  33:./ucOSII/Core/os_sem.c **** #ifndef  OS_MASTER_FILE
  34:./ucOSII/Core/os_sem.c **** #include <ucos_ii.h>
  35:./ucOSII/Core/os_sem.c **** #endif
  36:./ucOSII/Core/os_sem.c **** 
  37:./ucOSII/Core/os_sem.c **** #if OS_SEM_EN > 0u
  38:./ucOSII/Core/os_sem.c **** /*
  39:./ucOSII/Core/os_sem.c **** ***************************************************************************************************
  40:./ucOSII/Core/os_sem.c **** *                                          ACCEPT SEMAPHORE
  41:./ucOSII/Core/os_sem.c **** *
  42:./ucOSII/Core/os_sem.c **** * Description: This function checks the semaphore to see if a resource is available or, if an event
  43:./ucOSII/Core/os_sem.c **** *              occurred.  Unlike OSSemPend(), OSSemAccept() does not suspend the calling task if th
  44:./ucOSII/Core/os_sem.c **** *              resource is not available or the event did not occur.
  45:./ucOSII/Core/os_sem.c **** *
  46:./ucOSII/Core/os_sem.c **** * Arguments  : pevent     is a pointer to the event control block
  47:./ucOSII/Core/os_sem.c **** *
  48:./ucOSII/Core/os_sem.c **** * Returns    : >  0       if the resource is available or the event did not occur the semaphore is
  49:./ucOSII/Core/os_sem.c **** *                         decremented to obtain the resource.
  50:./ucOSII/Core/os_sem.c **** *              == 0       if the resource is not available or the event did not occur or,
  51:./ucOSII/Core/os_sem.c **** *                         if 'pevent' is a NULL pointer or,
  52:./ucOSII/Core/os_sem.c **** *                         if you didn't pass a pointer to a semaphore
  53:./ucOSII/Core/os_sem.c **** ***************************************************************************************************
  54:./ucOSII/Core/os_sem.c **** */
  55:./ucOSII/Core/os_sem.c **** 
  56:./ucOSII/Core/os_sem.c **** #if OS_SEM_ACCEPT_EN > 0u
  57:./ucOSII/Core/os_sem.c **** INT16U  OSSemAccept (OS_EVENT *pevent)
  58:./ucOSII/Core/os_sem.c **** {
  29              		.loc 1 58 1
  30              		.cfi_startproc
  31              		@ args = 0, pretend = 0, frame = 16
  32              		@ frame_needed = 1, uses_anonymous_args = 0
  33 0000 80B5     		push	{r7, lr}
  34              	.LCFI0:
  35              		.cfi_def_cfa_offset 8
  36              		.cfi_offset 7, -8
  37              		.cfi_offset 14, -4
  38 0002 84B0     		sub	sp, sp, #16
  39              	.LCFI1:
  40              		.cfi_def_cfa_offset 24
  41 0004 00AF     		add	r7, sp, #0
  42              	.LCFI2:
  43              		.cfi_def_cfa_register 7
  44 0006 7860     		str	r0, [r7, #4]
  59:./ucOSII/Core/os_sem.c ****     INT16U     cnt;
  60:./ucOSII/Core/os_sem.c **** #if OS_CRITICAL_METHOD == 3u                          /* Allocate storage for CPU status register  
  61:./ucOSII/Core/os_sem.c ****     OS_CPU_SR  cpu_sr = 0u;
  45              		.loc 1 61 16
  46 0008 0023     		movs	r3, #0
  47 000a FB60     		str	r3, [r7, #12]
  62:./ucOSII/Core/os_sem.c **** #endif
  63:./ucOSII/Core/os_sem.c **** 
  64:./ucOSII/Core/os_sem.c **** 
  65:./ucOSII/Core/os_sem.c **** 
  66:./ucOSII/Core/os_sem.c **** #if OS_ARG_CHK_EN > 0u
  67:./ucOSII/Core/os_sem.c ****     if (pevent == (OS_EVENT *)0) {                    /* Validate 'pevent'                         
  48              		.loc 1 67 8
ARM GAS  /var/folders/yl/_q9l42k90g1g4mdhbs226msm0000gn/T//cc0VbLUy.s 			page 3


  49 000c 7B68     		ldr	r3, [r7, #4]
  50 000e 002B     		cmp	r3, #0
  51 0010 01D1     		bne	.L2
  68:./ucOSII/Core/os_sem.c ****         return (0u);
  52              		.loc 1 68 16
  53 0012 0023     		movs	r3, #0
  54 0014 19E0     		b	.L3
  55              	.L2:
  69:./ucOSII/Core/os_sem.c ****     }
  70:./ucOSII/Core/os_sem.c **** #endif
  71:./ucOSII/Core/os_sem.c ****     if (pevent->OSEventType != OS_EVENT_TYPE_SEM) {   /* Validate event block type                 
  56              		.loc 1 71 15
  57 0016 7B68     		ldr	r3, [r7, #4]
  58 0018 1B78     		ldrb	r3, [r3]	@ zero_extendqisi2
  59              		.loc 1 71 8
  60 001a 032B     		cmp	r3, #3
  61 001c 01D0     		beq	.L4
  72:./ucOSII/Core/os_sem.c ****         return (0u);
  62              		.loc 1 72 16
  63 001e 0023     		movs	r3, #0
  64 0020 13E0     		b	.L3
  65              	.L4:
  73:./ucOSII/Core/os_sem.c ****     }
  74:./ucOSII/Core/os_sem.c ****     OS_ENTER_CRITICAL();
  66              		.loc 1 74 5
  67 0022 4020     		movs	r0, #64
  68 0024 FFF7FEFF 		bl	OS_CPU_SR_Save
  69 0028 F860     		str	r0, [r7, #12]
  75:./ucOSII/Core/os_sem.c ****     cnt = pevent->OSEventCnt;
  70              		.loc 1 75 9
  71 002a 7B68     		ldr	r3, [r7, #4]
  72 002c 1B89     		ldrh	r3, [r3, #8]	@ movhi
  73 002e 7B81     		strh	r3, [r7, #10]	@ movhi
  76:./ucOSII/Core/os_sem.c ****     if (cnt > 0u) {                                   /* See if resource is available              
  74              		.loc 1 76 8
  75 0030 7B89     		ldrh	r3, [r7, #10]
  76 0032 002B     		cmp	r3, #0
  77 0034 05D0     		beq	.L5
  77:./ucOSII/Core/os_sem.c ****         pevent->OSEventCnt--;                         /* Yes, decrement semaphore and notify caller
  78              		.loc 1 77 15
  79 0036 7B68     		ldr	r3, [r7, #4]
  80 0038 1B89     		ldrh	r3, [r3, #8]
  81              		.loc 1 77 27
  82 003a 013B     		subs	r3, r3, #1
  83 003c 9AB2     		uxth	r2, r3
  84 003e 7B68     		ldr	r3, [r7, #4]
  85 0040 1A81     		strh	r2, [r3, #8]	@ movhi
  86              	.L5:
  78:./ucOSII/Core/os_sem.c ****     }
  79:./ucOSII/Core/os_sem.c ****     OS_EXIT_CRITICAL();
  87              		.loc 1 79 5
  88 0042 F868     		ldr	r0, [r7, #12]
  89 0044 FFF7FEFF 		bl	OS_CPU_SR_Restore
  80:./ucOSII/Core/os_sem.c ****     return (cnt);                                     /* Return semaphore count                    
  90              		.loc 1 80 12
  91 0048 7B89     		ldrh	r3, [r7, #10]
  92              	.L3:
ARM GAS  /var/folders/yl/_q9l42k90g1g4mdhbs226msm0000gn/T//cc0VbLUy.s 			page 4


  81:./ucOSII/Core/os_sem.c **** }
  93              		.loc 1 81 1
  94 004a 1846     		mov	r0, r3
  95 004c 1037     		adds	r7, r7, #16
  96              	.LCFI3:
  97              		.cfi_def_cfa_offset 8
  98 004e BD46     		mov	sp, r7
  99              	.LCFI4:
 100              		.cfi_def_cfa_register 13
 101              		@ sp needed
 102 0050 80BD     		pop	{r7, pc}
 103              		.cfi_endproc
 104              	.LFE3:
 106              		.section	.rodata
 107              		.align	2
 108              	.LC0:
 109 0000 3F00     		.ascii	"?\000"
 110              		.section	.text.OSSemCreate,"ax",%progbits
 111              		.align	1
 112              		.global	OSSemCreate
 113              		.syntax unified
 114              		.thumb
 115              		.thumb_func
 117              	OSSemCreate:
 118              	.LFB4:
  82:./ucOSII/Core/os_sem.c **** #endif
  83:./ucOSII/Core/os_sem.c **** 
  84:./ucOSII/Core/os_sem.c **** 
  85:./ucOSII/Core/os_sem.c **** /*
  86:./ucOSII/Core/os_sem.c **** ***************************************************************************************************
  87:./ucOSII/Core/os_sem.c **** *                                         CREATE A SEMAPHORE
  88:./ucOSII/Core/os_sem.c **** *
  89:./ucOSII/Core/os_sem.c **** * Description: This function creates a semaphore.
  90:./ucOSII/Core/os_sem.c **** *
  91:./ucOSII/Core/os_sem.c **** * Arguments  : cnt           is the initial value for the semaphore.  If the value is 0, no resourc
  92:./ucOSII/Core/os_sem.c **** *                            available (or no event has occurred).  You initialize the semaphore to
  93:./ucOSII/Core/os_sem.c **** *                            non-zero value to specify how many resources are available (e.g. if yo
  94:./ucOSII/Core/os_sem.c **** *                            10 resources, you would initialize the semaphore to 10).
  95:./ucOSII/Core/os_sem.c **** *
  96:./ucOSII/Core/os_sem.c **** * Returns    : != (void *)0  is a pointer to the event control block (OS_EVENT) associated with the
  97:./ucOSII/Core/os_sem.c **** *                            created semaphore
  98:./ucOSII/Core/os_sem.c **** *              == (void *)0  if no event control blocks were available
  99:./ucOSII/Core/os_sem.c **** ***************************************************************************************************
 100:./ucOSII/Core/os_sem.c **** */
 101:./ucOSII/Core/os_sem.c **** 
 102:./ucOSII/Core/os_sem.c **** OS_EVENT  *OSSemCreate (INT16U cnt)
 103:./ucOSII/Core/os_sem.c **** {
 119              		.loc 1 103 1
 120              		.cfi_startproc
 121              		@ args = 0, pretend = 0, frame = 16
 122              		@ frame_needed = 1, uses_anonymous_args = 0
 123 0000 80B5     		push	{r7, lr}
 124              	.LCFI5:
 125              		.cfi_def_cfa_offset 8
 126              		.cfi_offset 7, -8
 127              		.cfi_offset 14, -4
 128 0002 84B0     		sub	sp, sp, #16
ARM GAS  /var/folders/yl/_q9l42k90g1g4mdhbs226msm0000gn/T//cc0VbLUy.s 			page 5


 129              	.LCFI6:
 130              		.cfi_def_cfa_offset 24
 131 0004 00AF     		add	r7, sp, #0
 132              	.LCFI7:
 133              		.cfi_def_cfa_register 7
 134 0006 0346     		mov	r3, r0
 135 0008 FB80     		strh	r3, [r7, #6]	@ movhi
 104:./ucOSII/Core/os_sem.c ****     OS_EVENT  *pevent;
 105:./ucOSII/Core/os_sem.c **** #if OS_CRITICAL_METHOD == 3u                               /* Allocate storage for CPU status regis
 106:./ucOSII/Core/os_sem.c ****     OS_CPU_SR  cpu_sr = 0u;
 136              		.loc 1 106 16
 137 000a 0023     		movs	r3, #0
 138 000c FB60     		str	r3, [r7, #12]
 107:./ucOSII/Core/os_sem.c **** #endif
 108:./ucOSII/Core/os_sem.c **** 
 109:./ucOSII/Core/os_sem.c **** 
 110:./ucOSII/Core/os_sem.c **** #ifdef OS_SAFETY_CRITICAL_IEC61508
 111:./ucOSII/Core/os_sem.c ****     if (OSSafetyCriticalStartFlag == OS_TRUE) {
 112:./ucOSII/Core/os_sem.c ****         OS_SAFETY_CRITICAL_EXCEPTION();
 113:./ucOSII/Core/os_sem.c ****         return ((OS_EVENT *)0);
 114:./ucOSII/Core/os_sem.c ****     }
 115:./ucOSII/Core/os_sem.c **** #endif
 116:./ucOSII/Core/os_sem.c **** 
 117:./ucOSII/Core/os_sem.c ****     if (OSIntNesting > 0u) {                               /* See if called from ISR ...           
 139              		.loc 1 117 22
 140 000e 1B4B     		ldr	r3, .L11
 141 0010 1B78     		ldrb	r3, [r3]	@ zero_extendqisi2
 142              		.loc 1 117 8
 143 0012 002B     		cmp	r3, #0
 144 0014 01D0     		beq	.L7
 118:./ucOSII/Core/os_sem.c ****         return ((OS_EVENT *)0);                            /* ... can't CREATE from an ISR         
 145              		.loc 1 118 16
 146 0016 0023     		movs	r3, #0
 147 0018 2CE0     		b	.L8
 148              	.L7:
 119:./ucOSII/Core/os_sem.c ****     }
 120:./ucOSII/Core/os_sem.c ****     OS_ENTER_CRITICAL();
 149              		.loc 1 120 5
 150 001a 4020     		movs	r0, #64
 151 001c FFF7FEFF 		bl	OS_CPU_SR_Save
 152 0020 F860     		str	r0, [r7, #12]
 121:./ucOSII/Core/os_sem.c ****     pevent = OSEventFreeList;                              /* Get next free event control block    
 153              		.loc 1 121 12
 154 0022 174B     		ldr	r3, .L11+4
 155 0024 1B68     		ldr	r3, [r3]
 156 0026 BB60     		str	r3, [r7, #8]
 122:./ucOSII/Core/os_sem.c ****     if (OSEventFreeList != (OS_EVENT *)0) {                /* See if pool of free ECB pool was empt
 157              		.loc 1 122 25
 158 0028 154B     		ldr	r3, .L11+4
 159 002a 1B68     		ldr	r3, [r3]
 160              		.loc 1 122 8
 161 002c 002B     		cmp	r3, #0
 162 002e 04D0     		beq	.L9
 123:./ucOSII/Core/os_sem.c ****         OSEventFreeList = (OS_EVENT *)OSEventFreeList->OSEventPtr;
 163              		.loc 1 123 54
 164 0030 134B     		ldr	r3, .L11+4
 165 0032 1B68     		ldr	r3, [r3]
ARM GAS  /var/folders/yl/_q9l42k90g1g4mdhbs226msm0000gn/T//cc0VbLUy.s 			page 6


 166 0034 5B68     		ldr	r3, [r3, #4]
 167              		.loc 1 123 25
 168 0036 124A     		ldr	r2, .L11+4
 169 0038 1360     		str	r3, [r2]
 170              	.L9:
 124:./ucOSII/Core/os_sem.c ****     }
 125:./ucOSII/Core/os_sem.c ****     OS_EXIT_CRITICAL();
 171              		.loc 1 125 5
 172 003a F868     		ldr	r0, [r7, #12]
 173 003c FFF7FEFF 		bl	OS_CPU_SR_Restore
 126:./ucOSII/Core/os_sem.c ****     if (pevent != (OS_EVENT *)0) {                         /* Get an event control block           
 174              		.loc 1 126 8
 175 0040 BB68     		ldr	r3, [r7, #8]
 176 0042 002B     		cmp	r3, #0
 177 0044 15D0     		beq	.L10
 127:./ucOSII/Core/os_sem.c ****         pevent->OSEventType    = OS_EVENT_TYPE_SEM;
 178              		.loc 1 127 32
 179 0046 BB68     		ldr	r3, [r7, #8]
 180 0048 0322     		movs	r2, #3
 181 004a 1A70     		strb	r2, [r3]
 128:./ucOSII/Core/os_sem.c ****         pevent->OSEventCnt     = cnt;                      /* Set semaphore value                  
 182              		.loc 1 128 32
 183 004c BB68     		ldr	r3, [r7, #8]
 184 004e FA88     		ldrh	r2, [r7, #6]	@ movhi
 185 0050 1A81     		strh	r2, [r3, #8]	@ movhi
 129:./ucOSII/Core/os_sem.c ****         pevent->OSEventPtr     = (void *)0;                /* Unlink from ECB free list            
 186              		.loc 1 129 32
 187 0052 BB68     		ldr	r3, [r7, #8]
 188 0054 0022     		movs	r2, #0
 189 0056 5A60     		str	r2, [r3, #4]
 130:./ucOSII/Core/os_sem.c **** #if OS_EVENT_NAME_EN > 0u
 131:./ucOSII/Core/os_sem.c ****         pevent->OSEventName    = (INT8U *)(void *)"?";
 190              		.loc 1 131 32
 191 0058 BB68     		ldr	r3, [r7, #8]
 192 005a 0A4A     		ldr	r2, .L11+8
 193 005c 5A61     		str	r2, [r3, #20]
 132:./ucOSII/Core/os_sem.c **** #endif
 133:./ucOSII/Core/os_sem.c ****         OS_EventWaitListInit(pevent);                      /* Initialize to 'nobody waiting' on sem
 194              		.loc 1 133 9
 195 005e B868     		ldr	r0, [r7, #8]
 196 0060 FFF7FEFF 		bl	OS_EventWaitListInit
 134:./ucOSII/Core/os_sem.c **** 
 135:./ucOSII/Core/os_sem.c ****         OS_TRACE_SEM_CREATE(pevent, pevent->OSEventName);
 197              		.loc 1 135 9
 198 0064 B968     		ldr	r1, [r7, #8]
 199 0066 BB68     		ldr	r3, [r7, #8]
 200 0068 5B69     		ldr	r3, [r3, #20]
 201 006a 1A46     		mov	r2, r3
 202 006c 2E20     		movs	r0, #46
 203 006e FFF7FEFF 		bl	SYSVIEW_RecordU32Register
 204              	.L10:
 136:./ucOSII/Core/os_sem.c ****     }
 137:./ucOSII/Core/os_sem.c ****     return (pevent);
 205              		.loc 1 137 12
 206 0072 BB68     		ldr	r3, [r7, #8]
 207              	.L8:
 138:./ucOSII/Core/os_sem.c **** }
ARM GAS  /var/folders/yl/_q9l42k90g1g4mdhbs226msm0000gn/T//cc0VbLUy.s 			page 7


 208              		.loc 1 138 1
 209 0074 1846     		mov	r0, r3
 210 0076 1037     		adds	r7, r7, #16
 211              	.LCFI8:
 212              		.cfi_def_cfa_offset 8
 213 0078 BD46     		mov	sp, r7
 214              	.LCFI9:
 215              		.cfi_def_cfa_register 13
 216              		@ sp needed
 217 007a 80BD     		pop	{r7, pc}
 218              	.L12:
 219              		.align	2
 220              	.L11:
 221 007c 00000000 		.word	OSIntNesting
 222 0080 00000000 		.word	OSEventFreeList
 223 0084 00000000 		.word	.LC0
 224              		.cfi_endproc
 225              	.LFE4:
 227              		.section	.text.OSSemDel,"ax",%progbits
 228              		.align	1
 229              		.global	OSSemDel
 230              		.syntax unified
 231              		.thumb
 232              		.thumb_func
 234              	OSSemDel:
 235              	.LFB5:
 139:./ucOSII/Core/os_sem.c **** 
 140:./ucOSII/Core/os_sem.c **** 
 141:./ucOSII/Core/os_sem.c **** /*
 142:./ucOSII/Core/os_sem.c **** ***************************************************************************************************
 143:./ucOSII/Core/os_sem.c **** *                                         DELETE A SEMAPHORE
 144:./ucOSII/Core/os_sem.c **** *
 145:./ucOSII/Core/os_sem.c **** * Description: This function deletes a semaphore and readies all tasks pending on the semaphore.
 146:./ucOSII/Core/os_sem.c **** *
 147:./ucOSII/Core/os_sem.c **** * Arguments  : pevent        is a pointer to the event control block associated with the desired
 148:./ucOSII/Core/os_sem.c **** *                            semaphore.
 149:./ucOSII/Core/os_sem.c **** *
 150:./ucOSII/Core/os_sem.c **** *              opt           determines delete options as follows:
 151:./ucOSII/Core/os_sem.c **** *                            opt == OS_DEL_NO_PEND   Delete semaphore ONLY if no task pending
 152:./ucOSII/Core/os_sem.c **** *                            opt == OS_DEL_ALWAYS    Deletes the semaphore even if tasks are waitin
 153:./ucOSII/Core/os_sem.c **** *                                                    In this case, all the tasks pending will be re
 154:./ucOSII/Core/os_sem.c **** *
 155:./ucOSII/Core/os_sem.c **** *              perr          is a pointer to an error code that can contain one of the following va
 156:./ucOSII/Core/os_sem.c **** *                            OS_ERR_NONE                  The call was successful and the semaphore
 157:./ucOSII/Core/os_sem.c **** *                                                         deleted
 158:./ucOSII/Core/os_sem.c **** *                            OS_ERR_DEL_ISR               If you attempted to delete the semaphore 
 159:./ucOSII/Core/os_sem.c **** *                                                         ISR
 160:./ucOSII/Core/os_sem.c **** *                            OS_ERR_ILLEGAL_DEL_RUN_TIME  If you tried to delete the semaphore afte
 161:./ucOSII/Core/os_sem.c **** *                                                         safety critical operation started.
 162:./ucOSII/Core/os_sem.c **** *                            OS_ERR_INVALID_OPT           An invalid option was specified
 163:./ucOSII/Core/os_sem.c **** *                            OS_ERR_TASK_WAITING          One or more tasks were waiting on the sem
 164:./ucOSII/Core/os_sem.c **** *                            OS_ERR_EVENT_TYPE            If you didn't pass a pointer to a semapho
 165:./ucOSII/Core/os_sem.c **** *                            OS_ERR_PEVENT_NULL           If 'pevent' is a NULL pointer.
 166:./ucOSII/Core/os_sem.c **** *
 167:./ucOSII/Core/os_sem.c **** * Returns    : pevent        upon error
 168:./ucOSII/Core/os_sem.c **** *              (OS_EVENT *)0 if the semaphore was successfully deleted.
 169:./ucOSII/Core/os_sem.c **** *
ARM GAS  /var/folders/yl/_q9l42k90g1g4mdhbs226msm0000gn/T//cc0VbLUy.s 			page 8


 170:./ucOSII/Core/os_sem.c **** * Note(s)    : 1) This function must be used with care.  Tasks that would normally expect the prese
 171:./ucOSII/Core/os_sem.c **** *                 the semaphore MUST check the return code of OSSemPend().
 172:./ucOSII/Core/os_sem.c **** *              2) OSSemAccept() callers will not know that the intended semaphore has been deleted 
 173:./ucOSII/Core/os_sem.c **** *                 they check 'pevent' to see that it's a NULL pointer.
 174:./ucOSII/Core/os_sem.c **** *              3) This call can potentially disable interrupts for a long time.  The interrupt disa
 175:./ucOSII/Core/os_sem.c **** *                 time is directly proportional to the number of tasks waiting on the semaphore.
 176:./ucOSII/Core/os_sem.c **** *              4) Because ALL tasks pending on the semaphore will be readied, you MUST be careful i
 177:./ucOSII/Core/os_sem.c **** *                 applications where the semaphore is used for mutual exclusion because the resourc
 178:./ucOSII/Core/os_sem.c **** *                 will no longer be guarded by the semaphore.
 179:./ucOSII/Core/os_sem.c **** *              5) All tasks that were waiting for the semaphore will be readied and returned an
 180:./ucOSII/Core/os_sem.c **** *                 OS_ERR_PEND_ABORT if OSSemDel() was called with OS_DEL_ALWAYS
 181:./ucOSII/Core/os_sem.c **** ***************************************************************************************************
 182:./ucOSII/Core/os_sem.c **** */
 183:./ucOSII/Core/os_sem.c **** 
 184:./ucOSII/Core/os_sem.c **** #if OS_SEM_DEL_EN > 0u
 185:./ucOSII/Core/os_sem.c **** OS_EVENT  *OSSemDel (OS_EVENT  *pevent,
 186:./ucOSII/Core/os_sem.c ****                      INT8U      opt,
 187:./ucOSII/Core/os_sem.c ****                      INT8U     *perr)
 188:./ucOSII/Core/os_sem.c **** {
 236              		.loc 1 188 1
 237              		.cfi_startproc
 238              		@ args = 0, pretend = 0, frame = 32
 239              		@ frame_needed = 1, uses_anonymous_args = 0
 240 0000 80B5     		push	{r7, lr}
 241              	.LCFI10:
 242              		.cfi_def_cfa_offset 8
 243              		.cfi_offset 7, -8
 244              		.cfi_offset 14, -4
 245 0002 88B0     		sub	sp, sp, #32
 246              	.LCFI11:
 247              		.cfi_def_cfa_offset 40
 248 0004 00AF     		add	r7, sp, #0
 249              	.LCFI12:
 250              		.cfi_def_cfa_register 7
 251 0006 F860     		str	r0, [r7, #12]
 252 0008 0B46     		mov	r3, r1
 253 000a 7A60     		str	r2, [r7, #4]
 254 000c FB72     		strb	r3, [r7, #11]
 189:./ucOSII/Core/os_sem.c ****     BOOLEAN    tasks_waiting;
 190:./ucOSII/Core/os_sem.c ****     OS_EVENT  *pevent_return;
 191:./ucOSII/Core/os_sem.c **** #if OS_CRITICAL_METHOD == 3u                               /* Allocate storage for CPU status regis
 192:./ucOSII/Core/os_sem.c ****     OS_CPU_SR  cpu_sr = 0u;
 255              		.loc 1 192 16
 256 000e 0023     		movs	r3, #0
 257 0010 7B61     		str	r3, [r7, #20]
 193:./ucOSII/Core/os_sem.c **** #endif
 194:./ucOSII/Core/os_sem.c **** 
 195:./ucOSII/Core/os_sem.c **** 
 196:./ucOSII/Core/os_sem.c **** #ifdef OS_SAFETY_CRITICAL
 197:./ucOSII/Core/os_sem.c ****     if (perr == (INT8U *)0) {
 198:./ucOSII/Core/os_sem.c ****         OS_SAFETY_CRITICAL_EXCEPTION();
 199:./ucOSII/Core/os_sem.c ****         return ((OS_EVENT *)0);
 200:./ucOSII/Core/os_sem.c ****     }
 201:./ucOSII/Core/os_sem.c **** #endif
 202:./ucOSII/Core/os_sem.c **** 
 203:./ucOSII/Core/os_sem.c **** #ifdef OS_SAFETY_CRITICAL_IEC61508
 204:./ucOSII/Core/os_sem.c ****     if (OSSafetyCriticalStartFlag == OS_TRUE) {
ARM GAS  /var/folders/yl/_q9l42k90g1g4mdhbs226msm0000gn/T//cc0VbLUy.s 			page 9


 205:./ucOSII/Core/os_sem.c ****         OS_SAFETY_CRITICAL_EXCEPTION();
 206:./ucOSII/Core/os_sem.c ****         *perr = OS_ERR_ILLEGAL_DEL_RUN_TIME;
 207:./ucOSII/Core/os_sem.c ****         return ((OS_EVENT *)0);
 208:./ucOSII/Core/os_sem.c ****     }
 209:./ucOSII/Core/os_sem.c **** #endif
 210:./ucOSII/Core/os_sem.c **** 
 211:./ucOSII/Core/os_sem.c **** #if OS_ARG_CHK_EN > 0u
 212:./ucOSII/Core/os_sem.c ****     if (pevent == (OS_EVENT *)0) {                         /* Validate 'pevent'                    
 258              		.loc 1 212 8
 259 0012 FB68     		ldr	r3, [r7, #12]
 260 0014 002B     		cmp	r3, #0
 261 0016 04D1     		bne	.L14
 213:./ucOSII/Core/os_sem.c ****         *perr = OS_ERR_PEVENT_NULL;
 262              		.loc 1 213 15
 263 0018 7B68     		ldr	r3, [r7, #4]
 264 001a 0422     		movs	r2, #4
 265 001c 1A70     		strb	r2, [r3]
 214:./ucOSII/Core/os_sem.c ****         return (pevent);
 266              		.loc 1 214 16
 267 001e FB68     		ldr	r3, [r7, #12]
 268 0020 97E0     		b	.L15
 269              	.L14:
 215:./ucOSII/Core/os_sem.c ****     }
 216:./ucOSII/Core/os_sem.c **** #endif
 217:./ucOSII/Core/os_sem.c **** 
 218:./ucOSII/Core/os_sem.c ****     OS_TRACE_SEM_DEL_ENTER(pevent, opt);
 270              		.loc 1 218 5
 271 0022 FB68     		ldr	r3, [r7, #12]
 272 0024 1846     		mov	r0, r3
 273 0026 FFF7FEFF 		bl	SEGGER_SYSVIEW_ShrinkId
 274 002a 0146     		mov	r1, r0
 275 002c FB7A     		ldrb	r3, [r7, #11]	@ zero_extendqisi2
 276 002e 1A46     		mov	r2, r3
 277 0030 2F20     		movs	r0, #47
 278 0032 FFF7FEFF 		bl	SEGGER_SYSVIEW_RecordU32x2
 219:./ucOSII/Core/os_sem.c **** 
 220:./ucOSII/Core/os_sem.c ****     if (pevent->OSEventType != OS_EVENT_TYPE_SEM) {        /* Validate event block type            
 279              		.loc 1 220 15
 280 0036 FB68     		ldr	r3, [r7, #12]
 281 0038 1B78     		ldrb	r3, [r3]	@ zero_extendqisi2
 282              		.loc 1 220 8
 283 003a 032B     		cmp	r3, #3
 284 003c 0AD0     		beq	.L16
 221:./ucOSII/Core/os_sem.c ****         *perr = OS_ERR_EVENT_TYPE;
 285              		.loc 1 221 15
 286 003e 7B68     		ldr	r3, [r7, #4]
 287 0040 0122     		movs	r2, #1
 288 0042 1A70     		strb	r2, [r3]
 222:./ucOSII/Core/os_sem.c ****         OS_TRACE_SEM_DEL_EXIT(*perr);
 289              		.loc 1 222 9
 290 0044 7B68     		ldr	r3, [r7, #4]
 291 0046 1B78     		ldrb	r3, [r3]	@ zero_extendqisi2
 292 0048 1946     		mov	r1, r3
 293 004a 2F20     		movs	r0, #47
 294 004c FFF7FEFF 		bl	SEGGER_SYSVIEW_RecordEndCallU32
 223:./ucOSII/Core/os_sem.c ****         return (pevent);
 295              		.loc 1 223 16
ARM GAS  /var/folders/yl/_q9l42k90g1g4mdhbs226msm0000gn/T//cc0VbLUy.s 			page 10


 296 0050 FB68     		ldr	r3, [r7, #12]
 297 0052 7EE0     		b	.L15
 298              	.L16:
 224:./ucOSII/Core/os_sem.c ****     }
 225:./ucOSII/Core/os_sem.c ****     if (OSIntNesting > 0u) {                               /* See if called from ISR ...           
 299              		.loc 1 225 22
 300 0054 414B     		ldr	r3, .L30
 301 0056 1B78     		ldrb	r3, [r3]	@ zero_extendqisi2
 302              		.loc 1 225 8
 303 0058 002B     		cmp	r3, #0
 304 005a 0AD0     		beq	.L17
 226:./ucOSII/Core/os_sem.c ****         *perr = OS_ERR_DEL_ISR;                            /* ... can't DELETE from an ISR         
 305              		.loc 1 226 15
 306 005c 7B68     		ldr	r3, [r7, #4]
 307 005e 0F22     		movs	r2, #15
 308 0060 1A70     		strb	r2, [r3]
 227:./ucOSII/Core/os_sem.c ****         OS_TRACE_SEM_DEL_EXIT(*perr);
 309              		.loc 1 227 9
 310 0062 7B68     		ldr	r3, [r7, #4]
 311 0064 1B78     		ldrb	r3, [r3]	@ zero_extendqisi2
 312 0066 1946     		mov	r1, r3
 313 0068 2F20     		movs	r0, #47
 314 006a FFF7FEFF 		bl	SEGGER_SYSVIEW_RecordEndCallU32
 228:./ucOSII/Core/os_sem.c ****         return (pevent);
 315              		.loc 1 228 16
 316 006e FB68     		ldr	r3, [r7, #12]
 317 0070 6FE0     		b	.L15
 318              	.L17:
 229:./ucOSII/Core/os_sem.c ****     }
 230:./ucOSII/Core/os_sem.c ****     OS_ENTER_CRITICAL();
 319              		.loc 1 230 5
 320 0072 4020     		movs	r0, #64
 321 0074 FFF7FEFF 		bl	OS_CPU_SR_Save
 322 0078 7861     		str	r0, [r7, #20]
 231:./ucOSII/Core/os_sem.c ****     if (pevent->OSEventGrp != 0u) {                        /* See if any tasks waiting on semaphore
 323              		.loc 1 231 15
 324 007a FB68     		ldr	r3, [r7, #12]
 325 007c 9B7A     		ldrb	r3, [r3, #10]	@ zero_extendqisi2
 326              		.loc 1 231 8
 327 007e 002B     		cmp	r3, #0
 328 0080 02D0     		beq	.L18
 232:./ucOSII/Core/os_sem.c ****         tasks_waiting = OS_TRUE;                           /* Yes                                  
 329              		.loc 1 232 23
 330 0082 0123     		movs	r3, #1
 331 0084 FB77     		strb	r3, [r7, #31]
 332 0086 01E0     		b	.L19
 333              	.L18:
 233:./ucOSII/Core/os_sem.c ****     } else {
 234:./ucOSII/Core/os_sem.c ****         tasks_waiting = OS_FALSE;                          /* No                                   
 334              		.loc 1 234 23
 335 0088 0023     		movs	r3, #0
 336 008a FB77     		strb	r3, [r7, #31]
 337              	.L19:
 235:./ucOSII/Core/os_sem.c ****     }
 236:./ucOSII/Core/os_sem.c ****     switch (opt) {
 338              		.loc 1 236 5
 339 008c FB7A     		ldrb	r3, [r7, #11]	@ zero_extendqisi2
ARM GAS  /var/folders/yl/_q9l42k90g1g4mdhbs226msm0000gn/T//cc0VbLUy.s 			page 11


 340 008e 002B     		cmp	r3, #0
 341 0090 02D0     		beq	.L20
 342 0092 012B     		cmp	r3, #1
 343 0094 2BD0     		beq	.L26
 344 0096 4CE0     		b	.L29
 345              	.L20:
 237:./ucOSII/Core/os_sem.c ****         case OS_DEL_NO_PEND:                               /* Delete semaphore only if no task wait
 238:./ucOSII/Core/os_sem.c ****              if (tasks_waiting == OS_FALSE) {
 346              		.loc 1 238 17
 347 0098 FB7F     		ldrb	r3, [r7, #31]	@ zero_extendqisi2
 348 009a 002B     		cmp	r3, #0
 349 009c 18D1     		bne	.L23
 239:./ucOSII/Core/os_sem.c **** #if OS_EVENT_NAME_EN > 0u
 240:./ucOSII/Core/os_sem.c ****                  pevent->OSEventName    = (INT8U *)(void *)"?";
 350              		.loc 1 240 41
 351 009e FB68     		ldr	r3, [r7, #12]
 352 00a0 2F4A     		ldr	r2, .L30+4
 353 00a2 5A61     		str	r2, [r3, #20]
 241:./ucOSII/Core/os_sem.c **** #endif
 242:./ucOSII/Core/os_sem.c ****                  pevent->OSEventType    = OS_EVENT_TYPE_UNUSED;
 354              		.loc 1 242 41
 355 00a4 FB68     		ldr	r3, [r7, #12]
 356 00a6 0022     		movs	r2, #0
 357 00a8 1A70     		strb	r2, [r3]
 243:./ucOSII/Core/os_sem.c ****                  pevent->OSEventPtr     = OSEventFreeList; /* Return Event Control Block to free li
 358              		.loc 1 243 41
 359 00aa 2E4B     		ldr	r3, .L30+8
 360 00ac 1A68     		ldr	r2, [r3]
 361 00ae FB68     		ldr	r3, [r7, #12]
 362 00b0 5A60     		str	r2, [r3, #4]
 244:./ucOSII/Core/os_sem.c ****                  pevent->OSEventCnt     = 0u;
 363              		.loc 1 244 41
 364 00b2 FB68     		ldr	r3, [r7, #12]
 365 00b4 0022     		movs	r2, #0
 366 00b6 1A81     		strh	r2, [r3, #8]	@ movhi
 245:./ucOSII/Core/os_sem.c ****                  OSEventFreeList        = pevent;          /* Get next free event control block    
 367              		.loc 1 245 41
 368 00b8 2A4A     		ldr	r2, .L30+8
 369 00ba FB68     		ldr	r3, [r7, #12]
 370 00bc 1360     		str	r3, [r2]
 246:./ucOSII/Core/os_sem.c ****                  OS_EXIT_CRITICAL();
 371              		.loc 1 246 18
 372 00be 7869     		ldr	r0, [r7, #20]
 373 00c0 FFF7FEFF 		bl	OS_CPU_SR_Restore
 247:./ucOSII/Core/os_sem.c ****                  *perr                  = OS_ERR_NONE;
 374              		.loc 1 247 41
 375 00c4 7B68     		ldr	r3, [r7, #4]
 376 00c6 0022     		movs	r2, #0
 377 00c8 1A70     		strb	r2, [r3]
 248:./ucOSII/Core/os_sem.c ****                  pevent_return          = (OS_EVENT *)0;   /* Semaphore has been deleted           
 378              		.loc 1 248 41
 379 00ca 0023     		movs	r3, #0
 380 00cc BB61     		str	r3, [r7, #24]
 249:./ucOSII/Core/os_sem.c ****              } else {
 250:./ucOSII/Core/os_sem.c ****                  OS_EXIT_CRITICAL();
 251:./ucOSII/Core/os_sem.c ****                  *perr                  = OS_ERR_TASK_WAITING;
 252:./ucOSII/Core/os_sem.c ****                  pevent_return          = pevent;
ARM GAS  /var/folders/yl/_q9l42k90g1g4mdhbs226msm0000gn/T//cc0VbLUy.s 			page 12


 253:./ucOSII/Core/os_sem.c ****              }
 254:./ucOSII/Core/os_sem.c ****              break;
 381              		.loc 1 254 14
 382 00ce 39E0     		b	.L25
 383              	.L23:
 250:./ucOSII/Core/os_sem.c ****                  *perr                  = OS_ERR_TASK_WAITING;
 384              		.loc 1 250 18
 385 00d0 7869     		ldr	r0, [r7, #20]
 386 00d2 FFF7FEFF 		bl	OS_CPU_SR_Restore
 251:./ucOSII/Core/os_sem.c ****                  pevent_return          = pevent;
 387              		.loc 1 251 41
 388 00d6 7B68     		ldr	r3, [r7, #4]
 389 00d8 4922     		movs	r2, #73
 390 00da 1A70     		strb	r2, [r3]
 252:./ucOSII/Core/os_sem.c ****              }
 391              		.loc 1 252 41
 392 00dc FB68     		ldr	r3, [r7, #12]
 393 00de BB61     		str	r3, [r7, #24]
 394              		.loc 1 254 14
 395 00e0 30E0     		b	.L25
 396              	.L27:
 255:./ucOSII/Core/os_sem.c **** 
 256:./ucOSII/Core/os_sem.c ****         case OS_DEL_ALWAYS:                                /* Always delete the semaphore          
 257:./ucOSII/Core/os_sem.c ****              while (pevent->OSEventGrp != 0u) {            /* Ready ALL tasks waiting for semaphore
 258:./ucOSII/Core/os_sem.c ****                  (void)OS_EventTaskRdy(pevent, (void *)0, OS_STAT_SEM, OS_STAT_PEND_ABORT);
 397              		.loc 1 258 24
 398 00e2 0223     		movs	r3, #2
 399 00e4 0122     		movs	r2, #1
 400 00e6 0021     		movs	r1, #0
 401 00e8 F868     		ldr	r0, [r7, #12]
 402 00ea FFF7FEFF 		bl	OS_EventTaskRdy
 403              	.L26:
 257:./ucOSII/Core/os_sem.c ****                  (void)OS_EventTaskRdy(pevent, (void *)0, OS_STAT_SEM, OS_STAT_PEND_ABORT);
 404              		.loc 1 257 27
 405 00ee FB68     		ldr	r3, [r7, #12]
 406 00f0 9B7A     		ldrb	r3, [r3, #10]	@ zero_extendqisi2
 257:./ucOSII/Core/os_sem.c ****                  (void)OS_EventTaskRdy(pevent, (void *)0, OS_STAT_SEM, OS_STAT_PEND_ABORT);
 407              		.loc 1 257 20
 408 00f2 002B     		cmp	r3, #0
 409 00f4 F5D1     		bne	.L27
 259:./ucOSII/Core/os_sem.c ****              }
 260:./ucOSII/Core/os_sem.c **** #if OS_EVENT_NAME_EN > 0u
 261:./ucOSII/Core/os_sem.c ****              pevent->OSEventName    = (INT8U *)(void *)"?";
 410              		.loc 1 261 37
 411 00f6 FB68     		ldr	r3, [r7, #12]
 412 00f8 194A     		ldr	r2, .L30+4
 413 00fa 5A61     		str	r2, [r3, #20]
 262:./ucOSII/Core/os_sem.c **** #endif
 263:./ucOSII/Core/os_sem.c ****              pevent->OSEventType    = OS_EVENT_TYPE_UNUSED;
 414              		.loc 1 263 37
 415 00fc FB68     		ldr	r3, [r7, #12]
 416 00fe 0022     		movs	r2, #0
 417 0100 1A70     		strb	r2, [r3]
 264:./ucOSII/Core/os_sem.c ****              pevent->OSEventPtr     = OSEventFreeList;     /* Return Event Control Block to free li
 418              		.loc 1 264 37
 419 0102 184B     		ldr	r3, .L30+8
 420 0104 1A68     		ldr	r2, [r3]
ARM GAS  /var/folders/yl/_q9l42k90g1g4mdhbs226msm0000gn/T//cc0VbLUy.s 			page 13


 421 0106 FB68     		ldr	r3, [r7, #12]
 422 0108 5A60     		str	r2, [r3, #4]
 265:./ucOSII/Core/os_sem.c ****              pevent->OSEventCnt     = 0u;
 423              		.loc 1 265 37
 424 010a FB68     		ldr	r3, [r7, #12]
 425 010c 0022     		movs	r2, #0
 426 010e 1A81     		strh	r2, [r3, #8]	@ movhi
 266:./ucOSII/Core/os_sem.c ****              OSEventFreeList        = pevent;              /* Get next free event control block    
 427              		.loc 1 266 37
 428 0110 144A     		ldr	r2, .L30+8
 429 0112 FB68     		ldr	r3, [r7, #12]
 430 0114 1360     		str	r3, [r2]
 267:./ucOSII/Core/os_sem.c ****              OS_EXIT_CRITICAL();
 431              		.loc 1 267 14
 432 0116 7869     		ldr	r0, [r7, #20]
 433 0118 FFF7FEFF 		bl	OS_CPU_SR_Restore
 268:./ucOSII/Core/os_sem.c ****              if (tasks_waiting == OS_TRUE) {               /* Reschedule only if task(s) were waiti
 434              		.loc 1 268 17
 435 011c FB7F     		ldrb	r3, [r7, #31]	@ zero_extendqisi2
 436 011e 012B     		cmp	r3, #1
 437 0120 01D1     		bne	.L28
 269:./ucOSII/Core/os_sem.c ****                  OS_Sched();                               /* Find highest priority task ready to r
 438              		.loc 1 269 18
 439 0122 FFF7FEFF 		bl	OS_Sched
 440              	.L28:
 270:./ucOSII/Core/os_sem.c ****              }
 271:./ucOSII/Core/os_sem.c ****              *perr                  = OS_ERR_NONE;
 441              		.loc 1 271 37
 442 0126 7B68     		ldr	r3, [r7, #4]
 443 0128 0022     		movs	r2, #0
 444 012a 1A70     		strb	r2, [r3]
 272:./ucOSII/Core/os_sem.c ****              pevent_return          = (OS_EVENT *)0;       /* Semaphore has been deleted           
 445              		.loc 1 272 37
 446 012c 0023     		movs	r3, #0
 447 012e BB61     		str	r3, [r7, #24]
 273:./ucOSII/Core/os_sem.c ****              break;
 448              		.loc 1 273 14
 449 0130 08E0     		b	.L25
 450              	.L29:
 274:./ucOSII/Core/os_sem.c **** 
 275:./ucOSII/Core/os_sem.c ****         default:
 276:./ucOSII/Core/os_sem.c ****              OS_EXIT_CRITICAL();
 451              		.loc 1 276 14
 452 0132 7869     		ldr	r0, [r7, #20]
 453 0134 FFF7FEFF 		bl	OS_CPU_SR_Restore
 277:./ucOSII/Core/os_sem.c ****              *perr                  = OS_ERR_INVALID_OPT;
 454              		.loc 1 277 37
 455 0138 7B68     		ldr	r3, [r7, #4]
 456 013a 0722     		movs	r2, #7
 457 013c 1A70     		strb	r2, [r3]
 278:./ucOSII/Core/os_sem.c ****              pevent_return          = pevent;
 458              		.loc 1 278 37
 459 013e FB68     		ldr	r3, [r7, #12]
 460 0140 BB61     		str	r3, [r7, #24]
 279:./ucOSII/Core/os_sem.c ****              break;
 461              		.loc 1 279 14
 462 0142 00BF     		nop
ARM GAS  /var/folders/yl/_q9l42k90g1g4mdhbs226msm0000gn/T//cc0VbLUy.s 			page 14


 463              	.L25:
 280:./ucOSII/Core/os_sem.c ****     }
 281:./ucOSII/Core/os_sem.c **** 
 282:./ucOSII/Core/os_sem.c ****     OS_TRACE_SEM_DEL_EXIT(*perr);
 464              		.loc 1 282 5
 465 0144 7B68     		ldr	r3, [r7, #4]
 466 0146 1B78     		ldrb	r3, [r3]	@ zero_extendqisi2
 467 0148 1946     		mov	r1, r3
 468 014a 2F20     		movs	r0, #47
 469 014c FFF7FEFF 		bl	SEGGER_SYSVIEW_RecordEndCallU32
 283:./ucOSII/Core/os_sem.c **** 
 284:./ucOSII/Core/os_sem.c ****     return (pevent_return);
 470              		.loc 1 284 12
 471 0150 BB69     		ldr	r3, [r7, #24]
 472              	.L15:
 285:./ucOSII/Core/os_sem.c **** }
 473              		.loc 1 285 1
 474 0152 1846     		mov	r0, r3
 475 0154 2037     		adds	r7, r7, #32
 476              	.LCFI13:
 477              		.cfi_def_cfa_offset 8
 478 0156 BD46     		mov	sp, r7
 479              	.LCFI14:
 480              		.cfi_def_cfa_register 13
 481              		@ sp needed
 482 0158 80BD     		pop	{r7, pc}
 483              	.L31:
 484 015a 00BF     		.align	2
 485              	.L30:
 486 015c 00000000 		.word	OSIntNesting
 487 0160 00000000 		.word	.LC0
 488 0164 00000000 		.word	OSEventFreeList
 489              		.cfi_endproc
 490              	.LFE5:
 492              		.section	.text.OSSemPend,"ax",%progbits
 493              		.align	1
 494              		.global	OSSemPend
 495              		.syntax unified
 496              		.thumb
 497              		.thumb_func
 499              	OSSemPend:
 500              	.LFB6:
 286:./ucOSII/Core/os_sem.c **** #endif
 287:./ucOSII/Core/os_sem.c **** 
 288:./ucOSII/Core/os_sem.c **** 
 289:./ucOSII/Core/os_sem.c **** /*
 290:./ucOSII/Core/os_sem.c **** ***************************************************************************************************
 291:./ucOSII/Core/os_sem.c **** *                                          PEND ON SEMAPHORE
 292:./ucOSII/Core/os_sem.c **** *
 293:./ucOSII/Core/os_sem.c **** * Description: This function waits for a semaphore.
 294:./ucOSII/Core/os_sem.c **** *
 295:./ucOSII/Core/os_sem.c **** * Arguments  : pevent        is a pointer to the event control block associated with the desired
 296:./ucOSII/Core/os_sem.c **** *                            semaphore.
 297:./ucOSII/Core/os_sem.c **** *
 298:./ucOSII/Core/os_sem.c **** *              timeout       is an optional timeout period (in clock ticks).  If non-zero, your tas
 299:./ucOSII/Core/os_sem.c **** *                            wait for the resource up to the amount of time specified by this argum
 300:./ucOSII/Core/os_sem.c **** *                            If you specify 0, however, your task will wait forever at the specifie
ARM GAS  /var/folders/yl/_q9l42k90g1g4mdhbs226msm0000gn/T//cc0VbLUy.s 			page 15


 301:./ucOSII/Core/os_sem.c **** *                            semaphore or, until the resource becomes available (or the event occur
 302:./ucOSII/Core/os_sem.c **** *
 303:./ucOSII/Core/os_sem.c **** *              perr          is a pointer to where an error message will be deposited.  Possible er
 304:./ucOSII/Core/os_sem.c **** *                            messages are:
 305:./ucOSII/Core/os_sem.c **** *
 306:./ucOSII/Core/os_sem.c **** *                            OS_ERR_NONE         The call was successful and your task owns the res
 307:./ucOSII/Core/os_sem.c **** *                                                or, the event you are waiting for occurred.
 308:./ucOSII/Core/os_sem.c **** *                            OS_ERR_TIMEOUT      The semaphore was not received within the specifie
 309:./ucOSII/Core/os_sem.c **** *                                                'timeout'.
 310:./ucOSII/Core/os_sem.c **** *                            OS_ERR_PEND_ABORT   The wait on the semaphore was aborted.
 311:./ucOSII/Core/os_sem.c **** *                            OS_ERR_EVENT_TYPE   If you didn't pass a pointer to a semaphore.
 312:./ucOSII/Core/os_sem.c **** *                            OS_ERR_PEND_ISR     If you called this function from an ISR and the re
 313:./ucOSII/Core/os_sem.c **** *                                                would lead to a suspension.
 314:./ucOSII/Core/os_sem.c **** *                            OS_ERR_PEVENT_NULL  If 'pevent' is a NULL pointer.
 315:./ucOSII/Core/os_sem.c **** *                            OS_ERR_PEND_LOCKED  If you called this function when the scheduler is 
 316:./ucOSII/Core/os_sem.c **** *
 317:./ucOSII/Core/os_sem.c **** * Returns    : none
 318:./ucOSII/Core/os_sem.c **** ***************************************************************************************************
 319:./ucOSII/Core/os_sem.c **** */
 320:./ucOSII/Core/os_sem.c **** 
 321:./ucOSII/Core/os_sem.c **** void  OSSemPend (OS_EVENT  *pevent,
 322:./ucOSII/Core/os_sem.c ****                  INT32U     timeout,
 323:./ucOSII/Core/os_sem.c ****                  INT8U     *perr)
 324:./ucOSII/Core/os_sem.c **** {
 501              		.loc 1 324 1
 502              		.cfi_startproc
 503              		@ args = 0, pretend = 0, frame = 24
 504              		@ frame_needed = 1, uses_anonymous_args = 0
 505 0000 80B5     		push	{r7, lr}
 506              	.LCFI15:
 507              		.cfi_def_cfa_offset 8
 508              		.cfi_offset 7, -8
 509              		.cfi_offset 14, -4
 510 0002 86B0     		sub	sp, sp, #24
 511              	.LCFI16:
 512              		.cfi_def_cfa_offset 32
 513 0004 00AF     		add	r7, sp, #0
 514              	.LCFI17:
 515              		.cfi_def_cfa_register 7
 516 0006 F860     		str	r0, [r7, #12]
 517 0008 B960     		str	r1, [r7, #8]
 518 000a 7A60     		str	r2, [r7, #4]
 325:./ucOSII/Core/os_sem.c **** #if OS_CRITICAL_METHOD == 3u                          /* Allocate storage for CPU status register  
 326:./ucOSII/Core/os_sem.c ****     OS_CPU_SR  cpu_sr = 0u;
 519              		.loc 1 326 16
 520 000c 0023     		movs	r3, #0
 521 000e 7B61     		str	r3, [r7, #20]
 327:./ucOSII/Core/os_sem.c **** #endif
 328:./ucOSII/Core/os_sem.c **** 
 329:./ucOSII/Core/os_sem.c **** 
 330:./ucOSII/Core/os_sem.c **** #ifdef OS_SAFETY_CRITICAL
 331:./ucOSII/Core/os_sem.c ****     if (perr == (INT8U *)0) {
 332:./ucOSII/Core/os_sem.c ****         OS_SAFETY_CRITICAL_EXCEPTION();
 333:./ucOSII/Core/os_sem.c ****         return;
 334:./ucOSII/Core/os_sem.c ****     }
 335:./ucOSII/Core/os_sem.c **** #endif
 336:./ucOSII/Core/os_sem.c **** 
ARM GAS  /var/folders/yl/_q9l42k90g1g4mdhbs226msm0000gn/T//cc0VbLUy.s 			page 16


 337:./ucOSII/Core/os_sem.c **** #if OS_ARG_CHK_EN > 0u
 338:./ucOSII/Core/os_sem.c ****     if (pevent == (OS_EVENT *)0) {                    /* Validate 'pevent'                         
 522              		.loc 1 338 8
 523 0010 FB68     		ldr	r3, [r7, #12]
 524 0012 002B     		cmp	r3, #0
 525 0014 03D1     		bne	.L33
 339:./ucOSII/Core/os_sem.c ****         *perr = OS_ERR_PEVENT_NULL;
 526              		.loc 1 339 15
 527 0016 7B68     		ldr	r3, [r7, #4]
 528 0018 0422     		movs	r2, #4
 529 001a 1A70     		strb	r2, [r3]
 340:./ucOSII/Core/os_sem.c ****         return;
 530              		.loc 1 340 9
 531 001c A8E0     		b	.L32
 532              	.L33:
 341:./ucOSII/Core/os_sem.c ****     }
 342:./ucOSII/Core/os_sem.c **** #endif
 343:./ucOSII/Core/os_sem.c **** 
 344:./ucOSII/Core/os_sem.c ****     OS_TRACE_SEM_PEND_ENTER(pevent, timeout);
 533              		.loc 1 344 5
 534 001e FB68     		ldr	r3, [r7, #12]
 535 0020 1846     		mov	r0, r3
 536 0022 FFF7FEFF 		bl	SEGGER_SYSVIEW_ShrinkId
 537 0026 0346     		mov	r3, r0
 538 0028 BA68     		ldr	r2, [r7, #8]
 539 002a 1946     		mov	r1, r3
 540 002c 3120     		movs	r0, #49
 541 002e FFF7FEFF 		bl	SEGGER_SYSVIEW_RecordU32x2
 345:./ucOSII/Core/os_sem.c **** 
 346:./ucOSII/Core/os_sem.c ****     if (pevent->OSEventType != OS_EVENT_TYPE_SEM) {   /* Validate event block type                 
 542              		.loc 1 346 15
 543 0032 FB68     		ldr	r3, [r7, #12]
 544 0034 1B78     		ldrb	r3, [r3]	@ zero_extendqisi2
 545              		.loc 1 346 8
 546 0036 032B     		cmp	r3, #3
 547 0038 09D0     		beq	.L35
 347:./ucOSII/Core/os_sem.c ****         *perr = OS_ERR_EVENT_TYPE;
 548              		.loc 1 347 15
 549 003a 7B68     		ldr	r3, [r7, #4]
 550 003c 0122     		movs	r2, #1
 551 003e 1A70     		strb	r2, [r3]
 348:./ucOSII/Core/os_sem.c ****         OS_TRACE_SEM_PEND_EXIT(*perr);
 552              		.loc 1 348 9
 553 0040 7B68     		ldr	r3, [r7, #4]
 554 0042 1B78     		ldrb	r3, [r3]	@ zero_extendqisi2
 555 0044 1946     		mov	r1, r3
 556 0046 3120     		movs	r0, #49
 557 0048 FFF7FEFF 		bl	SEGGER_SYSVIEW_RecordEndCallU32
 349:./ucOSII/Core/os_sem.c ****         return;
 558              		.loc 1 349 9
 559 004c 90E0     		b	.L32
 560              	.L35:
 350:./ucOSII/Core/os_sem.c ****     }
 351:./ucOSII/Core/os_sem.c ****     if (OSIntNesting > 0u) {                          /* See if called from ISR ...                
 561              		.loc 1 351 22
 562 004e 4A4B     		ldr	r3, .L44
 563 0050 1B78     		ldrb	r3, [r3]	@ zero_extendqisi2
ARM GAS  /var/folders/yl/_q9l42k90g1g4mdhbs226msm0000gn/T//cc0VbLUy.s 			page 17


 564              		.loc 1 351 8
 565 0052 002B     		cmp	r3, #0
 566 0054 09D0     		beq	.L36
 352:./ucOSII/Core/os_sem.c ****         *perr = OS_ERR_PEND_ISR;                      /* ... can't PEND from an ISR                
 567              		.loc 1 352 15
 568 0056 7B68     		ldr	r3, [r7, #4]
 569 0058 0222     		movs	r2, #2
 570 005a 1A70     		strb	r2, [r3]
 353:./ucOSII/Core/os_sem.c ****         OS_TRACE_SEM_PEND_EXIT(*perr);
 571              		.loc 1 353 9
 572 005c 7B68     		ldr	r3, [r7, #4]
 573 005e 1B78     		ldrb	r3, [r3]	@ zero_extendqisi2
 574 0060 1946     		mov	r1, r3
 575 0062 3120     		movs	r0, #49
 576 0064 FFF7FEFF 		bl	SEGGER_SYSVIEW_RecordEndCallU32
 354:./ucOSII/Core/os_sem.c ****         return;
 577              		.loc 1 354 9
 578 0068 82E0     		b	.L32
 579              	.L36:
 355:./ucOSII/Core/os_sem.c ****     }
 356:./ucOSII/Core/os_sem.c ****     if (OSLockNesting > 0u) {                         /* See if called with scheduler locked ...   
 580              		.loc 1 356 23
 581 006a 444B     		ldr	r3, .L44+4
 582 006c 1B78     		ldrb	r3, [r3]	@ zero_extendqisi2
 583              		.loc 1 356 8
 584 006e 002B     		cmp	r3, #0
 585 0070 09D0     		beq	.L37
 357:./ucOSII/Core/os_sem.c ****         *perr = OS_ERR_PEND_LOCKED;                   /* ... can't PEND when locked                
 586              		.loc 1 357 15
 587 0072 7B68     		ldr	r3, [r7, #4]
 588 0074 0D22     		movs	r2, #13
 589 0076 1A70     		strb	r2, [r3]
 358:./ucOSII/Core/os_sem.c ****         OS_TRACE_SEM_PEND_EXIT(*perr);
 590              		.loc 1 358 9
 591 0078 7B68     		ldr	r3, [r7, #4]
 592 007a 1B78     		ldrb	r3, [r3]	@ zero_extendqisi2
 593 007c 1946     		mov	r1, r3
 594 007e 3120     		movs	r0, #49
 595 0080 FFF7FEFF 		bl	SEGGER_SYSVIEW_RecordEndCallU32
 359:./ucOSII/Core/os_sem.c ****         return;
 596              		.loc 1 359 9
 597 0084 74E0     		b	.L32
 598              	.L37:
 360:./ucOSII/Core/os_sem.c ****     }
 361:./ucOSII/Core/os_sem.c ****     OS_ENTER_CRITICAL();
 599              		.loc 1 361 5
 600 0086 4020     		movs	r0, #64
 601 0088 FFF7FEFF 		bl	OS_CPU_SR_Save
 602 008c 7861     		str	r0, [r7, #20]
 362:./ucOSII/Core/os_sem.c ****     if (pevent->OSEventCnt > 0u) {                    /* If sem. is positive, resource available ..
 603              		.loc 1 362 15
 604 008e FB68     		ldr	r3, [r7, #12]
 605 0090 1B89     		ldrh	r3, [r3, #8]
 606              		.loc 1 362 8
 607 0092 002B     		cmp	r3, #0
 608 0094 12D0     		beq	.L38
 363:./ucOSII/Core/os_sem.c ****         pevent->OSEventCnt--;                         /* ... decrement semaphore only if positive. 
ARM GAS  /var/folders/yl/_q9l42k90g1g4mdhbs226msm0000gn/T//cc0VbLUy.s 			page 18


 609              		.loc 1 363 15
 610 0096 FB68     		ldr	r3, [r7, #12]
 611 0098 1B89     		ldrh	r3, [r3, #8]
 612              		.loc 1 363 27
 613 009a 013B     		subs	r3, r3, #1
 614 009c 9AB2     		uxth	r2, r3
 615 009e FB68     		ldr	r3, [r7, #12]
 616 00a0 1A81     		strh	r2, [r3, #8]	@ movhi
 364:./ucOSII/Core/os_sem.c ****         OS_EXIT_CRITICAL();
 617              		.loc 1 364 9
 618 00a2 7869     		ldr	r0, [r7, #20]
 619 00a4 FFF7FEFF 		bl	OS_CPU_SR_Restore
 365:./ucOSII/Core/os_sem.c ****         *perr = OS_ERR_NONE;
 620              		.loc 1 365 15
 621 00a8 7B68     		ldr	r3, [r7, #4]
 622 00aa 0022     		movs	r2, #0
 623 00ac 1A70     		strb	r2, [r3]
 366:./ucOSII/Core/os_sem.c ****         OS_TRACE_SEM_PEND_EXIT(*perr);
 624              		.loc 1 366 9
 625 00ae 7B68     		ldr	r3, [r7, #4]
 626 00b0 1B78     		ldrb	r3, [r3]	@ zero_extendqisi2
 627 00b2 1946     		mov	r1, r3
 628 00b4 3120     		movs	r0, #49
 629 00b6 FFF7FEFF 		bl	SEGGER_SYSVIEW_RecordEndCallU32
 367:./ucOSII/Core/os_sem.c ****         return;
 630              		.loc 1 367 9
 631 00ba 59E0     		b	.L32
 632              	.L38:
 368:./ucOSII/Core/os_sem.c ****     }
 369:./ucOSII/Core/os_sem.c ****                                                       /* Otherwise, must wait until event occurs   
 370:./ucOSII/Core/os_sem.c ****     OSTCBCur->OSTCBStat     |= OS_STAT_SEM;           /* Resource not available, pend on semaphore 
 633              		.loc 1 370 29
 634 00bc 304B     		ldr	r3, .L44+8
 635 00be 1B68     		ldr	r3, [r3]
 636 00c0 93F83820 		ldrb	r2, [r3, #56]	@ zero_extendqisi2
 637 00c4 2E4B     		ldr	r3, .L44+8
 638 00c6 1B68     		ldr	r3, [r3]
 639 00c8 42F00102 		orr	r2, r2, #1
 640 00cc D2B2     		uxtb	r2, r2
 641 00ce 83F83820 		strb	r2, [r3, #56]
 371:./ucOSII/Core/os_sem.c ****     OSTCBCur->OSTCBStatPend  = OS_STAT_PEND_OK;
 642              		.loc 1 371 13
 643 00d2 2B4B     		ldr	r3, .L44+8
 644 00d4 1B68     		ldr	r3, [r3]
 645              		.loc 1 371 30
 646 00d6 0022     		movs	r2, #0
 647 00d8 83F83920 		strb	r2, [r3, #57]
 372:./ucOSII/Core/os_sem.c ****     OSTCBCur->OSTCBDly       = timeout;               /* Store pend timeout in TCB                 
 648              		.loc 1 372 13
 649 00dc 284B     		ldr	r3, .L44+8
 650 00de 1B68     		ldr	r3, [r3]
 651              		.loc 1 372 30
 652 00e0 BA68     		ldr	r2, [r7, #8]
 653 00e2 5A63     		str	r2, [r3, #52]
 373:./ucOSII/Core/os_sem.c ****     OS_EventTaskWait(pevent);                         /* Suspend task until event or timeout occurs
 654              		.loc 1 373 5
 655 00e4 F868     		ldr	r0, [r7, #12]
ARM GAS  /var/folders/yl/_q9l42k90g1g4mdhbs226msm0000gn/T//cc0VbLUy.s 			page 19


 656 00e6 FFF7FEFF 		bl	OS_EventTaskWait
 374:./ucOSII/Core/os_sem.c ****     OS_EXIT_CRITICAL();
 657              		.loc 1 374 5
 658 00ea 7869     		ldr	r0, [r7, #20]
 659 00ec FFF7FEFF 		bl	OS_CPU_SR_Restore
 375:./ucOSII/Core/os_sem.c ****     OS_Sched();                                       /* Find next highest priority task ready     
 660              		.loc 1 375 5
 661 00f0 FFF7FEFF 		bl	OS_Sched
 376:./ucOSII/Core/os_sem.c ****     OS_ENTER_CRITICAL();
 662              		.loc 1 376 5
 663 00f4 4020     		movs	r0, #64
 664 00f6 FFF7FEFF 		bl	OS_CPU_SR_Save
 665 00fa 7861     		str	r0, [r7, #20]
 377:./ucOSII/Core/os_sem.c ****     switch (OSTCBCur->OSTCBStatPend) {                /* See if we timed-out or aborted            
 666              		.loc 1 377 21
 667 00fc 204B     		ldr	r3, .L44+8
 668 00fe 1B68     		ldr	r3, [r3]
 669 0100 93F83930 		ldrb	r3, [r3, #57]	@ zero_extendqisi2
 670              		.loc 1 377 5
 671 0104 002B     		cmp	r3, #0
 672 0106 02D0     		beq	.L39
 673 0108 022B     		cmp	r3, #2
 674 010a 04D0     		beq	.L40
 675 010c 07E0     		b	.L43
 676              	.L39:
 378:./ucOSII/Core/os_sem.c ****         case OS_STAT_PEND_OK:
 379:./ucOSII/Core/os_sem.c ****              *perr = OS_ERR_NONE;
 677              		.loc 1 379 20
 678 010e 7B68     		ldr	r3, [r7, #4]
 679 0110 0022     		movs	r2, #0
 680 0112 1A70     		strb	r2, [r3]
 380:./ucOSII/Core/os_sem.c ****              break;
 681              		.loc 1 380 14
 682 0114 0DE0     		b	.L42
 683              	.L40:
 381:./ucOSII/Core/os_sem.c **** 
 382:./ucOSII/Core/os_sem.c ****         case OS_STAT_PEND_ABORT:
 383:./ucOSII/Core/os_sem.c ****              *perr = OS_ERR_PEND_ABORT;               /* Indicate that we aborted                  
 684              		.loc 1 383 20
 685 0116 7B68     		ldr	r3, [r7, #4]
 686 0118 0E22     		movs	r2, #14
 687 011a 1A70     		strb	r2, [r3]
 384:./ucOSII/Core/os_sem.c ****              break;
 688              		.loc 1 384 14
 689 011c 09E0     		b	.L42
 690              	.L43:
 385:./ucOSII/Core/os_sem.c **** 
 386:./ucOSII/Core/os_sem.c ****         case OS_STAT_PEND_TO:
 387:./ucOSII/Core/os_sem.c ****         default:
 388:./ucOSII/Core/os_sem.c ****              OS_EventTaskRemove(OSTCBCur, pevent);
 691              		.loc 1 388 14
 692 011e 184B     		ldr	r3, .L44+8
 693 0120 1B68     		ldr	r3, [r3]
 694 0122 F968     		ldr	r1, [r7, #12]
 695 0124 1846     		mov	r0, r3
 696 0126 FFF7FEFF 		bl	OS_EventTaskRemove
 389:./ucOSII/Core/os_sem.c ****              *perr = OS_ERR_TIMEOUT;                  /* Indicate that we didn't get event within T
ARM GAS  /var/folders/yl/_q9l42k90g1g4mdhbs226msm0000gn/T//cc0VbLUy.s 			page 20


 697              		.loc 1 389 20
 698 012a 7B68     		ldr	r3, [r7, #4]
 699 012c 0A22     		movs	r2, #10
 700 012e 1A70     		strb	r2, [r3]
 390:./ucOSII/Core/os_sem.c ****              break;
 701              		.loc 1 390 14
 702 0130 00BF     		nop
 703              	.L42:
 391:./ucOSII/Core/os_sem.c ****     }
 392:./ucOSII/Core/os_sem.c ****     OSTCBCur->OSTCBStat          =  OS_STAT_RDY;      /* Set   task  status to ready               
 704              		.loc 1 392 13
 705 0132 134B     		ldr	r3, .L44+8
 706 0134 1B68     		ldr	r3, [r3]
 707              		.loc 1 392 34
 708 0136 0022     		movs	r2, #0
 709 0138 83F83820 		strb	r2, [r3, #56]
 393:./ucOSII/Core/os_sem.c ****     OSTCBCur->OSTCBStatPend      =  OS_STAT_PEND_OK;  /* Clear pend  status                        
 710              		.loc 1 393 13
 711 013c 104B     		ldr	r3, .L44+8
 712 013e 1B68     		ldr	r3, [r3]
 713              		.loc 1 393 34
 714 0140 0022     		movs	r2, #0
 715 0142 83F83920 		strb	r2, [r3, #57]
 394:./ucOSII/Core/os_sem.c ****     OSTCBCur->OSTCBEventPtr      = (OS_EVENT  *)0;    /* Clear event pointers                      
 716              		.loc 1 394 13
 717 0146 0E4B     		ldr	r3, .L44+8
 718 0148 1B68     		ldr	r3, [r3]
 719              		.loc 1 394 34
 720 014a 0022     		movs	r2, #0
 721 014c DA61     		str	r2, [r3, #28]
 395:./ucOSII/Core/os_sem.c **** #if (OS_EVENT_MULTI_EN > 0u)
 396:./ucOSII/Core/os_sem.c ****     OSTCBCur->OSTCBEventMultiPtr = (OS_EVENT **)0;
 722              		.loc 1 396 13
 723 014e 0C4B     		ldr	r3, .L44+8
 724 0150 1B68     		ldr	r3, [r3]
 725              		.loc 1 396 34
 726 0152 0022     		movs	r2, #0
 727 0154 1A62     		str	r2, [r3, #32]
 397:./ucOSII/Core/os_sem.c ****     OSTCBCur->OSTCBEventMultiRdy = (OS_EVENT  *)0;
 728              		.loc 1 397 13
 729 0156 0A4B     		ldr	r3, .L44+8
 730 0158 1B68     		ldr	r3, [r3]
 731              		.loc 1 397 34
 732 015a 0022     		movs	r2, #0
 733 015c 5A62     		str	r2, [r3, #36]
 398:./ucOSII/Core/os_sem.c **** #endif
 399:./ucOSII/Core/os_sem.c ****     OS_EXIT_CRITICAL();
 734              		.loc 1 399 5
 735 015e 7869     		ldr	r0, [r7, #20]
 736 0160 FFF7FEFF 		bl	OS_CPU_SR_Restore
 400:./ucOSII/Core/os_sem.c **** 
 401:./ucOSII/Core/os_sem.c ****     OS_TRACE_SEM_PEND_EXIT(*perr);
 737              		.loc 1 401 5
 738 0164 7B68     		ldr	r3, [r7, #4]
 739 0166 1B78     		ldrb	r3, [r3]	@ zero_extendqisi2
 740 0168 1946     		mov	r1, r3
 741 016a 3120     		movs	r0, #49
ARM GAS  /var/folders/yl/_q9l42k90g1g4mdhbs226msm0000gn/T//cc0VbLUy.s 			page 21


 742 016c FFF7FEFF 		bl	SEGGER_SYSVIEW_RecordEndCallU32
 743              	.L32:
 402:./ucOSII/Core/os_sem.c **** }
 744              		.loc 1 402 1
 745 0170 1837     		adds	r7, r7, #24
 746              	.LCFI18:
 747              		.cfi_def_cfa_offset 8
 748 0172 BD46     		mov	sp, r7
 749              	.LCFI19:
 750              		.cfi_def_cfa_register 13
 751              		@ sp needed
 752 0174 80BD     		pop	{r7, pc}
 753              	.L45:
 754 0176 00BF     		.align	2
 755              	.L44:
 756 0178 00000000 		.word	OSIntNesting
 757 017c 00000000 		.word	OSLockNesting
 758 0180 00000000 		.word	OSTCBCur
 759              		.cfi_endproc
 760              	.LFE6:
 762              		.section	.text.OSSemPendAbort,"ax",%progbits
 763              		.align	1
 764              		.global	OSSemPendAbort
 765              		.syntax unified
 766              		.thumb
 767              		.thumb_func
 769              	OSSemPendAbort:
 770              	.LFB7:
 403:./ucOSII/Core/os_sem.c **** 
 404:./ucOSII/Core/os_sem.c **** 
 405:./ucOSII/Core/os_sem.c **** /*
 406:./ucOSII/Core/os_sem.c **** ***************************************************************************************************
 407:./ucOSII/Core/os_sem.c **** *                                    ABORT WAITING ON A SEMAPHORE
 408:./ucOSII/Core/os_sem.c **** *
 409:./ucOSII/Core/os_sem.c **** * Description: This function aborts & readies any tasks currently waiting on a semaphore.  This fun
 410:./ucOSII/Core/os_sem.c **** *              should be used to fault-abort the wait on the semaphore, rather than to normally sig
 411:./ucOSII/Core/os_sem.c **** *              the semaphore via OSSemPost().
 412:./ucOSII/Core/os_sem.c **** *
 413:./ucOSII/Core/os_sem.c **** * Arguments  : pevent        is a pointer to the event control block associated with the desired
 414:./ucOSII/Core/os_sem.c **** *                            semaphore.
 415:./ucOSII/Core/os_sem.c **** *
 416:./ucOSII/Core/os_sem.c **** *              opt           determines the type of ABORT performed:
 417:./ucOSII/Core/os_sem.c **** *                            OS_PEND_OPT_NONE         ABORT wait for a single task (HPT) waiting on
 418:./ucOSII/Core/os_sem.c **** *                                                     semaphore
 419:./ucOSII/Core/os_sem.c **** *                            OS_PEND_OPT_BROADCAST    ABORT wait for ALL tasks that are  waiting on
 420:./ucOSII/Core/os_sem.c **** *                                                     semaphore
 421:./ucOSII/Core/os_sem.c **** *
 422:./ucOSII/Core/os_sem.c **** *              perr          is a pointer to where an error message will be deposited.  Possible er
 423:./ucOSII/Core/os_sem.c **** *                            messages are:
 424:./ucOSII/Core/os_sem.c **** *
 425:./ucOSII/Core/os_sem.c **** *                            OS_ERR_NONE         No tasks were     waiting on the semaphore.
 426:./ucOSII/Core/os_sem.c **** *                            OS_ERR_PEND_ABORT   At least one task waiting on the semaphore was rea
 427:./ucOSII/Core/os_sem.c **** *                                                and informed of the aborted wait; check return val
 428:./ucOSII/Core/os_sem.c **** *                                                for the number of tasks whose wait on the semaphor
 429:./ucOSII/Core/os_sem.c **** *                                                was aborted.
 430:./ucOSII/Core/os_sem.c **** *                            OS_ERR_EVENT_TYPE   If you didn't pass a pointer to a semaphore.
 431:./ucOSII/Core/os_sem.c **** *                            OS_ERR_PEVENT_NULL  If 'pevent' is a NULL pointer.
ARM GAS  /var/folders/yl/_q9l42k90g1g4mdhbs226msm0000gn/T//cc0VbLUy.s 			page 22


 432:./ucOSII/Core/os_sem.c **** *
 433:./ucOSII/Core/os_sem.c **** * Returns    : == 0          if no tasks were waiting on the semaphore, or upon error.
 434:./ucOSII/Core/os_sem.c **** *              >  0          if one or more tasks waiting on the semaphore are now readied and info
 435:./ucOSII/Core/os_sem.c **** ***************************************************************************************************
 436:./ucOSII/Core/os_sem.c **** */
 437:./ucOSII/Core/os_sem.c **** 
 438:./ucOSII/Core/os_sem.c **** #if OS_SEM_PEND_ABORT_EN > 0u
 439:./ucOSII/Core/os_sem.c **** INT8U  OSSemPendAbort (OS_EVENT  *pevent,
 440:./ucOSII/Core/os_sem.c ****                        INT8U      opt,
 441:./ucOSII/Core/os_sem.c ****                        INT8U     *perr)
 442:./ucOSII/Core/os_sem.c **** {
 771              		.loc 1 442 1
 772              		.cfi_startproc
 773              		@ args = 0, pretend = 0, frame = 24
 774              		@ frame_needed = 1, uses_anonymous_args = 0
 775 0000 80B5     		push	{r7, lr}
 776              	.LCFI20:
 777              		.cfi_def_cfa_offset 8
 778              		.cfi_offset 7, -8
 779              		.cfi_offset 14, -4
 780 0002 86B0     		sub	sp, sp, #24
 781              	.LCFI21:
 782              		.cfi_def_cfa_offset 32
 783 0004 00AF     		add	r7, sp, #0
 784              	.LCFI22:
 785              		.cfi_def_cfa_register 7
 786 0006 F860     		str	r0, [r7, #12]
 787 0008 0B46     		mov	r3, r1
 788 000a 7A60     		str	r2, [r7, #4]
 789 000c FB72     		strb	r3, [r7, #11]
 443:./ucOSII/Core/os_sem.c ****     INT8U      nbr_tasks;
 444:./ucOSII/Core/os_sem.c **** #if OS_CRITICAL_METHOD == 3u                          /* Allocate storage for CPU status register  
 445:./ucOSII/Core/os_sem.c ****     OS_CPU_SR  cpu_sr = 0u;
 790              		.loc 1 445 16
 791 000e 0023     		movs	r3, #0
 792 0010 3B61     		str	r3, [r7, #16]
 446:./ucOSII/Core/os_sem.c **** #endif
 447:./ucOSII/Core/os_sem.c **** 
 448:./ucOSII/Core/os_sem.c **** 
 449:./ucOSII/Core/os_sem.c **** #ifdef OS_SAFETY_CRITICAL
 450:./ucOSII/Core/os_sem.c ****     if (perr == (INT8U *)0) {
 451:./ucOSII/Core/os_sem.c ****         OS_SAFETY_CRITICAL_EXCEPTION();
 452:./ucOSII/Core/os_sem.c ****         return (0u);
 453:./ucOSII/Core/os_sem.c ****     }
 454:./ucOSII/Core/os_sem.c **** #endif
 455:./ucOSII/Core/os_sem.c **** 
 456:./ucOSII/Core/os_sem.c **** #if OS_ARG_CHK_EN > 0u
 457:./ucOSII/Core/os_sem.c ****     if (pevent == (OS_EVENT *)0) {                    /* Validate 'pevent'                         
 793              		.loc 1 457 8
 794 0012 FB68     		ldr	r3, [r7, #12]
 795 0014 002B     		cmp	r3, #0
 796 0016 04D1     		bne	.L47
 458:./ucOSII/Core/os_sem.c ****         *perr = OS_ERR_PEVENT_NULL;
 797              		.loc 1 458 15
 798 0018 7B68     		ldr	r3, [r7, #4]
 799 001a 0422     		movs	r2, #4
 800 001c 1A70     		strb	r2, [r3]
ARM GAS  /var/folders/yl/_q9l42k90g1g4mdhbs226msm0000gn/T//cc0VbLUy.s 			page 23


 459:./ucOSII/Core/os_sem.c ****         return (0u);
 801              		.loc 1 459 16
 802 001e 0023     		movs	r3, #0
 803 0020 3FE0     		b	.L48
 804              	.L47:
 460:./ucOSII/Core/os_sem.c ****     }
 461:./ucOSII/Core/os_sem.c **** #endif
 462:./ucOSII/Core/os_sem.c ****     if (pevent->OSEventType != OS_EVENT_TYPE_SEM) {   /* Validate event block type                 
 805              		.loc 1 462 15
 806 0022 FB68     		ldr	r3, [r7, #12]
 807 0024 1B78     		ldrb	r3, [r3]	@ zero_extendqisi2
 808              		.loc 1 462 8
 809 0026 032B     		cmp	r3, #3
 810 0028 04D0     		beq	.L49
 463:./ucOSII/Core/os_sem.c ****         *perr = OS_ERR_EVENT_TYPE;
 811              		.loc 1 463 15
 812 002a 7B68     		ldr	r3, [r7, #4]
 813 002c 0122     		movs	r2, #1
 814 002e 1A70     		strb	r2, [r3]
 464:./ucOSII/Core/os_sem.c ****         return (0u);
 815              		.loc 1 464 16
 816 0030 0023     		movs	r3, #0
 817 0032 36E0     		b	.L48
 818              	.L49:
 465:./ucOSII/Core/os_sem.c ****     }
 466:./ucOSII/Core/os_sem.c ****     OS_ENTER_CRITICAL();
 819              		.loc 1 466 5
 820 0034 4020     		movs	r0, #64
 821 0036 FFF7FEFF 		bl	OS_CPU_SR_Save
 822 003a 3861     		str	r0, [r7, #16]
 467:./ucOSII/Core/os_sem.c ****     if (pevent->OSEventGrp != 0u) {                   /* See if any task waiting on semaphore?     
 823              		.loc 1 467 15
 824 003c FB68     		ldr	r3, [r7, #12]
 825 003e 9B7A     		ldrb	r3, [r3, #10]	@ zero_extendqisi2
 826              		.loc 1 467 8
 827 0040 002B     		cmp	r3, #0
 828 0042 27D0     		beq	.L50
 468:./ucOSII/Core/os_sem.c ****         nbr_tasks = 0u;
 829              		.loc 1 468 19
 830 0044 0023     		movs	r3, #0
 831 0046 FB75     		strb	r3, [r7, #23]
 469:./ucOSII/Core/os_sem.c ****         switch (opt) {
 832              		.loc 1 469 9
 833 0048 FB7A     		ldrb	r3, [r7, #11]	@ zero_extendqisi2
 834 004a 012B     		cmp	r3, #1
 835 004c 0ED1     		bne	.L51
 470:./ucOSII/Core/os_sem.c ****             case OS_PEND_OPT_BROADCAST:               /* Do we need to abort ALL waiting tasks?    
 471:./ucOSII/Core/os_sem.c ****                  while (pevent->OSEventGrp != 0u) {   /* Yes, ready ALL tasks waiting on semaphore 
 836              		.loc 1 471 24
 837 004e 08E0     		b	.L52
 838              	.L53:
 472:./ucOSII/Core/os_sem.c ****                      (void)OS_EventTaskRdy(pevent, (void *)0, OS_STAT_SEM, OS_STAT_PEND_ABORT);
 839              		.loc 1 472 28
 840 0050 0223     		movs	r3, #2
 841 0052 0122     		movs	r2, #1
 842 0054 0021     		movs	r1, #0
 843 0056 F868     		ldr	r0, [r7, #12]
ARM GAS  /var/folders/yl/_q9l42k90g1g4mdhbs226msm0000gn/T//cc0VbLUy.s 			page 24


 844 0058 FFF7FEFF 		bl	OS_EventTaskRdy
 473:./ucOSII/Core/os_sem.c ****                      nbr_tasks++;
 845              		.loc 1 473 31
 846 005c FB7D     		ldrb	r3, [r7, #23]	@ zero_extendqisi2
 847 005e 0133     		adds	r3, r3, #1
 848 0060 FB75     		strb	r3, [r7, #23]
 849              	.L52:
 471:./ucOSII/Core/os_sem.c ****                      (void)OS_EventTaskRdy(pevent, (void *)0, OS_STAT_SEM, OS_STAT_PEND_ABORT);
 850              		.loc 1 471 31
 851 0062 FB68     		ldr	r3, [r7, #12]
 852 0064 9B7A     		ldrb	r3, [r3, #10]	@ zero_extendqisi2
 471:./ucOSII/Core/os_sem.c ****                      (void)OS_EventTaskRdy(pevent, (void *)0, OS_STAT_SEM, OS_STAT_PEND_ABORT);
 853              		.loc 1 471 24
 854 0066 002B     		cmp	r3, #0
 855 0068 F2D1     		bne	.L53
 474:./ucOSII/Core/os_sem.c ****                  }
 475:./ucOSII/Core/os_sem.c ****                  break;
 856              		.loc 1 475 18
 857 006a 09E0     		b	.L54
 858              	.L51:
 476:./ucOSII/Core/os_sem.c **** 
 477:./ucOSII/Core/os_sem.c ****             case OS_PEND_OPT_NONE:
 478:./ucOSII/Core/os_sem.c ****             default:                                  /* No,  ready HPT       waiting on semaphore 
 479:./ucOSII/Core/os_sem.c ****                  (void)OS_EventTaskRdy(pevent, (void *)0, OS_STAT_SEM, OS_STAT_PEND_ABORT);
 859              		.loc 1 479 24
 860 006c 0223     		movs	r3, #2
 861 006e 0122     		movs	r2, #1
 862 0070 0021     		movs	r1, #0
 863 0072 F868     		ldr	r0, [r7, #12]
 864 0074 FFF7FEFF 		bl	OS_EventTaskRdy
 480:./ucOSII/Core/os_sem.c ****                  nbr_tasks++;
 865              		.loc 1 480 27
 866 0078 FB7D     		ldrb	r3, [r7, #23]	@ zero_extendqisi2
 867 007a 0133     		adds	r3, r3, #1
 868 007c FB75     		strb	r3, [r7, #23]
 481:./ucOSII/Core/os_sem.c ****                  break;
 869              		.loc 1 481 18
 870 007e 00BF     		nop
 871              	.L54:
 482:./ucOSII/Core/os_sem.c ****         }
 483:./ucOSII/Core/os_sem.c ****         OS_EXIT_CRITICAL();
 872              		.loc 1 483 9
 873 0080 3869     		ldr	r0, [r7, #16]
 874 0082 FFF7FEFF 		bl	OS_CPU_SR_Restore
 484:./ucOSII/Core/os_sem.c ****         OS_Sched();                                   /* Find HPT ready to run                     
 875              		.loc 1 484 9
 876 0086 FFF7FEFF 		bl	OS_Sched
 485:./ucOSII/Core/os_sem.c ****         *perr = OS_ERR_PEND_ABORT;
 877              		.loc 1 485 15
 878 008a 7B68     		ldr	r3, [r7, #4]
 879 008c 0E22     		movs	r2, #14
 880 008e 1A70     		strb	r2, [r3]
 486:./ucOSII/Core/os_sem.c ****         return (nbr_tasks);
 881              		.loc 1 486 16
 882 0090 FB7D     		ldrb	r3, [r7, #23]	@ zero_extendqisi2
 883 0092 06E0     		b	.L48
 884              	.L50:
ARM GAS  /var/folders/yl/_q9l42k90g1g4mdhbs226msm0000gn/T//cc0VbLUy.s 			page 25


 487:./ucOSII/Core/os_sem.c ****     }
 488:./ucOSII/Core/os_sem.c ****     OS_EXIT_CRITICAL();
 885              		.loc 1 488 5
 886 0094 3869     		ldr	r0, [r7, #16]
 887 0096 FFF7FEFF 		bl	OS_CPU_SR_Restore
 489:./ucOSII/Core/os_sem.c ****     *perr = OS_ERR_NONE;
 888              		.loc 1 489 11
 889 009a 7B68     		ldr	r3, [r7, #4]
 890 009c 0022     		movs	r2, #0
 891 009e 1A70     		strb	r2, [r3]
 490:./ucOSII/Core/os_sem.c ****     return (0u);                                      /* No tasks waiting on semaphore             
 892              		.loc 1 490 12
 893 00a0 0023     		movs	r3, #0
 894              	.L48:
 491:./ucOSII/Core/os_sem.c **** }
 895              		.loc 1 491 1
 896 00a2 1846     		mov	r0, r3
 897 00a4 1837     		adds	r7, r7, #24
 898              	.LCFI23:
 899              		.cfi_def_cfa_offset 8
 900 00a6 BD46     		mov	sp, r7
 901              	.LCFI24:
 902              		.cfi_def_cfa_register 13
 903              		@ sp needed
 904 00a8 80BD     		pop	{r7, pc}
 905              		.cfi_endproc
 906              	.LFE7:
 908              		.section	.text.OSSemPost,"ax",%progbits
 909              		.align	1
 910              		.global	OSSemPost
 911              		.syntax unified
 912              		.thumb
 913              		.thumb_func
 915              	OSSemPost:
 916              	.LFB8:
 492:./ucOSII/Core/os_sem.c **** #endif
 493:./ucOSII/Core/os_sem.c **** 
 494:./ucOSII/Core/os_sem.c **** 
 495:./ucOSII/Core/os_sem.c **** /*
 496:./ucOSII/Core/os_sem.c **** ***************************************************************************************************
 497:./ucOSII/Core/os_sem.c **** *                                         POST TO A SEMAPHORE
 498:./ucOSII/Core/os_sem.c **** *
 499:./ucOSII/Core/os_sem.c **** * Description: This function signals a semaphore
 500:./ucOSII/Core/os_sem.c **** *
 501:./ucOSII/Core/os_sem.c **** * Arguments  : pevent        is a pointer to the event control block associated with the desired
 502:./ucOSII/Core/os_sem.c **** *                            semaphore.
 503:./ucOSII/Core/os_sem.c **** *
 504:./ucOSII/Core/os_sem.c **** * Returns    : OS_ERR_NONE         The call was successful and the semaphore was signaled.
 505:./ucOSII/Core/os_sem.c **** *              OS_ERR_SEM_OVF      If the semaphore count exceeded its limit. In other words, you h
 506:./ucOSII/Core/os_sem.c **** *                                  signaled the semaphore more often than you waited on it with eit
 507:./ucOSII/Core/os_sem.c **** *                                  OSSemAccept() or OSSemPend().
 508:./ucOSII/Core/os_sem.c **** *              OS_ERR_EVENT_TYPE   If you didn't pass a pointer to a semaphore
 509:./ucOSII/Core/os_sem.c **** *              OS_ERR_PEVENT_NULL  If 'pevent' is a NULL pointer.
 510:./ucOSII/Core/os_sem.c **** ***************************************************************************************************
 511:./ucOSII/Core/os_sem.c **** */
 512:./ucOSII/Core/os_sem.c **** 
 513:./ucOSII/Core/os_sem.c **** INT8U  OSSemPost (OS_EVENT *pevent)
ARM GAS  /var/folders/yl/_q9l42k90g1g4mdhbs226msm0000gn/T//cc0VbLUy.s 			page 26


 514:./ucOSII/Core/os_sem.c **** {
 917              		.loc 1 514 1
 918              		.cfi_startproc
 919              		@ args = 0, pretend = 0, frame = 16
 920              		@ frame_needed = 1, uses_anonymous_args = 0
 921 0000 80B5     		push	{r7, lr}
 922              	.LCFI25:
 923              		.cfi_def_cfa_offset 8
 924              		.cfi_offset 7, -8
 925              		.cfi_offset 14, -4
 926 0002 84B0     		sub	sp, sp, #16
 927              	.LCFI26:
 928              		.cfi_def_cfa_offset 24
 929 0004 00AF     		add	r7, sp, #0
 930              	.LCFI27:
 931              		.cfi_def_cfa_register 7
 932 0006 7860     		str	r0, [r7, #4]
 515:./ucOSII/Core/os_sem.c **** #if OS_CRITICAL_METHOD == 3u                          /* Allocate storage for CPU status register  
 516:./ucOSII/Core/os_sem.c ****     OS_CPU_SR  cpu_sr = 0u;
 933              		.loc 1 516 16
 934 0008 0023     		movs	r3, #0
 935 000a FB60     		str	r3, [r7, #12]
 517:./ucOSII/Core/os_sem.c **** #endif
 518:./ucOSII/Core/os_sem.c **** 
 519:./ucOSII/Core/os_sem.c **** 
 520:./ucOSII/Core/os_sem.c **** #if OS_ARG_CHK_EN > 0u
 521:./ucOSII/Core/os_sem.c ****     if (pevent == (OS_EVENT *)0) {                    /* Validate 'pevent'                         
 936              		.loc 1 521 8
 937 000c 7B68     		ldr	r3, [r7, #4]
 938 000e 002B     		cmp	r3, #0
 939 0010 01D1     		bne	.L56
 522:./ucOSII/Core/os_sem.c ****         return (OS_ERR_PEVENT_NULL);
 940              		.loc 1 522 16
 941 0012 0423     		movs	r3, #4
 942 0014 48E0     		b	.L57
 943              	.L56:
 523:./ucOSII/Core/os_sem.c ****     }
 524:./ucOSII/Core/os_sem.c **** #endif
 525:./ucOSII/Core/os_sem.c **** 
 526:./ucOSII/Core/os_sem.c ****     OS_TRACE_SEM_POST_ENTER(pevent);
 944              		.loc 1 526 5
 945 0016 7B68     		ldr	r3, [r7, #4]
 946 0018 1846     		mov	r0, r3
 947 001a FFF7FEFF 		bl	SEGGER_SYSVIEW_ShrinkId
 948 001e 0346     		mov	r3, r0
 949 0020 1946     		mov	r1, r3
 950 0022 3020     		movs	r0, #48
 951 0024 FFF7FEFF 		bl	SEGGER_SYSVIEW_RecordU32
 527:./ucOSII/Core/os_sem.c **** 
 528:./ucOSII/Core/os_sem.c ****     if (pevent->OSEventType != OS_EVENT_TYPE_SEM) {   /* Validate event block type                 
 952              		.loc 1 528 15
 953 0028 7B68     		ldr	r3, [r7, #4]
 954 002a 1B78     		ldrb	r3, [r3]	@ zero_extendqisi2
 955              		.loc 1 528 8
 956 002c 032B     		cmp	r3, #3
 957 002e 05D0     		beq	.L58
 529:./ucOSII/Core/os_sem.c ****         OS_TRACE_SEM_POST_EXIT(OS_ERR_EVENT_TYPE);
ARM GAS  /var/folders/yl/_q9l42k90g1g4mdhbs226msm0000gn/T//cc0VbLUy.s 			page 27


 958              		.loc 1 529 9
 959 0030 0121     		movs	r1, #1
 960 0032 3020     		movs	r0, #48
 961 0034 FFF7FEFF 		bl	SEGGER_SYSVIEW_RecordEndCallU32
 530:./ucOSII/Core/os_sem.c ****         return (OS_ERR_EVENT_TYPE);
 962              		.loc 1 530 16
 963 0038 0123     		movs	r3, #1
 964 003a 35E0     		b	.L57
 965              	.L58:
 531:./ucOSII/Core/os_sem.c ****     }
 532:./ucOSII/Core/os_sem.c ****     OS_ENTER_CRITICAL();
 966              		.loc 1 532 5
 967 003c 4020     		movs	r0, #64
 968 003e FFF7FEFF 		bl	OS_CPU_SR_Save
 969 0042 F860     		str	r0, [r7, #12]
 533:./ucOSII/Core/os_sem.c ****     if (pevent->OSEventGrp != 0u) {                   /* See if any task waiting for semaphore     
 970              		.loc 1 533 15
 971 0044 7B68     		ldr	r3, [r7, #4]
 972 0046 9B7A     		ldrb	r3, [r3, #10]	@ zero_extendqisi2
 973              		.loc 1 533 8
 974 0048 002B     		cmp	r3, #0
 975 004a 10D0     		beq	.L59
 534:./ucOSII/Core/os_sem.c ****                                                       /* Ready HPT waiting on event                
 535:./ucOSII/Core/os_sem.c ****         (void)OS_EventTaskRdy(pevent, (void *)0, OS_STAT_SEM, OS_STAT_PEND_OK);
 976              		.loc 1 535 15
 977 004c 0023     		movs	r3, #0
 978 004e 0122     		movs	r2, #1
 979 0050 0021     		movs	r1, #0
 980 0052 7868     		ldr	r0, [r7, #4]
 981 0054 FFF7FEFF 		bl	OS_EventTaskRdy
 536:./ucOSII/Core/os_sem.c ****         OS_EXIT_CRITICAL();
 982              		.loc 1 536 9
 983 0058 F868     		ldr	r0, [r7, #12]
 984 005a FFF7FEFF 		bl	OS_CPU_SR_Restore
 537:./ucOSII/Core/os_sem.c ****         OS_Sched();                                   /* Find HPT ready to run                     
 985              		.loc 1 537 9
 986 005e FFF7FEFF 		bl	OS_Sched
 538:./ucOSII/Core/os_sem.c ****         OS_TRACE_SEM_POST_EXIT(OS_ERR_NONE);
 987              		.loc 1 538 9
 988 0062 0021     		movs	r1, #0
 989 0064 3020     		movs	r0, #48
 990 0066 FFF7FEFF 		bl	SEGGER_SYSVIEW_RecordEndCallU32
 539:./ucOSII/Core/os_sem.c ****         return (OS_ERR_NONE);
 991              		.loc 1 539 16
 992 006a 0023     		movs	r3, #0
 993 006c 1CE0     		b	.L57
 994              	.L59:
 540:./ucOSII/Core/os_sem.c ****     }
 541:./ucOSII/Core/os_sem.c ****     if (pevent->OSEventCnt < 65535u) {                /* Make sure semaphore will not overflow     
 995              		.loc 1 541 15
 996 006e 7B68     		ldr	r3, [r7, #4]
 997 0070 1B89     		ldrh	r3, [r3, #8]
 998              		.loc 1 541 8
 999 0072 4FF6FF72 		movw	r2, #65535
 1000 0076 9342     		cmp	r3, r2
 1001 0078 0ED0     		beq	.L60
 542:./ucOSII/Core/os_sem.c ****         pevent->OSEventCnt++;                         /* Increment semaphore count to register even
ARM GAS  /var/folders/yl/_q9l42k90g1g4mdhbs226msm0000gn/T//cc0VbLUy.s 			page 28


 1002              		.loc 1 542 15
 1003 007a 7B68     		ldr	r3, [r7, #4]
 1004 007c 1B89     		ldrh	r3, [r3, #8]
 1005              		.loc 1 542 27
 1006 007e 0133     		adds	r3, r3, #1
 1007 0080 9AB2     		uxth	r2, r3
 1008 0082 7B68     		ldr	r3, [r7, #4]
 1009 0084 1A81     		strh	r2, [r3, #8]	@ movhi
 543:./ucOSII/Core/os_sem.c ****         OS_EXIT_CRITICAL();
 1010              		.loc 1 543 9
 1011 0086 F868     		ldr	r0, [r7, #12]
 1012 0088 FFF7FEFF 		bl	OS_CPU_SR_Restore
 544:./ucOSII/Core/os_sem.c ****         OS_TRACE_SEM_POST_EXIT(OS_ERR_NONE);
 1013              		.loc 1 544 9
 1014 008c 0021     		movs	r1, #0
 1015 008e 3020     		movs	r0, #48
 1016 0090 FFF7FEFF 		bl	SEGGER_SYSVIEW_RecordEndCallU32
 545:./ucOSII/Core/os_sem.c ****         return (OS_ERR_NONE);
 1017              		.loc 1 545 16
 1018 0094 0023     		movs	r3, #0
 1019 0096 07E0     		b	.L57
 1020              	.L60:
 546:./ucOSII/Core/os_sem.c ****     }
 547:./ucOSII/Core/os_sem.c ****     OS_EXIT_CRITICAL();                               /* Semaphore value has reached its maximum   
 1021              		.loc 1 547 5
 1022 0098 F868     		ldr	r0, [r7, #12]
 1023 009a FFF7FEFF 		bl	OS_CPU_SR_Restore
 548:./ucOSII/Core/os_sem.c ****     OS_TRACE_SEM_POST_EXIT(OS_ERR_SEM_OVF);
 1024              		.loc 1 548 5
 1025 009e 3321     		movs	r1, #51
 1026 00a0 3020     		movs	r0, #48
 1027 00a2 FFF7FEFF 		bl	SEGGER_SYSVIEW_RecordEndCallU32
 549:./ucOSII/Core/os_sem.c **** 
 550:./ucOSII/Core/os_sem.c ****     return (OS_ERR_SEM_OVF);
 1028              		.loc 1 550 12
 1029 00a6 3323     		movs	r3, #51
 1030              	.L57:
 551:./ucOSII/Core/os_sem.c **** }
 1031              		.loc 1 551 1
 1032 00a8 1846     		mov	r0, r3
 1033 00aa 1037     		adds	r7, r7, #16
 1034              	.LCFI28:
 1035              		.cfi_def_cfa_offset 8
 1036 00ac BD46     		mov	sp, r7
 1037              	.LCFI29:
 1038              		.cfi_def_cfa_register 13
 1039              		@ sp needed
 1040 00ae 80BD     		pop	{r7, pc}
 1041              		.cfi_endproc
 1042              	.LFE8:
 1044              		.section	.text.OSSemQuery,"ax",%progbits
 1045              		.align	1
 1046              		.global	OSSemQuery
 1047              		.syntax unified
 1048              		.thumb
 1049              		.thumb_func
 1051              	OSSemQuery:
ARM GAS  /var/folders/yl/_q9l42k90g1g4mdhbs226msm0000gn/T//cc0VbLUy.s 			page 29


 1052              	.LFB9:
 552:./ucOSII/Core/os_sem.c **** 
 553:./ucOSII/Core/os_sem.c **** 
 554:./ucOSII/Core/os_sem.c **** /*
 555:./ucOSII/Core/os_sem.c **** ***************************************************************************************************
 556:./ucOSII/Core/os_sem.c **** *                                          QUERY A SEMAPHORE
 557:./ucOSII/Core/os_sem.c **** *
 558:./ucOSII/Core/os_sem.c **** * Description: This function obtains information about a semaphore
 559:./ucOSII/Core/os_sem.c **** *
 560:./ucOSII/Core/os_sem.c **** * Arguments  : pevent        is a pointer to the event control block associated with the desired
 561:./ucOSII/Core/os_sem.c **** *                            semaphore
 562:./ucOSII/Core/os_sem.c **** *
 563:./ucOSII/Core/os_sem.c **** *              p_sem_data    is a pointer to a structure that will contain information about the
 564:./ucOSII/Core/os_sem.c **** *                            semaphore.
 565:./ucOSII/Core/os_sem.c **** *
 566:./ucOSII/Core/os_sem.c **** * Returns    : OS_ERR_NONE         The call was successful and the message was sent
 567:./ucOSII/Core/os_sem.c **** *              OS_ERR_EVENT_TYPE   If you are attempting to obtain data from a non semaphore.
 568:./ucOSII/Core/os_sem.c **** *              OS_ERR_PEVENT_NULL  If 'pevent'     is a NULL pointer.
 569:./ucOSII/Core/os_sem.c **** *              OS_ERR_PDATA_NULL   If 'p_sem_data' is a NULL pointer
 570:./ucOSII/Core/os_sem.c **** ***************************************************************************************************
 571:./ucOSII/Core/os_sem.c **** */
 572:./ucOSII/Core/os_sem.c **** 
 573:./ucOSII/Core/os_sem.c **** #if OS_SEM_QUERY_EN > 0u
 574:./ucOSII/Core/os_sem.c **** INT8U  OSSemQuery (OS_EVENT     *pevent,
 575:./ucOSII/Core/os_sem.c ****                    OS_SEM_DATA  *p_sem_data)
 576:./ucOSII/Core/os_sem.c **** {
 1053              		.loc 1 576 1
 1054              		.cfi_startproc
 1055              		@ args = 0, pretend = 0, frame = 24
 1056              		@ frame_needed = 1, uses_anonymous_args = 0
 1057 0000 80B5     		push	{r7, lr}
 1058              	.LCFI30:
 1059              		.cfi_def_cfa_offset 8
 1060              		.cfi_offset 7, -8
 1061              		.cfi_offset 14, -4
 1062 0002 86B0     		sub	sp, sp, #24
 1063              	.LCFI31:
 1064              		.cfi_def_cfa_offset 32
 1065 0004 00AF     		add	r7, sp, #0
 1066              	.LCFI32:
 1067              		.cfi_def_cfa_register 7
 1068 0006 7860     		str	r0, [r7, #4]
 1069 0008 3960     		str	r1, [r7]
 577:./ucOSII/Core/os_sem.c ****     INT8U       i;
 578:./ucOSII/Core/os_sem.c ****     OS_PRIO    *psrc;
 579:./ucOSII/Core/os_sem.c ****     OS_PRIO    *pdest;
 580:./ucOSII/Core/os_sem.c **** #if OS_CRITICAL_METHOD == 3u                               /* Allocate storage for CPU status regis
 581:./ucOSII/Core/os_sem.c ****     OS_CPU_SR   cpu_sr = 0u;
 1070              		.loc 1 581 17
 1071 000a 0023     		movs	r3, #0
 1072 000c BB60     		str	r3, [r7, #8]
 582:./ucOSII/Core/os_sem.c **** #endif
 583:./ucOSII/Core/os_sem.c **** 
 584:./ucOSII/Core/os_sem.c **** 
 585:./ucOSII/Core/os_sem.c **** 
 586:./ucOSII/Core/os_sem.c **** #if OS_ARG_CHK_EN > 0u
 587:./ucOSII/Core/os_sem.c ****     if (pevent == (OS_EVENT *)0) {                         /* Validate 'pevent'                    
ARM GAS  /var/folders/yl/_q9l42k90g1g4mdhbs226msm0000gn/T//cc0VbLUy.s 			page 30


 1073              		.loc 1 587 8
 1074 000e 7B68     		ldr	r3, [r7, #4]
 1075 0010 002B     		cmp	r3, #0
 1076 0012 01D1     		bne	.L62
 588:./ucOSII/Core/os_sem.c ****         return (OS_ERR_PEVENT_NULL);
 1077              		.loc 1 588 16
 1078 0014 0423     		movs	r3, #4
 1079 0016 31E0     		b	.L63
 1080              	.L62:
 589:./ucOSII/Core/os_sem.c ****     }
 590:./ucOSII/Core/os_sem.c ****     if (p_sem_data == (OS_SEM_DATA *)0) {                  /* Validate 'p_sem_data'                
 1081              		.loc 1 590 8
 1082 0018 3B68     		ldr	r3, [r7]
 1083 001a 002B     		cmp	r3, #0
 1084 001c 01D1     		bne	.L64
 591:./ucOSII/Core/os_sem.c ****         return (OS_ERR_PDATA_NULL);
 1085              		.loc 1 591 16
 1086 001e 0923     		movs	r3, #9
 1087 0020 2CE0     		b	.L63
 1088              	.L64:
 592:./ucOSII/Core/os_sem.c ****     }
 593:./ucOSII/Core/os_sem.c **** #endif
 594:./ucOSII/Core/os_sem.c ****     if (pevent->OSEventType != OS_EVENT_TYPE_SEM) {        /* Validate event block type            
 1089              		.loc 1 594 15
 1090 0022 7B68     		ldr	r3, [r7, #4]
 1091 0024 1B78     		ldrb	r3, [r3]	@ zero_extendqisi2
 1092              		.loc 1 594 8
 1093 0026 032B     		cmp	r3, #3
 1094 0028 01D0     		beq	.L65
 595:./ucOSII/Core/os_sem.c ****         return (OS_ERR_EVENT_TYPE);
 1095              		.loc 1 595 16
 1096 002a 0123     		movs	r3, #1
 1097 002c 26E0     		b	.L63
 1098              	.L65:
 596:./ucOSII/Core/os_sem.c ****     }
 597:./ucOSII/Core/os_sem.c ****     OS_ENTER_CRITICAL();
 1099              		.loc 1 597 5
 1100 002e 4020     		movs	r0, #64
 1101 0030 FFF7FEFF 		bl	OS_CPU_SR_Save
 1102 0034 B860     		str	r0, [r7, #8]
 598:./ucOSII/Core/os_sem.c ****     p_sem_data->OSEventGrp = pevent->OSEventGrp;           /* Copy message mailbox wait list       
 1103              		.loc 1 598 36
 1104 0036 7B68     		ldr	r3, [r7, #4]
 1105 0038 9A7A     		ldrb	r2, [r3, #10]	@ zero_extendqisi2
 1106              		.loc 1 598 28
 1107 003a 3B68     		ldr	r3, [r7]
 1108 003c 9A72     		strb	r2, [r3, #10]
 599:./ucOSII/Core/os_sem.c ****     psrc                   = &pevent->OSEventTbl[0];
 1109              		.loc 1 599 28
 1110 003e 7B68     		ldr	r3, [r7, #4]
 1111 0040 0B33     		adds	r3, r3, #11
 1112 0042 3B61     		str	r3, [r7, #16]
 600:./ucOSII/Core/os_sem.c ****     pdest                  = &p_sem_data->OSEventTbl[0];
 1113              		.loc 1 600 28
 1114 0044 3B68     		ldr	r3, [r7]
 1115 0046 0233     		adds	r3, r3, #2
 1116 0048 FB60     		str	r3, [r7, #12]
ARM GAS  /var/folders/yl/_q9l42k90g1g4mdhbs226msm0000gn/T//cc0VbLUy.s 			page 31


 601:./ucOSII/Core/os_sem.c ****     for (i = 0u; i < OS_EVENT_TBL_SIZE; i++) {
 1117              		.loc 1 601 12
 1118 004a 0023     		movs	r3, #0
 1119 004c FB75     		strb	r3, [r7, #23]
 1120              		.loc 1 601 5
 1121 004e 0AE0     		b	.L66
 1122              	.L67:
 602:./ucOSII/Core/os_sem.c ****         *pdest++ = *psrc++;
 1123              		.loc 1 602 25 discriminator 3
 1124 0050 3A69     		ldr	r2, [r7, #16]
 1125 0052 531C     		adds	r3, r2, #1
 1126 0054 3B61     		str	r3, [r7, #16]
 1127              		.loc 1 602 15 discriminator 3
 1128 0056 FB68     		ldr	r3, [r7, #12]
 1129 0058 591C     		adds	r1, r3, #1
 1130 005a F960     		str	r1, [r7, #12]
 1131              		.loc 1 602 20 discriminator 3
 1132 005c 1278     		ldrb	r2, [r2]	@ zero_extendqisi2
 1133              		.loc 1 602 18 discriminator 3
 1134 005e 1A70     		strb	r2, [r3]
 601:./ucOSII/Core/os_sem.c ****     for (i = 0u; i < OS_EVENT_TBL_SIZE; i++) {
 1135              		.loc 1 601 42 discriminator 3
 1136 0060 FB7D     		ldrb	r3, [r7, #23]	@ zero_extendqisi2
 1137 0062 0133     		adds	r3, r3, #1
 1138 0064 FB75     		strb	r3, [r7, #23]
 1139              	.L66:
 601:./ucOSII/Core/os_sem.c ****     for (i = 0u; i < OS_EVENT_TBL_SIZE; i++) {
 1140              		.loc 1 601 5 discriminator 1
 1141 0066 FB7D     		ldrb	r3, [r7, #23]	@ zero_extendqisi2
 1142 0068 072B     		cmp	r3, #7
 1143 006a F1D9     		bls	.L67
 603:./ucOSII/Core/os_sem.c ****     }
 604:./ucOSII/Core/os_sem.c ****     p_sem_data->OSCnt = pevent->OSEventCnt;                /* Get semaphore count                  
 1144              		.loc 1 604 31
 1145 006c 7B68     		ldr	r3, [r7, #4]
 1146 006e 1A89     		ldrh	r2, [r3, #8]
 1147              		.loc 1 604 23
 1148 0070 3B68     		ldr	r3, [r7]
 1149 0072 1A80     		strh	r2, [r3]	@ movhi
 605:./ucOSII/Core/os_sem.c ****     OS_EXIT_CRITICAL();
 1150              		.loc 1 605 5
 1151 0074 B868     		ldr	r0, [r7, #8]
 1152 0076 FFF7FEFF 		bl	OS_CPU_SR_Restore
 606:./ucOSII/Core/os_sem.c ****     return (OS_ERR_NONE);
 1153              		.loc 1 606 12
 1154 007a 0023     		movs	r3, #0
 1155              	.L63:
 607:./ucOSII/Core/os_sem.c **** }
 1156              		.loc 1 607 1
 1157 007c 1846     		mov	r0, r3
 1158 007e 1837     		adds	r7, r7, #24
 1159              	.LCFI33:
 1160              		.cfi_def_cfa_offset 8
 1161 0080 BD46     		mov	sp, r7
 1162              	.LCFI34:
 1163              		.cfi_def_cfa_register 13
 1164              		@ sp needed
ARM GAS  /var/folders/yl/_q9l42k90g1g4mdhbs226msm0000gn/T//cc0VbLUy.s 			page 32


 1165 0082 80BD     		pop	{r7, pc}
 1166              		.cfi_endproc
 1167              	.LFE9:
 1169              		.section	.text.OSSemSet,"ax",%progbits
 1170              		.align	1
 1171              		.global	OSSemSet
 1172              		.syntax unified
 1173              		.thumb
 1174              		.thumb_func
 1176              	OSSemSet:
 1177              	.LFB10:
 608:./ucOSII/Core/os_sem.c **** #endif                                                     /* OS_SEM_QUERY_EN                      
 609:./ucOSII/Core/os_sem.c **** 
 610:./ucOSII/Core/os_sem.c **** 
 611:./ucOSII/Core/os_sem.c **** /*
 612:./ucOSII/Core/os_sem.c **** ***************************************************************************************************
 613:./ucOSII/Core/os_sem.c **** *                                            SET SEMAPHORE
 614:./ucOSII/Core/os_sem.c **** *
 615:./ucOSII/Core/os_sem.c **** * Description: This function sets the semaphore count to the value specified as an argument.  Typic
 616:./ucOSII/Core/os_sem.c **** *              this value would be 0.
 617:./ucOSII/Core/os_sem.c **** *
 618:./ucOSII/Core/os_sem.c **** *              You would typically use this function when a semaphore is used as a signaling mechan
 619:./ucOSII/Core/os_sem.c **** *              and, you want to reset the count value.
 620:./ucOSII/Core/os_sem.c **** *
 621:./ucOSII/Core/os_sem.c **** * Arguments  : pevent     is a pointer to the event control block
 622:./ucOSII/Core/os_sem.c **** *
 623:./ucOSII/Core/os_sem.c **** *              cnt        is the new value for the semaphore count.  You would pass 0 to reset the
 624:./ucOSII/Core/os_sem.c **** *                         semaphore count.
 625:./ucOSII/Core/os_sem.c **** *
 626:./ucOSII/Core/os_sem.c **** *              perr       is a pointer to an error code returned by the function as follows:
 627:./ucOSII/Core/os_sem.c **** *
 628:./ucOSII/Core/os_sem.c **** *                            OS_ERR_NONE          The call was successful and the semaphore value w
 629:./ucOSII/Core/os_sem.c **** *                            OS_ERR_EVENT_TYPE    If you didn't pass a pointer to a semaphore.
 630:./ucOSII/Core/os_sem.c **** *                            OS_ERR_PEVENT_NULL   If 'pevent' is a NULL pointer.
 631:./ucOSII/Core/os_sem.c **** *                            OS_ERR_TASK_WAITING  If tasks are waiting on the semaphore.
 632:./ucOSII/Core/os_sem.c **** ***************************************************************************************************
 633:./ucOSII/Core/os_sem.c **** */
 634:./ucOSII/Core/os_sem.c **** 
 635:./ucOSII/Core/os_sem.c **** #if OS_SEM_SET_EN > 0u
 636:./ucOSII/Core/os_sem.c **** void  OSSemSet (OS_EVENT  *pevent,
 637:./ucOSII/Core/os_sem.c ****                 INT16U     cnt,
 638:./ucOSII/Core/os_sem.c ****                 INT8U     *perr)
 639:./ucOSII/Core/os_sem.c **** {
 1178              		.loc 1 639 1
 1179              		.cfi_startproc
 1180              		@ args = 0, pretend = 0, frame = 24
 1181              		@ frame_needed = 1, uses_anonymous_args = 0
 1182 0000 80B5     		push	{r7, lr}
 1183              	.LCFI35:
 1184              		.cfi_def_cfa_offset 8
 1185              		.cfi_offset 7, -8
 1186              		.cfi_offset 14, -4
 1187 0002 86B0     		sub	sp, sp, #24
 1188              	.LCFI36:
 1189              		.cfi_def_cfa_offset 32
 1190 0004 00AF     		add	r7, sp, #0
 1191              	.LCFI37:
ARM GAS  /var/folders/yl/_q9l42k90g1g4mdhbs226msm0000gn/T//cc0VbLUy.s 			page 33


 1192              		.cfi_def_cfa_register 7
 1193 0006 F860     		str	r0, [r7, #12]
 1194 0008 0B46     		mov	r3, r1
 1195 000a 7A60     		str	r2, [r7, #4]
 1196 000c 7B81     		strh	r3, [r7, #10]	@ movhi
 640:./ucOSII/Core/os_sem.c **** #if OS_CRITICAL_METHOD == 3u                          /* Allocate storage for CPU status register  
 641:./ucOSII/Core/os_sem.c ****     OS_CPU_SR  cpu_sr = 0u;
 1197              		.loc 1 641 16
 1198 000e 0023     		movs	r3, #0
 1199 0010 7B61     		str	r3, [r7, #20]
 642:./ucOSII/Core/os_sem.c **** #endif
 643:./ucOSII/Core/os_sem.c **** 
 644:./ucOSII/Core/os_sem.c **** 
 645:./ucOSII/Core/os_sem.c **** 
 646:./ucOSII/Core/os_sem.c **** #ifdef OS_SAFETY_CRITICAL
 647:./ucOSII/Core/os_sem.c ****     if (perr == (INT8U *)0) {
 648:./ucOSII/Core/os_sem.c ****         OS_SAFETY_CRITICAL_EXCEPTION();
 649:./ucOSII/Core/os_sem.c ****         return;
 650:./ucOSII/Core/os_sem.c ****     }
 651:./ucOSII/Core/os_sem.c **** #endif
 652:./ucOSII/Core/os_sem.c **** 
 653:./ucOSII/Core/os_sem.c **** #if OS_ARG_CHK_EN > 0u
 654:./ucOSII/Core/os_sem.c ****     if (pevent == (OS_EVENT *)0) {                    /* Validate 'pevent'                         
 1200              		.loc 1 654 8
 1201 0012 FB68     		ldr	r3, [r7, #12]
 1202 0014 002B     		cmp	r3, #0
 1203 0016 03D1     		bne	.L69
 655:./ucOSII/Core/os_sem.c ****         *perr = OS_ERR_PEVENT_NULL;
 1204              		.loc 1 655 15
 1205 0018 7B68     		ldr	r3, [r7, #4]
 1206 001a 0422     		movs	r2, #4
 1207 001c 1A70     		strb	r2, [r3]
 656:./ucOSII/Core/os_sem.c ****         return;
 1208              		.loc 1 656 9
 1209 001e 24E0     		b	.L68
 1210              	.L69:
 657:./ucOSII/Core/os_sem.c ****     }
 658:./ucOSII/Core/os_sem.c **** #endif
 659:./ucOSII/Core/os_sem.c ****     if (pevent->OSEventType != OS_EVENT_TYPE_SEM) {   /* Validate event block type                 
 1211              		.loc 1 659 15
 1212 0020 FB68     		ldr	r3, [r7, #12]
 1213 0022 1B78     		ldrb	r3, [r3]	@ zero_extendqisi2
 1214              		.loc 1 659 8
 1215 0024 032B     		cmp	r3, #3
 1216 0026 03D0     		beq	.L71
 660:./ucOSII/Core/os_sem.c ****         *perr = OS_ERR_EVENT_TYPE;
 1217              		.loc 1 660 15
 1218 0028 7B68     		ldr	r3, [r7, #4]
 1219 002a 0122     		movs	r2, #1
 1220 002c 1A70     		strb	r2, [r3]
 661:./ucOSII/Core/os_sem.c ****         return;
 1221              		.loc 1 661 9
 1222 002e 1CE0     		b	.L68
 1223              	.L71:
 662:./ucOSII/Core/os_sem.c ****     }
 663:./ucOSII/Core/os_sem.c ****     OS_ENTER_CRITICAL();
 1224              		.loc 1 663 5
ARM GAS  /var/folders/yl/_q9l42k90g1g4mdhbs226msm0000gn/T//cc0VbLUy.s 			page 34


 1225 0030 4020     		movs	r0, #64
 1226 0032 FFF7FEFF 		bl	OS_CPU_SR_Save
 1227 0036 7861     		str	r0, [r7, #20]
 664:./ucOSII/Core/os_sem.c ****     *perr = OS_ERR_NONE;
 1228              		.loc 1 664 11
 1229 0038 7B68     		ldr	r3, [r7, #4]
 1230 003a 0022     		movs	r2, #0
 1231 003c 1A70     		strb	r2, [r3]
 665:./ucOSII/Core/os_sem.c ****     if (pevent->OSEventCnt > 0u) {                    /* See if semaphore already has a count      
 1232              		.loc 1 665 15
 1233 003e FB68     		ldr	r3, [r7, #12]
 1234 0040 1B89     		ldrh	r3, [r3, #8]
 1235              		.loc 1 665 8
 1236 0042 002B     		cmp	r3, #0
 1237 0044 03D0     		beq	.L72
 666:./ucOSII/Core/os_sem.c ****         pevent->OSEventCnt = cnt;                     /* Yes, set it to the new value specified.   
 1238              		.loc 1 666 28
 1239 0046 FB68     		ldr	r3, [r7, #12]
 1240 0048 7A89     		ldrh	r2, [r7, #10]	@ movhi
 1241 004a 1A81     		strh	r2, [r3, #8]	@ movhi
 1242 004c 0AE0     		b	.L73
 1243              	.L72:
 667:./ucOSII/Core/os_sem.c ****     } else {                                          /* No                                        
 668:./ucOSII/Core/os_sem.c ****         if (pevent->OSEventGrp == 0u) {               /*      See if task(s) waiting?              
 1244              		.loc 1 668 19
 1245 004e FB68     		ldr	r3, [r7, #12]
 1246 0050 9B7A     		ldrb	r3, [r3, #10]	@ zero_extendqisi2
 1247              		.loc 1 668 12
 1248 0052 002B     		cmp	r3, #0
 1249 0054 03D1     		bne	.L74
 669:./ucOSII/Core/os_sem.c ****             pevent->OSEventCnt = cnt;                 /*      No, OK to set the value              
 1250              		.loc 1 669 32
 1251 0056 FB68     		ldr	r3, [r7, #12]
 1252 0058 7A89     		ldrh	r2, [r7, #10]	@ movhi
 1253 005a 1A81     		strh	r2, [r3, #8]	@ movhi
 1254 005c 02E0     		b	.L73
 1255              	.L74:
 670:./ucOSII/Core/os_sem.c ****         } else {
 671:./ucOSII/Core/os_sem.c ****             *perr              = OS_ERR_TASK_WAITING;
 1256              		.loc 1 671 32
 1257 005e 7B68     		ldr	r3, [r7, #4]
 1258 0060 4922     		movs	r2, #73
 1259 0062 1A70     		strb	r2, [r3]
 1260              	.L73:
 672:./ucOSII/Core/os_sem.c ****         }
 673:./ucOSII/Core/os_sem.c ****     }
 674:./ucOSII/Core/os_sem.c ****     OS_EXIT_CRITICAL();
 1261              		.loc 1 674 5
 1262 0064 7869     		ldr	r0, [r7, #20]
 1263 0066 FFF7FEFF 		bl	OS_CPU_SR_Restore
 1264              	.L68:
 675:./ucOSII/Core/os_sem.c **** }
 1265              		.loc 1 675 1
 1266 006a 1837     		adds	r7, r7, #24
 1267              	.LCFI38:
 1268              		.cfi_def_cfa_offset 8
 1269 006c BD46     		mov	sp, r7
ARM GAS  /var/folders/yl/_q9l42k90g1g4mdhbs226msm0000gn/T//cc0VbLUy.s 			page 35


 1270              	.LCFI39:
 1271              		.cfi_def_cfa_register 13
 1272              		@ sp needed
 1273 006e 80BD     		pop	{r7, pc}
 1274              		.cfi_endproc
 1275              	.LFE10:
 1277              		.text
 1278              	.Letext0:
 1279              		.file 2 "./ucOSII/Port/os_cpu.h"
 1280              		.file 3 "./ucOSII/Core/ucos_ii.h"
ARM GAS  /var/folders/yl/_q9l42k90g1g4mdhbs226msm0000gn/T//cc0VbLUy.s 			page 36


DEFINED SYMBOLS
                            *ABS*:0000000000000000 os_sem.c
/var/folders/yl/_q9l42k90g1g4mdhbs226msm0000gn/T//cc0VbLUy.s:20     .text.OSSemAccept:0000000000000000 $t
/var/folders/yl/_q9l42k90g1g4mdhbs226msm0000gn/T//cc0VbLUy.s:26     .text.OSSemAccept:0000000000000000 OSSemAccept
/var/folders/yl/_q9l42k90g1g4mdhbs226msm0000gn/T//cc0VbLUy.s:107    .rodata:0000000000000000 $d
/var/folders/yl/_q9l42k90g1g4mdhbs226msm0000gn/T//cc0VbLUy.s:111    .text.OSSemCreate:0000000000000000 $t
/var/folders/yl/_q9l42k90g1g4mdhbs226msm0000gn/T//cc0VbLUy.s:117    .text.OSSemCreate:0000000000000000 OSSemCreate
/var/folders/yl/_q9l42k90g1g4mdhbs226msm0000gn/T//cc0VbLUy.s:221    .text.OSSemCreate:000000000000007c $d
/var/folders/yl/_q9l42k90g1g4mdhbs226msm0000gn/T//cc0VbLUy.s:228    .text.OSSemDel:0000000000000000 $t
/var/folders/yl/_q9l42k90g1g4mdhbs226msm0000gn/T//cc0VbLUy.s:234    .text.OSSemDel:0000000000000000 OSSemDel
/var/folders/yl/_q9l42k90g1g4mdhbs226msm0000gn/T//cc0VbLUy.s:486    .text.OSSemDel:000000000000015c $d
/var/folders/yl/_q9l42k90g1g4mdhbs226msm0000gn/T//cc0VbLUy.s:493    .text.OSSemPend:0000000000000000 $t
/var/folders/yl/_q9l42k90g1g4mdhbs226msm0000gn/T//cc0VbLUy.s:499    .text.OSSemPend:0000000000000000 OSSemPend
/var/folders/yl/_q9l42k90g1g4mdhbs226msm0000gn/T//cc0VbLUy.s:756    .text.OSSemPend:0000000000000178 $d
/var/folders/yl/_q9l42k90g1g4mdhbs226msm0000gn/T//cc0VbLUy.s:763    .text.OSSemPendAbort:0000000000000000 $t
/var/folders/yl/_q9l42k90g1g4mdhbs226msm0000gn/T//cc0VbLUy.s:769    .text.OSSemPendAbort:0000000000000000 OSSemPendAbort
/var/folders/yl/_q9l42k90g1g4mdhbs226msm0000gn/T//cc0VbLUy.s:909    .text.OSSemPost:0000000000000000 $t
/var/folders/yl/_q9l42k90g1g4mdhbs226msm0000gn/T//cc0VbLUy.s:915    .text.OSSemPost:0000000000000000 OSSemPost
/var/folders/yl/_q9l42k90g1g4mdhbs226msm0000gn/T//cc0VbLUy.s:1045   .text.OSSemQuery:0000000000000000 $t
/var/folders/yl/_q9l42k90g1g4mdhbs226msm0000gn/T//cc0VbLUy.s:1051   .text.OSSemQuery:0000000000000000 OSSemQuery
/var/folders/yl/_q9l42k90g1g4mdhbs226msm0000gn/T//cc0VbLUy.s:1170   .text.OSSemSet:0000000000000000 $t
/var/folders/yl/_q9l42k90g1g4mdhbs226msm0000gn/T//cc0VbLUy.s:1176   .text.OSSemSet:0000000000000000 OSSemSet

UNDEFINED SYMBOLS
OS_CPU_SR_Save
OS_CPU_SR_Restore
OS_EventWaitListInit
SYSVIEW_RecordU32Register
OSIntNesting
OSEventFreeList
SEGGER_SYSVIEW_ShrinkId
SEGGER_SYSVIEW_RecordU32x2
SEGGER_SYSVIEW_RecordEndCallU32
OS_EventTaskRdy
OS_Sched
OS_EventTaskWait
OS_EventTaskRemove
OSLockNesting
OSTCBCur
SEGGER_SYSVIEW_RecordU32
