ARM GAS  /var/folders/yl/_q9l42k90g1g4mdhbs226msm0000gn/T//cczreIDs.s 			page 1


   1              		.cpu cortex-m4
   2              		.arch armv7e-m
   3              		.fpu fpv4-sp-d16
   4              		.eabi_attribute 27, 1
   5              		.eabi_attribute 28, 1
   6              		.eabi_attribute 20, 1
   7              		.eabi_attribute 21, 1
   8              		.eabi_attribute 23, 3
   9              		.eabi_attribute 24, 1
  10              		.eabi_attribute 25, 1
  11              		.eabi_attribute 26, 1
  12              		.eabi_attribute 30, 6
  13              		.eabi_attribute 34, 1
  14              		.eabi_attribute 18, 4
  15              		.file	"os_tmr.c"
  16              		.text
  17              	.Ltext0:
  18              		.cfi_sections	.debug_frame
  19              		.section	.rodata
  20              		.align	2
  21              	.LC0:
  22 0000 3F00     		.ascii	"?\000"
  23              		.section	.text.OSTmrCreate,"ax",%progbits
  24              		.align	1
  25              		.global	OSTmrCreate
  26              		.syntax unified
  27              		.thumb
  28              		.thumb_func
  30              	OSTmrCreate:
  31              	.LFB3:
  32              		.file 1 "./ucOSII/Core/os_tmr.c"
   1:./ucOSII/Core/os_tmr.c **** /*
   2:./ucOSII/Core/os_tmr.c **** ***************************************************************************************************
   3:./ucOSII/Core/os_tmr.c **** *                                              uC/OS-II
   4:./ucOSII/Core/os_tmr.c **** *                                        The Real-Time Kernel
   5:./ucOSII/Core/os_tmr.c **** *
   6:./ucOSII/Core/os_tmr.c **** *                    Copyright 1992-2021 Silicon Laboratories Inc. www.silabs.com
   7:./ucOSII/Core/os_tmr.c **** *
   8:./ucOSII/Core/os_tmr.c **** *                                 SPDX-License-Identifier: APACHE-2.0
   9:./ucOSII/Core/os_tmr.c **** *
  10:./ucOSII/Core/os_tmr.c **** *               This software is subject to an open source license and is distributed by
  11:./ucOSII/Core/os_tmr.c **** *                Silicon Laboratories Inc. pursuant to the terms of the Apache License,
  12:./ucOSII/Core/os_tmr.c **** *                    Version 2.0 available at www.apache.org/licenses/LICENSE-2.0.
  13:./ucOSII/Core/os_tmr.c **** *
  14:./ucOSII/Core/os_tmr.c **** ***************************************************************************************************
  15:./ucOSII/Core/os_tmr.c **** */
  16:./ucOSII/Core/os_tmr.c **** 
  17:./ucOSII/Core/os_tmr.c **** 
  18:./ucOSII/Core/os_tmr.c **** /*
  19:./ucOSII/Core/os_tmr.c **** ***************************************************************************************************
  20:./ucOSII/Core/os_tmr.c **** *
  21:./ucOSII/Core/os_tmr.c **** *                                           TIMER MANAGEMENT
  22:./ucOSII/Core/os_tmr.c **** *
  23:./ucOSII/Core/os_tmr.c **** * Filename : os_tmr.c
  24:./ucOSII/Core/os_tmr.c **** * Version  : V2.93.01
  25:./ucOSII/Core/os_tmr.c **** ***************************************************************************************************
  26:./ucOSII/Core/os_tmr.c **** */
ARM GAS  /var/folders/yl/_q9l42k90g1g4mdhbs226msm0000gn/T//cczreIDs.s 			page 2


  27:./ucOSII/Core/os_tmr.c **** 
  28:./ucOSII/Core/os_tmr.c **** #ifndef  OS_TMR_C
  29:./ucOSII/Core/os_tmr.c **** #define  OS_TMR_C
  30:./ucOSII/Core/os_tmr.c **** 
  31:./ucOSII/Core/os_tmr.c **** #define  MICRIUM_SOURCE
  32:./ucOSII/Core/os_tmr.c **** 
  33:./ucOSII/Core/os_tmr.c **** #ifndef  OS_MASTER_FILE
  34:./ucOSII/Core/os_tmr.c **** #include <ucos_ii.h>
  35:./ucOSII/Core/os_tmr.c **** #endif
  36:./ucOSII/Core/os_tmr.c **** 
  37:./ucOSII/Core/os_tmr.c **** /*
  38:./ucOSII/Core/os_tmr.c **** ***************************************************************************************************
  39:./ucOSII/Core/os_tmr.c **** *                                                        NOTES
  40:./ucOSII/Core/os_tmr.c **** *
  41:./ucOSII/Core/os_tmr.c **** * 1) Your application MUST define the following #define constants:
  42:./ucOSII/Core/os_tmr.c **** *
  43:./ucOSII/Core/os_tmr.c **** *    OS_TASK_TMR_PRIO          The priority of the Timer management task
  44:./ucOSII/Core/os_tmr.c **** *    OS_TASK_TMR_STK_SIZE      The size     of the Timer management task's stack
  45:./ucOSII/Core/os_tmr.c **** *
  46:./ucOSII/Core/os_tmr.c **** * 2) You must call OSTmrSignal() to notify the Timer management task that it's time to update the t
  47:./ucOSII/Core/os_tmr.c **** ***************************************************************************************************
  48:./ucOSII/Core/os_tmr.c **** */
  49:./ucOSII/Core/os_tmr.c **** 
  50:./ucOSII/Core/os_tmr.c **** /*
  51:./ucOSII/Core/os_tmr.c **** ***************************************************************************************************
  52:./ucOSII/Core/os_tmr.c **** *                                              CONSTANTS
  53:./ucOSII/Core/os_tmr.c **** ***************************************************************************************************
  54:./ucOSII/Core/os_tmr.c **** */
  55:./ucOSII/Core/os_tmr.c **** 
  56:./ucOSII/Core/os_tmr.c **** #define  OS_TMR_LINK_DLY       0u
  57:./ucOSII/Core/os_tmr.c **** #define  OS_TMR_LINK_PERIODIC  1u
  58:./ucOSII/Core/os_tmr.c **** 
  59:./ucOSII/Core/os_tmr.c **** /*
  60:./ucOSII/Core/os_tmr.c **** ***************************************************************************************************
  61:./ucOSII/Core/os_tmr.c **** *                                          LOCAL PROTOTYPES
  62:./ucOSII/Core/os_tmr.c **** ***************************************************************************************************
  63:./ucOSII/Core/os_tmr.c **** */
  64:./ucOSII/Core/os_tmr.c **** 
  65:./ucOSII/Core/os_tmr.c **** #if OS_TMR_EN > 0u
  66:./ucOSII/Core/os_tmr.c **** static  OS_TMR  *OSTmr_Alloc         (void);
  67:./ucOSII/Core/os_tmr.c **** static  void     OSTmr_Free          (OS_TMR *ptmr);
  68:./ucOSII/Core/os_tmr.c **** static  void     OSTmr_InitTask      (void);
  69:./ucOSII/Core/os_tmr.c **** static  void     OSTmr_Link          (OS_TMR *ptmr, INT8U type);
  70:./ucOSII/Core/os_tmr.c **** static  void     OSTmr_Unlink        (OS_TMR *ptmr);
  71:./ucOSII/Core/os_tmr.c **** static  void     OSTmr_Task          (void   *p_arg);
  72:./ucOSII/Core/os_tmr.c **** #endif
  73:./ucOSII/Core/os_tmr.c **** 
  74:./ucOSII/Core/os_tmr.c **** 
  75:./ucOSII/Core/os_tmr.c **** /*
  76:./ucOSII/Core/os_tmr.c **** ***************************************************************************************************
  77:./ucOSII/Core/os_tmr.c **** *                                           CREATE A TIMER
  78:./ucOSII/Core/os_tmr.c **** *
  79:./ucOSII/Core/os_tmr.c **** * Description: This function is called by your application code to create a timer.
  80:./ucOSII/Core/os_tmr.c **** *
  81:./ucOSII/Core/os_tmr.c **** * Arguments  : dly           Initial delay.
  82:./ucOSII/Core/os_tmr.c **** *                            If the timer is configured for ONE-SHOT mode, this is the timeout used
  83:./ucOSII/Core/os_tmr.c **** *                            If the timer is configured for PERIODIC mode, this is the first timeou
ARM GAS  /var/folders/yl/_q9l42k90g1g4mdhbs226msm0000gn/T//cczreIDs.s 			page 3


  84:./ucOSII/Core/os_tmr.c **** *                               wait for before the timer starts entering periodic mode.
  85:./ucOSII/Core/os_tmr.c **** *
  86:./ucOSII/Core/os_tmr.c **** *              period        The 'period' being repeated for the timer.
  87:./ucOSII/Core/os_tmr.c **** *                               If you specified 'OS_TMR_OPT_PERIODIC' as an option, when the timer
  88:./ucOSII/Core/os_tmr.c **** *                               expires, it will automatically restart with the same period.
  89:./ucOSII/Core/os_tmr.c **** *
  90:./ucOSII/Core/os_tmr.c **** *              opt           Specifies either:
  91:./ucOSII/Core/os_tmr.c **** *                               OS_TMR_OPT_ONE_SHOT       The timer counts down only once
  92:./ucOSII/Core/os_tmr.c **** *                               OS_TMR_OPT_PERIODIC       The timer counts down and then reloads it
  93:./ucOSII/Core/os_tmr.c **** *
  94:./ucOSII/Core/os_tmr.c **** *              callback      Is a pointer to a callback function that will be called when the timer
  95:./ucOSII/Core/os_tmr.c **** *                               The callback function must be declared as follows:
  96:./ucOSII/Core/os_tmr.c **** *
  97:./ucOSII/Core/os_tmr.c **** *                               void MyCallback (OS_TMR *ptmr, void *p_arg);
  98:./ucOSII/Core/os_tmr.c **** *
  99:./ucOSII/Core/os_tmr.c **** *              callback_arg  Is an argument (a pointer) that is passed to the callback function whe
 100:./ucOSII/Core/os_tmr.c **** *
 101:./ucOSII/Core/os_tmr.c **** *              pname         Is a pointer to an ASCII string that is used to name the timer.  Names
 102:./ucOSII/Core/os_tmr.c **** *                               useful for debugging.
 103:./ucOSII/Core/os_tmr.c **** *
 104:./ucOSII/Core/os_tmr.c **** *              perr          Is a pointer to an error code.  '*perr' will contain one of the follow
 105:./ucOSII/Core/os_tmr.c **** *                               OS_ERR_NONE                     the call was successful and the tim
 106:./ucOSII/Core/os_tmr.c **** *                                                               was created.
 107:./ucOSII/Core/os_tmr.c **** *                               OS_ERR_ILLEGAL_CREATE_RUN_TIME  if you tried to create a timer afte
 108:./ucOSII/Core/os_tmr.c **** *                                                               safety critical operation started.
 109:./ucOSII/Core/os_tmr.c **** *                               OS_ERR_TMR_INVALID_DLY          you specified an invalid delay
 110:./ucOSII/Core/os_tmr.c **** *                               OS_ERR_TMR_INVALID_PERIOD       you specified an invalid period
 111:./ucOSII/Core/os_tmr.c **** *                               OS_ERR_TMR_INVALID_OPT          you specified an invalid option
 112:./ucOSII/Core/os_tmr.c **** *                               OS_ERR_TMR_ISR                  if the call was made from an ISR
 113:./ucOSII/Core/os_tmr.c **** *                               OS_ERR_TMR_NON_AVAIL            if there are no free timers from th
 114:./ucOSII/Core/os_tmr.c **** *
 115:./ucOSII/Core/os_tmr.c **** * Returns    : A pointer to an OS_TMR data structure.
 116:./ucOSII/Core/os_tmr.c **** *              This is the 'handle' that your application will use to reference the timer created.
 117:./ucOSII/Core/os_tmr.c **** ***************************************************************************************************
 118:./ucOSII/Core/os_tmr.c **** */
 119:./ucOSII/Core/os_tmr.c **** 
 120:./ucOSII/Core/os_tmr.c **** #if OS_TMR_EN > 0u
 121:./ucOSII/Core/os_tmr.c **** OS_TMR  *OSTmrCreate (INT32U           dly,
 122:./ucOSII/Core/os_tmr.c ****                       INT32U           period,
 123:./ucOSII/Core/os_tmr.c ****                       INT8U            opt,
 124:./ucOSII/Core/os_tmr.c ****                       OS_TMR_CALLBACK  callback,
 125:./ucOSII/Core/os_tmr.c ****                       void            *callback_arg,
 126:./ucOSII/Core/os_tmr.c ****                       INT8U           *pname,
 127:./ucOSII/Core/os_tmr.c ****                       INT8U           *perr)
 128:./ucOSII/Core/os_tmr.c **** {
  33              		.loc 1 128 1
  34              		.cfi_startproc
  35              		@ args = 12, pretend = 0, frame = 24
  36              		@ frame_needed = 1, uses_anonymous_args = 0
  37 0000 80B5     		push	{r7, lr}
  38              	.LCFI0:
  39              		.cfi_def_cfa_offset 8
  40              		.cfi_offset 7, -8
  41              		.cfi_offset 14, -4
  42 0002 86B0     		sub	sp, sp, #24
  43              	.LCFI1:
  44              		.cfi_def_cfa_offset 32
ARM GAS  /var/folders/yl/_q9l42k90g1g4mdhbs226msm0000gn/T//cczreIDs.s 			page 4


  45 0004 00AF     		add	r7, sp, #0
  46              	.LCFI2:
  47              		.cfi_def_cfa_register 7
  48 0006 F860     		str	r0, [r7, #12]
  49 0008 B960     		str	r1, [r7, #8]
  50 000a 3B60     		str	r3, [r7]
  51 000c 1346     		mov	r3, r2
  52 000e FB71     		strb	r3, [r7, #7]
 129:./ucOSII/Core/os_tmr.c ****     OS_TMR   *ptmr;
 130:./ucOSII/Core/os_tmr.c **** 
 131:./ucOSII/Core/os_tmr.c **** 
 132:./ucOSII/Core/os_tmr.c **** #ifdef OS_SAFETY_CRITICAL
 133:./ucOSII/Core/os_tmr.c ****     if (perr == (INT8U *)0) {
 134:./ucOSII/Core/os_tmr.c ****         OS_SAFETY_CRITICAL_EXCEPTION();
 135:./ucOSII/Core/os_tmr.c ****         return ((OS_TMR *)0);
 136:./ucOSII/Core/os_tmr.c ****     }
 137:./ucOSII/Core/os_tmr.c **** #endif
 138:./ucOSII/Core/os_tmr.c **** 
 139:./ucOSII/Core/os_tmr.c **** #ifdef OS_SAFETY_CRITICAL_IEC61508
 140:./ucOSII/Core/os_tmr.c ****     if (OSSafetyCriticalStartFlag == OS_TRUE) {
 141:./ucOSII/Core/os_tmr.c ****         OS_SAFETY_CRITICAL_EXCEPTION();
 142:./ucOSII/Core/os_tmr.c ****         *perr = OS_ERR_ILLEGAL_CREATE_RUN_TIME;
 143:./ucOSII/Core/os_tmr.c ****         return ((OS_TMR *)0);
 144:./ucOSII/Core/os_tmr.c ****     }
 145:./ucOSII/Core/os_tmr.c **** #endif
 146:./ucOSII/Core/os_tmr.c **** 
 147:./ucOSII/Core/os_tmr.c **** #if OS_ARG_CHK_EN > 0u
 148:./ucOSII/Core/os_tmr.c ****     switch (opt) {                                          /* Validate arguments                  
  53              		.loc 1 148 5
  54 0010 FB79     		ldrb	r3, [r7, #7]	@ zero_extendqisi2
  55 0012 012B     		cmp	r3, #1
  56 0014 09D0     		beq	.L2
  57 0016 022B     		cmp	r3, #2
  58 0018 0FD1     		bne	.L3
 149:./ucOSII/Core/os_tmr.c ****         case OS_TMR_OPT_PERIODIC:
 150:./ucOSII/Core/os_tmr.c ****              if (period == 0u) {
  59              		.loc 1 150 17
  60 001a BB68     		ldr	r3, [r7, #8]
  61 001c 002B     		cmp	r3, #0
  62 001e 11D1     		bne	.L12
 151:./ucOSII/Core/os_tmr.c ****                  *perr = OS_ERR_TMR_INVALID_PERIOD;
  63              		.loc 1 151 24
  64 0020 BB6A     		ldr	r3, [r7, #40]
  65 0022 8322     		movs	r2, #131
  66 0024 1A70     		strb	r2, [r3]
 152:./ucOSII/Core/os_tmr.c ****                  return ((OS_TMR *)0);
  67              		.loc 1 152 25
  68 0026 0023     		movs	r3, #0
  69 0028 52E0     		b	.L5
  70              	.L2:
 153:./ucOSII/Core/os_tmr.c ****              }
 154:./ucOSII/Core/os_tmr.c ****              break;
 155:./ucOSII/Core/os_tmr.c **** 
 156:./ucOSII/Core/os_tmr.c ****         case OS_TMR_OPT_ONE_SHOT:
 157:./ucOSII/Core/os_tmr.c ****              if (dly == 0u) {
  71              		.loc 1 157 17
  72 002a FB68     		ldr	r3, [r7, #12]
ARM GAS  /var/folders/yl/_q9l42k90g1g4mdhbs226msm0000gn/T//cczreIDs.s 			page 5


  73 002c 002B     		cmp	r3, #0
  74 002e 0BD1     		bne	.L13
 158:./ucOSII/Core/os_tmr.c ****                  *perr = OS_ERR_TMR_INVALID_DLY;
  75              		.loc 1 158 24
  76 0030 BB6A     		ldr	r3, [r7, #40]
  77 0032 8222     		movs	r2, #130
  78 0034 1A70     		strb	r2, [r3]
 159:./ucOSII/Core/os_tmr.c ****                  return ((OS_TMR *)0);
  79              		.loc 1 159 25
  80 0036 0023     		movs	r3, #0
  81 0038 4AE0     		b	.L5
  82              	.L3:
 160:./ucOSII/Core/os_tmr.c ****              }
 161:./ucOSII/Core/os_tmr.c ****              break;
 162:./ucOSII/Core/os_tmr.c **** 
 163:./ucOSII/Core/os_tmr.c ****         default:
 164:./ucOSII/Core/os_tmr.c ****              *perr = OS_ERR_TMR_INVALID_OPT;
  83              		.loc 1 164 20
  84 003a BB6A     		ldr	r3, [r7, #40]
  85 003c 8422     		movs	r2, #132
  86 003e 1A70     		strb	r2, [r3]
 165:./ucOSII/Core/os_tmr.c ****              return ((OS_TMR *)0);
  87              		.loc 1 165 21
  88 0040 0023     		movs	r3, #0
  89 0042 45E0     		b	.L5
  90              	.L12:
 154:./ucOSII/Core/os_tmr.c **** 
  91              		.loc 1 154 14
  92 0044 00BF     		nop
  93 0046 00E0     		b	.L6
  94              	.L13:
 161:./ucOSII/Core/os_tmr.c **** 
  95              		.loc 1 161 14
  96 0048 00BF     		nop
  97              	.L6:
 166:./ucOSII/Core/os_tmr.c ****     }
 167:./ucOSII/Core/os_tmr.c **** #endif
 168:./ucOSII/Core/os_tmr.c ****     if (OSIntNesting > 0u) {                                /* See if trying to call from an ISR   
  98              		.loc 1 168 22
  99 004a 234B     		ldr	r3, .L14
 100 004c 1B78     		ldrb	r3, [r3]	@ zero_extendqisi2
 101              		.loc 1 168 8
 102 004e 002B     		cmp	r3, #0
 103 0050 04D0     		beq	.L8
 169:./ucOSII/Core/os_tmr.c ****         *perr  = OS_ERR_TMR_ISR;
 104              		.loc 1 169 16
 105 0052 BB6A     		ldr	r3, [r7, #40]
 106 0054 8B22     		movs	r2, #139
 107 0056 1A70     		strb	r2, [r3]
 170:./ucOSII/Core/os_tmr.c ****         return ((OS_TMR *)0);
 108              		.loc 1 170 16
 109 0058 0023     		movs	r3, #0
 110 005a 39E0     		b	.L5
 111              	.L8:
 171:./ucOSII/Core/os_tmr.c ****     }
 172:./ucOSII/Core/os_tmr.c ****     OSSchedLock();
 112              		.loc 1 172 5
ARM GAS  /var/folders/yl/_q9l42k90g1g4mdhbs226msm0000gn/T//cczreIDs.s 			page 6


 113 005c FFF7FEFF 		bl	OSSchedLock
 173:./ucOSII/Core/os_tmr.c ****     ptmr = OSTmr_Alloc();                                   /* Obtain a timer from the free pool   
 114              		.loc 1 173 12
 115 0060 FFF7FEFF 		bl	OSTmr_Alloc
 116 0064 7861     		str	r0, [r7, #20]
 174:./ucOSII/Core/os_tmr.c ****     if (ptmr == (OS_TMR *)0) {
 117              		.loc 1 174 8
 118 0066 7B69     		ldr	r3, [r7, #20]
 119 0068 002B     		cmp	r3, #0
 120 006a 06D1     		bne	.L9
 175:./ucOSII/Core/os_tmr.c ****         OSSchedUnlock();
 121              		.loc 1 175 9
 122 006c FFF7FEFF 		bl	OSSchedUnlock
 176:./ucOSII/Core/os_tmr.c ****         *perr = OS_ERR_TMR_NON_AVAIL;
 123              		.loc 1 176 15
 124 0070 BB6A     		ldr	r3, [r7, #40]
 125 0072 8622     		movs	r2, #134
 126 0074 1A70     		strb	r2, [r3]
 177:./ucOSII/Core/os_tmr.c ****         return ((OS_TMR *)0);
 127              		.loc 1 177 16
 128 0076 0023     		movs	r3, #0
 129 0078 2AE0     		b	.L5
 130              	.L9:
 178:./ucOSII/Core/os_tmr.c ****     }
 179:./ucOSII/Core/os_tmr.c ****     ptmr->OSTmrState       = OS_TMR_STATE_STOPPED;          /* Indicate that timer is not running y
 131              		.loc 1 179 28
 132 007a 7B69     		ldr	r3, [r7, #20]
 133 007c 0122     		movs	r2, #1
 134 007e 83F82520 		strb	r2, [r3, #37]
 180:./ucOSII/Core/os_tmr.c ****     ptmr->OSTmrDly         = dly;
 135              		.loc 1 180 28
 136 0082 7B69     		ldr	r3, [r7, #20]
 137 0084 FA68     		ldr	r2, [r7, #12]
 138 0086 9A61     		str	r2, [r3, #24]
 181:./ucOSII/Core/os_tmr.c ****     ptmr->OSTmrPeriod      = period;
 139              		.loc 1 181 28
 140 0088 7B69     		ldr	r3, [r7, #20]
 141 008a BA68     		ldr	r2, [r7, #8]
 142 008c DA61     		str	r2, [r3, #28]
 182:./ucOSII/Core/os_tmr.c ****     ptmr->OSTmrOpt         = opt;
 143              		.loc 1 182 28
 144 008e 7B69     		ldr	r3, [r7, #20]
 145 0090 FA79     		ldrb	r2, [r7, #7]
 146 0092 83F82420 		strb	r2, [r3, #36]
 183:./ucOSII/Core/os_tmr.c ****     ptmr->OSTmrCallback    = callback;
 147              		.loc 1 183 28
 148 0096 7B69     		ldr	r3, [r7, #20]
 149 0098 3A68     		ldr	r2, [r7]
 150 009a 5A60     		str	r2, [r3, #4]
 184:./ucOSII/Core/os_tmr.c ****     ptmr->OSTmrCallbackArg = callback_arg;
 151              		.loc 1 184 28
 152 009c 7B69     		ldr	r3, [r7, #20]
 153 009e 3A6A     		ldr	r2, [r7, #32]
 154 00a0 9A60     		str	r2, [r3, #8]
 185:./ucOSII/Core/os_tmr.c **** #if OS_TMR_CFG_NAME_EN > 0u
 186:./ucOSII/Core/os_tmr.c ****     if (pname == (INT8U *)0) {                              /* Is 'pname' a NULL pointer?          
 155              		.loc 1 186 8
ARM GAS  /var/folders/yl/_q9l42k90g1g4mdhbs226msm0000gn/T//cczreIDs.s 			page 7


 156 00a2 7B6A     		ldr	r3, [r7, #36]
 157 00a4 002B     		cmp	r3, #0
 158 00a6 03D1     		bne	.L10
 187:./ucOSII/Core/os_tmr.c ****         ptmr->OSTmrName    = (INT8U *)(void *)"?";
 159              		.loc 1 187 28
 160 00a8 7B69     		ldr	r3, [r7, #20]
 161 00aa 0C4A     		ldr	r2, .L14+4
 162 00ac 1A62     		str	r2, [r3, #32]
 163 00ae 02E0     		b	.L11
 164              	.L10:
 188:./ucOSII/Core/os_tmr.c ****     } else {
 189:./ucOSII/Core/os_tmr.c ****         ptmr->OSTmrName    = pname;
 165              		.loc 1 189 28
 166 00b0 7B69     		ldr	r3, [r7, #20]
 167 00b2 7A6A     		ldr	r2, [r7, #36]
 168 00b4 1A62     		str	r2, [r3, #32]
 169              	.L11:
 190:./ucOSII/Core/os_tmr.c ****     }
 191:./ucOSII/Core/os_tmr.c **** #endif
 192:./ucOSII/Core/os_tmr.c ****     OSSchedUnlock();
 170              		.loc 1 192 5
 171 00b6 FFF7FEFF 		bl	OSSchedUnlock
 193:./ucOSII/Core/os_tmr.c ****     OS_TRACE_TMR_CREATE(ptmr, ptmr->OSTmrName);
 172              		.loc 1 193 5
 173 00ba 7969     		ldr	r1, [r7, #20]
 174 00bc 7B69     		ldr	r3, [r7, #20]
 175 00be 1B6A     		ldr	r3, [r3, #32]
 176 00c0 1A46     		mov	r2, r3
 177 00c2 3F20     		movs	r0, #63
 178 00c4 FFF7FEFF 		bl	SYSVIEW_RecordU32Register
 194:./ucOSII/Core/os_tmr.c ****     *perr = OS_ERR_NONE;
 179              		.loc 1 194 11
 180 00c8 BB6A     		ldr	r3, [r7, #40]
 181 00ca 0022     		movs	r2, #0
 182 00cc 1A70     		strb	r2, [r3]
 195:./ucOSII/Core/os_tmr.c ****     return (ptmr);
 183              		.loc 1 195 12
 184 00ce 7B69     		ldr	r3, [r7, #20]
 185              	.L5:
 196:./ucOSII/Core/os_tmr.c **** }
 186              		.loc 1 196 1
 187 00d0 1846     		mov	r0, r3
 188 00d2 1837     		adds	r7, r7, #24
 189              	.LCFI3:
 190              		.cfi_def_cfa_offset 8
 191 00d4 BD46     		mov	sp, r7
 192              	.LCFI4:
 193              		.cfi_def_cfa_register 13
 194              		@ sp needed
 195 00d6 80BD     		pop	{r7, pc}
 196              	.L15:
 197              		.align	2
 198              	.L14:
 199 00d8 00000000 		.word	OSIntNesting
 200 00dc 00000000 		.word	.LC0
 201              		.cfi_endproc
 202              	.LFE3:
ARM GAS  /var/folders/yl/_q9l42k90g1g4mdhbs226msm0000gn/T//cczreIDs.s 			page 8


 204              		.section	.text.OSTmrDel,"ax",%progbits
 205              		.align	1
 206              		.global	OSTmrDel
 207              		.syntax unified
 208              		.thumb
 209              		.thumb_func
 211              	OSTmrDel:
 212              	.LFB4:
 197:./ucOSII/Core/os_tmr.c **** #endif
 198:./ucOSII/Core/os_tmr.c **** 
 199:./ucOSII/Core/os_tmr.c **** 
 200:./ucOSII/Core/os_tmr.c **** /*
 201:./ucOSII/Core/os_tmr.c **** ***************************************************************************************************
 202:./ucOSII/Core/os_tmr.c **** *                                           DELETE A TIMER
 203:./ucOSII/Core/os_tmr.c **** *
 204:./ucOSII/Core/os_tmr.c **** * Description: This function is called by your application code to delete a timer.
 205:./ucOSII/Core/os_tmr.c **** *
 206:./ucOSII/Core/os_tmr.c **** * Arguments  : ptmr          Is a pointer to the timer to stop and delete.
 207:./ucOSII/Core/os_tmr.c **** *
 208:./ucOSII/Core/os_tmr.c **** *              perr          Is a pointer to an error code.  '*perr' will contain one of the follow
 209:./ucOSII/Core/os_tmr.c **** *                               OS_ERR_NONE                  the call was successful and the timer
 210:./ucOSII/Core/os_tmr.c **** *                                                            was deleted.
 211:./ucOSII/Core/os_tmr.c **** *                               OS_ERR_ILLEGAL_DEL_RUN_TIME  if you tried to delete a timer after s
 212:./ucOSII/Core/os_tmr.c **** *                                                            critical operation started.
 213:./ucOSII/Core/os_tmr.c **** *                               OS_ERR_TMR_INVALID           'ptmr'  is a NULL pointer
 214:./ucOSII/Core/os_tmr.c **** *                               OS_ERR_TMR_INVALID_TYPE      'ptmr'  is not pointing to an OS_TMR
 215:./ucOSII/Core/os_tmr.c **** *                               OS_ERR_TMR_ISR               if the function was called from an ISR
 216:./ucOSII/Core/os_tmr.c **** *                               OS_ERR_TMR_INACTIVE          if the timer was not created
 217:./ucOSII/Core/os_tmr.c **** *                               OS_ERR_TMR_INVALID_STATE     the timer is in an invalid state
 218:./ucOSII/Core/os_tmr.c **** *
 219:./ucOSII/Core/os_tmr.c **** * Returns    : OS_TRUE       If the call was successful
 220:./ucOSII/Core/os_tmr.c **** *              OS_FALSE      If not
 221:./ucOSII/Core/os_tmr.c **** ***************************************************************************************************
 222:./ucOSII/Core/os_tmr.c **** */
 223:./ucOSII/Core/os_tmr.c **** 
 224:./ucOSII/Core/os_tmr.c **** #if OS_TMR_EN > 0u
 225:./ucOSII/Core/os_tmr.c **** BOOLEAN  OSTmrDel (OS_TMR  *ptmr,
 226:./ucOSII/Core/os_tmr.c ****                    INT8U   *perr)
 227:./ucOSII/Core/os_tmr.c **** {
 213              		.loc 1 227 1
 214              		.cfi_startproc
 215              		@ args = 0, pretend = 0, frame = 8
 216              		@ frame_needed = 1, uses_anonymous_args = 0
 217 0000 80B5     		push	{r7, lr}
 218              	.LCFI5:
 219              		.cfi_def_cfa_offset 8
 220              		.cfi_offset 7, -8
 221              		.cfi_offset 14, -4
 222 0002 82B0     		sub	sp, sp, #8
 223              	.LCFI6:
 224              		.cfi_def_cfa_offset 16
 225 0004 00AF     		add	r7, sp, #0
 226              	.LCFI7:
 227              		.cfi_def_cfa_register 7
 228 0006 7860     		str	r0, [r7, #4]
 229 0008 3960     		str	r1, [r7]
 228:./ucOSII/Core/os_tmr.c **** #ifdef OS_SAFETY_CRITICAL
ARM GAS  /var/folders/yl/_q9l42k90g1g4mdhbs226msm0000gn/T//cczreIDs.s 			page 9


 229:./ucOSII/Core/os_tmr.c ****     if (perr == (INT8U *)0) {
 230:./ucOSII/Core/os_tmr.c ****         OS_SAFETY_CRITICAL_EXCEPTION();
 231:./ucOSII/Core/os_tmr.c ****         return (OS_FALSE);
 232:./ucOSII/Core/os_tmr.c ****     }
 233:./ucOSII/Core/os_tmr.c **** #endif
 234:./ucOSII/Core/os_tmr.c **** 
 235:./ucOSII/Core/os_tmr.c **** #ifdef OS_SAFETY_CRITICAL_IEC61508
 236:./ucOSII/Core/os_tmr.c ****     if (OSSafetyCriticalStartFlag == OS_TRUE) {
 237:./ucOSII/Core/os_tmr.c ****         OS_SAFETY_CRITICAL_EXCEPTION();
 238:./ucOSII/Core/os_tmr.c ****         *perr = OS_ERR_ILLEGAL_DEL_RUN_TIME;
 239:./ucOSII/Core/os_tmr.c ****         return (OS_FALSE);
 240:./ucOSII/Core/os_tmr.c ****     }
 241:./ucOSII/Core/os_tmr.c **** #endif
 242:./ucOSII/Core/os_tmr.c **** 
 243:./ucOSII/Core/os_tmr.c **** #if OS_ARG_CHK_EN > 0u
 244:./ucOSII/Core/os_tmr.c ****     if (ptmr == (OS_TMR *)0) {
 230              		.loc 1 244 8
 231 000a 7B68     		ldr	r3, [r7, #4]
 232 000c 002B     		cmp	r3, #0
 233 000e 04D1     		bne	.L17
 245:./ucOSII/Core/os_tmr.c ****         *perr = OS_ERR_TMR_INVALID;
 234              		.loc 1 245 15
 235 0010 3B68     		ldr	r3, [r7]
 236 0012 8A22     		movs	r2, #138
 237 0014 1A70     		strb	r2, [r3]
 246:./ucOSII/Core/os_tmr.c ****         return (OS_FALSE);
 238              		.loc 1 246 16
 239 0016 0023     		movs	r3, #0
 240 0018 73E0     		b	.L18
 241              	.L17:
 247:./ucOSII/Core/os_tmr.c ****     }
 248:./ucOSII/Core/os_tmr.c **** #endif
 249:./ucOSII/Core/os_tmr.c **** 
 250:./ucOSII/Core/os_tmr.c ****     OS_TRACE_TMR_DEL_ENTER(ptmr);
 242              		.loc 1 250 5
 243 001a 7B68     		ldr	r3, [r7, #4]
 244 001c 1846     		mov	r0, r3
 245 001e FFF7FEFF 		bl	SEGGER_SYSVIEW_ShrinkId
 246 0022 0346     		mov	r3, r0
 247 0024 1946     		mov	r1, r3
 248 0026 4020     		movs	r0, #64
 249 0028 FFF7FEFF 		bl	SEGGER_SYSVIEW_RecordU32
 251:./ucOSII/Core/os_tmr.c **** 
 252:./ucOSII/Core/os_tmr.c ****     if (ptmr->OSTmrType != OS_TMR_TYPE) {                   /* Validate timer structure            
 250              		.loc 1 252 13
 251 002c 7B68     		ldr	r3, [r7, #4]
 252 002e 1B78     		ldrb	r3, [r3]	@ zero_extendqisi2
 253              		.loc 1 252 8
 254 0030 642B     		cmp	r3, #100
 255 0032 0AD0     		beq	.L19
 253:./ucOSII/Core/os_tmr.c ****         *perr = OS_ERR_TMR_INVALID_TYPE;
 256              		.loc 1 253 15
 257 0034 3B68     		ldr	r3, [r7]
 258 0036 8922     		movs	r2, #137
 259 0038 1A70     		strb	r2, [r3]
 254:./ucOSII/Core/os_tmr.c ****         OS_TRACE_TMR_DEL_EXIT(*perr);
 260              		.loc 1 254 9
ARM GAS  /var/folders/yl/_q9l42k90g1g4mdhbs226msm0000gn/T//cczreIDs.s 			page 10


 261 003a 3B68     		ldr	r3, [r7]
 262 003c 1B78     		ldrb	r3, [r3]	@ zero_extendqisi2
 263 003e 1946     		mov	r1, r3
 264 0040 4020     		movs	r0, #64
 265 0042 FFF7FEFF 		bl	SEGGER_SYSVIEW_RecordEndCallU32
 255:./ucOSII/Core/os_tmr.c ****         return (OS_FALSE);
 266              		.loc 1 255 16
 267 0046 0023     		movs	r3, #0
 268 0048 5BE0     		b	.L18
 269              	.L19:
 256:./ucOSII/Core/os_tmr.c ****     }
 257:./ucOSII/Core/os_tmr.c ****     if (OSIntNesting > 0u) {                                /* See if trying to call from an ISR   
 270              		.loc 1 257 22
 271 004a 304B     		ldr	r3, .L26
 272 004c 1B78     		ldrb	r3, [r3]	@ zero_extendqisi2
 273              		.loc 1 257 8
 274 004e 002B     		cmp	r3, #0
 275 0050 0AD0     		beq	.L20
 258:./ucOSII/Core/os_tmr.c ****         *perr  = OS_ERR_TMR_ISR;
 276              		.loc 1 258 16
 277 0052 3B68     		ldr	r3, [r7]
 278 0054 8B22     		movs	r2, #139
 279 0056 1A70     		strb	r2, [r3]
 259:./ucOSII/Core/os_tmr.c ****         OS_TRACE_TMR_DEL_EXIT(*perr);
 280              		.loc 1 259 9
 281 0058 3B68     		ldr	r3, [r7]
 282 005a 1B78     		ldrb	r3, [r3]	@ zero_extendqisi2
 283 005c 1946     		mov	r1, r3
 284 005e 4020     		movs	r0, #64
 285 0060 FFF7FEFF 		bl	SEGGER_SYSVIEW_RecordEndCallU32
 260:./ucOSII/Core/os_tmr.c ****         return (OS_FALSE);
 286              		.loc 1 260 16
 287 0064 0023     		movs	r3, #0
 288 0066 4CE0     		b	.L18
 289              	.L20:
 261:./ucOSII/Core/os_tmr.c ****     }
 262:./ucOSII/Core/os_tmr.c ****     OSSchedLock();
 290              		.loc 1 262 5
 291 0068 FFF7FEFF 		bl	OSSchedLock
 263:./ucOSII/Core/os_tmr.c ****     switch (ptmr->OSTmrState) {
 292              		.loc 1 263 17
 293 006c 7B68     		ldr	r3, [r7, #4]
 294 006e 93F82530 		ldrb	r3, [r3, #37]	@ zero_extendqisi2
 295              		.loc 1 263 5
 296 0072 032B     		cmp	r3, #3
 297 0074 09D0     		beq	.L21
 298 0076 032B     		cmp	r3, #3
 299 0078 37DC     		bgt	.L22
 300 007a 002B     		cmp	r3, #0
 301 007c 28D0     		beq	.L23
 302 007e 002B     		cmp	r3, #0
 303 0080 33DB     		blt	.L22
 304 0082 013B     		subs	r3, r3, #1
 305 0084 012B     		cmp	r3, #1
 306 0086 30D8     		bhi	.L22
 307 0088 12E0     		b	.L25
 308              	.L21:
ARM GAS  /var/folders/yl/_q9l42k90g1g4mdhbs226msm0000gn/T//cczreIDs.s 			page 11


 264:./ucOSII/Core/os_tmr.c ****         case OS_TMR_STATE_RUNNING:
 265:./ucOSII/Core/os_tmr.c ****              OSTmr_Unlink(ptmr);                            /* Remove from current wheel spoke     
 309              		.loc 1 265 14
 310 008a 7868     		ldr	r0, [r7, #4]
 311 008c FFF7FEFF 		bl	OSTmr_Unlink
 266:./ucOSII/Core/os_tmr.c ****              OSTmr_Free(ptmr);                              /* Return timer to free list of timers 
 312              		.loc 1 266 14
 313 0090 7868     		ldr	r0, [r7, #4]
 314 0092 FFF7FEFF 		bl	OSTmr_Free
 267:./ucOSII/Core/os_tmr.c ****              OSSchedUnlock();
 315              		.loc 1 267 14
 316 0096 FFF7FEFF 		bl	OSSchedUnlock
 268:./ucOSII/Core/os_tmr.c ****              *perr = OS_ERR_NONE;
 317              		.loc 1 268 20
 318 009a 3B68     		ldr	r3, [r7]
 319 009c 0022     		movs	r2, #0
 320 009e 1A70     		strb	r2, [r3]
 269:./ucOSII/Core/os_tmr.c ****              OS_TRACE_TMR_DEL_EXIT(*perr);
 321              		.loc 1 269 14
 322 00a0 3B68     		ldr	r3, [r7]
 323 00a2 1B78     		ldrb	r3, [r3]	@ zero_extendqisi2
 324 00a4 1946     		mov	r1, r3
 325 00a6 4020     		movs	r0, #64
 326 00a8 FFF7FEFF 		bl	SEGGER_SYSVIEW_RecordEndCallU32
 270:./ucOSII/Core/os_tmr.c ****              return (OS_TRUE);
 327              		.loc 1 270 21
 328 00ac 0123     		movs	r3, #1
 329 00ae 28E0     		b	.L18
 330              	.L25:
 271:./ucOSII/Core/os_tmr.c **** 
 272:./ucOSII/Core/os_tmr.c ****         case OS_TMR_STATE_STOPPED:                          /* Timer has not started or ...        
 273:./ucOSII/Core/os_tmr.c ****         case OS_TMR_STATE_COMPLETED:                        /* ... timer has completed the ONE-SHOT
 274:./ucOSII/Core/os_tmr.c ****              OSTmr_Free(ptmr);                              /* Return timer to free list of timers 
 331              		.loc 1 274 14
 332 00b0 7868     		ldr	r0, [r7, #4]
 333 00b2 FFF7FEFF 		bl	OSTmr_Free
 275:./ucOSII/Core/os_tmr.c ****              OSSchedUnlock();
 334              		.loc 1 275 14
 335 00b6 FFF7FEFF 		bl	OSSchedUnlock
 276:./ucOSII/Core/os_tmr.c ****              *perr = OS_ERR_NONE;
 336              		.loc 1 276 20
 337 00ba 3B68     		ldr	r3, [r7]
 338 00bc 0022     		movs	r2, #0
 339 00be 1A70     		strb	r2, [r3]
 277:./ucOSII/Core/os_tmr.c ****              OS_TRACE_TMR_DEL_EXIT(*perr);
 340              		.loc 1 277 14
 341 00c0 3B68     		ldr	r3, [r7]
 342 00c2 1B78     		ldrb	r3, [r3]	@ zero_extendqisi2
 343 00c4 1946     		mov	r1, r3
 344 00c6 4020     		movs	r0, #64
 345 00c8 FFF7FEFF 		bl	SEGGER_SYSVIEW_RecordEndCallU32
 278:./ucOSII/Core/os_tmr.c ****              return (OS_TRUE);
 346              		.loc 1 278 21
 347 00cc 0123     		movs	r3, #1
 348 00ce 18E0     		b	.L18
 349              	.L23:
 279:./ucOSII/Core/os_tmr.c **** 
ARM GAS  /var/folders/yl/_q9l42k90g1g4mdhbs226msm0000gn/T//cczreIDs.s 			page 12


 280:./ucOSII/Core/os_tmr.c ****         case OS_TMR_STATE_UNUSED:                           /* Already deleted                     
 281:./ucOSII/Core/os_tmr.c ****              OSSchedUnlock();
 350              		.loc 1 281 14
 351 00d0 FFF7FEFF 		bl	OSSchedUnlock
 282:./ucOSII/Core/os_tmr.c ****              *perr = OS_ERR_TMR_INACTIVE;
 352              		.loc 1 282 20
 353 00d4 3B68     		ldr	r3, [r7]
 354 00d6 8722     		movs	r2, #135
 355 00d8 1A70     		strb	r2, [r3]
 283:./ucOSII/Core/os_tmr.c ****              OS_TRACE_TMR_DEL_EXIT(*perr);
 356              		.loc 1 283 14
 357 00da 3B68     		ldr	r3, [r7]
 358 00dc 1B78     		ldrb	r3, [r3]	@ zero_extendqisi2
 359 00de 1946     		mov	r1, r3
 360 00e0 4020     		movs	r0, #64
 361 00e2 FFF7FEFF 		bl	SEGGER_SYSVIEW_RecordEndCallU32
 284:./ucOSII/Core/os_tmr.c ****              return (OS_FALSE);
 362              		.loc 1 284 21
 363 00e6 0023     		movs	r3, #0
 364 00e8 0BE0     		b	.L18
 365              	.L22:
 285:./ucOSII/Core/os_tmr.c **** 
 286:./ucOSII/Core/os_tmr.c ****         default:
 287:./ucOSII/Core/os_tmr.c ****              OSSchedUnlock();
 366              		.loc 1 287 14
 367 00ea FFF7FEFF 		bl	OSSchedUnlock
 288:./ucOSII/Core/os_tmr.c ****              *perr = OS_ERR_TMR_INVALID_STATE;
 368              		.loc 1 288 20
 369 00ee 3B68     		ldr	r3, [r7]
 370 00f0 8D22     		movs	r2, #141
 371 00f2 1A70     		strb	r2, [r3]
 289:./ucOSII/Core/os_tmr.c ****              OS_TRACE_TMR_DEL_EXIT(*perr);
 372              		.loc 1 289 14
 373 00f4 3B68     		ldr	r3, [r7]
 374 00f6 1B78     		ldrb	r3, [r3]	@ zero_extendqisi2
 375 00f8 1946     		mov	r1, r3
 376 00fa 4020     		movs	r0, #64
 377 00fc FFF7FEFF 		bl	SEGGER_SYSVIEW_RecordEndCallU32
 290:./ucOSII/Core/os_tmr.c ****              return (OS_FALSE);
 378              		.loc 1 290 21
 379 0100 0023     		movs	r3, #0
 380              	.L18:
 291:./ucOSII/Core/os_tmr.c ****     }
 292:./ucOSII/Core/os_tmr.c **** }
 381              		.loc 1 292 1
 382 0102 1846     		mov	r0, r3
 383 0104 0837     		adds	r7, r7, #8
 384              	.LCFI8:
 385              		.cfi_def_cfa_offset 8
 386 0106 BD46     		mov	sp, r7
 387              	.LCFI9:
 388              		.cfi_def_cfa_register 13
 389              		@ sp needed
 390 0108 80BD     		pop	{r7, pc}
 391              	.L27:
 392 010a 00BF     		.align	2
 393              	.L26:
ARM GAS  /var/folders/yl/_q9l42k90g1g4mdhbs226msm0000gn/T//cczreIDs.s 			page 13


 394 010c 00000000 		.word	OSIntNesting
 395              		.cfi_endproc
 396              	.LFE4:
 398              		.section	.text.OSTmrNameGet,"ax",%progbits
 399              		.align	1
 400              		.global	OSTmrNameGet
 401              		.syntax unified
 402              		.thumb
 403              		.thumb_func
 405              	OSTmrNameGet:
 406              	.LFB5:
 293:./ucOSII/Core/os_tmr.c **** #endif
 294:./ucOSII/Core/os_tmr.c **** 
 295:./ucOSII/Core/os_tmr.c **** 
 296:./ucOSII/Core/os_tmr.c **** /*
 297:./ucOSII/Core/os_tmr.c **** ***************************************************************************************************
 298:./ucOSII/Core/os_tmr.c **** *                                       GET THE NAME OF A TIMER
 299:./ucOSII/Core/os_tmr.c **** *
 300:./ucOSII/Core/os_tmr.c **** * Description: This function is called to obtain the name of a timer.
 301:./ucOSII/Core/os_tmr.c **** *
 302:./ucOSII/Core/os_tmr.c **** * Arguments  : ptmr          Is a pointer to the timer to obtain the name for
 303:./ucOSII/Core/os_tmr.c **** *
 304:./ucOSII/Core/os_tmr.c **** *              pdest         Is a pointer to pointer to where the name of the timer will be placed.
 305:./ucOSII/Core/os_tmr.c **** *
 306:./ucOSII/Core/os_tmr.c **** *              perr          Is a pointer to an error code.  '*perr' will contain one of the follow
 307:./ucOSII/Core/os_tmr.c **** *                               OS_ERR_NONE               The call was successful
 308:./ucOSII/Core/os_tmr.c **** *                               OS_ERR_TMR_INVALID_DEST   'pdest' is a NULL pointer
 309:./ucOSII/Core/os_tmr.c **** *                               OS_ERR_TMR_INVALID        'ptmr'  is a NULL pointer
 310:./ucOSII/Core/os_tmr.c **** *                               OS_ERR_TMR_INVALID_TYPE   'ptmr'  is not pointing to an OS_TMR
 311:./ucOSII/Core/os_tmr.c **** *                               OS_ERR_NAME_GET_ISR       if the call was made from an ISR
 312:./ucOSII/Core/os_tmr.c **** *                               OS_ERR_TMR_INACTIVE       'ptmr'  points to a timer that is not act
 313:./ucOSII/Core/os_tmr.c **** *                               OS_ERR_TMR_INVALID_STATE  the timer is in an invalid state
 314:./ucOSII/Core/os_tmr.c **** *
 315:./ucOSII/Core/os_tmr.c **** * Returns    : The length of the string or 0 if the timer does not exist.
 316:./ucOSII/Core/os_tmr.c **** ***************************************************************************************************
 317:./ucOSII/Core/os_tmr.c **** */
 318:./ucOSII/Core/os_tmr.c **** 
 319:./ucOSII/Core/os_tmr.c **** #if OS_TMR_EN > 0u && OS_TMR_CFG_NAME_EN > 0u
 320:./ucOSII/Core/os_tmr.c **** INT8U  OSTmrNameGet (OS_TMR   *ptmr,
 321:./ucOSII/Core/os_tmr.c ****                      INT8U   **pdest,
 322:./ucOSII/Core/os_tmr.c ****                      INT8U    *perr)
 323:./ucOSII/Core/os_tmr.c **** {
 407              		.loc 1 323 1
 408              		.cfi_startproc
 409              		@ args = 0, pretend = 0, frame = 24
 410              		@ frame_needed = 1, uses_anonymous_args = 0
 411 0000 80B5     		push	{r7, lr}
 412              	.LCFI10:
 413              		.cfi_def_cfa_offset 8
 414              		.cfi_offset 7, -8
 415              		.cfi_offset 14, -4
 416 0002 86B0     		sub	sp, sp, #24
 417              	.LCFI11:
 418              		.cfi_def_cfa_offset 32
 419 0004 00AF     		add	r7, sp, #0
 420              	.LCFI12:
 421              		.cfi_def_cfa_register 7
ARM GAS  /var/folders/yl/_q9l42k90g1g4mdhbs226msm0000gn/T//cczreIDs.s 			page 14


 422 0006 F860     		str	r0, [r7, #12]
 423 0008 B960     		str	r1, [r7, #8]
 424 000a 7A60     		str	r2, [r7, #4]
 324:./ucOSII/Core/os_tmr.c ****     INT8U  len;
 325:./ucOSII/Core/os_tmr.c **** 
 326:./ucOSII/Core/os_tmr.c **** 
 327:./ucOSII/Core/os_tmr.c **** #ifdef OS_SAFETY_CRITICAL
 328:./ucOSII/Core/os_tmr.c ****     if (perr == (INT8U *)0) {
 329:./ucOSII/Core/os_tmr.c ****         OS_SAFETY_CRITICAL_EXCEPTION();
 330:./ucOSII/Core/os_tmr.c ****         return (0u);
 331:./ucOSII/Core/os_tmr.c ****     }
 332:./ucOSII/Core/os_tmr.c **** #endif
 333:./ucOSII/Core/os_tmr.c **** 
 334:./ucOSII/Core/os_tmr.c **** #if OS_ARG_CHK_EN > 0u
 335:./ucOSII/Core/os_tmr.c ****     if (pdest == (INT8U **)0) {
 425              		.loc 1 335 8
 426 000c BB68     		ldr	r3, [r7, #8]
 427 000e 002B     		cmp	r3, #0
 428 0010 04D1     		bne	.L29
 336:./ucOSII/Core/os_tmr.c ****         *perr = OS_ERR_TMR_INVALID_DEST;
 429              		.loc 1 336 15
 430 0012 7B68     		ldr	r3, [r7, #4]
 431 0014 8822     		movs	r2, #136
 432 0016 1A70     		strb	r2, [r3]
 337:./ucOSII/Core/os_tmr.c ****         return (0u);
 433              		.loc 1 337 16
 434 0018 0023     		movs	r3, #0
 435 001a 44E0     		b	.L30
 436              	.L29:
 338:./ucOSII/Core/os_tmr.c ****     }
 339:./ucOSII/Core/os_tmr.c ****     if (ptmr == (OS_TMR *)0) {
 437              		.loc 1 339 8
 438 001c FB68     		ldr	r3, [r7, #12]
 439 001e 002B     		cmp	r3, #0
 440 0020 04D1     		bne	.L31
 340:./ucOSII/Core/os_tmr.c ****         *perr = OS_ERR_TMR_INVALID;
 441              		.loc 1 340 15
 442 0022 7B68     		ldr	r3, [r7, #4]
 443 0024 8A22     		movs	r2, #138
 444 0026 1A70     		strb	r2, [r3]
 341:./ucOSII/Core/os_tmr.c ****         return (0u);
 445              		.loc 1 341 16
 446 0028 0023     		movs	r3, #0
 447 002a 3CE0     		b	.L30
 448              	.L31:
 342:./ucOSII/Core/os_tmr.c ****     }
 343:./ucOSII/Core/os_tmr.c **** #endif
 344:./ucOSII/Core/os_tmr.c ****     if (ptmr->OSTmrType != OS_TMR_TYPE) {              /* Validate timer structure                 
 449              		.loc 1 344 13
 450 002c FB68     		ldr	r3, [r7, #12]
 451 002e 1B78     		ldrb	r3, [r3]	@ zero_extendqisi2
 452              		.loc 1 344 8
 453 0030 642B     		cmp	r3, #100
 454 0032 04D0     		beq	.L32
 345:./ucOSII/Core/os_tmr.c ****         *perr = OS_ERR_TMR_INVALID_TYPE;
 455              		.loc 1 345 15
 456 0034 7B68     		ldr	r3, [r7, #4]
ARM GAS  /var/folders/yl/_q9l42k90g1g4mdhbs226msm0000gn/T//cczreIDs.s 			page 15


 457 0036 8922     		movs	r2, #137
 458 0038 1A70     		strb	r2, [r3]
 346:./ucOSII/Core/os_tmr.c ****         return (0u);
 459              		.loc 1 346 16
 460 003a 0023     		movs	r3, #0
 461 003c 33E0     		b	.L30
 462              	.L32:
 347:./ucOSII/Core/os_tmr.c ****     }
 348:./ucOSII/Core/os_tmr.c ****     if (OSIntNesting > 0u) {                           /* See if trying to call from an ISR        
 463              		.loc 1 348 22
 464 003e 1C4B     		ldr	r3, .L36
 465 0040 1B78     		ldrb	r3, [r3]	@ zero_extendqisi2
 466              		.loc 1 348 8
 467 0042 002B     		cmp	r3, #0
 468 0044 04D0     		beq	.L33
 349:./ucOSII/Core/os_tmr.c ****         *perr = OS_ERR_NAME_GET_ISR;
 469              		.loc 1 349 15
 470 0046 7B68     		ldr	r3, [r7, #4]
 471 0048 1122     		movs	r2, #17
 472 004a 1A70     		strb	r2, [r3]
 350:./ucOSII/Core/os_tmr.c ****         return (0u);
 473              		.loc 1 350 16
 474 004c 0023     		movs	r3, #0
 475 004e 2AE0     		b	.L30
 476              	.L33:
 351:./ucOSII/Core/os_tmr.c ****     }
 352:./ucOSII/Core/os_tmr.c ****     OSSchedLock();
 477              		.loc 1 352 5
 478 0050 FFF7FEFF 		bl	OSSchedLock
 353:./ucOSII/Core/os_tmr.c ****     switch (ptmr->OSTmrState) {
 479              		.loc 1 353 17
 480 0054 FB68     		ldr	r3, [r7, #12]
 481 0056 93F82530 		ldrb	r3, [r3, #37]	@ zero_extendqisi2
 482              		.loc 1 353 5
 483 005a 002B     		cmp	r3, #0
 484 005c 16D0     		beq	.L34
 485 005e 002B     		cmp	r3, #0
 486 0060 1BDB     		blt	.L35
 487 0062 013B     		subs	r3, r3, #1
 488 0064 022B     		cmp	r3, #2
 489 0066 18D8     		bhi	.L35
 354:./ucOSII/Core/os_tmr.c ****         case OS_TMR_STATE_RUNNING:
 355:./ucOSII/Core/os_tmr.c ****         case OS_TMR_STATE_STOPPED:
 356:./ucOSII/Core/os_tmr.c ****         case OS_TMR_STATE_COMPLETED:
 357:./ucOSII/Core/os_tmr.c ****              *pdest = ptmr->OSTmrName;
 490              		.loc 1 357 27
 491 0068 FB68     		ldr	r3, [r7, #12]
 492 006a 1A6A     		ldr	r2, [r3, #32]
 493              		.loc 1 357 21
 494 006c BB68     		ldr	r3, [r7, #8]
 495 006e 1A60     		str	r2, [r3]
 358:./ucOSII/Core/os_tmr.c ****              len    = OS_StrLen(*pdest);
 496              		.loc 1 358 23
 497 0070 BB68     		ldr	r3, [r7, #8]
 498 0072 1B68     		ldr	r3, [r3]
 499 0074 1846     		mov	r0, r3
 500 0076 FFF7FEFF 		bl	OS_StrLen
ARM GAS  /var/folders/yl/_q9l42k90g1g4mdhbs226msm0000gn/T//cczreIDs.s 			page 16


 501 007a 0346     		mov	r3, r0
 502 007c FB75     		strb	r3, [r7, #23]
 359:./ucOSII/Core/os_tmr.c ****              OSSchedUnlock();
 503              		.loc 1 359 14
 504 007e FFF7FEFF 		bl	OSSchedUnlock
 360:./ucOSII/Core/os_tmr.c ****              *perr = OS_ERR_NONE;
 505              		.loc 1 360 20
 506 0082 7B68     		ldr	r3, [r7, #4]
 507 0084 0022     		movs	r2, #0
 508 0086 1A70     		strb	r2, [r3]
 361:./ucOSII/Core/os_tmr.c ****              return (len);
 509              		.loc 1 361 21
 510 0088 FB7D     		ldrb	r3, [r7, #23]	@ zero_extendqisi2
 511 008a 0CE0     		b	.L30
 512              	.L34:
 362:./ucOSII/Core/os_tmr.c **** 
 363:./ucOSII/Core/os_tmr.c ****         case OS_TMR_STATE_UNUSED:                      /* Timer is not allocated                   
 364:./ucOSII/Core/os_tmr.c ****              OSSchedUnlock();
 513              		.loc 1 364 14
 514 008c FFF7FEFF 		bl	OSSchedUnlock
 365:./ucOSII/Core/os_tmr.c ****              *perr = OS_ERR_TMR_INACTIVE;
 515              		.loc 1 365 20
 516 0090 7B68     		ldr	r3, [r7, #4]
 517 0092 8722     		movs	r2, #135
 518 0094 1A70     		strb	r2, [r3]
 366:./ucOSII/Core/os_tmr.c ****              return (0u);
 519              		.loc 1 366 21
 520 0096 0023     		movs	r3, #0
 521 0098 05E0     		b	.L30
 522              	.L35:
 367:./ucOSII/Core/os_tmr.c **** 
 368:./ucOSII/Core/os_tmr.c ****         default:
 369:./ucOSII/Core/os_tmr.c ****              OSSchedUnlock();
 523              		.loc 1 369 14
 524 009a FFF7FEFF 		bl	OSSchedUnlock
 370:./ucOSII/Core/os_tmr.c ****              *perr = OS_ERR_TMR_INVALID_STATE;
 525              		.loc 1 370 20
 526 009e 7B68     		ldr	r3, [r7, #4]
 527 00a0 8D22     		movs	r2, #141
 528 00a2 1A70     		strb	r2, [r3]
 371:./ucOSII/Core/os_tmr.c ****              return (0u);
 529              		.loc 1 371 21
 530 00a4 0023     		movs	r3, #0
 531              	.L30:
 372:./ucOSII/Core/os_tmr.c ****     }
 373:./ucOSII/Core/os_tmr.c **** }
 532              		.loc 1 373 1
 533 00a6 1846     		mov	r0, r3
 534 00a8 1837     		adds	r7, r7, #24
 535              	.LCFI13:
 536              		.cfi_def_cfa_offset 8
 537 00aa BD46     		mov	sp, r7
 538              	.LCFI14:
 539              		.cfi_def_cfa_register 13
 540              		@ sp needed
 541 00ac 80BD     		pop	{r7, pc}
 542              	.L37:
ARM GAS  /var/folders/yl/_q9l42k90g1g4mdhbs226msm0000gn/T//cczreIDs.s 			page 17


 543 00ae 00BF     		.align	2
 544              	.L36:
 545 00b0 00000000 		.word	OSIntNesting
 546              		.cfi_endproc
 547              	.LFE5:
 549              		.section	.text.OSTmrRemainGet,"ax",%progbits
 550              		.align	1
 551              		.global	OSTmrRemainGet
 552              		.syntax unified
 553              		.thumb
 554              		.thumb_func
 556              	OSTmrRemainGet:
 557              	.LFB6:
 374:./ucOSII/Core/os_tmr.c **** #endif
 375:./ucOSII/Core/os_tmr.c **** 
 376:./ucOSII/Core/os_tmr.c **** 
 377:./ucOSII/Core/os_tmr.c **** /*
 378:./ucOSII/Core/os_tmr.c **** ***************************************************************************************************
 379:./ucOSII/Core/os_tmr.c **** *                          GET HOW MUCH TIME IS LEFT BEFORE A TIMER EXPIRES
 380:./ucOSII/Core/os_tmr.c **** *
 381:./ucOSII/Core/os_tmr.c **** * Description: This function is called to get the number of ticks before a timer times out.
 382:./ucOSII/Core/os_tmr.c **** *
 383:./ucOSII/Core/os_tmr.c **** * Arguments  : ptmr          Is a pointer to the timer to obtain the remaining time from.
 384:./ucOSII/Core/os_tmr.c **** *
 385:./ucOSII/Core/os_tmr.c **** *              perr          Is a pointer to an error code.  '*perr' will contain one of the follow
 386:./ucOSII/Core/os_tmr.c **** *                               OS_ERR_NONE
 387:./ucOSII/Core/os_tmr.c **** *                               OS_ERR_TMR_INVALID        'ptmr' is a NULL pointer
 388:./ucOSII/Core/os_tmr.c **** *                               OS_ERR_TMR_INVALID_TYPE   'ptmr'  is not pointing to an OS_TMR
 389:./ucOSII/Core/os_tmr.c **** *                               OS_ERR_TMR_ISR            if the call was made from an ISR
 390:./ucOSII/Core/os_tmr.c **** *                               OS_ERR_TMR_INACTIVE       'ptmr' points to a timer that is not acti
 391:./ucOSII/Core/os_tmr.c **** *                               OS_ERR_TMR_INVALID_STATE  the timer is in an invalid state
 392:./ucOSII/Core/os_tmr.c **** *
 393:./ucOSII/Core/os_tmr.c **** * Returns    : The time remaining for the timer to expire.  The time represents 'timer' increments.
 394:./ucOSII/Core/os_tmr.c **** *              In other words, if OSTmr_Task() is signaled every 1/10 of a second then the returned
 395:./ucOSII/Core/os_tmr.c **** *              value represents the number of 1/10 of a second remaining before the timer expires.
 396:./ucOSII/Core/os_tmr.c **** ***************************************************************************************************
 397:./ucOSII/Core/os_tmr.c **** */
 398:./ucOSII/Core/os_tmr.c **** 
 399:./ucOSII/Core/os_tmr.c **** #if OS_TMR_EN > 0u
 400:./ucOSII/Core/os_tmr.c **** INT32U  OSTmrRemainGet (OS_TMR  *ptmr,
 401:./ucOSII/Core/os_tmr.c ****                         INT8U   *perr)
 402:./ucOSII/Core/os_tmr.c **** {
 558              		.loc 1 402 1
 559              		.cfi_startproc
 560              		@ args = 0, pretend = 0, frame = 16
 561              		@ frame_needed = 1, uses_anonymous_args = 0
 562 0000 80B5     		push	{r7, lr}
 563              	.LCFI15:
 564              		.cfi_def_cfa_offset 8
 565              		.cfi_offset 7, -8
 566              		.cfi_offset 14, -4
 567 0002 84B0     		sub	sp, sp, #16
 568              	.LCFI16:
 569              		.cfi_def_cfa_offset 24
 570 0004 00AF     		add	r7, sp, #0
 571              	.LCFI17:
 572              		.cfi_def_cfa_register 7
ARM GAS  /var/folders/yl/_q9l42k90g1g4mdhbs226msm0000gn/T//cczreIDs.s 			page 18


 573 0006 7860     		str	r0, [r7, #4]
 574 0008 3960     		str	r1, [r7]
 403:./ucOSII/Core/os_tmr.c ****     INT32U  remain;
 404:./ucOSII/Core/os_tmr.c **** 
 405:./ucOSII/Core/os_tmr.c **** 
 406:./ucOSII/Core/os_tmr.c **** #ifdef OS_SAFETY_CRITICAL
 407:./ucOSII/Core/os_tmr.c ****     if (perr == (INT8U *)0) {
 408:./ucOSII/Core/os_tmr.c ****         OS_SAFETY_CRITICAL_EXCEPTION();
 409:./ucOSII/Core/os_tmr.c ****         return (0u);
 410:./ucOSII/Core/os_tmr.c ****     }
 411:./ucOSII/Core/os_tmr.c **** #endif
 412:./ucOSII/Core/os_tmr.c **** 
 413:./ucOSII/Core/os_tmr.c **** #if OS_ARG_CHK_EN > 0u
 414:./ucOSII/Core/os_tmr.c ****     if (ptmr == (OS_TMR *)0) {
 575              		.loc 1 414 8
 576 000a 7B68     		ldr	r3, [r7, #4]
 577 000c 002B     		cmp	r3, #0
 578 000e 04D1     		bne	.L39
 415:./ucOSII/Core/os_tmr.c ****         *perr = OS_ERR_TMR_INVALID;
 579              		.loc 1 415 15
 580 0010 3B68     		ldr	r3, [r7]
 581 0012 8A22     		movs	r2, #138
 582 0014 1A70     		strb	r2, [r3]
 416:./ucOSII/Core/os_tmr.c ****         return (0u);
 583              		.loc 1 416 16
 584 0016 0023     		movs	r3, #0
 585 0018 66E0     		b	.L40
 586              	.L39:
 417:./ucOSII/Core/os_tmr.c ****     }
 418:./ucOSII/Core/os_tmr.c **** #endif
 419:./ucOSII/Core/os_tmr.c ****     if (ptmr->OSTmrType != OS_TMR_TYPE) {              /* Validate timer structure                 
 587              		.loc 1 419 13
 588 001a 7B68     		ldr	r3, [r7, #4]
 589 001c 1B78     		ldrb	r3, [r3]	@ zero_extendqisi2
 590              		.loc 1 419 8
 591 001e 642B     		cmp	r3, #100
 592 0020 04D0     		beq	.L41
 420:./ucOSII/Core/os_tmr.c ****         *perr = OS_ERR_TMR_INVALID_TYPE;
 593              		.loc 1 420 15
 594 0022 3B68     		ldr	r3, [r7]
 595 0024 8922     		movs	r2, #137
 596 0026 1A70     		strb	r2, [r3]
 421:./ucOSII/Core/os_tmr.c ****         return (0u);
 597              		.loc 1 421 16
 598 0028 0023     		movs	r3, #0
 599 002a 5DE0     		b	.L40
 600              	.L41:
 422:./ucOSII/Core/os_tmr.c ****     }
 423:./ucOSII/Core/os_tmr.c ****     if (OSIntNesting > 0u) {                           /* See if trying to call from an ISR        
 601              		.loc 1 423 22
 602 002c 304B     		ldr	r3, .L53
 603 002e 1B78     		ldrb	r3, [r3]	@ zero_extendqisi2
 604              		.loc 1 423 8
 605 0030 002B     		cmp	r3, #0
 606 0032 04D0     		beq	.L42
 424:./ucOSII/Core/os_tmr.c ****         *perr = OS_ERR_TMR_ISR;
 607              		.loc 1 424 15
ARM GAS  /var/folders/yl/_q9l42k90g1g4mdhbs226msm0000gn/T//cczreIDs.s 			page 19


 608 0034 3B68     		ldr	r3, [r7]
 609 0036 8B22     		movs	r2, #139
 610 0038 1A70     		strb	r2, [r3]
 425:./ucOSII/Core/os_tmr.c ****         return (0u);
 611              		.loc 1 425 16
 612 003a 0023     		movs	r3, #0
 613 003c 54E0     		b	.L40
 614              	.L42:
 426:./ucOSII/Core/os_tmr.c ****     }
 427:./ucOSII/Core/os_tmr.c ****     OSSchedLock();
 615              		.loc 1 427 5
 616 003e FFF7FEFF 		bl	OSSchedLock
 428:./ucOSII/Core/os_tmr.c ****     switch (ptmr->OSTmrState) {
 617              		.loc 1 428 17
 618 0042 7B68     		ldr	r3, [r7, #4]
 619 0044 93F82530 		ldrb	r3, [r3, #37]	@ zero_extendqisi2
 620              		.loc 1 428 5
 621 0048 032B     		cmp	r3, #3
 622 004a 47D8     		bhi	.L43
 623 004c 01A2     		adr	r2, .L45
 624 004e 52F823F0 		ldr	pc, [r2, r3, lsl #2]
 625 0052 00BF     		.p2align 2
 626              	.L45:
 627 0054 CF000000 		.word	.L48+1
 628 0058 7F000000 		.word	.L47+1
 629 005c C1000000 		.word	.L46+1
 630 0060 65000000 		.word	.L44+1
 631              		.p2align 1
 632              	.L44:
 429:./ucOSII/Core/os_tmr.c ****         case OS_TMR_STATE_RUNNING:
 430:./ucOSII/Core/os_tmr.c ****              remain = ptmr->OSTmrMatch - OSTmrTime;    /* Determine how much time is left to timeou
 633              		.loc 1 430 27
 634 0064 7B68     		ldr	r3, [r7, #4]
 635 0066 5A69     		ldr	r2, [r3, #20]
 636              		.loc 1 430 40
 637 0068 224B     		ldr	r3, .L53+4
 638 006a 1B68     		ldr	r3, [r3]
 639              		.loc 1 430 21
 640 006c D31A     		subs	r3, r2, r3
 641 006e FB60     		str	r3, [r7, #12]
 431:./ucOSII/Core/os_tmr.c ****              OSSchedUnlock();
 642              		.loc 1 431 14
 643 0070 FFF7FEFF 		bl	OSSchedUnlock
 432:./ucOSII/Core/os_tmr.c ****              *perr  = OS_ERR_NONE;
 644              		.loc 1 432 21
 645 0074 3B68     		ldr	r3, [r7]
 646 0076 0022     		movs	r2, #0
 647 0078 1A70     		strb	r2, [r3]
 433:./ucOSII/Core/os_tmr.c ****              return (remain);
 648              		.loc 1 433 21
 649 007a FB68     		ldr	r3, [r7, #12]
 650 007c 34E0     		b	.L40
 651              	.L47:
 434:./ucOSII/Core/os_tmr.c **** 
 435:./ucOSII/Core/os_tmr.c ****         case OS_TMR_STATE_STOPPED:                     /* It's assumed that the timer has not start
 436:./ucOSII/Core/os_tmr.c ****              switch (ptmr->OSTmrOpt) {
 652              		.loc 1 436 26
ARM GAS  /var/folders/yl/_q9l42k90g1g4mdhbs226msm0000gn/T//cczreIDs.s 			page 20


 653 007e 7B68     		ldr	r3, [r7, #4]
 654 0080 93F82430 		ldrb	r3, [r3, #36]	@ zero_extendqisi2
 655 0084 022B     		cmp	r3, #2
 656 0086 10D1     		bne	.L49
 437:./ucOSII/Core/os_tmr.c ****                  case OS_TMR_OPT_PERIODIC:
 438:./ucOSII/Core/os_tmr.c ****                       if (ptmr->OSTmrDly == 0u) {
 657              		.loc 1 438 31
 658 0088 7B68     		ldr	r3, [r7, #4]
 659 008a 9B69     		ldr	r3, [r3, #24]
 660              		.loc 1 438 26
 661 008c 002B     		cmp	r3, #0
 662 008e 03D1     		bne	.L50
 439:./ucOSII/Core/os_tmr.c ****                           remain = ptmr->OSTmrPeriod;
 663              		.loc 1 439 34
 664 0090 7B68     		ldr	r3, [r7, #4]
 665 0092 DB69     		ldr	r3, [r3, #28]
 666 0094 FB60     		str	r3, [r7, #12]
 667 0096 02E0     		b	.L51
 668              	.L50:
 440:./ucOSII/Core/os_tmr.c ****                       } else {
 441:./ucOSII/Core/os_tmr.c ****                           remain = ptmr->OSTmrDly;
 669              		.loc 1 441 34
 670 0098 7B68     		ldr	r3, [r7, #4]
 671 009a 9B69     		ldr	r3, [r3, #24]
 672 009c FB60     		str	r3, [r7, #12]
 673              	.L51:
 442:./ucOSII/Core/os_tmr.c ****                       }
 443:./ucOSII/Core/os_tmr.c ****                       OSSchedUnlock();
 674              		.loc 1 443 23
 675 009e FFF7FEFF 		bl	OSSchedUnlock
 444:./ucOSII/Core/os_tmr.c ****                       *perr  = OS_ERR_NONE;
 676              		.loc 1 444 30
 677 00a2 3B68     		ldr	r3, [r7]
 678 00a4 0022     		movs	r2, #0
 679 00a6 1A70     		strb	r2, [r3]
 445:./ucOSII/Core/os_tmr.c ****                       break;
 680              		.loc 1 445 23
 681 00a8 08E0     		b	.L52
 682              	.L49:
 446:./ucOSII/Core/os_tmr.c **** 
 447:./ucOSII/Core/os_tmr.c ****                  case OS_TMR_OPT_ONE_SHOT:
 448:./ucOSII/Core/os_tmr.c ****                  default:
 449:./ucOSII/Core/os_tmr.c ****                       remain = ptmr->OSTmrDly;
 683              		.loc 1 449 30
 684 00aa 7B68     		ldr	r3, [r7, #4]
 685 00ac 9B69     		ldr	r3, [r3, #24]
 686 00ae FB60     		str	r3, [r7, #12]
 450:./ucOSII/Core/os_tmr.c ****                       OSSchedUnlock();
 687              		.loc 1 450 23
 688 00b0 FFF7FEFF 		bl	OSSchedUnlock
 451:./ucOSII/Core/os_tmr.c ****                       *perr  = OS_ERR_NONE;
 689              		.loc 1 451 30
 690 00b4 3B68     		ldr	r3, [r7]
 691 00b6 0022     		movs	r2, #0
 692 00b8 1A70     		strb	r2, [r3]
 452:./ucOSII/Core/os_tmr.c ****                       break;
 693              		.loc 1 452 23
ARM GAS  /var/folders/yl/_q9l42k90g1g4mdhbs226msm0000gn/T//cczreIDs.s 			page 21


 694 00ba 00BF     		nop
 695              	.L52:
 453:./ucOSII/Core/os_tmr.c ****              }
 454:./ucOSII/Core/os_tmr.c ****              return (remain);
 696              		.loc 1 454 21
 697 00bc FB68     		ldr	r3, [r7, #12]
 698 00be 13E0     		b	.L40
 699              	.L46:
 455:./ucOSII/Core/os_tmr.c **** 
 456:./ucOSII/Core/os_tmr.c ****         case OS_TMR_STATE_COMPLETED:                   /* Only ONE-SHOT that timed out can be in th
 457:./ucOSII/Core/os_tmr.c ****              OSSchedUnlock();
 700              		.loc 1 457 14
 701 00c0 FFF7FEFF 		bl	OSSchedUnlock
 458:./ucOSII/Core/os_tmr.c ****              *perr = OS_ERR_NONE;
 702              		.loc 1 458 20
 703 00c4 3B68     		ldr	r3, [r7]
 704 00c6 0022     		movs	r2, #0
 705 00c8 1A70     		strb	r2, [r3]
 459:./ucOSII/Core/os_tmr.c ****              return (0u);
 706              		.loc 1 459 21
 707 00ca 0023     		movs	r3, #0
 708 00cc 0CE0     		b	.L40
 709              	.L48:
 460:./ucOSII/Core/os_tmr.c **** 
 461:./ucOSII/Core/os_tmr.c ****         case OS_TMR_STATE_UNUSED:
 462:./ucOSII/Core/os_tmr.c ****              OSSchedUnlock();
 710              		.loc 1 462 14
 711 00ce FFF7FEFF 		bl	OSSchedUnlock
 463:./ucOSII/Core/os_tmr.c ****              *perr = OS_ERR_TMR_INACTIVE;
 712              		.loc 1 463 20
 713 00d2 3B68     		ldr	r3, [r7]
 714 00d4 8722     		movs	r2, #135
 715 00d6 1A70     		strb	r2, [r3]
 464:./ucOSII/Core/os_tmr.c ****              return (0u);
 716              		.loc 1 464 21
 717 00d8 0023     		movs	r3, #0
 718 00da 05E0     		b	.L40
 719              	.L43:
 465:./ucOSII/Core/os_tmr.c **** 
 466:./ucOSII/Core/os_tmr.c ****         default:
 467:./ucOSII/Core/os_tmr.c ****              OSSchedUnlock();
 720              		.loc 1 467 14
 721 00dc FFF7FEFF 		bl	OSSchedUnlock
 468:./ucOSII/Core/os_tmr.c ****              *perr = OS_ERR_TMR_INVALID_STATE;
 722              		.loc 1 468 20
 723 00e0 3B68     		ldr	r3, [r7]
 724 00e2 8D22     		movs	r2, #141
 725 00e4 1A70     		strb	r2, [r3]
 469:./ucOSII/Core/os_tmr.c ****              return (0u);
 726              		.loc 1 469 21
 727 00e6 0023     		movs	r3, #0
 728              	.L40:
 470:./ucOSII/Core/os_tmr.c ****     }
 471:./ucOSII/Core/os_tmr.c **** }
 729              		.loc 1 471 1
 730 00e8 1846     		mov	r0, r3
 731 00ea 1037     		adds	r7, r7, #16
ARM GAS  /var/folders/yl/_q9l42k90g1g4mdhbs226msm0000gn/T//cczreIDs.s 			page 22


 732              	.LCFI18:
 733              		.cfi_def_cfa_offset 8
 734 00ec BD46     		mov	sp, r7
 735              	.LCFI19:
 736              		.cfi_def_cfa_register 13
 737              		@ sp needed
 738 00ee 80BD     		pop	{r7, pc}
 739              	.L54:
 740              		.align	2
 741              	.L53:
 742 00f0 00000000 		.word	OSIntNesting
 743 00f4 00000000 		.word	OSTmrTime
 744              		.cfi_endproc
 745              	.LFE6:
 747              		.section	.text.OSTmrStateGet,"ax",%progbits
 748              		.align	1
 749              		.global	OSTmrStateGet
 750              		.syntax unified
 751              		.thumb
 752              		.thumb_func
 754              	OSTmrStateGet:
 755              	.LFB7:
 472:./ucOSII/Core/os_tmr.c **** #endif
 473:./ucOSII/Core/os_tmr.c **** 
 474:./ucOSII/Core/os_tmr.c **** 
 475:./ucOSII/Core/os_tmr.c **** /*
 476:./ucOSII/Core/os_tmr.c **** ***************************************************************************************************
 477:./ucOSII/Core/os_tmr.c **** *                                  FIND OUT WHAT STATE A TIMER IS IN
 478:./ucOSII/Core/os_tmr.c **** *
 479:./ucOSII/Core/os_tmr.c **** * Description: This function is called to determine what state the timer is in:
 480:./ucOSII/Core/os_tmr.c **** *
 481:./ucOSII/Core/os_tmr.c **** *                  OS_TMR_STATE_UNUSED     the timer has not been created
 482:./ucOSII/Core/os_tmr.c **** *                  OS_TMR_STATE_STOPPED    the timer has been created but has not been started or h
 483:./ucOSII/Core/os_tmr.c **** *                  OS_TMR_STATE_COMPLETED  the timer is in ONE-SHOT mode and has completed it's tim
 484:./ucOSII/Core/os_tmr.c **** *                  OS_TMR_STATE_RUNNING    the timer is currently running
 485:./ucOSII/Core/os_tmr.c **** *
 486:./ucOSII/Core/os_tmr.c **** * Arguments  : ptmr          Is a pointer to the desired timer
 487:./ucOSII/Core/os_tmr.c **** *
 488:./ucOSII/Core/os_tmr.c **** *              perr          Is a pointer to an error code.  '*perr' will contain one of the follow
 489:./ucOSII/Core/os_tmr.c **** *                               OS_ERR_NONE
 490:./ucOSII/Core/os_tmr.c **** *                               OS_ERR_TMR_INVALID        'ptmr' is a NULL pointer
 491:./ucOSII/Core/os_tmr.c **** *                               OS_ERR_TMR_INVALID_TYPE   'ptmr'  is not pointing to an OS_TMR
 492:./ucOSII/Core/os_tmr.c **** *                               OS_ERR_TMR_ISR            if the call was made from an ISR
 493:./ucOSII/Core/os_tmr.c **** *                               OS_ERR_TMR_INACTIVE       'ptmr' points to a timer that is not acti
 494:./ucOSII/Core/os_tmr.c **** *                               OS_ERR_TMR_INVALID_STATE  if the timer is not in a valid state
 495:./ucOSII/Core/os_tmr.c **** *
 496:./ucOSII/Core/os_tmr.c **** * Returns    : The current state of the timer (see description).
 497:./ucOSII/Core/os_tmr.c **** ***************************************************************************************************
 498:./ucOSII/Core/os_tmr.c **** */
 499:./ucOSII/Core/os_tmr.c **** 
 500:./ucOSII/Core/os_tmr.c **** #if OS_TMR_EN > 0u
 501:./ucOSII/Core/os_tmr.c **** INT8U  OSTmrStateGet (OS_TMR  *ptmr,
 502:./ucOSII/Core/os_tmr.c ****                       INT8U   *perr)
 503:./ucOSII/Core/os_tmr.c **** {
 756              		.loc 1 503 1
 757              		.cfi_startproc
 758              		@ args = 0, pretend = 0, frame = 16
ARM GAS  /var/folders/yl/_q9l42k90g1g4mdhbs226msm0000gn/T//cczreIDs.s 			page 23


 759              		@ frame_needed = 1, uses_anonymous_args = 0
 760 0000 80B5     		push	{r7, lr}
 761              	.LCFI20:
 762              		.cfi_def_cfa_offset 8
 763              		.cfi_offset 7, -8
 764              		.cfi_offset 14, -4
 765 0002 84B0     		sub	sp, sp, #16
 766              	.LCFI21:
 767              		.cfi_def_cfa_offset 24
 768 0004 00AF     		add	r7, sp, #0
 769              	.LCFI22:
 770              		.cfi_def_cfa_register 7
 771 0006 7860     		str	r0, [r7, #4]
 772 0008 3960     		str	r1, [r7]
 504:./ucOSII/Core/os_tmr.c ****     INT8U  state;
 505:./ucOSII/Core/os_tmr.c **** 
 506:./ucOSII/Core/os_tmr.c **** 
 507:./ucOSII/Core/os_tmr.c **** #ifdef OS_SAFETY_CRITICAL
 508:./ucOSII/Core/os_tmr.c ****     if (perr == (INT8U *)0) {
 509:./ucOSII/Core/os_tmr.c ****         OS_SAFETY_CRITICAL_EXCEPTION();
 510:./ucOSII/Core/os_tmr.c ****         return (0u);
 511:./ucOSII/Core/os_tmr.c ****     }
 512:./ucOSII/Core/os_tmr.c **** #endif
 513:./ucOSII/Core/os_tmr.c **** 
 514:./ucOSII/Core/os_tmr.c **** #if OS_ARG_CHK_EN > 0u
 515:./ucOSII/Core/os_tmr.c ****     if (ptmr == (OS_TMR *)0) {
 773              		.loc 1 515 8
 774 000a 7B68     		ldr	r3, [r7, #4]
 775 000c 002B     		cmp	r3, #0
 776 000e 04D1     		bne	.L56
 516:./ucOSII/Core/os_tmr.c ****         *perr = OS_ERR_TMR_INVALID;
 777              		.loc 1 516 15
 778 0010 3B68     		ldr	r3, [r7]
 779 0012 8A22     		movs	r2, #138
 780 0014 1A70     		strb	r2, [r3]
 517:./ucOSII/Core/os_tmr.c ****         return (0u);
 781              		.loc 1 517 16
 782 0016 0023     		movs	r3, #0
 783 0018 25E0     		b	.L57
 784              	.L56:
 518:./ucOSII/Core/os_tmr.c ****     }
 519:./ucOSII/Core/os_tmr.c **** #endif
 520:./ucOSII/Core/os_tmr.c ****     if (ptmr->OSTmrType != OS_TMR_TYPE) {              /* Validate timer structure                 
 785              		.loc 1 520 13
 786 001a 7B68     		ldr	r3, [r7, #4]
 787 001c 1B78     		ldrb	r3, [r3]	@ zero_extendqisi2
 788              		.loc 1 520 8
 789 001e 642B     		cmp	r3, #100
 790 0020 04D0     		beq	.L58
 521:./ucOSII/Core/os_tmr.c ****         *perr = OS_ERR_TMR_INVALID_TYPE;
 791              		.loc 1 521 15
 792 0022 3B68     		ldr	r3, [r7]
 793 0024 8922     		movs	r2, #137
 794 0026 1A70     		strb	r2, [r3]
 522:./ucOSII/Core/os_tmr.c ****         return (0u);
 795              		.loc 1 522 16
 796 0028 0023     		movs	r3, #0
ARM GAS  /var/folders/yl/_q9l42k90g1g4mdhbs226msm0000gn/T//cczreIDs.s 			page 24


 797 002a 1CE0     		b	.L57
 798              	.L58:
 523:./ucOSII/Core/os_tmr.c ****     }
 524:./ucOSII/Core/os_tmr.c ****     if (OSIntNesting > 0u) {                           /* See if trying to call from an ISR        
 799              		.loc 1 524 22
 800 002c 104B     		ldr	r3, .L62
 801 002e 1B78     		ldrb	r3, [r3]	@ zero_extendqisi2
 802              		.loc 1 524 8
 803 0030 002B     		cmp	r3, #0
 804 0032 04D0     		beq	.L59
 525:./ucOSII/Core/os_tmr.c ****         *perr = OS_ERR_TMR_ISR;
 805              		.loc 1 525 15
 806 0034 3B68     		ldr	r3, [r7]
 807 0036 8B22     		movs	r2, #139
 808 0038 1A70     		strb	r2, [r3]
 526:./ucOSII/Core/os_tmr.c ****         return (0u);
 809              		.loc 1 526 16
 810 003a 0023     		movs	r3, #0
 811 003c 13E0     		b	.L57
 812              	.L59:
 527:./ucOSII/Core/os_tmr.c ****     }
 528:./ucOSII/Core/os_tmr.c ****     OSSchedLock();
 813              		.loc 1 528 5
 814 003e FFF7FEFF 		bl	OSSchedLock
 529:./ucOSII/Core/os_tmr.c ****     state = ptmr->OSTmrState;
 815              		.loc 1 529 11
 816 0042 7B68     		ldr	r3, [r7, #4]
 817 0044 93F82530 		ldrb	r3, [r3, #37]
 818 0048 FB73     		strb	r3, [r7, #15]
 530:./ucOSII/Core/os_tmr.c ****     switch (state) {
 819              		.loc 1 530 5
 820 004a FB7B     		ldrb	r3, [r7, #15]	@ zero_extendqisi2
 821 004c 032B     		cmp	r3, #3
 822 004e 03D8     		bhi	.L60
 531:./ucOSII/Core/os_tmr.c ****         case OS_TMR_STATE_UNUSED:
 532:./ucOSII/Core/os_tmr.c ****         case OS_TMR_STATE_STOPPED:
 533:./ucOSII/Core/os_tmr.c ****         case OS_TMR_STATE_COMPLETED:
 534:./ucOSII/Core/os_tmr.c ****         case OS_TMR_STATE_RUNNING:
 535:./ucOSII/Core/os_tmr.c ****              *perr = OS_ERR_NONE;
 823              		.loc 1 535 20
 824 0050 3B68     		ldr	r3, [r7]
 825 0052 0022     		movs	r2, #0
 826 0054 1A70     		strb	r2, [r3]
 536:./ucOSII/Core/os_tmr.c ****              break;
 827              		.loc 1 536 14
 828 0056 03E0     		b	.L61
 829              	.L60:
 537:./ucOSII/Core/os_tmr.c **** 
 538:./ucOSII/Core/os_tmr.c ****         default:
 539:./ucOSII/Core/os_tmr.c ****              *perr = OS_ERR_TMR_INVALID_STATE;
 830              		.loc 1 539 20
 831 0058 3B68     		ldr	r3, [r7]
 832 005a 8D22     		movs	r2, #141
 833 005c 1A70     		strb	r2, [r3]
 540:./ucOSII/Core/os_tmr.c ****              break;
 834              		.loc 1 540 14
 835 005e 00BF     		nop
ARM GAS  /var/folders/yl/_q9l42k90g1g4mdhbs226msm0000gn/T//cczreIDs.s 			page 25


 836              	.L61:
 541:./ucOSII/Core/os_tmr.c ****     }
 542:./ucOSII/Core/os_tmr.c ****     OSSchedUnlock();
 837              		.loc 1 542 5
 838 0060 FFF7FEFF 		bl	OSSchedUnlock
 543:./ucOSII/Core/os_tmr.c ****     return (state);
 839              		.loc 1 543 12
 840 0064 FB7B     		ldrb	r3, [r7, #15]	@ zero_extendqisi2
 841              	.L57:
 544:./ucOSII/Core/os_tmr.c **** }
 842              		.loc 1 544 1
 843 0066 1846     		mov	r0, r3
 844 0068 1037     		adds	r7, r7, #16
 845              	.LCFI23:
 846              		.cfi_def_cfa_offset 8
 847 006a BD46     		mov	sp, r7
 848              	.LCFI24:
 849              		.cfi_def_cfa_register 13
 850              		@ sp needed
 851 006c 80BD     		pop	{r7, pc}
 852              	.L63:
 853 006e 00BF     		.align	2
 854              	.L62:
 855 0070 00000000 		.word	OSIntNesting
 856              		.cfi_endproc
 857              	.LFE7:
 859              		.section	.text.OSTmrStart,"ax",%progbits
 860              		.align	1
 861              		.global	OSTmrStart
 862              		.syntax unified
 863              		.thumb
 864              		.thumb_func
 866              	OSTmrStart:
 867              	.LFB8:
 545:./ucOSII/Core/os_tmr.c **** #endif
 546:./ucOSII/Core/os_tmr.c **** 
 547:./ucOSII/Core/os_tmr.c **** 
 548:./ucOSII/Core/os_tmr.c **** /*
 549:./ucOSII/Core/os_tmr.c **** ***************************************************************************************************
 550:./ucOSII/Core/os_tmr.c **** *                                            START A TIMER
 551:./ucOSII/Core/os_tmr.c **** *
 552:./ucOSII/Core/os_tmr.c **** * Description: This function is called by your application code to start a timer.
 553:./ucOSII/Core/os_tmr.c **** *
 554:./ucOSII/Core/os_tmr.c **** * Arguments  : ptmr          Is a pointer to an OS_TMR
 555:./ucOSII/Core/os_tmr.c **** *
 556:./ucOSII/Core/os_tmr.c **** *              perr          Is a pointer to an error code.  '*perr' will contain one of the follow
 557:./ucOSII/Core/os_tmr.c **** *                               OS_ERR_NONE
 558:./ucOSII/Core/os_tmr.c **** *                               OS_ERR_TMR_INVALID
 559:./ucOSII/Core/os_tmr.c **** *                               OS_ERR_TMR_INVALID_TYPE    'ptmr'  is not pointing to an OS_TMR
 560:./ucOSII/Core/os_tmr.c **** *                               OS_ERR_TMR_ISR             if the call was made from an ISR
 561:./ucOSII/Core/os_tmr.c **** *                               OS_ERR_TMR_INACTIVE        if the timer was not created
 562:./ucOSII/Core/os_tmr.c **** *                               OS_ERR_TMR_INVALID_STATE   the timer is in an invalid state
 563:./ucOSII/Core/os_tmr.c **** *
 564:./ucOSII/Core/os_tmr.c **** * Returns    : OS_TRUE    if the timer was started
 565:./ucOSII/Core/os_tmr.c **** *              OS_FALSE   if an error was detected
 566:./ucOSII/Core/os_tmr.c **** ***************************************************************************************************
 567:./ucOSII/Core/os_tmr.c **** */
ARM GAS  /var/folders/yl/_q9l42k90g1g4mdhbs226msm0000gn/T//cczreIDs.s 			page 26


 568:./ucOSII/Core/os_tmr.c **** 
 569:./ucOSII/Core/os_tmr.c **** #if OS_TMR_EN > 0u
 570:./ucOSII/Core/os_tmr.c **** BOOLEAN  OSTmrStart (OS_TMR   *ptmr,
 571:./ucOSII/Core/os_tmr.c ****                      INT8U    *perr)
 572:./ucOSII/Core/os_tmr.c **** {
 868              		.loc 1 572 1
 869              		.cfi_startproc
 870              		@ args = 0, pretend = 0, frame = 8
 871              		@ frame_needed = 1, uses_anonymous_args = 0
 872 0000 80B5     		push	{r7, lr}
 873              	.LCFI25:
 874              		.cfi_def_cfa_offset 8
 875              		.cfi_offset 7, -8
 876              		.cfi_offset 14, -4
 877 0002 82B0     		sub	sp, sp, #8
 878              	.LCFI26:
 879              		.cfi_def_cfa_offset 16
 880 0004 00AF     		add	r7, sp, #0
 881              	.LCFI27:
 882              		.cfi_def_cfa_register 7
 883 0006 7860     		str	r0, [r7, #4]
 884 0008 3960     		str	r1, [r7]
 573:./ucOSII/Core/os_tmr.c **** #ifdef OS_SAFETY_CRITICAL
 574:./ucOSII/Core/os_tmr.c ****     if (perr == (INT8U *)0) {
 575:./ucOSII/Core/os_tmr.c ****         OS_SAFETY_CRITICAL_EXCEPTION();
 576:./ucOSII/Core/os_tmr.c ****         return (OS_FALSE);
 577:./ucOSII/Core/os_tmr.c ****     }
 578:./ucOSII/Core/os_tmr.c **** #endif
 579:./ucOSII/Core/os_tmr.c **** 
 580:./ucOSII/Core/os_tmr.c **** #if OS_ARG_CHK_EN > 0u
 581:./ucOSII/Core/os_tmr.c ****     if (ptmr == (OS_TMR *)0) {
 885              		.loc 1 581 8
 886 000a 7B68     		ldr	r3, [r7, #4]
 887 000c 002B     		cmp	r3, #0
 888 000e 04D1     		bne	.L65
 582:./ucOSII/Core/os_tmr.c ****         *perr = OS_ERR_TMR_INVALID;
 889              		.loc 1 582 15
 890 0010 3B68     		ldr	r3, [r7]
 891 0012 8A22     		movs	r2, #138
 892 0014 1A70     		strb	r2, [r3]
 583:./ucOSII/Core/os_tmr.c ****         return (OS_FALSE);
 893              		.loc 1 583 16
 894 0016 0023     		movs	r3, #0
 895 0018 75E0     		b	.L66
 896              	.L65:
 584:./ucOSII/Core/os_tmr.c ****     }
 585:./ucOSII/Core/os_tmr.c **** #endif
 586:./ucOSII/Core/os_tmr.c **** 
 587:./ucOSII/Core/os_tmr.c ****     OS_TRACE_TMR_START_ENTER(ptmr);
 897              		.loc 1 587 5
 898 001a 7B68     		ldr	r3, [r7, #4]
 899 001c 1846     		mov	r0, r3
 900 001e FFF7FEFF 		bl	SEGGER_SYSVIEW_ShrinkId
 901 0022 0346     		mov	r3, r0
 902 0024 1946     		mov	r1, r3
 903 0026 4120     		movs	r0, #65
 904 0028 FFF7FEFF 		bl	SEGGER_SYSVIEW_RecordU32
ARM GAS  /var/folders/yl/_q9l42k90g1g4mdhbs226msm0000gn/T//cczreIDs.s 			page 27


 588:./ucOSII/Core/os_tmr.c **** 
 589:./ucOSII/Core/os_tmr.c ****     if (ptmr->OSTmrType != OS_TMR_TYPE) {                   /* Validate timer structure            
 905              		.loc 1 589 13
 906 002c 7B68     		ldr	r3, [r7, #4]
 907 002e 1B78     		ldrb	r3, [r3]	@ zero_extendqisi2
 908              		.loc 1 589 8
 909 0030 642B     		cmp	r3, #100
 910 0032 0AD0     		beq	.L67
 590:./ucOSII/Core/os_tmr.c ****         *perr = OS_ERR_TMR_INVALID_TYPE;
 911              		.loc 1 590 15
 912 0034 3B68     		ldr	r3, [r7]
 913 0036 8922     		movs	r2, #137
 914 0038 1A70     		strb	r2, [r3]
 591:./ucOSII/Core/os_tmr.c ****         OS_TRACE_TMR_START_EXIT(*perr);
 915              		.loc 1 591 9
 916 003a 3B68     		ldr	r3, [r7]
 917 003c 1B78     		ldrb	r3, [r3]	@ zero_extendqisi2
 918 003e 1946     		mov	r1, r3
 919 0040 4120     		movs	r0, #65
 920 0042 FFF7FEFF 		bl	SEGGER_SYSVIEW_RecordEndCallU32
 592:./ucOSII/Core/os_tmr.c ****         return (OS_FALSE);
 921              		.loc 1 592 16
 922 0046 0023     		movs	r3, #0
 923 0048 5DE0     		b	.L66
 924              	.L67:
 593:./ucOSII/Core/os_tmr.c ****     }
 594:./ucOSII/Core/os_tmr.c ****     if (OSIntNesting > 0u) {                                /* See if trying to call from an ISR   
 925              		.loc 1 594 22
 926 004a 314B     		ldr	r3, .L74
 927 004c 1B78     		ldrb	r3, [r3]	@ zero_extendqisi2
 928              		.loc 1 594 8
 929 004e 002B     		cmp	r3, #0
 930 0050 0AD0     		beq	.L68
 595:./ucOSII/Core/os_tmr.c ****         *perr  = OS_ERR_TMR_ISR;
 931              		.loc 1 595 16
 932 0052 3B68     		ldr	r3, [r7]
 933 0054 8B22     		movs	r2, #139
 934 0056 1A70     		strb	r2, [r3]
 596:./ucOSII/Core/os_tmr.c ****         OS_TRACE_TMR_START_EXIT(*perr);
 935              		.loc 1 596 9
 936 0058 3B68     		ldr	r3, [r7]
 937 005a 1B78     		ldrb	r3, [r3]	@ zero_extendqisi2
 938 005c 1946     		mov	r1, r3
 939 005e 4120     		movs	r0, #65
 940 0060 FFF7FEFF 		bl	SEGGER_SYSVIEW_RecordEndCallU32
 597:./ucOSII/Core/os_tmr.c ****         return (OS_FALSE);
 941              		.loc 1 597 16
 942 0064 0023     		movs	r3, #0
 943 0066 4EE0     		b	.L66
 944              	.L68:
 598:./ucOSII/Core/os_tmr.c ****     }
 599:./ucOSII/Core/os_tmr.c ****     OSSchedLock();
 945              		.loc 1 599 5
 946 0068 FFF7FEFF 		bl	OSSchedLock
 600:./ucOSII/Core/os_tmr.c ****     switch (ptmr->OSTmrState) {
 947              		.loc 1 600 17
 948 006c 7B68     		ldr	r3, [r7, #4]
ARM GAS  /var/folders/yl/_q9l42k90g1g4mdhbs226msm0000gn/T//cczreIDs.s 			page 28


 949 006e 93F82530 		ldrb	r3, [r3, #37]	@ zero_extendqisi2
 950              		.loc 1 600 5
 951 0072 032B     		cmp	r3, #3
 952 0074 09D0     		beq	.L69
 953 0076 032B     		cmp	r3, #3
 954 0078 39DC     		bgt	.L70
 955 007a 002B     		cmp	r3, #0
 956 007c 2AD0     		beq	.L71
 957 007e 002B     		cmp	r3, #0
 958 0080 35DB     		blt	.L70
 959 0082 013B     		subs	r3, r3, #1
 960 0084 012B     		cmp	r3, #1
 961 0086 32D8     		bhi	.L70
 962 0088 13E0     		b	.L73
 963              	.L69:
 601:./ucOSII/Core/os_tmr.c ****         case OS_TMR_STATE_RUNNING:                          /* Restart the timer                   
 602:./ucOSII/Core/os_tmr.c ****              OSTmr_Unlink(ptmr);                            /* ... Stop the timer                  
 964              		.loc 1 602 14
 965 008a 7868     		ldr	r0, [r7, #4]
 966 008c FFF7FEFF 		bl	OSTmr_Unlink
 603:./ucOSII/Core/os_tmr.c ****              OSTmr_Link(ptmr, OS_TMR_LINK_DLY);             /* ... Link timer to timer wheel       
 967              		.loc 1 603 14
 968 0090 0021     		movs	r1, #0
 969 0092 7868     		ldr	r0, [r7, #4]
 970 0094 FFF7FEFF 		bl	OSTmr_Link
 604:./ucOSII/Core/os_tmr.c ****              OSSchedUnlock();
 971              		.loc 1 604 14
 972 0098 FFF7FEFF 		bl	OSSchedUnlock
 605:./ucOSII/Core/os_tmr.c ****              *perr = OS_ERR_NONE;
 973              		.loc 1 605 20
 974 009c 3B68     		ldr	r3, [r7]
 975 009e 0022     		movs	r2, #0
 976 00a0 1A70     		strb	r2, [r3]
 606:./ucOSII/Core/os_tmr.c ****              OS_TRACE_TMR_START_EXIT(*perr);
 977              		.loc 1 606 14
 978 00a2 3B68     		ldr	r3, [r7]
 979 00a4 1B78     		ldrb	r3, [r3]	@ zero_extendqisi2
 980 00a6 1946     		mov	r1, r3
 981 00a8 4120     		movs	r0, #65
 982 00aa FFF7FEFF 		bl	SEGGER_SYSVIEW_RecordEndCallU32
 607:./ucOSII/Core/os_tmr.c ****              return (OS_TRUE);
 983              		.loc 1 607 21
 984 00ae 0123     		movs	r3, #1
 985 00b0 29E0     		b	.L66
 986              	.L73:
 608:./ucOSII/Core/os_tmr.c **** 
 609:./ucOSII/Core/os_tmr.c ****         case OS_TMR_STATE_STOPPED:                          /* Start the timer                     
 610:./ucOSII/Core/os_tmr.c ****         case OS_TMR_STATE_COMPLETED:
 611:./ucOSII/Core/os_tmr.c ****              OSTmr_Link(ptmr, OS_TMR_LINK_DLY);             /* ... Link timer to timer wheel       
 987              		.loc 1 611 14
 988 00b2 0021     		movs	r1, #0
 989 00b4 7868     		ldr	r0, [r7, #4]
 990 00b6 FFF7FEFF 		bl	OSTmr_Link
 612:./ucOSII/Core/os_tmr.c ****              OSSchedUnlock();
 991              		.loc 1 612 14
 992 00ba FFF7FEFF 		bl	OSSchedUnlock
 613:./ucOSII/Core/os_tmr.c ****              *perr = OS_ERR_NONE;
ARM GAS  /var/folders/yl/_q9l42k90g1g4mdhbs226msm0000gn/T//cczreIDs.s 			page 29


 993              		.loc 1 613 20
 994 00be 3B68     		ldr	r3, [r7]
 995 00c0 0022     		movs	r2, #0
 996 00c2 1A70     		strb	r2, [r3]
 614:./ucOSII/Core/os_tmr.c ****              OS_TRACE_TMR_START_EXIT(*perr);
 997              		.loc 1 614 14
 998 00c4 3B68     		ldr	r3, [r7]
 999 00c6 1B78     		ldrb	r3, [r3]	@ zero_extendqisi2
 1000 00c8 1946     		mov	r1, r3
 1001 00ca 4120     		movs	r0, #65
 1002 00cc FFF7FEFF 		bl	SEGGER_SYSVIEW_RecordEndCallU32
 615:./ucOSII/Core/os_tmr.c ****              return (OS_TRUE);
 1003              		.loc 1 615 21
 1004 00d0 0123     		movs	r3, #1
 1005 00d2 18E0     		b	.L66
 1006              	.L71:
 616:./ucOSII/Core/os_tmr.c **** 
 617:./ucOSII/Core/os_tmr.c ****         case OS_TMR_STATE_UNUSED:                           /* Timer not created                   
 618:./ucOSII/Core/os_tmr.c ****              OSSchedUnlock();
 1007              		.loc 1 618 14
 1008 00d4 FFF7FEFF 		bl	OSSchedUnlock
 619:./ucOSII/Core/os_tmr.c ****              *perr = OS_ERR_TMR_INACTIVE;
 1009              		.loc 1 619 20
 1010 00d8 3B68     		ldr	r3, [r7]
 1011 00da 8722     		movs	r2, #135
 1012 00dc 1A70     		strb	r2, [r3]
 620:./ucOSII/Core/os_tmr.c ****              OS_TRACE_TMR_START_EXIT(*perr);
 1013              		.loc 1 620 14
 1014 00de 3B68     		ldr	r3, [r7]
 1015 00e0 1B78     		ldrb	r3, [r3]	@ zero_extendqisi2
 1016 00e2 1946     		mov	r1, r3
 1017 00e4 4120     		movs	r0, #65
 1018 00e6 FFF7FEFF 		bl	SEGGER_SYSVIEW_RecordEndCallU32
 621:./ucOSII/Core/os_tmr.c ****              return (OS_FALSE);
 1019              		.loc 1 621 21
 1020 00ea 0023     		movs	r3, #0
 1021 00ec 0BE0     		b	.L66
 1022              	.L70:
 622:./ucOSII/Core/os_tmr.c **** 
 623:./ucOSII/Core/os_tmr.c ****         default:
 624:./ucOSII/Core/os_tmr.c ****              OSSchedUnlock();
 1023              		.loc 1 624 14
 1024 00ee FFF7FEFF 		bl	OSSchedUnlock
 625:./ucOSII/Core/os_tmr.c ****              *perr = OS_ERR_TMR_INVALID_STATE;
 1025              		.loc 1 625 20
 1026 00f2 3B68     		ldr	r3, [r7]
 1027 00f4 8D22     		movs	r2, #141
 1028 00f6 1A70     		strb	r2, [r3]
 626:./ucOSII/Core/os_tmr.c ****              OS_TRACE_TMR_START_EXIT(*perr);
 1029              		.loc 1 626 14
 1030 00f8 3B68     		ldr	r3, [r7]
 1031 00fa 1B78     		ldrb	r3, [r3]	@ zero_extendqisi2
 1032 00fc 1946     		mov	r1, r3
 1033 00fe 4120     		movs	r0, #65
 1034 0100 FFF7FEFF 		bl	SEGGER_SYSVIEW_RecordEndCallU32
 627:./ucOSII/Core/os_tmr.c ****              return (OS_FALSE);
 1035              		.loc 1 627 21
ARM GAS  /var/folders/yl/_q9l42k90g1g4mdhbs226msm0000gn/T//cczreIDs.s 			page 30


 1036 0104 0023     		movs	r3, #0
 1037              	.L66:
 628:./ucOSII/Core/os_tmr.c ****     }
 629:./ucOSII/Core/os_tmr.c **** }
 1038              		.loc 1 629 1
 1039 0106 1846     		mov	r0, r3
 1040 0108 0837     		adds	r7, r7, #8
 1041              	.LCFI28:
 1042              		.cfi_def_cfa_offset 8
 1043 010a BD46     		mov	sp, r7
 1044              	.LCFI29:
 1045              		.cfi_def_cfa_register 13
 1046              		@ sp needed
 1047 010c 80BD     		pop	{r7, pc}
 1048              	.L75:
 1049 010e 00BF     		.align	2
 1050              	.L74:
 1051 0110 00000000 		.word	OSIntNesting
 1052              		.cfi_endproc
 1053              	.LFE8:
 1055              		.section	.text.OSTmrStop,"ax",%progbits
 1056              		.align	1
 1057              		.global	OSTmrStop
 1058              		.syntax unified
 1059              		.thumb
 1060              		.thumb_func
 1062              	OSTmrStop:
 1063              	.LFB9:
 630:./ucOSII/Core/os_tmr.c **** #endif
 631:./ucOSII/Core/os_tmr.c **** 
 632:./ucOSII/Core/os_tmr.c **** 
 633:./ucOSII/Core/os_tmr.c **** /*
 634:./ucOSII/Core/os_tmr.c **** ***************************************************************************************************
 635:./ucOSII/Core/os_tmr.c **** *                                            STOP A TIMER
 636:./ucOSII/Core/os_tmr.c **** *
 637:./ucOSII/Core/os_tmr.c **** * Description: This function is called by your application code to stop a timer.
 638:./ucOSII/Core/os_tmr.c **** *
 639:./ucOSII/Core/os_tmr.c **** * Arguments  : ptmr          Is a pointer to the timer to stop.
 640:./ucOSII/Core/os_tmr.c **** *
 641:./ucOSII/Core/os_tmr.c **** *              opt           Allows you to specify an option to this functions which can be:
 642:./ucOSII/Core/os_tmr.c **** *
 643:./ucOSII/Core/os_tmr.c **** *                               OS_TMR_OPT_NONE          Do nothing special but stop the timer
 644:./ucOSII/Core/os_tmr.c **** *                               OS_TMR_OPT_CALLBACK      Execute the callback function, pass it the
 645:./ucOSII/Core/os_tmr.c **** *                                                        callback argument specified when the timer
 646:./ucOSII/Core/os_tmr.c **** *                                                        was created.
 647:./ucOSII/Core/os_tmr.c **** *                               OS_TMR_OPT_CALLBACK_ARG  Execute the callback function, pass it the
 648:./ucOSII/Core/os_tmr.c **** *                                                        callback argument specified in THIS functi
 649:./ucOSII/Core/os_tmr.c **** *
 650:./ucOSII/Core/os_tmr.c **** *              callback_arg  Is a pointer to a 'new' callback argument that can be passed to the ca
 651:./ucOSII/Core/os_tmr.c **** *                            function instead of the timer's callback argument.  In other words, us
 652:./ucOSII/Core/os_tmr.c **** *                            'callback_arg' passed in THIS function INSTEAD of ptmr->OSTmrCallbackA
 653:./ucOSII/Core/os_tmr.c **** *
 654:./ucOSII/Core/os_tmr.c **** *              perr          Is a pointer to an error code.  '*perr' will contain one of the follow
 655:./ucOSII/Core/os_tmr.c **** *                               OS_ERR_NONE
 656:./ucOSII/Core/os_tmr.c **** *                               OS_ERR_TMR_INVALID         'ptmr' is a NULL pointer
 657:./ucOSII/Core/os_tmr.c **** *                               OS_ERR_TMR_INVALID_TYPE    'ptmr'  is not pointing to an OS_TMR
 658:./ucOSII/Core/os_tmr.c **** *                               OS_ERR_TMR_ISR             if the function was called from an ISR
ARM GAS  /var/folders/yl/_q9l42k90g1g4mdhbs226msm0000gn/T//cczreIDs.s 			page 31


 659:./ucOSII/Core/os_tmr.c **** *                               OS_ERR_TMR_INACTIVE        if the timer was not created
 660:./ucOSII/Core/os_tmr.c **** *                               OS_ERR_TMR_INVALID_OPT     if you specified an invalid option for '
 661:./ucOSII/Core/os_tmr.c **** *                               OS_ERR_TMR_STOPPED         if the timer was already stopped
 662:./ucOSII/Core/os_tmr.c **** *                               OS_ERR_TMR_INVALID_STATE   the timer is in an invalid state
 663:./ucOSII/Core/os_tmr.c **** *                               OS_ERR_TMR_NO_CALLBACK     if the timer does not have a callback fu
 664:./ucOSII/Core/os_tmr.c **** *
 665:./ucOSII/Core/os_tmr.c **** * Returns    : OS_TRUE       If we stopped the timer (if the timer is already stopped, we also retu
 666:./ucOSII/Core/os_tmr.c **** *              OS_FALSE      If not
 667:./ucOSII/Core/os_tmr.c **** ***************************************************************************************************
 668:./ucOSII/Core/os_tmr.c **** */
 669:./ucOSII/Core/os_tmr.c **** 
 670:./ucOSII/Core/os_tmr.c **** #if OS_TMR_EN > 0u
 671:./ucOSII/Core/os_tmr.c **** BOOLEAN  OSTmrStop (OS_TMR  *ptmr,
 672:./ucOSII/Core/os_tmr.c ****                     INT8U    opt,
 673:./ucOSII/Core/os_tmr.c ****                     void    *callback_arg,
 674:./ucOSII/Core/os_tmr.c ****                     INT8U   *perr)
 675:./ucOSII/Core/os_tmr.c **** {
 1064              		.loc 1 675 1
 1065              		.cfi_startproc
 1066              		@ args = 0, pretend = 0, frame = 24
 1067              		@ frame_needed = 1, uses_anonymous_args = 0
 1068 0000 80B5     		push	{r7, lr}
 1069              	.LCFI30:
 1070              		.cfi_def_cfa_offset 8
 1071              		.cfi_offset 7, -8
 1072              		.cfi_offset 14, -4
 1073 0002 86B0     		sub	sp, sp, #24
 1074              	.LCFI31:
 1075              		.cfi_def_cfa_offset 32
 1076 0004 00AF     		add	r7, sp, #0
 1077              	.LCFI32:
 1078              		.cfi_def_cfa_register 7
 1079 0006 F860     		str	r0, [r7, #12]
 1080 0008 7A60     		str	r2, [r7, #4]
 1081 000a 3B60     		str	r3, [r7]
 1082 000c 0B46     		mov	r3, r1
 1083 000e FB72     		strb	r3, [r7, #11]
 676:./ucOSII/Core/os_tmr.c ****     OS_TMR_CALLBACK  pfnct;
 677:./ucOSII/Core/os_tmr.c **** 
 678:./ucOSII/Core/os_tmr.c **** 
 679:./ucOSII/Core/os_tmr.c **** #ifdef OS_SAFETY_CRITICAL
 680:./ucOSII/Core/os_tmr.c ****     if (perr == (INT8U *)0) {
 681:./ucOSII/Core/os_tmr.c ****         OS_SAFETY_CRITICAL_EXCEPTION();
 682:./ucOSII/Core/os_tmr.c ****         return (OS_FALSE);
 683:./ucOSII/Core/os_tmr.c ****     }
 684:./ucOSII/Core/os_tmr.c **** #endif
 685:./ucOSII/Core/os_tmr.c **** 
 686:./ucOSII/Core/os_tmr.c **** #if OS_ARG_CHK_EN > 0u
 687:./ucOSII/Core/os_tmr.c ****     if (ptmr == (OS_TMR *)0) {
 1084              		.loc 1 687 8
 1085 0010 FB68     		ldr	r3, [r7, #12]
 1086 0012 002B     		cmp	r3, #0
 1087 0014 04D1     		bne	.L77
 688:./ucOSII/Core/os_tmr.c ****         *perr = OS_ERR_TMR_INVALID;
 1088              		.loc 1 688 15
 1089 0016 3B68     		ldr	r3, [r7]
 1090 0018 8A22     		movs	r2, #138
ARM GAS  /var/folders/yl/_q9l42k90g1g4mdhbs226msm0000gn/T//cczreIDs.s 			page 32


 1091 001a 1A70     		strb	r2, [r3]
 689:./ucOSII/Core/os_tmr.c ****         return (OS_FALSE);
 1092              		.loc 1 689 16
 1093 001c 0023     		movs	r3, #0
 1094 001e 9BE0     		b	.L78
 1095              	.L77:
 690:./ucOSII/Core/os_tmr.c ****     }
 691:./ucOSII/Core/os_tmr.c **** #endif
 692:./ucOSII/Core/os_tmr.c **** 
 693:./ucOSII/Core/os_tmr.c ****     OS_TRACE_TMR_STOP_ENTER(ptmr);
 1096              		.loc 1 693 5
 1097 0020 FB68     		ldr	r3, [r7, #12]
 1098 0022 1846     		mov	r0, r3
 1099 0024 FFF7FEFF 		bl	SEGGER_SYSVIEW_ShrinkId
 1100 0028 0346     		mov	r3, r0
 1101 002a 1946     		mov	r1, r3
 1102 002c 4220     		movs	r0, #66
 1103 002e FFF7FEFF 		bl	SEGGER_SYSVIEW_RecordU32
 694:./ucOSII/Core/os_tmr.c **** 
 695:./ucOSII/Core/os_tmr.c ****     if (ptmr->OSTmrType != OS_TMR_TYPE) {                         /* Validate timer structure      
 1104              		.loc 1 695 13
 1105 0032 FB68     		ldr	r3, [r7, #12]
 1106 0034 1B78     		ldrb	r3, [r3]	@ zero_extendqisi2
 1107              		.loc 1 695 8
 1108 0036 642B     		cmp	r3, #100
 1109 0038 0AD0     		beq	.L79
 696:./ucOSII/Core/os_tmr.c ****         *perr = OS_ERR_TMR_INVALID_TYPE;
 1110              		.loc 1 696 15
 1111 003a 3B68     		ldr	r3, [r7]
 1112 003c 8922     		movs	r2, #137
 1113 003e 1A70     		strb	r2, [r3]
 697:./ucOSII/Core/os_tmr.c ****         OS_TRACE_TMR_STOP_EXIT(*perr);
 1114              		.loc 1 697 9
 1115 0040 3B68     		ldr	r3, [r7]
 1116 0042 1B78     		ldrb	r3, [r3]	@ zero_extendqisi2
 1117 0044 1946     		mov	r1, r3
 1118 0046 4220     		movs	r0, #66
 1119 0048 FFF7FEFF 		bl	SEGGER_SYSVIEW_RecordEndCallU32
 698:./ucOSII/Core/os_tmr.c ****         return (OS_FALSE);
 1120              		.loc 1 698 16
 1121 004c 0023     		movs	r3, #0
 1122 004e 83E0     		b	.L78
 1123              	.L79:
 699:./ucOSII/Core/os_tmr.c ****     }
 700:./ucOSII/Core/os_tmr.c ****     if (OSIntNesting > 0u) {                                      /* See if trying to call from an 
 1124              		.loc 1 700 22
 1125 0050 434B     		ldr	r3, .L95
 1126 0052 1B78     		ldrb	r3, [r3]	@ zero_extendqisi2
 1127              		.loc 1 700 8
 1128 0054 002B     		cmp	r3, #0
 1129 0056 0AD0     		beq	.L80
 701:./ucOSII/Core/os_tmr.c ****         *perr  = OS_ERR_TMR_ISR;
 1130              		.loc 1 701 16
 1131 0058 3B68     		ldr	r3, [r7]
 1132 005a 8B22     		movs	r2, #139
 1133 005c 1A70     		strb	r2, [r3]
 702:./ucOSII/Core/os_tmr.c ****         OS_TRACE_TMR_STOP_EXIT(*perr);
ARM GAS  /var/folders/yl/_q9l42k90g1g4mdhbs226msm0000gn/T//cczreIDs.s 			page 33


 1134              		.loc 1 702 9
 1135 005e 3B68     		ldr	r3, [r7]
 1136 0060 1B78     		ldrb	r3, [r3]	@ zero_extendqisi2
 1137 0062 1946     		mov	r1, r3
 1138 0064 4220     		movs	r0, #66
 1139 0066 FFF7FEFF 		bl	SEGGER_SYSVIEW_RecordEndCallU32
 703:./ucOSII/Core/os_tmr.c ****         return (OS_FALSE);
 1140              		.loc 1 703 16
 1141 006a 0023     		movs	r3, #0
 1142 006c 74E0     		b	.L78
 1143              	.L80:
 704:./ucOSII/Core/os_tmr.c ****     }
 705:./ucOSII/Core/os_tmr.c ****     OSSchedLock();
 1144              		.loc 1 705 5
 1145 006e FFF7FEFF 		bl	OSSchedLock
 706:./ucOSII/Core/os_tmr.c ****     switch (ptmr->OSTmrState) {
 1146              		.loc 1 706 17
 1147 0072 FB68     		ldr	r3, [r7, #12]
 1148 0074 93F82530 		ldrb	r3, [r3, #37]	@ zero_extendqisi2
 1149              		.loc 1 706 5
 1150 0078 032B     		cmp	r3, #3
 1151 007a 09D0     		beq	.L81
 1152 007c 032B     		cmp	r3, #3
 1153 007e 5FDC     		bgt	.L82
 1154 0080 002B     		cmp	r3, #0
 1155 0082 50D0     		beq	.L83
 1156 0084 002B     		cmp	r3, #0
 1157 0086 5BDB     		blt	.L82
 1158 0088 013B     		subs	r3, r3, #1
 1159 008a 012B     		cmp	r3, #1
 1160 008c 58D8     		bhi	.L82
 1161 008e 3DE0     		b	.L93
 1162              	.L81:
 707:./ucOSII/Core/os_tmr.c ****         case OS_TMR_STATE_RUNNING:
 708:./ucOSII/Core/os_tmr.c ****              OSTmr_Unlink(ptmr);                                  /* Remove from current wheel spok
 1163              		.loc 1 708 14
 1164 0090 F868     		ldr	r0, [r7, #12]
 1165 0092 FFF7FEFF 		bl	OSTmr_Unlink
 709:./ucOSII/Core/os_tmr.c ****              *perr = OS_ERR_NONE;
 1166              		.loc 1 709 20
 1167 0096 3B68     		ldr	r3, [r7]
 1168 0098 0022     		movs	r2, #0
 1169 009a 1A70     		strb	r2, [r3]
 710:./ucOSII/Core/os_tmr.c ****              switch (opt) {
 1170              		.loc 1 710 14
 1171 009c FB7A     		ldrb	r3, [r7, #11]	@ zero_extendqisi2
 1172 009e 042B     		cmp	r3, #4
 1173 00a0 16D0     		beq	.L85
 1174 00a2 042B     		cmp	r3, #4
 1175 00a4 23DC     		bgt	.L86
 1176 00a6 002B     		cmp	r3, #0
 1177 00a8 25D0     		beq	.L94
 1178 00aa 032B     		cmp	r3, #3
 1179 00ac 1FD1     		bne	.L86
 711:./ucOSII/Core/os_tmr.c ****                  case OS_TMR_OPT_CALLBACK:
 712:./ucOSII/Core/os_tmr.c ****                       pfnct = ptmr->OSTmrCallback;                /* Execute callback function if a
 1180              		.loc 1 712 29
ARM GAS  /var/folders/yl/_q9l42k90g1g4mdhbs226msm0000gn/T//cczreIDs.s 			page 34


 1181 00ae FB68     		ldr	r3, [r7, #12]
 1182 00b0 5B68     		ldr	r3, [r3, #4]
 1183 00b2 7B61     		str	r3, [r7, #20]
 713:./ucOSII/Core/os_tmr.c ****                       if (pfnct != (OS_TMR_CALLBACK)0) {
 1184              		.loc 1 713 26
 1185 00b4 7B69     		ldr	r3, [r7, #20]
 1186 00b6 002B     		cmp	r3, #0
 1187 00b8 06D0     		beq	.L88
 714:./ucOSII/Core/os_tmr.c ****                           (*pfnct)((void *)ptmr, ptmr->OSTmrCallbackArg);  /* Use callback arg when
 1188              		.loc 1 714 28
 1189 00ba FB68     		ldr	r3, [r7, #12]
 1190 00bc 9A68     		ldr	r2, [r3, #8]
 1191 00be 7B69     		ldr	r3, [r7, #20]
 1192 00c0 1146     		mov	r1, r2
 1193 00c2 F868     		ldr	r0, [r7, #12]
 1194 00c4 9847     		blx	r3
 1195              	.LVL0:
 715:./ucOSII/Core/os_tmr.c ****                       } else {
 716:./ucOSII/Core/os_tmr.c ****                           *perr = OS_ERR_TMR_NO_CALLBACK;
 717:./ucOSII/Core/os_tmr.c ****                       }
 718:./ucOSII/Core/os_tmr.c ****                       break;
 1196              		.loc 1 718 23
 1197 00c6 17E0     		b	.L90
 1198              	.L88:
 716:./ucOSII/Core/os_tmr.c ****                       }
 1199              		.loc 1 716 33
 1200 00c8 3B68     		ldr	r3, [r7]
 1201 00ca 8F22     		movs	r2, #143
 1202 00cc 1A70     		strb	r2, [r3]
 1203              		.loc 1 718 23
 1204 00ce 13E0     		b	.L90
 1205              	.L85:
 719:./ucOSII/Core/os_tmr.c **** 
 720:./ucOSII/Core/os_tmr.c ****                  case OS_TMR_OPT_CALLBACK_ARG:
 721:./ucOSII/Core/os_tmr.c ****                       pfnct = ptmr->OSTmrCallback;                /* Execute callback function if a
 1206              		.loc 1 721 29
 1207 00d0 FB68     		ldr	r3, [r7, #12]
 1208 00d2 5B68     		ldr	r3, [r3, #4]
 1209 00d4 7B61     		str	r3, [r7, #20]
 722:./ucOSII/Core/os_tmr.c ****                       if (pfnct != (OS_TMR_CALLBACK)0) {
 1210              		.loc 1 722 26
 1211 00d6 7B69     		ldr	r3, [r7, #20]
 1212 00d8 002B     		cmp	r3, #0
 1213 00da 04D0     		beq	.L91
 723:./ucOSII/Core/os_tmr.c ****                           (*pfnct)((void *)ptmr, callback_arg);   /* ... using the 'callback_arg' p
 1214              		.loc 1 723 28
 1215 00dc 7B69     		ldr	r3, [r7, #20]
 1216 00de 7968     		ldr	r1, [r7, #4]
 1217 00e0 F868     		ldr	r0, [r7, #12]
 1218 00e2 9847     		blx	r3
 1219              	.LVL1:
 724:./ucOSII/Core/os_tmr.c ****                       } else {
 725:./ucOSII/Core/os_tmr.c ****                           *perr = OS_ERR_TMR_NO_CALLBACK;
 726:./ucOSII/Core/os_tmr.c ****                       }
 727:./ucOSII/Core/os_tmr.c ****                       break;
 1220              		.loc 1 727 23
 1221 00e4 08E0     		b	.L90
ARM GAS  /var/folders/yl/_q9l42k90g1g4mdhbs226msm0000gn/T//cczreIDs.s 			page 35


 1222              	.L91:
 725:./ucOSII/Core/os_tmr.c ****                       }
 1223              		.loc 1 725 33
 1224 00e6 3B68     		ldr	r3, [r7]
 1225 00e8 8F22     		movs	r2, #143
 1226 00ea 1A70     		strb	r2, [r3]
 1227              		.loc 1 727 23
 1228 00ec 04E0     		b	.L90
 1229              	.L86:
 728:./ucOSII/Core/os_tmr.c **** 
 729:./ucOSII/Core/os_tmr.c ****                  case OS_TMR_OPT_NONE:
 730:./ucOSII/Core/os_tmr.c ****                       break;
 731:./ucOSII/Core/os_tmr.c **** 
 732:./ucOSII/Core/os_tmr.c ****                  default:
 733:./ucOSII/Core/os_tmr.c ****                      *perr = OS_ERR_TMR_INVALID_OPT;
 1230              		.loc 1 733 28
 1231 00ee 3B68     		ldr	r3, [r7]
 1232 00f0 8422     		movs	r2, #132
 1233 00f2 1A70     		strb	r2, [r3]
 734:./ucOSII/Core/os_tmr.c ****                      break;
 1234              		.loc 1 734 22
 1235 00f4 00E0     		b	.L90
 1236              	.L94:
 730:./ucOSII/Core/os_tmr.c **** 
 1237              		.loc 1 730 23
 1238 00f6 00BF     		nop
 1239              	.L90:
 735:./ucOSII/Core/os_tmr.c ****              }
 736:./ucOSII/Core/os_tmr.c ****              OSSchedUnlock();
 1240              		.loc 1 736 14
 1241 00f8 FFF7FEFF 		bl	OSSchedUnlock
 737:./ucOSII/Core/os_tmr.c ****              OS_TRACE_TMR_STOP_EXIT(*perr);
 1242              		.loc 1 737 14
 1243 00fc 3B68     		ldr	r3, [r7]
 1244 00fe 1B78     		ldrb	r3, [r3]	@ zero_extendqisi2
 1245 0100 1946     		mov	r1, r3
 1246 0102 4220     		movs	r0, #66
 1247 0104 FFF7FEFF 		bl	SEGGER_SYSVIEW_RecordEndCallU32
 738:./ucOSII/Core/os_tmr.c ****              return (OS_TRUE);
 1248              		.loc 1 738 21
 1249 0108 0123     		movs	r3, #1
 1250 010a 25E0     		b	.L78
 1251              	.L93:
 739:./ucOSII/Core/os_tmr.c **** 
 740:./ucOSII/Core/os_tmr.c ****         case OS_TMR_STATE_COMPLETED:                              /* Timer has already completed th
 741:./ucOSII/Core/os_tmr.c ****         case OS_TMR_STATE_STOPPED:                                /* ... timer has not started yet.
 742:./ucOSII/Core/os_tmr.c ****              OSSchedUnlock();
 1252              		.loc 1 742 14
 1253 010c FFF7FEFF 		bl	OSSchedUnlock
 743:./ucOSII/Core/os_tmr.c ****              *perr = OS_ERR_TMR_STOPPED;
 1254              		.loc 1 743 20
 1255 0110 3B68     		ldr	r3, [r7]
 1256 0112 8E22     		movs	r2, #142
 1257 0114 1A70     		strb	r2, [r3]
 744:./ucOSII/Core/os_tmr.c ****              OS_TRACE_TMR_STOP_EXIT(*perr);
 1258              		.loc 1 744 14
 1259 0116 3B68     		ldr	r3, [r7]
ARM GAS  /var/folders/yl/_q9l42k90g1g4mdhbs226msm0000gn/T//cczreIDs.s 			page 36


 1260 0118 1B78     		ldrb	r3, [r3]	@ zero_extendqisi2
 1261 011a 1946     		mov	r1, r3
 1262 011c 4220     		movs	r0, #66
 1263 011e FFF7FEFF 		bl	SEGGER_SYSVIEW_RecordEndCallU32
 745:./ucOSII/Core/os_tmr.c ****              return (OS_TRUE);
 1264              		.loc 1 745 21
 1265 0122 0123     		movs	r3, #1
 1266 0124 18E0     		b	.L78
 1267              	.L83:
 746:./ucOSII/Core/os_tmr.c **** 
 747:./ucOSII/Core/os_tmr.c ****         case OS_TMR_STATE_UNUSED:                                 /* Timer was not created         
 748:./ucOSII/Core/os_tmr.c ****              OSSchedUnlock();
 1268              		.loc 1 748 14
 1269 0126 FFF7FEFF 		bl	OSSchedUnlock
 749:./ucOSII/Core/os_tmr.c ****              *perr = OS_ERR_TMR_INACTIVE;
 1270              		.loc 1 749 20
 1271 012a 3B68     		ldr	r3, [r7]
 1272 012c 8722     		movs	r2, #135
 1273 012e 1A70     		strb	r2, [r3]
 750:./ucOSII/Core/os_tmr.c ****              OS_TRACE_TMR_STOP_EXIT(*perr);
 1274              		.loc 1 750 14
 1275 0130 3B68     		ldr	r3, [r7]
 1276 0132 1B78     		ldrb	r3, [r3]	@ zero_extendqisi2
 1277 0134 1946     		mov	r1, r3
 1278 0136 4220     		movs	r0, #66
 1279 0138 FFF7FEFF 		bl	SEGGER_SYSVIEW_RecordEndCallU32
 751:./ucOSII/Core/os_tmr.c ****              return (OS_FALSE);
 1280              		.loc 1 751 21
 1281 013c 0023     		movs	r3, #0
 1282 013e 0BE0     		b	.L78
 1283              	.L82:
 752:./ucOSII/Core/os_tmr.c **** 
 753:./ucOSII/Core/os_tmr.c ****         default:
 754:./ucOSII/Core/os_tmr.c ****              OSSchedUnlock();
 1284              		.loc 1 754 14
 1285 0140 FFF7FEFF 		bl	OSSchedUnlock
 755:./ucOSII/Core/os_tmr.c ****              *perr = OS_ERR_TMR_INVALID_STATE;
 1286              		.loc 1 755 20
 1287 0144 3B68     		ldr	r3, [r7]
 1288 0146 8D22     		movs	r2, #141
 1289 0148 1A70     		strb	r2, [r3]
 756:./ucOSII/Core/os_tmr.c ****              OS_TRACE_TMR_STOP_EXIT(*perr);
 1290              		.loc 1 756 14
 1291 014a 3B68     		ldr	r3, [r7]
 1292 014c 1B78     		ldrb	r3, [r3]	@ zero_extendqisi2
 1293 014e 1946     		mov	r1, r3
 1294 0150 4220     		movs	r0, #66
 1295 0152 FFF7FEFF 		bl	SEGGER_SYSVIEW_RecordEndCallU32
 757:./ucOSII/Core/os_tmr.c ****              return (OS_FALSE);
 1296              		.loc 1 757 21
 1297 0156 0023     		movs	r3, #0
 1298              	.L78:
 758:./ucOSII/Core/os_tmr.c ****     }
 759:./ucOSII/Core/os_tmr.c **** }
 1299              		.loc 1 759 1
 1300 0158 1846     		mov	r0, r3
 1301 015a 1837     		adds	r7, r7, #24
ARM GAS  /var/folders/yl/_q9l42k90g1g4mdhbs226msm0000gn/T//cczreIDs.s 			page 37


 1302              	.LCFI33:
 1303              		.cfi_def_cfa_offset 8
 1304 015c BD46     		mov	sp, r7
 1305              	.LCFI34:
 1306              		.cfi_def_cfa_register 13
 1307              		@ sp needed
 1308 015e 80BD     		pop	{r7, pc}
 1309              	.L96:
 1310              		.align	2
 1311              	.L95:
 1312 0160 00000000 		.word	OSIntNesting
 1313              		.cfi_endproc
 1314              	.LFE9:
 1316              		.section	.text.OSTmrSignal,"ax",%progbits
 1317              		.align	1
 1318              		.global	OSTmrSignal
 1319              		.syntax unified
 1320              		.thumb
 1321              		.thumb_func
 1323              	OSTmrSignal:
 1324              	.LFB10:
 760:./ucOSII/Core/os_tmr.c **** #endif
 761:./ucOSII/Core/os_tmr.c **** 
 762:./ucOSII/Core/os_tmr.c **** 
 763:./ucOSII/Core/os_tmr.c **** /*
 764:./ucOSII/Core/os_tmr.c **** ***************************************************************************************************
 765:./ucOSII/Core/os_tmr.c **** *                             SIGNAL THAT IT'S TIME TO UPDATE THE TIMERS
 766:./ucOSII/Core/os_tmr.c **** *
 767:./ucOSII/Core/os_tmr.c **** * Description: This function is typically called by the ISR that occurs at the timer tick rate and 
 768:./ucOSII/Core/os_tmr.c **** *              used to signal to OSTmr_Task() that it's time to update the timers.
 769:./ucOSII/Core/os_tmr.c **** *
 770:./ucOSII/Core/os_tmr.c **** * Arguments  : none
 771:./ucOSII/Core/os_tmr.c **** *
 772:./ucOSII/Core/os_tmr.c **** * Returns    : OS_ERR_NONE         The call was successful and the timer task was signaled.
 773:./ucOSII/Core/os_tmr.c **** *              OS_ERR_SEM_OVF      If OSTmrSignal() was called more often than OSTmr_Task() can han
 774:./ucOSII/Core/os_tmr.c **** *                                  the timers. This would indicate that your system is heavily load
 775:./ucOSII/Core/os_tmr.c **** *              OS_ERR_EVENT_TYPE   Unlikely you would get this error because the semaphore used for
 776:./ucOSII/Core/os_tmr.c **** *                                  signaling is created by uC/OS-II.
 777:./ucOSII/Core/os_tmr.c **** *              OS_ERR_PEVENT_NULL  Again, unlikely you would ever get this error because the semaph
 778:./ucOSII/Core/os_tmr.c **** *                                  used for signaling is created by uC/OS-II.
 779:./ucOSII/Core/os_tmr.c **** ***************************************************************************************************
 780:./ucOSII/Core/os_tmr.c **** */
 781:./ucOSII/Core/os_tmr.c **** 
 782:./ucOSII/Core/os_tmr.c **** #if OS_TMR_EN > 0u
 783:./ucOSII/Core/os_tmr.c **** INT8U  OSTmrSignal (void)
 784:./ucOSII/Core/os_tmr.c **** {
 1325              		.loc 1 784 1
 1326              		.cfi_startproc
 1327              		@ args = 0, pretend = 0, frame = 8
 1328              		@ frame_needed = 1, uses_anonymous_args = 0
 1329 0000 80B5     		push	{r7, lr}
 1330              	.LCFI35:
 1331              		.cfi_def_cfa_offset 8
 1332              		.cfi_offset 7, -8
 1333              		.cfi_offset 14, -4
 1334 0002 82B0     		sub	sp, sp, #8
 1335              	.LCFI36:
ARM GAS  /var/folders/yl/_q9l42k90g1g4mdhbs226msm0000gn/T//cczreIDs.s 			page 38


 1336              		.cfi_def_cfa_offset 16
 1337 0004 00AF     		add	r7, sp, #0
 1338              	.LCFI37:
 1339              		.cfi_def_cfa_register 7
 785:./ucOSII/Core/os_tmr.c ****     INT8U  err;
 786:./ucOSII/Core/os_tmr.c **** 
 787:./ucOSII/Core/os_tmr.c **** 
 788:./ucOSII/Core/os_tmr.c ****     err = OSSemPost(OSTmrSemSignal);
 1340              		.loc 1 788 11
 1341 0006 064B     		ldr	r3, .L99
 1342 0008 1B68     		ldr	r3, [r3]
 1343 000a 1846     		mov	r0, r3
 1344 000c FFF7FEFF 		bl	OSSemPost
 1345 0010 0346     		mov	r3, r0
 1346 0012 FB71     		strb	r3, [r7, #7]
 789:./ucOSII/Core/os_tmr.c ****     return (err);
 1347              		.loc 1 789 12
 1348 0014 FB79     		ldrb	r3, [r7, #7]	@ zero_extendqisi2
 790:./ucOSII/Core/os_tmr.c **** }
 1349              		.loc 1 790 1
 1350 0016 1846     		mov	r0, r3
 1351 0018 0837     		adds	r7, r7, #8
 1352              	.LCFI38:
 1353              		.cfi_def_cfa_offset 8
 1354 001a BD46     		mov	sp, r7
 1355              	.LCFI39:
 1356              		.cfi_def_cfa_register 13
 1357              		@ sp needed
 1358 001c 80BD     		pop	{r7, pc}
 1359              	.L100:
 1360 001e 00BF     		.align	2
 1361              	.L99:
 1362 0020 00000000 		.word	OSTmrSemSignal
 1363              		.cfi_endproc
 1364              	.LFE10:
 1366              		.section	.text.OSTmr_Alloc,"ax",%progbits
 1367              		.align	1
 1368              		.syntax unified
 1369              		.thumb
 1370              		.thumb_func
 1372              	OSTmr_Alloc:
 1373              	.LFB11:
 791:./ucOSII/Core/os_tmr.c **** #endif
 792:./ucOSII/Core/os_tmr.c **** 
 793:./ucOSII/Core/os_tmr.c **** 
 794:./ucOSII/Core/os_tmr.c **** /*
 795:./ucOSII/Core/os_tmr.c **** ***************************************************************************************************
 796:./ucOSII/Core/os_tmr.c **** *                                      ALLOCATE AND FREE A TIMER
 797:./ucOSII/Core/os_tmr.c **** *
 798:./ucOSII/Core/os_tmr.c **** * Description: This function is called to allocate a timer.
 799:./ucOSII/Core/os_tmr.c **** *
 800:./ucOSII/Core/os_tmr.c **** * Arguments  : none
 801:./ucOSII/Core/os_tmr.c **** *
 802:./ucOSII/Core/os_tmr.c **** * Returns    : a pointer to a timer if one is available
 803:./ucOSII/Core/os_tmr.c **** ***************************************************************************************************
 804:./ucOSII/Core/os_tmr.c **** */
 805:./ucOSII/Core/os_tmr.c **** 
ARM GAS  /var/folders/yl/_q9l42k90g1g4mdhbs226msm0000gn/T//cczreIDs.s 			page 39


 806:./ucOSII/Core/os_tmr.c **** #if OS_TMR_EN > 0u
 807:./ucOSII/Core/os_tmr.c **** static  OS_TMR  *OSTmr_Alloc (void)
 808:./ucOSII/Core/os_tmr.c **** {
 1374              		.loc 1 808 1
 1375              		.cfi_startproc
 1376              		@ args = 0, pretend = 0, frame = 8
 1377              		@ frame_needed = 1, uses_anonymous_args = 0
 1378              		@ link register save eliminated.
 1379 0000 80B4     		push	{r7}
 1380              	.LCFI40:
 1381              		.cfi_def_cfa_offset 4
 1382              		.cfi_offset 7, -4
 1383 0002 83B0     		sub	sp, sp, #12
 1384              	.LCFI41:
 1385              		.cfi_def_cfa_offset 16
 1386 0004 00AF     		add	r7, sp, #0
 1387              	.LCFI42:
 1388              		.cfi_def_cfa_register 7
 809:./ucOSII/Core/os_tmr.c ****     OS_TMR *ptmr;
 810:./ucOSII/Core/os_tmr.c **** 
 811:./ucOSII/Core/os_tmr.c **** 
 812:./ucOSII/Core/os_tmr.c ****     if (OSTmrFreeList == (OS_TMR *)0) {
 1389              		.loc 1 812 23
 1390 0006 134B     		ldr	r3, .L104
 1391 0008 1B68     		ldr	r3, [r3]
 1392              		.loc 1 812 8
 1393 000a 002B     		cmp	r3, #0
 1394 000c 01D1     		bne	.L102
 813:./ucOSII/Core/os_tmr.c ****         return ((OS_TMR *)0);
 1395              		.loc 1 813 16
 1396 000e 0023     		movs	r3, #0
 1397 0010 19E0     		b	.L103
 1398              	.L102:
 814:./ucOSII/Core/os_tmr.c ****     }
 815:./ucOSII/Core/os_tmr.c ****     ptmr            = (OS_TMR *)OSTmrFreeList;
 1399              		.loc 1 815 21
 1400 0012 104B     		ldr	r3, .L104
 1401 0014 1B68     		ldr	r3, [r3]
 1402 0016 7B60     		str	r3, [r7, #4]
 816:./ucOSII/Core/os_tmr.c ****     OSTmrFreeList   = (OS_TMR *)ptmr->OSTmrNext;
 1403              		.loc 1 816 37
 1404 0018 7B68     		ldr	r3, [r7, #4]
 1405 001a DB68     		ldr	r3, [r3, #12]
 1406              		.loc 1 816 21
 1407 001c 0D4A     		ldr	r2, .L104
 1408 001e 1360     		str	r3, [r2]
 817:./ucOSII/Core/os_tmr.c ****     ptmr->OSTmrNext = (OS_TCB *)0;
 1409              		.loc 1 817 21
 1410 0020 7B68     		ldr	r3, [r7, #4]
 1411 0022 0022     		movs	r2, #0
 1412 0024 DA60     		str	r2, [r3, #12]
 818:./ucOSII/Core/os_tmr.c ****     ptmr->OSTmrPrev = (OS_TCB *)0;
 1413              		.loc 1 818 21
 1414 0026 7B68     		ldr	r3, [r7, #4]
 1415 0028 0022     		movs	r2, #0
 1416 002a 1A61     		str	r2, [r3, #16]
 819:./ucOSII/Core/os_tmr.c ****     OSTmrUsed++;
ARM GAS  /var/folders/yl/_q9l42k90g1g4mdhbs226msm0000gn/T//cczreIDs.s 			page 40


 1417              		.loc 1 819 14
 1418 002c 0A4B     		ldr	r3, .L104+4
 1419 002e 1B88     		ldrh	r3, [r3]
 1420 0030 0133     		adds	r3, r3, #1
 1421 0032 9AB2     		uxth	r2, r3
 1422 0034 084B     		ldr	r3, .L104+4
 1423 0036 1A80     		strh	r2, [r3]	@ movhi
 820:./ucOSII/Core/os_tmr.c ****     OSTmrFree--;
 1424              		.loc 1 820 14
 1425 0038 084B     		ldr	r3, .L104+8
 1426 003a 1B88     		ldrh	r3, [r3]
 1427 003c 013B     		subs	r3, r3, #1
 1428 003e 9AB2     		uxth	r2, r3
 1429 0040 064B     		ldr	r3, .L104+8
 1430 0042 1A80     		strh	r2, [r3]	@ movhi
 821:./ucOSII/Core/os_tmr.c ****     return (ptmr);
 1431              		.loc 1 821 12
 1432 0044 7B68     		ldr	r3, [r7, #4]
 1433              	.L103:
 822:./ucOSII/Core/os_tmr.c **** }
 1434              		.loc 1 822 1
 1435 0046 1846     		mov	r0, r3
 1436 0048 0C37     		adds	r7, r7, #12
 1437              	.LCFI43:
 1438              		.cfi_def_cfa_offset 4
 1439 004a BD46     		mov	sp, r7
 1440              	.LCFI44:
 1441              		.cfi_def_cfa_register 13
 1442              		@ sp needed
 1443 004c 5DF8047B 		ldr	r7, [sp], #4
 1444              	.LCFI45:
 1445              		.cfi_restore 7
 1446              		.cfi_def_cfa_offset 0
 1447 0050 7047     		bx	lr
 1448              	.L105:
 1449 0052 00BF     		.align	2
 1450              	.L104:
 1451 0054 00000000 		.word	OSTmrFreeList
 1452 0058 00000000 		.word	OSTmrUsed
 1453 005c 00000000 		.word	OSTmrFree
 1454              		.cfi_endproc
 1455              	.LFE11:
 1457              		.section	.text.OSTmr_Free,"ax",%progbits
 1458              		.align	1
 1459              		.syntax unified
 1460              		.thumb
 1461              		.thumb_func
 1463              	OSTmr_Free:
 1464              	.LFB12:
 823:./ucOSII/Core/os_tmr.c **** #endif
 824:./ucOSII/Core/os_tmr.c **** 
 825:./ucOSII/Core/os_tmr.c **** 
 826:./ucOSII/Core/os_tmr.c **** /*
 827:./ucOSII/Core/os_tmr.c **** ***************************************************************************************************
 828:./ucOSII/Core/os_tmr.c **** *                                   RETURN A TIMER TO THE FREE LIST
 829:./ucOSII/Core/os_tmr.c **** *
 830:./ucOSII/Core/os_tmr.c **** * Description: This function is called to return a timer object to the free list of timers.
ARM GAS  /var/folders/yl/_q9l42k90g1g4mdhbs226msm0000gn/T//cczreIDs.s 			page 41


 831:./ucOSII/Core/os_tmr.c **** *
 832:./ucOSII/Core/os_tmr.c **** * Arguments  : ptmr     is a pointer to the timer to free
 833:./ucOSII/Core/os_tmr.c **** *
 834:./ucOSII/Core/os_tmr.c **** * Returns    : none
 835:./ucOSII/Core/os_tmr.c **** ***************************************************************************************************
 836:./ucOSII/Core/os_tmr.c **** */
 837:./ucOSII/Core/os_tmr.c **** 
 838:./ucOSII/Core/os_tmr.c **** #if OS_TMR_EN > 0u
 839:./ucOSII/Core/os_tmr.c **** static  void  OSTmr_Free (OS_TMR *ptmr)
 840:./ucOSII/Core/os_tmr.c **** {
 1465              		.loc 1 840 1
 1466              		.cfi_startproc
 1467              		@ args = 0, pretend = 0, frame = 8
 1468              		@ frame_needed = 1, uses_anonymous_args = 0
 1469              		@ link register save eliminated.
 1470 0000 80B4     		push	{r7}
 1471              	.LCFI46:
 1472              		.cfi_def_cfa_offset 4
 1473              		.cfi_offset 7, -4
 1474 0002 83B0     		sub	sp, sp, #12
 1475              	.LCFI47:
 1476              		.cfi_def_cfa_offset 16
 1477 0004 00AF     		add	r7, sp, #0
 1478              	.LCFI48:
 1479              		.cfi_def_cfa_register 7
 1480 0006 7860     		str	r0, [r7, #4]
 841:./ucOSII/Core/os_tmr.c ****     ptmr->OSTmrState       = OS_TMR_STATE_UNUSED;      /* Clear timer object fields                
 1481              		.loc 1 841 28
 1482 0008 7B68     		ldr	r3, [r7, #4]
 1483 000a 0022     		movs	r2, #0
 1484 000c 83F82520 		strb	r2, [r3, #37]
 842:./ucOSII/Core/os_tmr.c ****     ptmr->OSTmrOpt         = OS_TMR_OPT_NONE;
 1485              		.loc 1 842 28
 1486 0010 7B68     		ldr	r3, [r7, #4]
 1487 0012 0022     		movs	r2, #0
 1488 0014 83F82420 		strb	r2, [r3, #36]
 843:./ucOSII/Core/os_tmr.c ****     ptmr->OSTmrPeriod      = 0u;
 1489              		.loc 1 843 28
 1490 0018 7B68     		ldr	r3, [r7, #4]
 1491 001a 0022     		movs	r2, #0
 1492 001c DA61     		str	r2, [r3, #28]
 844:./ucOSII/Core/os_tmr.c ****     ptmr->OSTmrMatch       = 0u;
 1493              		.loc 1 844 28
 1494 001e 7B68     		ldr	r3, [r7, #4]
 1495 0020 0022     		movs	r2, #0
 1496 0022 5A61     		str	r2, [r3, #20]
 845:./ucOSII/Core/os_tmr.c ****     ptmr->OSTmrCallback    = (OS_TMR_CALLBACK)0;
 1497              		.loc 1 845 28
 1498 0024 7B68     		ldr	r3, [r7, #4]
 1499 0026 0022     		movs	r2, #0
 1500 0028 5A60     		str	r2, [r3, #4]
 846:./ucOSII/Core/os_tmr.c ****     ptmr->OSTmrCallbackArg = (void *)0;
 1501              		.loc 1 846 28
 1502 002a 7B68     		ldr	r3, [r7, #4]
 1503 002c 0022     		movs	r2, #0
 1504 002e 9A60     		str	r2, [r3, #8]
 847:./ucOSII/Core/os_tmr.c **** #if OS_TMR_CFG_NAME_EN > 0u
ARM GAS  /var/folders/yl/_q9l42k90g1g4mdhbs226msm0000gn/T//cczreIDs.s 			page 42


 848:./ucOSII/Core/os_tmr.c ****     ptmr->OSTmrName        = (INT8U *)(void *)"?";
 1505              		.loc 1 848 28
 1506 0030 7B68     		ldr	r3, [r7, #4]
 1507 0032 0F4A     		ldr	r2, .L107
 1508 0034 1A62     		str	r2, [r3, #32]
 849:./ucOSII/Core/os_tmr.c **** #endif
 850:./ucOSII/Core/os_tmr.c **** 
 851:./ucOSII/Core/os_tmr.c ****     ptmr->OSTmrPrev        = (OS_TCB *)0;              /* Chain timer to free list                 
 1509              		.loc 1 851 28
 1510 0036 7B68     		ldr	r3, [r7, #4]
 1511 0038 0022     		movs	r2, #0
 1512 003a 1A61     		str	r2, [r3, #16]
 852:./ucOSII/Core/os_tmr.c ****     ptmr->OSTmrNext        = OSTmrFreeList;
 1513              		.loc 1 852 28
 1514 003c 0D4B     		ldr	r3, .L107+4
 1515 003e 1A68     		ldr	r2, [r3]
 1516 0040 7B68     		ldr	r3, [r7, #4]
 1517 0042 DA60     		str	r2, [r3, #12]
 853:./ucOSII/Core/os_tmr.c ****     OSTmrFreeList          = ptmr;
 1518              		.loc 1 853 28
 1519 0044 0B4A     		ldr	r2, .L107+4
 1520 0046 7B68     		ldr	r3, [r7, #4]
 1521 0048 1360     		str	r3, [r2]
 854:./ucOSII/Core/os_tmr.c **** 
 855:./ucOSII/Core/os_tmr.c ****     OSTmrUsed--;                                       /* Update timer object statistics           
 1522              		.loc 1 855 14
 1523 004a 0B4B     		ldr	r3, .L107+8
 1524 004c 1B88     		ldrh	r3, [r3]
 1525 004e 013B     		subs	r3, r3, #1
 1526 0050 9AB2     		uxth	r2, r3
 1527 0052 094B     		ldr	r3, .L107+8
 1528 0054 1A80     		strh	r2, [r3]	@ movhi
 856:./ucOSII/Core/os_tmr.c ****     OSTmrFree++;
 1529              		.loc 1 856 14
 1530 0056 094B     		ldr	r3, .L107+12
 1531 0058 1B88     		ldrh	r3, [r3]
 1532 005a 0133     		adds	r3, r3, #1
 1533 005c 9AB2     		uxth	r2, r3
 1534 005e 074B     		ldr	r3, .L107+12
 1535 0060 1A80     		strh	r2, [r3]	@ movhi
 857:./ucOSII/Core/os_tmr.c **** }
 1536              		.loc 1 857 1
 1537 0062 00BF     		nop
 1538 0064 0C37     		adds	r7, r7, #12
 1539              	.LCFI49:
 1540              		.cfi_def_cfa_offset 4
 1541 0066 BD46     		mov	sp, r7
 1542              	.LCFI50:
 1543              		.cfi_def_cfa_register 13
 1544              		@ sp needed
 1545 0068 5DF8047B 		ldr	r7, [sp], #4
 1546              	.LCFI51:
 1547              		.cfi_restore 7
 1548              		.cfi_def_cfa_offset 0
 1549 006c 7047     		bx	lr
 1550              	.L108:
 1551 006e 00BF     		.align	2
ARM GAS  /var/folders/yl/_q9l42k90g1g4mdhbs226msm0000gn/T//cczreIDs.s 			page 43


 1552              	.L107:
 1553 0070 00000000 		.word	.LC0
 1554 0074 00000000 		.word	OSTmrFreeList
 1555 0078 00000000 		.word	OSTmrUsed
 1556 007c 00000000 		.word	OSTmrFree
 1557              		.cfi_endproc
 1558              	.LFE12:
 1560              		.section	.rodata
 1561 0002 0000     		.align	2
 1562              	.LC1:
 1563 0004 75432F4F 		.ascii	"uC/OS-II TmrLock\000"
 1563      532D4949 
 1563      20546D72 
 1563      4C6F636B 
 1563      00
 1564 0015 000000   		.align	2
 1565              	.LC2:
 1566 0018 75432F4F 		.ascii	"uC/OS-II TmrSignal\000"
 1566      532D4949 
 1566      20546D72 
 1566      5369676E 
 1566      616C00
 1567              		.section	.text.OSTmr_Init,"ax",%progbits
 1568              		.align	1
 1569              		.global	OSTmr_Init
 1570              		.syntax unified
 1571              		.thumb
 1572              		.thumb_func
 1574              	OSTmr_Init:
 1575              	.LFB13:
 858:./ucOSII/Core/os_tmr.c **** #endif
 859:./ucOSII/Core/os_tmr.c **** 
 860:./ucOSII/Core/os_tmr.c **** 
 861:./ucOSII/Core/os_tmr.c **** /*
 862:./ucOSII/Core/os_tmr.c **** ***************************************************************************************************
 863:./ucOSII/Core/os_tmr.c **** *                                                    INITIALIZATION
 864:./ucOSII/Core/os_tmr.c **** *                                          INITIALIZE THE FREE LIST OF TIMERS
 865:./ucOSII/Core/os_tmr.c **** *
 866:./ucOSII/Core/os_tmr.c **** * Description: This function is called by OSInit() to initialize the free list of OS_TMRs.
 867:./ucOSII/Core/os_tmr.c **** *
 868:./ucOSII/Core/os_tmr.c **** * Arguments  : none
 869:./ucOSII/Core/os_tmr.c **** *
 870:./ucOSII/Core/os_tmr.c **** * Returns    : none
 871:./ucOSII/Core/os_tmr.c **** ***************************************************************************************************
 872:./ucOSII/Core/os_tmr.c **** */
 873:./ucOSII/Core/os_tmr.c **** 
 874:./ucOSII/Core/os_tmr.c **** #if OS_TMR_EN > 0u
 875:./ucOSII/Core/os_tmr.c **** void  OSTmr_Init (void)
 876:./ucOSII/Core/os_tmr.c **** {
 1576              		.loc 1 876 1
 1577              		.cfi_startproc
 1578              		@ args = 0, pretend = 0, frame = 24
 1579              		@ frame_needed = 1, uses_anonymous_args = 0
 1580 0000 80B5     		push	{r7, lr}
 1581              	.LCFI52:
 1582              		.cfi_def_cfa_offset 8
 1583              		.cfi_offset 7, -8
ARM GAS  /var/folders/yl/_q9l42k90g1g4mdhbs226msm0000gn/T//cczreIDs.s 			page 44


 1584              		.cfi_offset 14, -4
 1585 0002 86B0     		sub	sp, sp, #24
 1586              	.LCFI53:
 1587              		.cfi_def_cfa_offset 32
 1588 0004 00AF     		add	r7, sp, #0
 1589              	.LCFI54:
 1590              		.cfi_def_cfa_register 7
 877:./ucOSII/Core/os_tmr.c **** #if OS_EVENT_NAME_EN > 0u
 878:./ucOSII/Core/os_tmr.c ****     INT8U    err;
 879:./ucOSII/Core/os_tmr.c **** #endif
 880:./ucOSII/Core/os_tmr.c ****     INT16U   ix;
 881:./ucOSII/Core/os_tmr.c ****     INT16U   ix_next;
 882:./ucOSII/Core/os_tmr.c ****     OS_TMR  *ptmr1;
 883:./ucOSII/Core/os_tmr.c ****     OS_TMR  *ptmr2;
 884:./ucOSII/Core/os_tmr.c **** 
 885:./ucOSII/Core/os_tmr.c **** 
 886:./ucOSII/Core/os_tmr.c ****     OS_MemClr((INT8U *)&OSTmrTbl[0],      sizeof(OSTmrTbl));            /* Clear all the TMRs      
 1591              		.loc 1 886 5
 1592 0006 4FF42071 		mov	r1, #640
 1593 000a 3848     		ldr	r0, .L112
 1594 000c FFF7FEFF 		bl	OS_MemClr
 887:./ucOSII/Core/os_tmr.c ****     OS_MemClr((INT8U *)&OSTmrWheelTbl[0], sizeof(OSTmrWheelTbl));       /* Clear the timer wheel   
 1595              		.loc 1 887 5
 1596 0010 3821     		movs	r1, #56
 1597 0012 3748     		ldr	r0, .L112+4
 1598 0014 FFF7FEFF 		bl	OS_MemClr
 888:./ucOSII/Core/os_tmr.c **** 
 889:./ucOSII/Core/os_tmr.c ****     for (ix = 0u; ix < (OS_TMR_CFG_MAX - 1u); ix++) {                   /* Init. list of free TMRs 
 1599              		.loc 1 889 13
 1600 0018 0023     		movs	r3, #0
 1601 001a FB82     		strh	r3, [r7, #22]	@ movhi
 1602              		.loc 1 889 5
 1603 001c 22E0     		b	.L110
 1604              	.L111:
 890:./ucOSII/Core/os_tmr.c ****         ix_next = ix + 1u;
 1605              		.loc 1 890 17 discriminator 3
 1606 001e FB8A     		ldrh	r3, [r7, #22]	@ movhi
 1607 0020 0133     		adds	r3, r3, #1
 1608 0022 FB81     		strh	r3, [r7, #14]	@ movhi
 891:./ucOSII/Core/os_tmr.c ****         ptmr1 = &OSTmrTbl[ix];
 1609              		.loc 1 891 26 discriminator 3
 1610 0024 FA8A     		ldrh	r2, [r7, #22]
 1611              		.loc 1 891 15 discriminator 3
 1612 0026 1346     		mov	r3, r2
 1613 0028 9B00     		lsls	r3, r3, #2
 1614 002a 1344     		add	r3, r3, r2
 1615 002c DB00     		lsls	r3, r3, #3
 1616 002e 2F4A     		ldr	r2, .L112
 1617 0030 1344     		add	r3, r3, r2
 1618 0032 3B61     		str	r3, [r7, #16]
 892:./ucOSII/Core/os_tmr.c ****         ptmr2 = &OSTmrTbl[ix_next];
 1619              		.loc 1 892 26 discriminator 3
 1620 0034 FA89     		ldrh	r2, [r7, #14]
 1621              		.loc 1 892 15 discriminator 3
 1622 0036 1346     		mov	r3, r2
 1623 0038 9B00     		lsls	r3, r3, #2
 1624 003a 1344     		add	r3, r3, r2
ARM GAS  /var/folders/yl/_q9l42k90g1g4mdhbs226msm0000gn/T//cczreIDs.s 			page 45


 1625 003c DB00     		lsls	r3, r3, #3
 1626 003e 2B4A     		ldr	r2, .L112
 1627 0040 1344     		add	r3, r3, r2
 1628 0042 BB60     		str	r3, [r7, #8]
 893:./ucOSII/Core/os_tmr.c ****         ptmr1->OSTmrType    = OS_TMR_TYPE;
 1629              		.loc 1 893 29 discriminator 3
 1630 0044 3B69     		ldr	r3, [r7, #16]
 1631 0046 6422     		movs	r2, #100
 1632 0048 1A70     		strb	r2, [r3]
 894:./ucOSII/Core/os_tmr.c ****         ptmr1->OSTmrState   = OS_TMR_STATE_UNUSED;                      /* Indicate that timer is i
 1633              		.loc 1 894 29 discriminator 3
 1634 004a 3B69     		ldr	r3, [r7, #16]
 1635 004c 0022     		movs	r2, #0
 1636 004e 83F82520 		strb	r2, [r3, #37]
 895:./ucOSII/Core/os_tmr.c ****         ptmr1->OSTmrNext    = (void *)ptmr2;                            /* Link to next timer      
 1637              		.loc 1 895 29 discriminator 3
 1638 0052 3B69     		ldr	r3, [r7, #16]
 1639 0054 BA68     		ldr	r2, [r7, #8]
 1640 0056 DA60     		str	r2, [r3, #12]
 896:./ucOSII/Core/os_tmr.c **** #if OS_TMR_CFG_NAME_EN > 0u
 897:./ucOSII/Core/os_tmr.c ****         ptmr1->OSTmrName    = (INT8U *)(void *)"?";
 1641              		.loc 1 897 29 discriminator 3
 1642 0058 3B69     		ldr	r3, [r7, #16]
 1643 005a 264A     		ldr	r2, .L112+8
 1644 005c 1A62     		str	r2, [r3, #32]
 889:./ucOSII/Core/os_tmr.c ****         ix_next = ix + 1u;
 1645              		.loc 1 889 49 discriminator 3
 1646 005e FB8A     		ldrh	r3, [r7, #22]
 1647 0060 0133     		adds	r3, r3, #1
 1648 0062 FB82     		strh	r3, [r7, #22]	@ movhi
 1649              	.L110:
 889:./ucOSII/Core/os_tmr.c ****         ix_next = ix + 1u;
 1650              		.loc 1 889 5 discriminator 1
 1651 0064 FB8A     		ldrh	r3, [r7, #22]
 1652 0066 0E2B     		cmp	r3, #14
 1653 0068 D9D9     		bls	.L111
 898:./ucOSII/Core/os_tmr.c **** #endif
 899:./ucOSII/Core/os_tmr.c ****     }
 900:./ucOSII/Core/os_tmr.c ****     ptmr1               = &OSTmrTbl[ix];
 1654              		.loc 1 900 36
 1655 006a FA8A     		ldrh	r2, [r7, #22]
 1656              		.loc 1 900 25
 1657 006c 1346     		mov	r3, r2
 1658 006e 9B00     		lsls	r3, r3, #2
 1659 0070 1344     		add	r3, r3, r2
 1660 0072 DB00     		lsls	r3, r3, #3
 1661 0074 1D4A     		ldr	r2, .L112
 1662 0076 1344     		add	r3, r3, r2
 1663 0078 3B61     		str	r3, [r7, #16]
 901:./ucOSII/Core/os_tmr.c ****     ptmr1->OSTmrType    = OS_TMR_TYPE;
 1664              		.loc 1 901 25
 1665 007a 3B69     		ldr	r3, [r7, #16]
 1666 007c 6422     		movs	r2, #100
 1667 007e 1A70     		strb	r2, [r3]
 902:./ucOSII/Core/os_tmr.c ****     ptmr1->OSTmrState   = OS_TMR_STATE_UNUSED;                          /* Indicate that timer is i
 1668              		.loc 1 902 25
 1669 0080 3B69     		ldr	r3, [r7, #16]
ARM GAS  /var/folders/yl/_q9l42k90g1g4mdhbs226msm0000gn/T//cczreIDs.s 			page 46


 1670 0082 0022     		movs	r2, #0
 1671 0084 83F82520 		strb	r2, [r3, #37]
 903:./ucOSII/Core/os_tmr.c ****     ptmr1->OSTmrNext    = (void *)0;                                    /* Last OS_TMR             
 1672              		.loc 1 903 25
 1673 0088 3B69     		ldr	r3, [r7, #16]
 1674 008a 0022     		movs	r2, #0
 1675 008c DA60     		str	r2, [r3, #12]
 904:./ucOSII/Core/os_tmr.c **** #if OS_TMR_CFG_NAME_EN > 0u
 905:./ucOSII/Core/os_tmr.c ****     ptmr1->OSTmrName    = (INT8U *)(void *)"?";
 1676              		.loc 1 905 25
 1677 008e 3B69     		ldr	r3, [r7, #16]
 1678 0090 184A     		ldr	r2, .L112+8
 1679 0092 1A62     		str	r2, [r3, #32]
 906:./ucOSII/Core/os_tmr.c **** #endif
 907:./ucOSII/Core/os_tmr.c ****     OSTmrTime           = 0u;
 1680              		.loc 1 907 25
 1681 0094 184B     		ldr	r3, .L112+12
 1682 0096 0022     		movs	r2, #0
 1683 0098 1A60     		str	r2, [r3]
 908:./ucOSII/Core/os_tmr.c ****     OSTmrUsed           = 0u;
 1684              		.loc 1 908 25
 1685 009a 184B     		ldr	r3, .L112+16
 1686 009c 0022     		movs	r2, #0
 1687 009e 1A80     		strh	r2, [r3]	@ movhi
 909:./ucOSII/Core/os_tmr.c ****     OSTmrFree           = OS_TMR_CFG_MAX;
 1688              		.loc 1 909 25
 1689 00a0 174B     		ldr	r3, .L112+20
 1690 00a2 1022     		movs	r2, #16
 1691 00a4 1A80     		strh	r2, [r3]	@ movhi
 910:./ucOSII/Core/os_tmr.c ****     OSTmrFreeList       = &OSTmrTbl[0];
 1692              		.loc 1 910 25
 1693 00a6 174B     		ldr	r3, .L112+24
 1694 00a8 104A     		ldr	r2, .L112
 1695 00aa 1A60     		str	r2, [r3]
 911:./ucOSII/Core/os_tmr.c ****     OSTmrSem            = OSSemCreate(1u);
 1696              		.loc 1 911 27
 1697 00ac 0120     		movs	r0, #1
 1698 00ae FFF7FEFF 		bl	OSSemCreate
 1699 00b2 0346     		mov	r3, r0
 1700              		.loc 1 911 25
 1701 00b4 144A     		ldr	r2, .L112+28
 1702 00b6 1360     		str	r3, [r2]
 912:./ucOSII/Core/os_tmr.c ****     OSTmrSemSignal      = OSSemCreate(0u);
 1703              		.loc 1 912 27
 1704 00b8 0020     		movs	r0, #0
 1705 00ba FFF7FEFF 		bl	OSSemCreate
 1706 00be 0346     		mov	r3, r0
 1707              		.loc 1 912 25
 1708 00c0 124A     		ldr	r2, .L112+32
 1709 00c2 1360     		str	r3, [r2]
 913:./ucOSII/Core/os_tmr.c **** 
 914:./ucOSII/Core/os_tmr.c **** #if OS_EVENT_NAME_EN > 0u                                               /* Assign names to semaphor
 915:./ucOSII/Core/os_tmr.c ****     OSEventNameSet(OSTmrSem,       (INT8U *)(void *)"uC/OS-II TmrLock",   &err);
 1710              		.loc 1 915 5
 1711 00c4 104B     		ldr	r3, .L112+28
 1712 00c6 1B68     		ldr	r3, [r3]
 1713 00c8 FA1D     		adds	r2, r7, #7
ARM GAS  /var/folders/yl/_q9l42k90g1g4mdhbs226msm0000gn/T//cczreIDs.s 			page 47


 1714 00ca 1149     		ldr	r1, .L112+36
 1715 00cc 1846     		mov	r0, r3
 1716 00ce FFF7FEFF 		bl	OSEventNameSet
 916:./ucOSII/Core/os_tmr.c ****     OSEventNameSet(OSTmrSemSignal, (INT8U *)(void *)"uC/OS-II TmrSignal", &err);
 1717              		.loc 1 916 5
 1718 00d2 0E4B     		ldr	r3, .L112+32
 1719 00d4 1B68     		ldr	r3, [r3]
 1720 00d6 FA1D     		adds	r2, r7, #7
 1721 00d8 0E49     		ldr	r1, .L112+40
 1722 00da 1846     		mov	r0, r3
 1723 00dc FFF7FEFF 		bl	OSEventNameSet
 917:./ucOSII/Core/os_tmr.c **** #endif
 918:./ucOSII/Core/os_tmr.c **** 
 919:./ucOSII/Core/os_tmr.c ****     OSTmr_InitTask();
 1724              		.loc 1 919 5
 1725 00e0 FFF7FEFF 		bl	OSTmr_InitTask
 920:./ucOSII/Core/os_tmr.c **** }
 1726              		.loc 1 920 1
 1727 00e4 00BF     		nop
 1728 00e6 1837     		adds	r7, r7, #24
 1729              	.LCFI55:
 1730              		.cfi_def_cfa_offset 8
 1731 00e8 BD46     		mov	sp, r7
 1732              	.LCFI56:
 1733              		.cfi_def_cfa_register 13
 1734              		@ sp needed
 1735 00ea 80BD     		pop	{r7, pc}
 1736              	.L113:
 1737              		.align	2
 1738              	.L112:
 1739 00ec 00000000 		.word	OSTmrTbl
 1740 00f0 00000000 		.word	OSTmrWheelTbl
 1741 00f4 00000000 		.word	.LC0
 1742 00f8 00000000 		.word	OSTmrTime
 1743 00fc 00000000 		.word	OSTmrUsed
 1744 0100 00000000 		.word	OSTmrFree
 1745 0104 00000000 		.word	OSTmrFreeList
 1746 0108 00000000 		.word	OSTmrSem
 1747 010c 00000000 		.word	OSTmrSemSignal
 1748 0110 04000000 		.word	.LC1
 1749 0114 18000000 		.word	.LC2
 1750              		.cfi_endproc
 1751              	.LFE13:
 1753              		.section	.rodata
 1754 002b 00       		.align	2
 1755              	.LC3:
 1756 002c 75432F4F 		.ascii	"uC/OS-II Tmr\000"
 1756      532D4949 
 1756      20546D72 
 1756      00
 1757              		.section	.text.OSTmr_InitTask,"ax",%progbits
 1758              		.align	1
 1759              		.syntax unified
 1760              		.thumb
 1761              		.thumb_func
 1763              	OSTmr_InitTask:
 1764              	.LFB14:
ARM GAS  /var/folders/yl/_q9l42k90g1g4mdhbs226msm0000gn/T//cczreIDs.s 			page 48


 921:./ucOSII/Core/os_tmr.c **** #endif
 922:./ucOSII/Core/os_tmr.c **** 
 923:./ucOSII/Core/os_tmr.c **** 
 924:./ucOSII/Core/os_tmr.c **** /*
 925:./ucOSII/Core/os_tmr.c **** ***************************************************************************************************
 926:./ucOSII/Core/os_tmr.c **** *                                INITIALIZE THE TIMER MANAGEMENT TASK
 927:./ucOSII/Core/os_tmr.c **** *
 928:./ucOSII/Core/os_tmr.c **** * Description: This function is called by OSTmrInit() to create the timer management task.
 929:./ucOSII/Core/os_tmr.c **** *                               * Arguments  : none
 930:./ucOSII/Core/os_tmr.c **** *
 931:./ucOSII/Core/os_tmr.c **** * Returns    : none
 932:./ucOSII/Core/os_tmr.c **** ***************************************************************************************************
 933:./ucOSII/Core/os_tmr.c **** */
 934:./ucOSII/Core/os_tmr.c **** 
 935:./ucOSII/Core/os_tmr.c **** #if OS_TMR_EN > 0u
 936:./ucOSII/Core/os_tmr.c **** static  void  OSTmr_InitTask (void)
 937:./ucOSII/Core/os_tmr.c **** {
 1765              		.loc 1 937 1
 1766              		.cfi_startproc
 1767              		@ args = 0, pretend = 0, frame = 8
 1768              		@ frame_needed = 1, uses_anonymous_args = 0
 1769 0000 80B5     		push	{r7, lr}
 1770              	.LCFI57:
 1771              		.cfi_def_cfa_offset 8
 1772              		.cfi_offset 7, -8
 1773              		.cfi_offset 14, -4
 1774 0002 88B0     		sub	sp, sp, #32
 1775              	.LCFI58:
 1776              		.cfi_def_cfa_offset 40
 1777 0004 06AF     		add	r7, sp, #24
 1778              	.LCFI59:
 1779              		.cfi_def_cfa 7, 16
 938:./ucOSII/Core/os_tmr.c **** #if OS_TASK_NAME_EN > 0u
 939:./ucOSII/Core/os_tmr.c ****     INT8U  err;
 940:./ucOSII/Core/os_tmr.c **** #endif
 941:./ucOSII/Core/os_tmr.c **** 
 942:./ucOSII/Core/os_tmr.c **** 
 943:./ucOSII/Core/os_tmr.c **** #if OS_TASK_CREATE_EXT_EN > 0u
 944:./ucOSII/Core/os_tmr.c ****     #if OS_STK_GROWTH == 1u
 945:./ucOSII/Core/os_tmr.c ****     (void)OSTaskCreateExt(OSTmr_Task,
 1780              		.loc 1 945 11
 1781 0006 0323     		movs	r3, #3
 1782 0008 0493     		str	r3, [sp, #16]
 1783 000a 0023     		movs	r3, #0
 1784 000c 0393     		str	r3, [sp, #12]
 1785 000e 8023     		movs	r3, #128
 1786 0010 0293     		str	r3, [sp, #8]
 1787 0012 0A4B     		ldr	r3, .L115
 1788 0014 0193     		str	r3, [sp, #4]
 1789 0016 4FF6FD73 		movw	r3, #65533
 1790 001a 0093     		str	r3, [sp]
 1791 001c 3D23     		movs	r3, #61
 1792 001e 084A     		ldr	r2, .L115+4
 1793 0020 0021     		movs	r1, #0
 1794 0022 0848     		ldr	r0, .L115+8
 1795 0024 FFF7FEFF 		bl	OSTaskCreateExt
 946:./ucOSII/Core/os_tmr.c ****                           (void *)0,                                       /* No arguments passed t
ARM GAS  /var/folders/yl/_q9l42k90g1g4mdhbs226msm0000gn/T//cczreIDs.s 			page 49


 947:./ucOSII/Core/os_tmr.c ****                           &OSTmrTaskStk[OS_TASK_TMR_STK_SIZE - 1u],        /* Set Top-Of-Stack     
 948:./ucOSII/Core/os_tmr.c ****                           OS_TASK_TMR_PRIO,
 949:./ucOSII/Core/os_tmr.c ****                           OS_TASK_TMR_ID,
 950:./ucOSII/Core/os_tmr.c ****                           &OSTmrTaskStk[0],                                /* Set Bottom-Of-Stack  
 951:./ucOSII/Core/os_tmr.c ****                           OS_TASK_TMR_STK_SIZE,
 952:./ucOSII/Core/os_tmr.c ****                           (void *)0,                                       /* No TCB extension     
 953:./ucOSII/Core/os_tmr.c ****                           OS_TASK_OPT_STK_CHK | OS_TASK_OPT_STK_CLR);      /* Enable stack checking
 954:./ucOSII/Core/os_tmr.c ****     #else
 955:./ucOSII/Core/os_tmr.c ****     (void)OSTaskCreateExt(OSTmr_Task,
 956:./ucOSII/Core/os_tmr.c ****                           (void *)0,                                       /* No arguments passed t
 957:./ucOSII/Core/os_tmr.c ****                           &OSTmrTaskStk[0],                                /* Set Top-Of-Stack     
 958:./ucOSII/Core/os_tmr.c ****                           OS_TASK_TMR_PRIO,
 959:./ucOSII/Core/os_tmr.c ****                           OS_TASK_TMR_ID,
 960:./ucOSII/Core/os_tmr.c ****                           &OSTmrTaskStk[OS_TASK_TMR_STK_SIZE - 1u],        /* Set Bottom-Of-Stack  
 961:./ucOSII/Core/os_tmr.c ****                           OS_TASK_TMR_STK_SIZE,
 962:./ucOSII/Core/os_tmr.c ****                           (void *)0,                                       /* No TCB extension     
 963:./ucOSII/Core/os_tmr.c ****                           OS_TASK_OPT_STK_CHK | OS_TASK_OPT_STK_CLR);      /* Enable stack checking
 964:./ucOSII/Core/os_tmr.c ****     #endif
 965:./ucOSII/Core/os_tmr.c **** #else
 966:./ucOSII/Core/os_tmr.c ****     #if OS_STK_GROWTH == 1u
 967:./ucOSII/Core/os_tmr.c ****     (void)OSTaskCreate(OSTmr_Task,
 968:./ucOSII/Core/os_tmr.c ****                        (void *)0,
 969:./ucOSII/Core/os_tmr.c ****                        &OSTmrTaskStk[OS_TASK_TMR_STK_SIZE - 1u],
 970:./ucOSII/Core/os_tmr.c ****                        OS_TASK_TMR_PRIO);
 971:./ucOSII/Core/os_tmr.c ****     #else
 972:./ucOSII/Core/os_tmr.c ****     (void)OSTaskCreate(OSTmr_Task,
 973:./ucOSII/Core/os_tmr.c ****                        (void *)0,
 974:./ucOSII/Core/os_tmr.c ****                        &OSTmrTaskStk[0],
 975:./ucOSII/Core/os_tmr.c ****                        OS_TASK_TMR_PRIO);
 976:./ucOSII/Core/os_tmr.c ****     #endif
 977:./ucOSII/Core/os_tmr.c **** #endif
 978:./ucOSII/Core/os_tmr.c **** 
 979:./ucOSII/Core/os_tmr.c **** #if OS_TASK_NAME_EN > 0u
 980:./ucOSII/Core/os_tmr.c ****     OSTaskNameSet(OS_TASK_TMR_PRIO, (INT8U *)(void *)"uC/OS-II Tmr", &err);
 1796              		.loc 1 980 5
 1797 0028 FB1D     		adds	r3, r7, #7
 1798 002a 1A46     		mov	r2, r3
 1799 002c 0649     		ldr	r1, .L115+12
 1800 002e 3D20     		movs	r0, #61
 1801 0030 FFF7FEFF 		bl	OSTaskNameSet
 981:./ucOSII/Core/os_tmr.c **** #endif
 982:./ucOSII/Core/os_tmr.c **** }
 1802              		.loc 1 982 1
 1803 0034 00BF     		nop
 1804 0036 0837     		adds	r7, r7, #8
 1805              	.LCFI60:
 1806              		.cfi_def_cfa_offset 8
 1807 0038 BD46     		mov	sp, r7
 1808              	.LCFI61:
 1809              		.cfi_def_cfa_register 13
 1810              		@ sp needed
 1811 003a 80BD     		pop	{r7, pc}
 1812              	.L116:
 1813              		.align	2
 1814              	.L115:
 1815 003c 00000000 		.word	OSTmrTaskStk
 1816 0040 FC010000 		.word	OSTmrTaskStk+508
ARM GAS  /var/folders/yl/_q9l42k90g1g4mdhbs226msm0000gn/T//cczreIDs.s 			page 50


 1817 0044 00000000 		.word	OSTmr_Task
 1818 0048 2C000000 		.word	.LC3
 1819              		.cfi_endproc
 1820              	.LFE14:
 1822              		.section	.text.OSTmr_Link,"ax",%progbits
 1823              		.align	1
 1824              		.syntax unified
 1825              		.thumb
 1826              		.thumb_func
 1828              	OSTmr_Link:
 1829              	.LFB15:
 983:./ucOSII/Core/os_tmr.c **** #endif
 984:./ucOSII/Core/os_tmr.c **** 
 985:./ucOSII/Core/os_tmr.c **** 
 986:./ucOSII/Core/os_tmr.c **** /*
 987:./ucOSII/Core/os_tmr.c **** ***************************************************************************************************
 988:./ucOSII/Core/os_tmr.c **** *                                 INSERT A TIMER INTO THE TIMER WHEEL
 989:./ucOSII/Core/os_tmr.c **** *
 990:./ucOSII/Core/os_tmr.c **** * Description: This function is called to insert the timer into the timer wheel.  The timer is alwa
 991:./ucOSII/Core/os_tmr.c **** *              inserted at the beginning of the list.
 992:./ucOSII/Core/os_tmr.c **** *
 993:./ucOSII/Core/os_tmr.c **** * Arguments  : ptmr          Is a pointer to the timer to insert.
 994:./ucOSII/Core/os_tmr.c **** *
 995:./ucOSII/Core/os_tmr.c **** *              type          Is either:
 996:./ucOSII/Core/os_tmr.c **** *                               OS_TMR_LINK_PERIODIC    Means to re-insert the timer after a period
 997:./ucOSII/Core/os_tmr.c **** *                               OS_TMR_LINK_DLY         Means to insert    the timer the first time
 998:./ucOSII/Core/os_tmr.c **** *
 999:./ucOSII/Core/os_tmr.c **** * Returns    : none
1000:./ucOSII/Core/os_tmr.c **** ***************************************************************************************************
1001:./ucOSII/Core/os_tmr.c **** */
1002:./ucOSII/Core/os_tmr.c **** 
1003:./ucOSII/Core/os_tmr.c **** #if OS_TMR_EN > 0u
1004:./ucOSII/Core/os_tmr.c **** static  void  OSTmr_Link (OS_TMR  *ptmr,
1005:./ucOSII/Core/os_tmr.c ****                           INT8U    type)
1006:./ucOSII/Core/os_tmr.c **** {
 1830              		.loc 1 1006 1
 1831              		.cfi_startproc
 1832              		@ args = 0, pretend = 0, frame = 24
 1833              		@ frame_needed = 1, uses_anonymous_args = 0
 1834              		@ link register save eliminated.
 1835 0000 80B4     		push	{r7}
 1836              	.LCFI62:
 1837              		.cfi_def_cfa_offset 4
 1838              		.cfi_offset 7, -4
 1839 0002 87B0     		sub	sp, sp, #28
 1840              	.LCFI63:
 1841              		.cfi_def_cfa_offset 32
 1842 0004 00AF     		add	r7, sp, #0
 1843              	.LCFI64:
 1844              		.cfi_def_cfa_register 7
 1845 0006 7860     		str	r0, [r7, #4]
 1846 0008 0B46     		mov	r3, r1
 1847 000a FB70     		strb	r3, [r7, #3]
1007:./ucOSII/Core/os_tmr.c ****     OS_TMR       *ptmr1;
1008:./ucOSII/Core/os_tmr.c ****     OS_TMR_WHEEL *pspoke;
1009:./ucOSII/Core/os_tmr.c ****     INT16U        spoke;
1010:./ucOSII/Core/os_tmr.c **** 
ARM GAS  /var/folders/yl/_q9l42k90g1g4mdhbs226msm0000gn/T//cczreIDs.s 			page 51


1011:./ucOSII/Core/os_tmr.c **** 
1012:./ucOSII/Core/os_tmr.c ****     ptmr->OSTmrState = OS_TMR_STATE_RUNNING;
 1848              		.loc 1 1012 22
 1849 000c 7B68     		ldr	r3, [r7, #4]
 1850 000e 0322     		movs	r2, #3
 1851 0010 83F82520 		strb	r2, [r3, #37]
1013:./ucOSII/Core/os_tmr.c ****     if (type == OS_TMR_LINK_PERIODIC) {                            /* Determine when timer will exp
 1852              		.loc 1 1013 8
 1853 0014 FB78     		ldrb	r3, [r7, #3]	@ zero_extendqisi2
 1854 0016 012B     		cmp	r3, #1
 1855 0018 07D1     		bne	.L118
1014:./ucOSII/Core/os_tmr.c ****         ptmr->OSTmrMatch = ptmr->OSTmrPeriod + OSTmrTime;
 1856              		.loc 1 1014 32
 1857 001a 7B68     		ldr	r3, [r7, #4]
 1858 001c DA69     		ldr	r2, [r3, #28]
 1859              		.loc 1 1014 46
 1860 001e 2B4B     		ldr	r3, .L123
 1861 0020 1B68     		ldr	r3, [r3]
 1862 0022 1A44     		add	r2, r2, r3
 1863              		.loc 1 1014 26
 1864 0024 7B68     		ldr	r3, [r7, #4]
 1865 0026 5A61     		str	r2, [r3, #20]
 1866 0028 12E0     		b	.L119
 1867              	.L118:
1015:./ucOSII/Core/os_tmr.c ****     } else {
1016:./ucOSII/Core/os_tmr.c ****         if (ptmr->OSTmrDly == 0u) {
 1868              		.loc 1 1016 17
 1869 002a 7B68     		ldr	r3, [r7, #4]
 1870 002c 9B69     		ldr	r3, [r3, #24]
 1871              		.loc 1 1016 12
 1872 002e 002B     		cmp	r3, #0
 1873 0030 07D1     		bne	.L120
1017:./ucOSII/Core/os_tmr.c ****             ptmr->OSTmrMatch = ptmr->OSTmrPeriod + OSTmrTime;
 1874              		.loc 1 1017 36
 1875 0032 7B68     		ldr	r3, [r7, #4]
 1876 0034 DA69     		ldr	r2, [r3, #28]
 1877              		.loc 1 1017 50
 1878 0036 254B     		ldr	r3, .L123
 1879 0038 1B68     		ldr	r3, [r3]
 1880 003a 1A44     		add	r2, r2, r3
 1881              		.loc 1 1017 30
 1882 003c 7B68     		ldr	r3, [r7, #4]
 1883 003e 5A61     		str	r2, [r3, #20]
 1884 0040 06E0     		b	.L119
 1885              	.L120:
1018:./ucOSII/Core/os_tmr.c ****         } else {
1019:./ucOSII/Core/os_tmr.c ****             ptmr->OSTmrMatch = ptmr->OSTmrDly    + OSTmrTime;
 1886              		.loc 1 1019 36
 1887 0042 7B68     		ldr	r3, [r7, #4]
 1888 0044 9A69     		ldr	r2, [r3, #24]
 1889              		.loc 1 1019 50
 1890 0046 214B     		ldr	r3, .L123
 1891 0048 1B68     		ldr	r3, [r3]
 1892 004a 1A44     		add	r2, r2, r3
 1893              		.loc 1 1019 30
 1894 004c 7B68     		ldr	r3, [r7, #4]
 1895 004e 5A61     		str	r2, [r3, #20]
ARM GAS  /var/folders/yl/_q9l42k90g1g4mdhbs226msm0000gn/T//cczreIDs.s 			page 52


 1896              	.L119:
1020:./ucOSII/Core/os_tmr.c ****         }
1021:./ucOSII/Core/os_tmr.c ****     }
1022:./ucOSII/Core/os_tmr.c ****     spoke  = (INT16U)(ptmr->OSTmrMatch % OS_TMR_CFG_WHEEL_SIZE);
 1897              		.loc 1 1022 27
 1898 0050 7B68     		ldr	r3, [r7, #4]
 1899 0052 5A69     		ldr	r2, [r3, #20]
 1900              		.loc 1 1022 40
 1901 0054 1E4B     		ldr	r3, .L123+4
 1902 0056 A3FB0213 		umull	r1, r3, r3, r2
 1903 005a D11A     		subs	r1, r2, r3
 1904 005c 4908     		lsrs	r1, r1, #1
 1905 005e 0B44     		add	r3, r3, r1
 1906 0060 9908     		lsrs	r1, r3, #2
 1907 0062 0B46     		mov	r3, r1
 1908 0064 DB00     		lsls	r3, r3, #3
 1909 0066 5B1A     		subs	r3, r3, r1
 1910 0068 D11A     		subs	r1, r2, r3
 1911              		.loc 1 1022 12
 1912 006a 0B46     		mov	r3, r1	@ movhi
 1913 006c FB82     		strh	r3, [r7, #22]	@ movhi
1023:./ucOSII/Core/os_tmr.c ****     pspoke = &OSTmrWheelTbl[spoke];
 1914              		.loc 1 1023 28
 1915 006e FB8A     		ldrh	r3, [r7, #22]
 1916              		.loc 1 1023 12
 1917 0070 DB00     		lsls	r3, r3, #3
 1918 0072 184A     		ldr	r2, .L123+8
 1919 0074 1344     		add	r3, r3, r2
 1920 0076 3B61     		str	r3, [r7, #16]
1024:./ucOSII/Core/os_tmr.c **** 
1025:./ucOSII/Core/os_tmr.c ****     if (pspoke->OSTmrFirst == (OS_TMR *)0) {                       /* Link into timer wheel        
 1921              		.loc 1 1025 15
 1922 0078 3B69     		ldr	r3, [r7, #16]
 1923 007a 1B68     		ldr	r3, [r3]
 1924              		.loc 1 1025 8
 1925 007c 002B     		cmp	r3, #0
 1926 007e 09D1     		bne	.L121
1026:./ucOSII/Core/os_tmr.c ****         pspoke->OSTmrFirst   = ptmr;
 1927              		.loc 1 1026 30
 1928 0080 3B69     		ldr	r3, [r7, #16]
 1929 0082 7A68     		ldr	r2, [r7, #4]
 1930 0084 1A60     		str	r2, [r3]
1027:./ucOSII/Core/os_tmr.c ****         ptmr->OSTmrNext      = (OS_TMR *)0;
 1931              		.loc 1 1027 30
 1932 0086 7B68     		ldr	r3, [r7, #4]
 1933 0088 0022     		movs	r2, #0
 1934 008a DA60     		str	r2, [r3, #12]
1028:./ucOSII/Core/os_tmr.c ****         pspoke->OSTmrEntries = 1u;
 1935              		.loc 1 1028 30
 1936 008c 3B69     		ldr	r3, [r7, #16]
 1937 008e 0122     		movs	r2, #1
 1938 0090 9A80     		strh	r2, [r3, #4]	@ movhi
 1939 0092 11E0     		b	.L122
 1940              	.L121:
1029:./ucOSII/Core/os_tmr.c ****     } else {
1030:./ucOSII/Core/os_tmr.c ****         ptmr1                = pspoke->OSTmrFirst;                 /* Point to first timer in the s
 1941              		.loc 1 1030 30
ARM GAS  /var/folders/yl/_q9l42k90g1g4mdhbs226msm0000gn/T//cczreIDs.s 			page 53


 1942 0094 3B69     		ldr	r3, [r7, #16]
 1943 0096 1B68     		ldr	r3, [r3]
 1944 0098 FB60     		str	r3, [r7, #12]
1031:./ucOSII/Core/os_tmr.c ****         pspoke->OSTmrFirst   = ptmr;
 1945              		.loc 1 1031 30
 1946 009a 3B69     		ldr	r3, [r7, #16]
 1947 009c 7A68     		ldr	r2, [r7, #4]
 1948 009e 1A60     		str	r2, [r3]
1032:./ucOSII/Core/os_tmr.c ****         ptmr->OSTmrNext      = (void *)ptmr1;
 1949              		.loc 1 1032 30
 1950 00a0 7B68     		ldr	r3, [r7, #4]
 1951 00a2 FA68     		ldr	r2, [r7, #12]
 1952 00a4 DA60     		str	r2, [r3, #12]
1033:./ucOSII/Core/os_tmr.c ****         ptmr1->OSTmrPrev     = (void *)ptmr;
 1953              		.loc 1 1033 30
 1954 00a6 FB68     		ldr	r3, [r7, #12]
 1955 00a8 7A68     		ldr	r2, [r7, #4]
 1956 00aa 1A61     		str	r2, [r3, #16]
1034:./ucOSII/Core/os_tmr.c ****         pspoke->OSTmrEntries++;
 1957              		.loc 1 1034 15
 1958 00ac 3B69     		ldr	r3, [r7, #16]
 1959 00ae 9B88     		ldrh	r3, [r3, #4]
 1960              		.loc 1 1034 29
 1961 00b0 0133     		adds	r3, r3, #1
 1962 00b2 9AB2     		uxth	r2, r3
 1963 00b4 3B69     		ldr	r3, [r7, #16]
 1964 00b6 9A80     		strh	r2, [r3, #4]	@ movhi
 1965              	.L122:
1035:./ucOSII/Core/os_tmr.c ****     }
1036:./ucOSII/Core/os_tmr.c ****     ptmr->OSTmrPrev = (void *)0;                                   /* Timer always inserted as firs
 1966              		.loc 1 1036 21
 1967 00b8 7B68     		ldr	r3, [r7, #4]
 1968 00ba 0022     		movs	r2, #0
 1969 00bc 1A61     		str	r2, [r3, #16]
1037:./ucOSII/Core/os_tmr.c **** }
 1970              		.loc 1 1037 1
 1971 00be 00BF     		nop
 1972 00c0 1C37     		adds	r7, r7, #28
 1973              	.LCFI65:
 1974              		.cfi_def_cfa_offset 4
 1975 00c2 BD46     		mov	sp, r7
 1976              	.LCFI66:
 1977              		.cfi_def_cfa_register 13
 1978              		@ sp needed
 1979 00c4 5DF8047B 		ldr	r7, [sp], #4
 1980              	.LCFI67:
 1981              		.cfi_restore 7
 1982              		.cfi_def_cfa_offset 0
 1983 00c8 7047     		bx	lr
 1984              	.L124:
 1985 00ca 00BF     		.align	2
 1986              	.L123:
 1987 00cc 00000000 		.word	OSTmrTime
 1988 00d0 25499224 		.word	613566757
 1989 00d4 00000000 		.word	OSTmrWheelTbl
 1990              		.cfi_endproc
 1991              	.LFE15:
ARM GAS  /var/folders/yl/_q9l42k90g1g4mdhbs226msm0000gn/T//cczreIDs.s 			page 54


 1993              		.section	.text.OSTmr_Unlink,"ax",%progbits
 1994              		.align	1
 1995              		.syntax unified
 1996              		.thumb
 1997              		.thumb_func
 1999              	OSTmr_Unlink:
 2000              	.LFB16:
1038:./ucOSII/Core/os_tmr.c **** #endif
1039:./ucOSII/Core/os_tmr.c **** 
1040:./ucOSII/Core/os_tmr.c **** 
1041:./ucOSII/Core/os_tmr.c **** /*
1042:./ucOSII/Core/os_tmr.c **** ***************************************************************************************************
1043:./ucOSII/Core/os_tmr.c **** *                                 REMOVE A TIMER FROM THE TIMER WHEEL
1044:./ucOSII/Core/os_tmr.c **** *
1045:./ucOSII/Core/os_tmr.c **** * Description: This function is called to remove the timer from the timer wheel.
1046:./ucOSII/Core/os_tmr.c **** *
1047:./ucOSII/Core/os_tmr.c **** * Arguments  : ptmr          Is a pointer to the timer to remove.
1048:./ucOSII/Core/os_tmr.c **** *
1049:./ucOSII/Core/os_tmr.c **** * Returns    : none
1050:./ucOSII/Core/os_tmr.c **** ***************************************************************************************************
1051:./ucOSII/Core/os_tmr.c **** */
1052:./ucOSII/Core/os_tmr.c **** 
1053:./ucOSII/Core/os_tmr.c **** #if OS_TMR_EN > 0u
1054:./ucOSII/Core/os_tmr.c **** static  void  OSTmr_Unlink (OS_TMR *ptmr)
1055:./ucOSII/Core/os_tmr.c **** {
 2001              		.loc 1 1055 1
 2002              		.cfi_startproc
 2003              		@ args = 0, pretend = 0, frame = 24
 2004              		@ frame_needed = 1, uses_anonymous_args = 0
 2005              		@ link register save eliminated.
 2006 0000 80B4     		push	{r7}
 2007              	.LCFI68:
 2008              		.cfi_def_cfa_offset 4
 2009              		.cfi_offset 7, -4
 2010 0002 87B0     		sub	sp, sp, #28
 2011              	.LCFI69:
 2012              		.cfi_def_cfa_offset 32
 2013 0004 00AF     		add	r7, sp, #0
 2014              	.LCFI70:
 2015              		.cfi_def_cfa_register 7
 2016 0006 7860     		str	r0, [r7, #4]
1056:./ucOSII/Core/os_tmr.c ****     OS_TMR        *ptmr1;
1057:./ucOSII/Core/os_tmr.c ****     OS_TMR        *ptmr2;
1058:./ucOSII/Core/os_tmr.c ****     OS_TMR_WHEEL  *pspoke;
1059:./ucOSII/Core/os_tmr.c ****     INT16U         spoke;
1060:./ucOSII/Core/os_tmr.c **** 
1061:./ucOSII/Core/os_tmr.c **** 
1062:./ucOSII/Core/os_tmr.c ****     spoke  = (INT16U)(ptmr->OSTmrMatch % OS_TMR_CFG_WHEEL_SIZE);
 2017              		.loc 1 1062 27
 2018 0008 7B68     		ldr	r3, [r7, #4]
 2019 000a 5A69     		ldr	r2, [r3, #20]
 2020              		.loc 1 1062 40
 2021 000c 244B     		ldr	r3, .L128
 2022 000e A3FB0213 		umull	r1, r3, r3, r2
 2023 0012 D11A     		subs	r1, r2, r3
 2024 0014 4908     		lsrs	r1, r1, #1
 2025 0016 0B44     		add	r3, r3, r1
ARM GAS  /var/folders/yl/_q9l42k90g1g4mdhbs226msm0000gn/T//cczreIDs.s 			page 55


 2026 0018 9908     		lsrs	r1, r3, #2
 2027 001a 0B46     		mov	r3, r1
 2028 001c DB00     		lsls	r3, r3, #3
 2029 001e 5B1A     		subs	r3, r3, r1
 2030 0020 D11A     		subs	r1, r2, r3
 2031              		.loc 1 1062 12
 2032 0022 0B46     		mov	r3, r1	@ movhi
 2033 0024 FB82     		strh	r3, [r7, #22]	@ movhi
1063:./ucOSII/Core/os_tmr.c ****     pspoke = &OSTmrWheelTbl[spoke];
 2034              		.loc 1 1063 28
 2035 0026 FB8A     		ldrh	r3, [r7, #22]
 2036              		.loc 1 1063 12
 2037 0028 DB00     		lsls	r3, r3, #3
 2038 002a 1E4A     		ldr	r2, .L128+4
 2039 002c 1344     		add	r3, r3, r2
 2040 002e 3B61     		str	r3, [r7, #16]
1064:./ucOSII/Core/os_tmr.c **** 
1065:./ucOSII/Core/os_tmr.c ****     if (pspoke->OSTmrFirst == ptmr) {                       /* See if timer to remove is at the beg
 2041              		.loc 1 1065 15
 2042 0030 3B69     		ldr	r3, [r7, #16]
 2043 0032 1B68     		ldr	r3, [r3]
 2044              		.loc 1 1065 8
 2045 0034 7A68     		ldr	r2, [r7, #4]
 2046 0036 9A42     		cmp	r2, r3
 2047 0038 0CD1     		bne	.L126
1066:./ucOSII/Core/os_tmr.c ****         ptmr1              = (OS_TMR *)ptmr->OSTmrNext;
 2048              		.loc 1 1066 28
 2049 003a 7B68     		ldr	r3, [r7, #4]
 2050 003c DB68     		ldr	r3, [r3, #12]
 2051 003e FB60     		str	r3, [r7, #12]
1067:./ucOSII/Core/os_tmr.c ****         pspoke->OSTmrFirst = (OS_TMR *)ptmr1;
 2052              		.loc 1 1067 28
 2053 0040 3B69     		ldr	r3, [r7, #16]
 2054 0042 FA68     		ldr	r2, [r7, #12]
 2055 0044 1A60     		str	r2, [r3]
1068:./ucOSII/Core/os_tmr.c ****         if (ptmr1 != (OS_TMR *)0) {
 2056              		.loc 1 1068 12
 2057 0046 FB68     		ldr	r3, [r7, #12]
 2058 0048 002B     		cmp	r3, #0
 2059 004a 12D0     		beq	.L127
1069:./ucOSII/Core/os_tmr.c ****             ptmr1->OSTmrPrev = (void *)0;
 2060              		.loc 1 1069 30
 2061 004c FB68     		ldr	r3, [r7, #12]
 2062 004e 0022     		movs	r2, #0
 2063 0050 1A61     		str	r2, [r3, #16]
 2064 0052 0EE0     		b	.L127
 2065              	.L126:
1070:./ucOSII/Core/os_tmr.c ****         }
1071:./ucOSII/Core/os_tmr.c ****     } else {
1072:./ucOSII/Core/os_tmr.c ****         ptmr1            = (OS_TMR *)ptmr->OSTmrPrev;       /* Remove timer from somewhere in the l
 2066              		.loc 1 1072 26
 2067 0054 7B68     		ldr	r3, [r7, #4]
 2068 0056 1B69     		ldr	r3, [r3, #16]
 2069 0058 FB60     		str	r3, [r7, #12]
1073:./ucOSII/Core/os_tmr.c ****         ptmr2            = (OS_TMR *)ptmr->OSTmrNext;
 2070              		.loc 1 1073 26
 2071 005a 7B68     		ldr	r3, [r7, #4]
ARM GAS  /var/folders/yl/_q9l42k90g1g4mdhbs226msm0000gn/T//cczreIDs.s 			page 56


 2072 005c DB68     		ldr	r3, [r3, #12]
 2073 005e BB60     		str	r3, [r7, #8]
1074:./ucOSII/Core/os_tmr.c ****         ptmr1->OSTmrNext = ptmr2;
 2074              		.loc 1 1074 26
 2075 0060 FB68     		ldr	r3, [r7, #12]
 2076 0062 BA68     		ldr	r2, [r7, #8]
 2077 0064 DA60     		str	r2, [r3, #12]
1075:./ucOSII/Core/os_tmr.c ****         if (ptmr2 != (OS_TMR *)0) {
 2078              		.loc 1 1075 12
 2079 0066 BB68     		ldr	r3, [r7, #8]
 2080 0068 002B     		cmp	r3, #0
 2081 006a 02D0     		beq	.L127
1076:./ucOSII/Core/os_tmr.c ****             ptmr2->OSTmrPrev = (void *)ptmr1;
 2082              		.loc 1 1076 30
 2083 006c BB68     		ldr	r3, [r7, #8]
 2084 006e FA68     		ldr	r2, [r7, #12]
 2085 0070 1A61     		str	r2, [r3, #16]
 2086              	.L127:
1077:./ucOSII/Core/os_tmr.c ****         }
1078:./ucOSII/Core/os_tmr.c ****     }
1079:./ucOSII/Core/os_tmr.c ****     ptmr->OSTmrState = OS_TMR_STATE_STOPPED;
 2087              		.loc 1 1079 22
 2088 0072 7B68     		ldr	r3, [r7, #4]
 2089 0074 0122     		movs	r2, #1
 2090 0076 83F82520 		strb	r2, [r3, #37]
1080:./ucOSII/Core/os_tmr.c ****     ptmr->OSTmrNext  = (void *)0;
 2091              		.loc 1 1080 22
 2092 007a 7B68     		ldr	r3, [r7, #4]
 2093 007c 0022     		movs	r2, #0
 2094 007e DA60     		str	r2, [r3, #12]
1081:./ucOSII/Core/os_tmr.c ****     ptmr->OSTmrPrev  = (void *)0;
 2095              		.loc 1 1081 22
 2096 0080 7B68     		ldr	r3, [r7, #4]
 2097 0082 0022     		movs	r2, #0
 2098 0084 1A61     		str	r2, [r3, #16]
1082:./ucOSII/Core/os_tmr.c ****     pspoke->OSTmrEntries--;
 2099              		.loc 1 1082 11
 2100 0086 3B69     		ldr	r3, [r7, #16]
 2101 0088 9B88     		ldrh	r3, [r3, #4]
 2102              		.loc 1 1082 25
 2103 008a 013B     		subs	r3, r3, #1
 2104 008c 9AB2     		uxth	r2, r3
 2105 008e 3B69     		ldr	r3, [r7, #16]
 2106 0090 9A80     		strh	r2, [r3, #4]	@ movhi
1083:./ucOSII/Core/os_tmr.c **** }
 2107              		.loc 1 1083 1
 2108 0092 00BF     		nop
 2109 0094 1C37     		adds	r7, r7, #28
 2110              	.LCFI71:
 2111              		.cfi_def_cfa_offset 4
 2112 0096 BD46     		mov	sp, r7
 2113              	.LCFI72:
 2114              		.cfi_def_cfa_register 13
 2115              		@ sp needed
 2116 0098 5DF8047B 		ldr	r7, [sp], #4
 2117              	.LCFI73:
 2118              		.cfi_restore 7
ARM GAS  /var/folders/yl/_q9l42k90g1g4mdhbs226msm0000gn/T//cczreIDs.s 			page 57


 2119              		.cfi_def_cfa_offset 0
 2120 009c 7047     		bx	lr
 2121              	.L129:
 2122 009e 00BF     		.align	2
 2123              	.L128:
 2124 00a0 25499224 		.word	613566757
 2125 00a4 00000000 		.word	OSTmrWheelTbl
 2126              		.cfi_endproc
 2127              	.LFE16:
 2129              		.section	.text.OSTmr_Task,"ax",%progbits
 2130              		.align	1
 2131              		.syntax unified
 2132              		.thumb
 2133              		.thumb_func
 2135              	OSTmr_Task:
 2136              	.LFB17:
1084:./ucOSII/Core/os_tmr.c **** #endif
1085:./ucOSII/Core/os_tmr.c **** 
1086:./ucOSII/Core/os_tmr.c **** 
1087:./ucOSII/Core/os_tmr.c **** /*
1088:./ucOSII/Core/os_tmr.c **** ***************************************************************************************************
1089:./ucOSII/Core/os_tmr.c **** *                                        TIMER MANAGEMENT TASK
1090:./ucOSII/Core/os_tmr.c **** *
1091:./ucOSII/Core/os_tmr.c **** * Description: This task is created by OSTmrInit().
1092:./ucOSII/Core/os_tmr.c **** *
1093:./ucOSII/Core/os_tmr.c **** * Arguments  : none
1094:./ucOSII/Core/os_tmr.c **** *
1095:./ucOSII/Core/os_tmr.c **** * Returns    : none
1096:./ucOSII/Core/os_tmr.c **** ***************************************************************************************************
1097:./ucOSII/Core/os_tmr.c **** */
1098:./ucOSII/Core/os_tmr.c **** 
1099:./ucOSII/Core/os_tmr.c **** #if OS_TMR_EN > 0u
1100:./ucOSII/Core/os_tmr.c **** static  void  OSTmr_Task (void *p_arg)
1101:./ucOSII/Core/os_tmr.c **** {
 2137              		.loc 1 1101 1
 2138              		.cfi_startproc
 2139              		@ args = 0, pretend = 0, frame = 32
 2140              		@ frame_needed = 1, uses_anonymous_args = 0
 2141 0000 80B5     		push	{r7, lr}
 2142              	.LCFI74:
 2143              		.cfi_def_cfa_offset 8
 2144              		.cfi_offset 7, -8
 2145              		.cfi_offset 14, -4
 2146 0002 88B0     		sub	sp, sp, #32
 2147              	.LCFI75:
 2148              		.cfi_def_cfa_offset 40
 2149 0004 00AF     		add	r7, sp, #0
 2150              	.LCFI76:
 2151              		.cfi_def_cfa_register 7
 2152 0006 7860     		str	r0, [r7, #4]
 2153              	.L136:
1102:./ucOSII/Core/os_tmr.c ****     INT8U            err;
1103:./ucOSII/Core/os_tmr.c ****     OS_TMR          *ptmr;
1104:./ucOSII/Core/os_tmr.c ****     OS_TMR          *ptmr_next;
1105:./ucOSII/Core/os_tmr.c ****     OS_TMR_CALLBACK  pfnct;
1106:./ucOSII/Core/os_tmr.c ****     OS_TMR_WHEEL    *pspoke;
1107:./ucOSII/Core/os_tmr.c ****     INT16U           spoke;
ARM GAS  /var/folders/yl/_q9l42k90g1g4mdhbs226msm0000gn/T//cczreIDs.s 			page 58


1108:./ucOSII/Core/os_tmr.c **** 
1109:./ucOSII/Core/os_tmr.c **** 
1110:./ucOSII/Core/os_tmr.c ****     p_arg = p_arg;                                               /* Prevent compiler warning for no
1111:./ucOSII/Core/os_tmr.c ****     for (;;) {
1112:./ucOSII/Core/os_tmr.c ****         OSSemPend(OSTmrSemSignal, 0u, &err);                     /* Wait for signal indicating time
 2154              		.loc 1 1112 9
 2155 0008 2E4B     		ldr	r3, .L137
 2156 000a 1B68     		ldr	r3, [r3]
 2157 000c 07F10B02 		add	r2, r7, #11
 2158 0010 0021     		movs	r1, #0
 2159 0012 1846     		mov	r0, r3
 2160 0014 FFF7FEFF 		bl	OSSemPend
1113:./ucOSII/Core/os_tmr.c ****         OSSchedLock();
 2161              		.loc 1 1113 9
 2162 0018 FFF7FEFF 		bl	OSSchedLock
1114:./ucOSII/Core/os_tmr.c ****         OSTmrTime++;                                             /* Increment the current time     
 2163              		.loc 1 1114 18
 2164 001c 2A4B     		ldr	r3, .L137+4
 2165 001e 1B68     		ldr	r3, [r3]
 2166 0020 0133     		adds	r3, r3, #1
 2167 0022 294A     		ldr	r2, .L137+4
 2168 0024 1360     		str	r3, [r2]
1115:./ucOSII/Core/os_tmr.c ****         spoke  = (INT16U)(OSTmrTime % OS_TMR_CFG_WHEEL_SIZE);    /* Position on current timer wheel
 2169              		.loc 1 1115 37
 2170 0026 284B     		ldr	r3, .L137+4
 2171 0028 1A68     		ldr	r2, [r3]
 2172 002a 284B     		ldr	r3, .L137+8
 2173 002c A3FB0213 		umull	r1, r3, r3, r2
 2174 0030 D11A     		subs	r1, r2, r3
 2175 0032 4908     		lsrs	r1, r1, #1
 2176 0034 0B44     		add	r3, r3, r1
 2177 0036 9908     		lsrs	r1, r3, #2
 2178 0038 0B46     		mov	r3, r1
 2179 003a DB00     		lsls	r3, r3, #3
 2180 003c 5B1A     		subs	r3, r3, r1
 2181 003e D11A     		subs	r1, r2, r3
 2182              		.loc 1 1115 16
 2183 0040 0B46     		mov	r3, r1	@ movhi
 2184 0042 7B83     		strh	r3, [r7, #26]	@ movhi
1116:./ucOSII/Core/os_tmr.c ****         pspoke = &OSTmrWheelTbl[spoke];
 2185              		.loc 1 1116 32
 2186 0044 7B8B     		ldrh	r3, [r7, #26]
 2187              		.loc 1 1116 16
 2188 0046 DB00     		lsls	r3, r3, #3
 2189 0048 214A     		ldr	r2, .L137+12
 2190 004a 1344     		add	r3, r3, r2
 2191 004c 7B61     		str	r3, [r7, #20]
1117:./ucOSII/Core/os_tmr.c ****         ptmr   = pspoke->OSTmrFirst;
 2192              		.loc 1 1117 16
 2193 004e 7B69     		ldr	r3, [r7, #20]
 2194 0050 1B68     		ldr	r3, [r3]
 2195 0052 FB61     		str	r3, [r7, #28]
1118:./ucOSII/Core/os_tmr.c ****         while (ptmr != (OS_TMR *)0) {
 2196              		.loc 1 1118 15
 2197 0054 30E0     		b	.L131
 2198              	.L135:
1119:./ucOSII/Core/os_tmr.c ****             ptmr_next = (OS_TMR *)ptmr->OSTmrNext;               /* Point to next timer to update b
ARM GAS  /var/folders/yl/_q9l42k90g1g4mdhbs226msm0000gn/T//cczreIDs.s 			page 59


 2199              		.loc 1 1119 23
 2200 0056 FB69     		ldr	r3, [r7, #28]
 2201 0058 DB68     		ldr	r3, [r3, #12]
 2202 005a 3B61     		str	r3, [r7, #16]
1120:./ucOSII/Core/os_tmr.c ****                                                                  /* ... timer could get unlinked fr
1121:./ucOSII/Core/os_tmr.c ****             if (OSTmrTime == ptmr->OSTmrMatch) {                 /* Process each timer that expires
 2203              		.loc 1 1121 34
 2204 005c FB69     		ldr	r3, [r7, #28]
 2205 005e 5A69     		ldr	r2, [r3, #20]
 2206              		.loc 1 1121 27
 2207 0060 194B     		ldr	r3, .L137+4
 2208 0062 1B68     		ldr	r3, [r3]
 2209              		.loc 1 1121 16
 2210 0064 9A42     		cmp	r2, r3
 2211 0066 25D1     		bne	.L132
1122:./ucOSII/Core/os_tmr.c ****                 OS_TRACE_TMR_EXPIRED(ptmr);
 2212              		.loc 1 1122 17
 2213 0068 FB69     		ldr	r3, [r7, #28]
 2214 006a 1846     		mov	r0, r3
 2215 006c FFF7FEFF 		bl	SEGGER_SYSVIEW_ShrinkId
 2216 0070 0346     		mov	r3, r0
 2217 0072 1946     		mov	r1, r3
 2218 0074 4320     		movs	r0, #67
 2219 0076 FFF7FEFF 		bl	SEGGER_SYSVIEW_RecordU32
1123:./ucOSII/Core/os_tmr.c ****                 OSTmr_Unlink(ptmr);                              /* Remove from current wheel spoke
 2220              		.loc 1 1123 17
 2221 007a F869     		ldr	r0, [r7, #28]
 2222 007c FFF7FEFF 		bl	OSTmr_Unlink
1124:./ucOSII/Core/os_tmr.c ****                 if (ptmr->OSTmrOpt == OS_TMR_OPT_PERIODIC) {
 2223              		.loc 1 1124 25
 2224 0080 FB69     		ldr	r3, [r7, #28]
 2225 0082 93F82430 		ldrb	r3, [r3, #36]	@ zero_extendqisi2
 2226              		.loc 1 1124 20
 2227 0086 022B     		cmp	r3, #2
 2228 0088 04D1     		bne	.L133
1125:./ucOSII/Core/os_tmr.c ****                     OSTmr_Link(ptmr, OS_TMR_LINK_PERIODIC);      /* Recalculate new position of tim
 2229              		.loc 1 1125 21
 2230 008a 0121     		movs	r1, #1
 2231 008c F869     		ldr	r0, [r7, #28]
 2232 008e FFF7FEFF 		bl	OSTmr_Link
 2233 0092 03E0     		b	.L134
 2234              	.L133:
1126:./ucOSII/Core/os_tmr.c ****                 } else {
1127:./ucOSII/Core/os_tmr.c ****                     ptmr->OSTmrState = OS_TMR_STATE_COMPLETED;   /* Indicate that the timer has com
 2235              		.loc 1 1127 38
 2236 0094 FB69     		ldr	r3, [r7, #28]
 2237 0096 0222     		movs	r2, #2
 2238 0098 83F82520 		strb	r2, [r3, #37]
 2239              	.L134:
1128:./ucOSII/Core/os_tmr.c ****                 }
1129:./ucOSII/Core/os_tmr.c ****                 pfnct = ptmr->OSTmrCallback;                     /* Execute callback function if av
 2240              		.loc 1 1129 23
 2241 009c FB69     		ldr	r3, [r7, #28]
 2242 009e 5B68     		ldr	r3, [r3, #4]
 2243 00a0 FB60     		str	r3, [r7, #12]
1130:./ucOSII/Core/os_tmr.c ****                 if (pfnct != (OS_TMR_CALLBACK)0) {
 2244              		.loc 1 1130 20
ARM GAS  /var/folders/yl/_q9l42k90g1g4mdhbs226msm0000gn/T//cczreIDs.s 			page 60


 2245 00a2 FB68     		ldr	r3, [r7, #12]
 2246 00a4 002B     		cmp	r3, #0
 2247 00a6 05D0     		beq	.L132
1131:./ucOSII/Core/os_tmr.c ****                     (*pfnct)((void *)ptmr, ptmr->OSTmrCallbackArg);
 2248              		.loc 1 1131 22
 2249 00a8 FB69     		ldr	r3, [r7, #28]
 2250 00aa 9A68     		ldr	r2, [r3, #8]
 2251 00ac FB68     		ldr	r3, [r7, #12]
 2252 00ae 1146     		mov	r1, r2
 2253 00b0 F869     		ldr	r0, [r7, #28]
 2254 00b2 9847     		blx	r3
 2255              	.LVL2:
 2256              	.L132:
1132:./ucOSII/Core/os_tmr.c ****                 }
1133:./ucOSII/Core/os_tmr.c ****             }
1134:./ucOSII/Core/os_tmr.c ****             ptmr = ptmr_next;
 2257              		.loc 1 1134 18
 2258 00b4 3B69     		ldr	r3, [r7, #16]
 2259 00b6 FB61     		str	r3, [r7, #28]
 2260              	.L131:
1118:./ucOSII/Core/os_tmr.c ****             ptmr_next = (OS_TMR *)ptmr->OSTmrNext;               /* Point to next timer to update b
 2261              		.loc 1 1118 15
 2262 00b8 FB69     		ldr	r3, [r7, #28]
 2263 00ba 002B     		cmp	r3, #0
 2264 00bc CBD1     		bne	.L135
1135:./ucOSII/Core/os_tmr.c ****         }
1136:./ucOSII/Core/os_tmr.c ****         OSSchedUnlock();
 2265              		.loc 1 1136 9
 2266 00be FFF7FEFF 		bl	OSSchedUnlock
1112:./ucOSII/Core/os_tmr.c ****         OSSchedLock();
 2267              		.loc 1 1112 9
 2268 00c2 A1E7     		b	.L136
 2269              	.L138:
 2270              		.align	2
 2271              	.L137:
 2272 00c4 00000000 		.word	OSTmrSemSignal
 2273 00c8 00000000 		.word	OSTmrTime
 2274 00cc 25499224 		.word	613566757
 2275 00d0 00000000 		.word	OSTmrWheelTbl
 2276              		.cfi_endproc
 2277              	.LFE17:
 2279              		.text
 2280              	.Letext0:
 2281              		.file 2 "./ucOSII/Port/os_cpu.h"
 2282              		.file 3 "./ucOSII/Core/ucos_ii.h"
ARM GAS  /var/folders/yl/_q9l42k90g1g4mdhbs226msm0000gn/T//cczreIDs.s 			page 61


DEFINED SYMBOLS
                            *ABS*:0000000000000000 os_tmr.c
/var/folders/yl/_q9l42k90g1g4mdhbs226msm0000gn/T//cczreIDs.s:20     .rodata:0000000000000000 $d
/var/folders/yl/_q9l42k90g1g4mdhbs226msm0000gn/T//cczreIDs.s:24     .text.OSTmrCreate:0000000000000000 $t
/var/folders/yl/_q9l42k90g1g4mdhbs226msm0000gn/T//cczreIDs.s:30     .text.OSTmrCreate:0000000000000000 OSTmrCreate
/var/folders/yl/_q9l42k90g1g4mdhbs226msm0000gn/T//cczreIDs.s:1372   .text.OSTmr_Alloc:0000000000000000 OSTmr_Alloc
/var/folders/yl/_q9l42k90g1g4mdhbs226msm0000gn/T//cczreIDs.s:199    .text.OSTmrCreate:00000000000000d8 $d
/var/folders/yl/_q9l42k90g1g4mdhbs226msm0000gn/T//cczreIDs.s:205    .text.OSTmrDel:0000000000000000 $t
/var/folders/yl/_q9l42k90g1g4mdhbs226msm0000gn/T//cczreIDs.s:211    .text.OSTmrDel:0000000000000000 OSTmrDel
/var/folders/yl/_q9l42k90g1g4mdhbs226msm0000gn/T//cczreIDs.s:1999   .text.OSTmr_Unlink:0000000000000000 OSTmr_Unlink
/var/folders/yl/_q9l42k90g1g4mdhbs226msm0000gn/T//cczreIDs.s:1463   .text.OSTmr_Free:0000000000000000 OSTmr_Free
/var/folders/yl/_q9l42k90g1g4mdhbs226msm0000gn/T//cczreIDs.s:394    .text.OSTmrDel:000000000000010c $d
/var/folders/yl/_q9l42k90g1g4mdhbs226msm0000gn/T//cczreIDs.s:399    .text.OSTmrNameGet:0000000000000000 $t
/var/folders/yl/_q9l42k90g1g4mdhbs226msm0000gn/T//cczreIDs.s:405    .text.OSTmrNameGet:0000000000000000 OSTmrNameGet
/var/folders/yl/_q9l42k90g1g4mdhbs226msm0000gn/T//cczreIDs.s:545    .text.OSTmrNameGet:00000000000000b0 $d
/var/folders/yl/_q9l42k90g1g4mdhbs226msm0000gn/T//cczreIDs.s:550    .text.OSTmrRemainGet:0000000000000000 $t
/var/folders/yl/_q9l42k90g1g4mdhbs226msm0000gn/T//cczreIDs.s:556    .text.OSTmrRemainGet:0000000000000000 OSTmrRemainGet
/var/folders/yl/_q9l42k90g1g4mdhbs226msm0000gn/T//cczreIDs.s:627    .text.OSTmrRemainGet:0000000000000054 $d
/var/folders/yl/_q9l42k90g1g4mdhbs226msm0000gn/T//cczreIDs.s:631    .text.OSTmrRemainGet:0000000000000064 $t
/var/folders/yl/_q9l42k90g1g4mdhbs226msm0000gn/T//cczreIDs.s:742    .text.OSTmrRemainGet:00000000000000f0 $d
/var/folders/yl/_q9l42k90g1g4mdhbs226msm0000gn/T//cczreIDs.s:748    .text.OSTmrStateGet:0000000000000000 $t
/var/folders/yl/_q9l42k90g1g4mdhbs226msm0000gn/T//cczreIDs.s:754    .text.OSTmrStateGet:0000000000000000 OSTmrStateGet
/var/folders/yl/_q9l42k90g1g4mdhbs226msm0000gn/T//cczreIDs.s:855    .text.OSTmrStateGet:0000000000000070 $d
/var/folders/yl/_q9l42k90g1g4mdhbs226msm0000gn/T//cczreIDs.s:860    .text.OSTmrStart:0000000000000000 $t
/var/folders/yl/_q9l42k90g1g4mdhbs226msm0000gn/T//cczreIDs.s:866    .text.OSTmrStart:0000000000000000 OSTmrStart
/var/folders/yl/_q9l42k90g1g4mdhbs226msm0000gn/T//cczreIDs.s:1828   .text.OSTmr_Link:0000000000000000 OSTmr_Link
/var/folders/yl/_q9l42k90g1g4mdhbs226msm0000gn/T//cczreIDs.s:1051   .text.OSTmrStart:0000000000000110 $d
/var/folders/yl/_q9l42k90g1g4mdhbs226msm0000gn/T//cczreIDs.s:1056   .text.OSTmrStop:0000000000000000 $t
/var/folders/yl/_q9l42k90g1g4mdhbs226msm0000gn/T//cczreIDs.s:1062   .text.OSTmrStop:0000000000000000 OSTmrStop
/var/folders/yl/_q9l42k90g1g4mdhbs226msm0000gn/T//cczreIDs.s:1312   .text.OSTmrStop:0000000000000160 $d
/var/folders/yl/_q9l42k90g1g4mdhbs226msm0000gn/T//cczreIDs.s:1317   .text.OSTmrSignal:0000000000000000 $t
/var/folders/yl/_q9l42k90g1g4mdhbs226msm0000gn/T//cczreIDs.s:1323   .text.OSTmrSignal:0000000000000000 OSTmrSignal
/var/folders/yl/_q9l42k90g1g4mdhbs226msm0000gn/T//cczreIDs.s:1362   .text.OSTmrSignal:0000000000000020 $d
/var/folders/yl/_q9l42k90g1g4mdhbs226msm0000gn/T//cczreIDs.s:1367   .text.OSTmr_Alloc:0000000000000000 $t
/var/folders/yl/_q9l42k90g1g4mdhbs226msm0000gn/T//cczreIDs.s:1451   .text.OSTmr_Alloc:0000000000000054 $d
/var/folders/yl/_q9l42k90g1g4mdhbs226msm0000gn/T//cczreIDs.s:1458   .text.OSTmr_Free:0000000000000000 $t
/var/folders/yl/_q9l42k90g1g4mdhbs226msm0000gn/T//cczreIDs.s:1553   .text.OSTmr_Free:0000000000000070 $d
/var/folders/yl/_q9l42k90g1g4mdhbs226msm0000gn/T//cczreIDs.s:1568   .text.OSTmr_Init:0000000000000000 $t
/var/folders/yl/_q9l42k90g1g4mdhbs226msm0000gn/T//cczreIDs.s:1574   .text.OSTmr_Init:0000000000000000 OSTmr_Init
/var/folders/yl/_q9l42k90g1g4mdhbs226msm0000gn/T//cczreIDs.s:1763   .text.OSTmr_InitTask:0000000000000000 OSTmr_InitTask
/var/folders/yl/_q9l42k90g1g4mdhbs226msm0000gn/T//cczreIDs.s:1739   .text.OSTmr_Init:00000000000000ec $d
/var/folders/yl/_q9l42k90g1g4mdhbs226msm0000gn/T//cczreIDs.s:1758   .text.OSTmr_InitTask:0000000000000000 $t
/var/folders/yl/_q9l42k90g1g4mdhbs226msm0000gn/T//cczreIDs.s:1815   .text.OSTmr_InitTask:000000000000003c $d
/var/folders/yl/_q9l42k90g1g4mdhbs226msm0000gn/T//cczreIDs.s:2135   .text.OSTmr_Task:0000000000000000 OSTmr_Task
/var/folders/yl/_q9l42k90g1g4mdhbs226msm0000gn/T//cczreIDs.s:1823   .text.OSTmr_Link:0000000000000000 $t
/var/folders/yl/_q9l42k90g1g4mdhbs226msm0000gn/T//cczreIDs.s:1987   .text.OSTmr_Link:00000000000000cc $d
/var/folders/yl/_q9l42k90g1g4mdhbs226msm0000gn/T//cczreIDs.s:1994   .text.OSTmr_Unlink:0000000000000000 $t
/var/folders/yl/_q9l42k90g1g4mdhbs226msm0000gn/T//cczreIDs.s:2124   .text.OSTmr_Unlink:00000000000000a0 $d
/var/folders/yl/_q9l42k90g1g4mdhbs226msm0000gn/T//cczreIDs.s:2130   .text.OSTmr_Task:0000000000000000 $t
/var/folders/yl/_q9l42k90g1g4mdhbs226msm0000gn/T//cczreIDs.s:2272   .text.OSTmr_Task:00000000000000c4 $d

UNDEFINED SYMBOLS
OSSchedLock
OSSchedUnlock
SYSVIEW_RecordU32Register
OSIntNesting
SEGGER_SYSVIEW_ShrinkId
ARM GAS  /var/folders/yl/_q9l42k90g1g4mdhbs226msm0000gn/T//cczreIDs.s 			page 62


SEGGER_SYSVIEW_RecordU32
SEGGER_SYSVIEW_RecordEndCallU32
OS_StrLen
OSTmrTime
OSSemPost
OSTmrSemSignal
OSTmrFreeList
OSTmrUsed
OSTmrFree
OS_MemClr
OSSemCreate
OSEventNameSet
OSTmrTbl
OSTmrWheelTbl
OSTmrSem
OSTaskCreateExt
OSTaskNameSet
OSTmrTaskStk
OSSemPend
