ARM GAS  /var/folders/yl/_q9l42k90g1g4mdhbs226msm0000gn/T//ccEHYDaT.s 			page 1


   1              		.cpu cortex-m4
   2              		.arch armv7e-m
   3              		.fpu fpv4-sp-d16
   4              		.eabi_attribute 27, 1
   5              		.eabi_attribute 28, 1
   6              		.eabi_attribute 20, 1
   7              		.eabi_attribute 21, 1
   8              		.eabi_attribute 23, 3
   9              		.eabi_attribute 24, 1
  10              		.eabi_attribute 25, 1
  11              		.eabi_attribute 26, 1
  12              		.eabi_attribute 30, 6
  13              		.eabi_attribute 34, 1
  14              		.eabi_attribute 18, 4
  15              		.file	"os_task.c"
  16              		.text
  17              	.Ltext0:
  18              		.cfi_sections	.debug_frame
  19              		.section	.text.OSTaskChangePrio,"ax",%progbits
  20              		.align	1
  21              		.global	OSTaskChangePrio
  22              		.syntax unified
  23              		.thumb
  24              		.thumb_func
  26              	OSTaskChangePrio:
  27              	.LFB3:
  28              		.file 1 "./ucOSII/Core/os_task.c"
   1:./ucOSII/Core/os_task.c **** /*
   2:./ucOSII/Core/os_task.c **** ***************************************************************************************************
   3:./ucOSII/Core/os_task.c **** *                                              uC/OS-II
   4:./ucOSII/Core/os_task.c **** *                                        The Real-Time Kernel
   5:./ucOSII/Core/os_task.c **** *
   6:./ucOSII/Core/os_task.c **** *                    Copyright 1992-2021 Silicon Laboratories Inc. www.silabs.com
   7:./ucOSII/Core/os_task.c **** *
   8:./ucOSII/Core/os_task.c **** *                                 SPDX-License-Identifier: APACHE-2.0
   9:./ucOSII/Core/os_task.c **** *
  10:./ucOSII/Core/os_task.c **** *               This software is subject to an open source license and is distributed by
  11:./ucOSII/Core/os_task.c **** *                Silicon Laboratories Inc. pursuant to the terms of the Apache License,
  12:./ucOSII/Core/os_task.c **** *                    Version 2.0 available at www.apache.org/licenses/LICENSE-2.0.
  13:./ucOSII/Core/os_task.c **** *
  14:./ucOSII/Core/os_task.c **** ***************************************************************************************************
  15:./ucOSII/Core/os_task.c **** */
  16:./ucOSII/Core/os_task.c **** 
  17:./ucOSII/Core/os_task.c **** 
  18:./ucOSII/Core/os_task.c **** /*
  19:./ucOSII/Core/os_task.c **** ***************************************************************************************************
  20:./ucOSII/Core/os_task.c **** *
  21:./ucOSII/Core/os_task.c **** *                                            TASK MANAGEMENT
  22:./ucOSII/Core/os_task.c **** *
  23:./ucOSII/Core/os_task.c **** * Filename : os_task.c
  24:./ucOSII/Core/os_task.c **** * Version  : V2.93.01
  25:./ucOSII/Core/os_task.c **** ***************************************************************************************************
  26:./ucOSII/Core/os_task.c **** */
  27:./ucOSII/Core/os_task.c **** 
  28:./ucOSII/Core/os_task.c **** #ifndef  OS_TASK_C
  29:./ucOSII/Core/os_task.c **** #define  OS_TASK_C
  30:./ucOSII/Core/os_task.c **** 
ARM GAS  /var/folders/yl/_q9l42k90g1g4mdhbs226msm0000gn/T//ccEHYDaT.s 			page 2


  31:./ucOSII/Core/os_task.c **** #define  MICRIUM_SOURCE
  32:./ucOSII/Core/os_task.c **** 
  33:./ucOSII/Core/os_task.c **** #ifndef  OS_MASTER_FILE
  34:./ucOSII/Core/os_task.c **** #include <ucos_ii.h>
  35:./ucOSII/Core/os_task.c **** #endif
  36:./ucOSII/Core/os_task.c **** 
  37:./ucOSII/Core/os_task.c **** 
  38:./ucOSII/Core/os_task.c **** /*
  39:./ucOSII/Core/os_task.c **** ***************************************************************************************************
  40:./ucOSII/Core/os_task.c **** *                                      CHANGE PRIORITY OF A TASK
  41:./ucOSII/Core/os_task.c **** *
  42:./ucOSII/Core/os_task.c **** * Description: This function allows you to change the priority of a task dynamically.  Note that th
  43:./ucOSII/Core/os_task.c **** *              priority MUST be available.
  44:./ucOSII/Core/os_task.c **** *
  45:./ucOSII/Core/os_task.c **** * Arguments  : oldp     is the old priority
  46:./ucOSII/Core/os_task.c **** *
  47:./ucOSII/Core/os_task.c **** *              newp     is the new priority
  48:./ucOSII/Core/os_task.c **** *
  49:./ucOSII/Core/os_task.c **** * Returns    : OS_ERR_NONE            is the call was successful
  50:./ucOSII/Core/os_task.c **** *              OS_ERR_PRIO_INVALID    if the priority you specify is higher that the maximum allowe
  51:./ucOSII/Core/os_task.c **** *                                     (i.e. >= OS_LOWEST_PRIO)
  52:./ucOSII/Core/os_task.c **** *              OS_ERR_PRIO_EXIST      if the new priority already exist.
  53:./ucOSII/Core/os_task.c **** *              OS_ERR_PRIO            there is no task with the specified OLD priority (i.e. the OL
  54:./ucOSII/Core/os_task.c **** *                                     not exist.
  55:./ucOSII/Core/os_task.c **** *              OS_ERR_TASK_NOT_EXIST  if the task is assigned to a Mutex PIP.
  56:./ucOSII/Core/os_task.c **** ***************************************************************************************************
  57:./ucOSII/Core/os_task.c **** */
  58:./ucOSII/Core/os_task.c **** 
  59:./ucOSII/Core/os_task.c **** #if OS_TASK_CHANGE_PRIO_EN > 0u
  60:./ucOSII/Core/os_task.c **** INT8U  OSTaskChangePrio (INT8U  oldprio,
  61:./ucOSII/Core/os_task.c ****                          INT8U  newprio)
  62:./ucOSII/Core/os_task.c **** {
  29              		.loc 1 62 1
  30              		.cfi_startproc
  31              		@ args = 0, pretend = 0, frame = 32
  32              		@ frame_needed = 1, uses_anonymous_args = 0
  33 0000 80B5     		push	{r7, lr}
  34              	.LCFI0:
  35              		.cfi_def_cfa_offset 8
  36              		.cfi_offset 7, -8
  37              		.cfi_offset 14, -4
  38 0002 88B0     		sub	sp, sp, #32
  39              	.LCFI1:
  40              		.cfi_def_cfa_offset 40
  41 0004 00AF     		add	r7, sp, #0
  42              	.LCFI2:
  43              		.cfi_def_cfa_register 7
  44 0006 0346     		mov	r3, r0
  45 0008 0A46     		mov	r2, r1
  46 000a FB71     		strb	r3, [r7, #7]
  47 000c 1346     		mov	r3, r2
  48 000e BB71     		strb	r3, [r7, #6]
  63:./ucOSII/Core/os_task.c **** #if (OS_EVENT_EN)
  64:./ucOSII/Core/os_task.c ****     OS_EVENT  *pevent;
  65:./ucOSII/Core/os_task.c **** #if (OS_EVENT_MULTI_EN > 0u)
  66:./ucOSII/Core/os_task.c ****     OS_EVENT **pevents;
  67:./ucOSII/Core/os_task.c **** #endif
ARM GAS  /var/folders/yl/_q9l42k90g1g4mdhbs226msm0000gn/T//ccEHYDaT.s 			page 3


  68:./ucOSII/Core/os_task.c **** #endif
  69:./ucOSII/Core/os_task.c ****     OS_TCB    *ptcb;
  70:./ucOSII/Core/os_task.c ****     INT8U      y_new;
  71:./ucOSII/Core/os_task.c ****     INT8U      x_new;
  72:./ucOSII/Core/os_task.c ****     INT8U      y_old;
  73:./ucOSII/Core/os_task.c ****     OS_PRIO    bity_new;
  74:./ucOSII/Core/os_task.c ****     OS_PRIO    bitx_new;
  75:./ucOSII/Core/os_task.c ****     OS_PRIO    bity_old;
  76:./ucOSII/Core/os_task.c ****     OS_PRIO    bitx_old;
  77:./ucOSII/Core/os_task.c **** #if OS_CRITICAL_METHOD == 3u
  78:./ucOSII/Core/os_task.c ****     OS_CPU_SR  cpu_sr = 0u;                                 /* Storage for CPU status register     
  49              		.loc 1 78 16
  50 0010 0023     		movs	r3, #0
  51 0012 7B61     		str	r3, [r7, #20]
  79:./ucOSII/Core/os_task.c **** #endif
  80:./ucOSII/Core/os_task.c **** 
  81:./ucOSII/Core/os_task.c **** 
  82:./ucOSII/Core/os_task.c **** #if OS_ARG_CHK_EN > 0u
  83:./ucOSII/Core/os_task.c ****     if (oldprio >= OS_LOWEST_PRIO) {
  52              		.loc 1 83 8
  53 0014 FB79     		ldrb	r3, [r7, #7]	@ zero_extendqisi2
  54 0016 3E2B     		cmp	r3, #62
  55 0018 04D9     		bls	.L2
  84:./ucOSII/Core/os_task.c ****         if (oldprio != OS_PRIO_SELF) {
  56              		.loc 1 84 12
  57 001a FB79     		ldrb	r3, [r7, #7]	@ zero_extendqisi2
  58 001c FF2B     		cmp	r3, #255
  59 001e 01D0     		beq	.L2
  85:./ucOSII/Core/os_task.c ****             return (OS_ERR_PRIO_INVALID);
  60              		.loc 1 85 20
  61 0020 2A23     		movs	r3, #42
  62 0022 24E1     		b	.L3
  63              	.L2:
  86:./ucOSII/Core/os_task.c ****         }
  87:./ucOSII/Core/os_task.c ****     }
  88:./ucOSII/Core/os_task.c ****     if (newprio >= OS_LOWEST_PRIO) {
  64              		.loc 1 88 8
  65 0024 BB79     		ldrb	r3, [r7, #6]	@ zero_extendqisi2
  66 0026 3E2B     		cmp	r3, #62
  67 0028 01D9     		bls	.L4
  89:./ucOSII/Core/os_task.c ****         return (OS_ERR_PRIO_INVALID);
  68              		.loc 1 89 16
  69 002a 2A23     		movs	r3, #42
  70 002c 1FE1     		b	.L3
  71              	.L4:
  90:./ucOSII/Core/os_task.c ****     }
  91:./ucOSII/Core/os_task.c **** #endif
  92:./ucOSII/Core/os_task.c ****     OS_ENTER_CRITICAL();
  72              		.loc 1 92 5
  73 002e 4020     		movs	r0, #64
  74 0030 FFF7FEFF 		bl	OS_CPU_SR_Save
  75 0034 7861     		str	r0, [r7, #20]
  93:./ucOSII/Core/os_task.c ****     if (OSTCBPrioTbl[newprio] != (OS_TCB *)0) {             /* New priority must not already exist 
  76              		.loc 1 93 21
  77 0036 BB79     		ldrb	r3, [r7, #6]	@ zero_extendqisi2
  78 0038 8F4A     		ldr	r2, .L18
  79 003a 52F82330 		ldr	r3, [r2, r3, lsl #2]
ARM GAS  /var/folders/yl/_q9l42k90g1g4mdhbs226msm0000gn/T//ccEHYDaT.s 			page 4


  80              		.loc 1 93 8
  81 003e 002B     		cmp	r3, #0
  82 0040 04D0     		beq	.L5
  94:./ucOSII/Core/os_task.c ****         OS_EXIT_CRITICAL();
  83              		.loc 1 94 9
  84 0042 7869     		ldr	r0, [r7, #20]
  85 0044 FFF7FEFF 		bl	OS_CPU_SR_Restore
  95:./ucOSII/Core/os_task.c ****         return (OS_ERR_PRIO_EXIST);
  86              		.loc 1 95 16
  87 0048 2823     		movs	r3, #40
  88 004a 10E1     		b	.L3
  89              	.L5:
  96:./ucOSII/Core/os_task.c ****     }
  97:./ucOSII/Core/os_task.c ****     if (oldprio == OS_PRIO_SELF) {                          /* See if changing self                
  90              		.loc 1 97 8
  91 004c FB79     		ldrb	r3, [r7, #7]	@ zero_extendqisi2
  92 004e FF2B     		cmp	r3, #255
  93 0050 04D1     		bne	.L6
  98:./ucOSII/Core/os_task.c ****         oldprio = OSTCBCur->OSTCBPrio;                      /* Yes, get priority                   
  94              		.loc 1 98 27
  95 0052 8A4B     		ldr	r3, .L18+4
  96 0054 1B68     		ldr	r3, [r3]
  97              		.loc 1 98 17
  98 0056 93F83A30 		ldrb	r3, [r3, #58]
  99 005a FB71     		strb	r3, [r7, #7]
 100              	.L6:
  99:./ucOSII/Core/os_task.c ****     }
 100:./ucOSII/Core/os_task.c ****     ptcb = OSTCBPrioTbl[oldprio];
 101              		.loc 1 100 24
 102 005c FB79     		ldrb	r3, [r7, #7]	@ zero_extendqisi2
 103              		.loc 1 100 10
 104 005e 864A     		ldr	r2, .L18
 105 0060 52F82330 		ldr	r3, [r2, r3, lsl #2]
 106 0064 3B61     		str	r3, [r7, #16]
 101:./ucOSII/Core/os_task.c ****     if (ptcb == (OS_TCB *)0) {                              /* Does task to change exist?          
 107              		.loc 1 101 8
 108 0066 3B69     		ldr	r3, [r7, #16]
 109 0068 002B     		cmp	r3, #0
 110 006a 04D1     		bne	.L7
 102:./ucOSII/Core/os_task.c ****         OS_EXIT_CRITICAL();                                 /* No, can't change its priority!      
 111              		.loc 1 102 9
 112 006c 7869     		ldr	r0, [r7, #20]
 113 006e FFF7FEFF 		bl	OS_CPU_SR_Restore
 103:./ucOSII/Core/os_task.c ****         return (OS_ERR_PRIO);
 114              		.loc 1 103 16
 115 0072 2923     		movs	r3, #41
 116 0074 FBE0     		b	.L3
 117              	.L7:
 104:./ucOSII/Core/os_task.c ****     }
 105:./ucOSII/Core/os_task.c ****     if (ptcb == OS_TCB_RESERVED) {                          /* Is task assigned to Mutex           
 118              		.loc 1 105 8
 119 0076 3B69     		ldr	r3, [r7, #16]
 120 0078 012B     		cmp	r3, #1
 121 007a 04D1     		bne	.L8
 106:./ucOSII/Core/os_task.c ****         OS_EXIT_CRITICAL();                                 /* No, can't change its priority!      
 122              		.loc 1 106 9
 123 007c 7869     		ldr	r0, [r7, #20]
ARM GAS  /var/folders/yl/_q9l42k90g1g4mdhbs226msm0000gn/T//ccEHYDaT.s 			page 5


 124 007e FFF7FEFF 		bl	OS_CPU_SR_Restore
 107:./ucOSII/Core/os_task.c ****         return (OS_ERR_TASK_NOT_EXIST);
 125              		.loc 1 107 16
 126 0082 4323     		movs	r3, #67
 127 0084 F3E0     		b	.L3
 128              	.L8:
 108:./ucOSII/Core/os_task.c ****     }
 109:./ucOSII/Core/os_task.c **** #if OS_LOWEST_PRIO <= 63u
 110:./ucOSII/Core/os_task.c ****     y_new                 = (INT8U)(newprio >> 3u);         /* Yes, compute new TCB fields         
 129              		.loc 1 110 27
 130 0086 BB79     		ldrb	r3, [r7, #6]	@ zero_extendqisi2
 131 0088 DB08     		lsrs	r3, r3, #3
 132 008a FB73     		strb	r3, [r7, #15]
 111:./ucOSII/Core/os_task.c ****     x_new                 = (INT8U)(newprio & 0x07u);
 133              		.loc 1 111 27
 134 008c BB79     		ldrb	r3, [r7, #6]
 135 008e 03F00703 		and	r3, r3, #7
 136 0092 BB73     		strb	r3, [r7, #14]
 112:./ucOSII/Core/os_task.c **** #else
 113:./ucOSII/Core/os_task.c ****     y_new                 = (INT8U)((INT8U)(newprio >> 4u) & 0x0Fu);
 114:./ucOSII/Core/os_task.c ****     x_new                 = (INT8U)(newprio & 0x0Fu);
 115:./ucOSII/Core/os_task.c **** #endif
 116:./ucOSII/Core/os_task.c ****     bity_new              = (OS_PRIO)(1uL << y_new);
 137              		.loc 1 116 43
 138 0094 FB7B     		ldrb	r3, [r7, #15]	@ zero_extendqisi2
 139 0096 0122     		movs	r2, #1
 140 0098 02FA03F3 		lsl	r3, r2, r3
 141              		.loc 1 116 27
 142 009c 7B73     		strb	r3, [r7, #13]
 117:./ucOSII/Core/os_task.c ****     bitx_new              = (OS_PRIO)(1uL << x_new);
 143              		.loc 1 117 43
 144 009e BB7B     		ldrb	r3, [r7, #14]	@ zero_extendqisi2
 145 00a0 0122     		movs	r2, #1
 146 00a2 02FA03F3 		lsl	r3, r2, r3
 147              		.loc 1 117 27
 148 00a6 3B73     		strb	r3, [r7, #12]
 118:./ucOSII/Core/os_task.c **** 
 119:./ucOSII/Core/os_task.c ****     OSTCBPrioTbl[oldprio] = (OS_TCB *)0;                    /* Remove TCB from old priority        
 149              		.loc 1 119 17
 150 00a8 FB79     		ldrb	r3, [r7, #7]	@ zero_extendqisi2
 151              		.loc 1 119 27
 152 00aa 734A     		ldr	r2, .L18
 153 00ac 0021     		movs	r1, #0
 154 00ae 42F82310 		str	r1, [r2, r3, lsl #2]
 120:./ucOSII/Core/os_task.c ****     OSTCBPrioTbl[newprio] =  ptcb;                          /* Place pointer to TCB @ new priority 
 155              		.loc 1 120 17
 156 00b2 BB79     		ldrb	r3, [r7, #6]	@ zero_extendqisi2
 157              		.loc 1 120 27
 158 00b4 7049     		ldr	r1, .L18
 159 00b6 3A69     		ldr	r2, [r7, #16]
 160 00b8 41F82320 		str	r2, [r1, r3, lsl #2]
 121:./ucOSII/Core/os_task.c ****     y_old                 =  ptcb->OSTCBY;
 161              		.loc 1 121 27
 162 00bc 3B69     		ldr	r3, [r7, #16]
 163 00be 93F83C30 		ldrb	r3, [r3, #60]
 164 00c2 FB72     		strb	r3, [r7, #11]
 122:./ucOSII/Core/os_task.c ****     bity_old              =  ptcb->OSTCBBitY;
ARM GAS  /var/folders/yl/_q9l42k90g1g4mdhbs226msm0000gn/T//ccEHYDaT.s 			page 6


 165              		.loc 1 122 27
 166 00c4 3B69     		ldr	r3, [r7, #16]
 167 00c6 93F83E30 		ldrb	r3, [r3, #62]
 168 00ca BB72     		strb	r3, [r7, #10]
 123:./ucOSII/Core/os_task.c ****     bitx_old              =  ptcb->OSTCBBitX;
 169              		.loc 1 123 27
 170 00cc 3B69     		ldr	r3, [r7, #16]
 171 00ce 93F83D30 		ldrb	r3, [r3, #61]
 172 00d2 7B72     		strb	r3, [r7, #9]
 124:./ucOSII/Core/os_task.c ****     if ((OSRdyTbl[y_old] &   bitx_old) != 0u) {             /* If task is ready make it not        
 173              		.loc 1 124 18
 174 00d4 FB7A     		ldrb	r3, [r7, #11]	@ zero_extendqisi2
 175 00d6 6A4A     		ldr	r2, .L18+8
 176 00d8 D25C     		ldrb	r2, [r2, r3]	@ zero_extendqisi2
 177              		.loc 1 124 40
 178 00da 7B7A     		ldrb	r3, [r7, #9]
 179 00dc 1340     		ands	r3, r3, r2
 180 00de DBB2     		uxtb	r3, r3
 181              		.loc 1 124 8
 182 00e0 002B     		cmp	r3, #0
 183 00e2 2CD0     		beq	.L9
 125:./ucOSII/Core/os_task.c ****          OSRdyTbl[y_old] &= (OS_PRIO)~bitx_old;
 184              		.loc 1 125 26
 185 00e4 FB7A     		ldrb	r3, [r7, #11]	@ zero_extendqisi2
 186 00e6 664A     		ldr	r2, .L18+8
 187 00e8 D15C     		ldrb	r1, [r2, r3]	@ zero_extendqisi2
 188              		.loc 1 125 29
 189 00ea 7B7A     		ldrb	r3, [r7, #9]
 190 00ec DB43     		mvns	r3, r3
 191 00ee DAB2     		uxtb	r2, r3
 192              		.loc 1 125 26
 193 00f0 FB7A     		ldrb	r3, [r7, #11]	@ zero_extendqisi2
 194 00f2 0A40     		ands	r2, r2, r1
 195 00f4 D1B2     		uxtb	r1, r2
 196 00f6 624A     		ldr	r2, .L18+8
 197 00f8 D154     		strb	r1, [r2, r3]
 126:./ucOSII/Core/os_task.c ****          if (OSRdyTbl[y_old] == 0u) {
 198              		.loc 1 126 22
 199 00fa FB7A     		ldrb	r3, [r7, #11]	@ zero_extendqisi2
 200 00fc 604A     		ldr	r2, .L18+8
 201 00fe D35C     		ldrb	r3, [r2, r3]	@ zero_extendqisi2
 202              		.loc 1 126 13
 203 0100 002B     		cmp	r3, #0
 204 0102 08D1     		bne	.L10
 127:./ucOSII/Core/os_task.c ****              OSRdyGrp &= (OS_PRIO)~bity_old;
 205              		.loc 1 127 26
 206 0104 BB7A     		ldrb	r3, [r7, #10]
 207 0106 DB43     		mvns	r3, r3
 208 0108 DAB2     		uxtb	r2, r3
 209              		.loc 1 127 23
 210 010a 5E4B     		ldr	r3, .L18+12
 211 010c 1B78     		ldrb	r3, [r3]	@ zero_extendqisi2
 212 010e 1340     		ands	r3, r3, r2
 213 0110 DAB2     		uxtb	r2, r3
 214 0112 5C4B     		ldr	r3, .L18+12
 215 0114 1A70     		strb	r2, [r3]
 216              	.L10:
ARM GAS  /var/folders/yl/_q9l42k90g1g4mdhbs226msm0000gn/T//ccEHYDaT.s 			page 7


 128:./ucOSII/Core/os_task.c ****          }
 129:./ucOSII/Core/os_task.c ****          OSRdyGrp        |= bity_new;                       /* Make new priority ready to run      
 217              		.loc 1 129 26
 218 0116 5B4B     		ldr	r3, .L18+12
 219 0118 1A78     		ldrb	r2, [r3]	@ zero_extendqisi2
 220 011a 7B7B     		ldrb	r3, [r7, #13]
 221 011c 1343     		orrs	r3, r3, r2
 222 011e DAB2     		uxtb	r2, r3
 223 0120 584B     		ldr	r3, .L18+12
 224 0122 1A70     		strb	r2, [r3]
 130:./ucOSII/Core/os_task.c ****          OSRdyTbl[y_new] |= bitx_new;
 225              		.loc 1 130 26
 226 0124 FB7B     		ldrb	r3, [r7, #15]	@ zero_extendqisi2
 227 0126 564A     		ldr	r2, .L18+8
 228 0128 D15C     		ldrb	r1, [r2, r3]	@ zero_extendqisi2
 229 012a FB7B     		ldrb	r3, [r7, #15]	@ zero_extendqisi2
 230 012c 3A7B     		ldrb	r2, [r7, #12]
 231 012e 0A43     		orrs	r2, r2, r1
 232 0130 D1B2     		uxtb	r1, r2
 233 0132 534A     		ldr	r2, .L18+8
 234 0134 D154     		strb	r1, [r2, r3]
 131:./ucOSII/Core/os_task.c ****          OS_TRACE_TASK_READY(ptcb);
 235              		.loc 1 131 10
 236 0136 3B69     		ldr	r3, [r7, #16]
 237 0138 1846     		mov	r0, r3
 238 013a FFF7FEFF 		bl	SYSVIEW_TaskReady
 239              	.L9:
 132:./ucOSII/Core/os_task.c ****     }
 133:./ucOSII/Core/os_task.c **** 
 134:./ucOSII/Core/os_task.c **** #if (OS_EVENT_EN)
 135:./ucOSII/Core/os_task.c ****     pevent = ptcb->OSTCBEventPtr;
 240              		.loc 1 135 12
 241 013e 3B69     		ldr	r3, [r7, #16]
 242 0140 DB69     		ldr	r3, [r3, #28]
 243 0142 FB61     		str	r3, [r7, #28]
 136:./ucOSII/Core/os_task.c ****     if (pevent != (OS_EVENT *)0) {
 244              		.loc 1 136 8
 245 0144 FB69     		ldr	r3, [r7, #28]
 246 0146 002B     		cmp	r3, #0
 247 0148 2FD0     		beq	.L11
 137:./ucOSII/Core/os_task.c ****         pevent->OSEventTbl[y_old] &= (OS_PRIO)~bitx_old;    /* Remove old task prio from wait list 
 248              		.loc 1 137 35
 249 014a FB7A     		ldrb	r3, [r7, #11]	@ zero_extendqisi2
 250 014c FA69     		ldr	r2, [r7, #28]
 251 014e 1344     		add	r3, r3, r2
 252 0150 D97A     		ldrb	r1, [r3, #11]	@ zero_extendqisi2
 253              		.loc 1 137 38
 254 0152 7B7A     		ldrb	r3, [r7, #9]
 255 0154 DB43     		mvns	r3, r3
 256 0156 DAB2     		uxtb	r2, r3
 257              		.loc 1 137 35
 258 0158 FB7A     		ldrb	r3, [r7, #11]	@ zero_extendqisi2
 259 015a 0A40     		ands	r2, r2, r1
 260 015c D1B2     		uxtb	r1, r2
 261 015e FA69     		ldr	r2, [r7, #28]
 262 0160 1344     		add	r3, r3, r2
 263 0162 0A46     		mov	r2, r1
ARM GAS  /var/folders/yl/_q9l42k90g1g4mdhbs226msm0000gn/T//ccEHYDaT.s 			page 8


 264 0164 DA72     		strb	r2, [r3, #11]
 138:./ucOSII/Core/os_task.c ****         if (pevent->OSEventTbl[y_old] == 0u) {
 265              		.loc 1 138 31
 266 0166 FB7A     		ldrb	r3, [r7, #11]	@ zero_extendqisi2
 267 0168 FA69     		ldr	r2, [r7, #28]
 268 016a 1344     		add	r3, r3, r2
 269 016c DB7A     		ldrb	r3, [r3, #11]	@ zero_extendqisi2
 270              		.loc 1 138 12
 271 016e 002B     		cmp	r3, #0
 272 0170 08D1     		bne	.L12
 139:./ucOSII/Core/os_task.c ****             pevent->OSEventGrp    &= (OS_PRIO)~bity_old;
 273              		.loc 1 139 35
 274 0172 FB69     		ldr	r3, [r7, #28]
 275 0174 9A7A     		ldrb	r2, [r3, #10]	@ zero_extendqisi2
 276              		.loc 1 139 38
 277 0176 BB7A     		ldrb	r3, [r7, #10]
 278 0178 DB43     		mvns	r3, r3
 279 017a DBB2     		uxtb	r3, r3
 280              		.loc 1 139 35
 281 017c 1340     		ands	r3, r3, r2
 282 017e DAB2     		uxtb	r2, r3
 283 0180 FB69     		ldr	r3, [r7, #28]
 284 0182 9A72     		strb	r2, [r3, #10]
 285              	.L12:
 140:./ucOSII/Core/os_task.c ****         }
 141:./ucOSII/Core/os_task.c ****         pevent->OSEventGrp        |= bity_new;              /* Add    new task prio to   wait list 
 286              		.loc 1 141 35
 287 0184 FB69     		ldr	r3, [r7, #28]
 288 0186 9A7A     		ldrb	r2, [r3, #10]	@ zero_extendqisi2
 289 0188 7B7B     		ldrb	r3, [r7, #13]
 290 018a 1343     		orrs	r3, r3, r2
 291 018c DAB2     		uxtb	r2, r3
 292 018e FB69     		ldr	r3, [r7, #28]
 293 0190 9A72     		strb	r2, [r3, #10]
 142:./ucOSII/Core/os_task.c ****         pevent->OSEventTbl[y_new] |= bitx_new;
 294              		.loc 1 142 35
 295 0192 FB7B     		ldrb	r3, [r7, #15]	@ zero_extendqisi2
 296 0194 FA69     		ldr	r2, [r7, #28]
 297 0196 1344     		add	r3, r3, r2
 298 0198 D97A     		ldrb	r1, [r3, #11]	@ zero_extendqisi2
 299 019a FB7B     		ldrb	r3, [r7, #15]	@ zero_extendqisi2
 300 019c 3A7B     		ldrb	r2, [r7, #12]
 301 019e 0A43     		orrs	r2, r2, r1
 302 01a0 D1B2     		uxtb	r1, r2
 303 01a2 FA69     		ldr	r2, [r7, #28]
 304 01a4 1344     		add	r3, r3, r2
 305 01a6 0A46     		mov	r2, r1
 306 01a8 DA72     		strb	r2, [r3, #11]
 307              	.L11:
 143:./ucOSII/Core/os_task.c ****     }
 144:./ucOSII/Core/os_task.c **** #if (OS_EVENT_MULTI_EN > 0u)
 145:./ucOSII/Core/os_task.c ****     if (ptcb->OSTCBEventMultiPtr != (OS_EVENT **)0) {
 308              		.loc 1 145 13
 309 01aa 3B69     		ldr	r3, [r7, #16]
 310 01ac 1B6A     		ldr	r3, [r3, #32]
 311              		.loc 1 145 8
 312 01ae 002B     		cmp	r3, #0
ARM GAS  /var/folders/yl/_q9l42k90g1g4mdhbs226msm0000gn/T//ccEHYDaT.s 			page 9


 313 01b0 3FD0     		beq	.L13
 146:./ucOSII/Core/os_task.c ****         pevents =  ptcb->OSTCBEventMultiPtr;
 314              		.loc 1 146 17
 315 01b2 3B69     		ldr	r3, [r7, #16]
 316 01b4 1B6A     		ldr	r3, [r3, #32]
 317 01b6 BB61     		str	r3, [r7, #24]
 147:./ucOSII/Core/os_task.c ****         pevent  = *pevents;
 318              		.loc 1 147 17
 319 01b8 BB69     		ldr	r3, [r7, #24]
 320 01ba 1B68     		ldr	r3, [r3]
 321 01bc FB61     		str	r3, [r7, #28]
 148:./ucOSII/Core/os_task.c ****         while (pevent != (OS_EVENT *)0) {
 322              		.loc 1 148 15
 323 01be 35E0     		b	.L14
 324              	.L16:
 149:./ucOSII/Core/os_task.c ****             pevent->OSEventTbl[y_old] &= (OS_PRIO)~bitx_old;   /* Remove old task prio from wait li
 325              		.loc 1 149 39
 326 01c0 FB7A     		ldrb	r3, [r7, #11]	@ zero_extendqisi2
 327 01c2 FA69     		ldr	r2, [r7, #28]
 328 01c4 1344     		add	r3, r3, r2
 329 01c6 D97A     		ldrb	r1, [r3, #11]	@ zero_extendqisi2
 330              		.loc 1 149 42
 331 01c8 7B7A     		ldrb	r3, [r7, #9]
 332 01ca DB43     		mvns	r3, r3
 333 01cc DAB2     		uxtb	r2, r3
 334              		.loc 1 149 39
 335 01ce FB7A     		ldrb	r3, [r7, #11]	@ zero_extendqisi2
 336 01d0 0A40     		ands	r2, r2, r1
 337 01d2 D1B2     		uxtb	r1, r2
 338 01d4 FA69     		ldr	r2, [r7, #28]
 339 01d6 1344     		add	r3, r3, r2
 340 01d8 0A46     		mov	r2, r1
 341 01da DA72     		strb	r2, [r3, #11]
 150:./ucOSII/Core/os_task.c ****             if (pevent->OSEventTbl[y_old] == 0u) {
 342              		.loc 1 150 35
 343 01dc FB7A     		ldrb	r3, [r7, #11]	@ zero_extendqisi2
 344 01de FA69     		ldr	r2, [r7, #28]
 345 01e0 1344     		add	r3, r3, r2
 346 01e2 DB7A     		ldrb	r3, [r3, #11]	@ zero_extendqisi2
 347              		.loc 1 150 16
 348 01e4 002B     		cmp	r3, #0
 349 01e6 08D1     		bne	.L15
 151:./ucOSII/Core/os_task.c ****                 pevent->OSEventGrp    &= (OS_PRIO)~bity_old;
 350              		.loc 1 151 39
 351 01e8 FB69     		ldr	r3, [r7, #28]
 352 01ea 9A7A     		ldrb	r2, [r3, #10]	@ zero_extendqisi2
 353              		.loc 1 151 42
 354 01ec BB7A     		ldrb	r3, [r7, #10]
 355 01ee DB43     		mvns	r3, r3
 356 01f0 DBB2     		uxtb	r3, r3
 357              		.loc 1 151 39
 358 01f2 1340     		ands	r3, r3, r2
 359 01f4 DAB2     		uxtb	r2, r3
 360 01f6 FB69     		ldr	r3, [r7, #28]
 361 01f8 9A72     		strb	r2, [r3, #10]
 362              	.L15:
 152:./ucOSII/Core/os_task.c ****             }
ARM GAS  /var/folders/yl/_q9l42k90g1g4mdhbs226msm0000gn/T//ccEHYDaT.s 			page 10


 153:./ucOSII/Core/os_task.c ****             pevent->OSEventGrp        |= bity_new;          /* Add    new task prio to   wait lists
 363              		.loc 1 153 39
 364 01fa FB69     		ldr	r3, [r7, #28]
 365 01fc 9A7A     		ldrb	r2, [r3, #10]	@ zero_extendqisi2
 366 01fe 7B7B     		ldrb	r3, [r7, #13]
 367 0200 1343     		orrs	r3, r3, r2
 368 0202 DAB2     		uxtb	r2, r3
 369 0204 FB69     		ldr	r3, [r7, #28]
 370 0206 9A72     		strb	r2, [r3, #10]
 154:./ucOSII/Core/os_task.c ****             pevent->OSEventTbl[y_new] |= bitx_new;
 371              		.loc 1 154 39
 372 0208 FB7B     		ldrb	r3, [r7, #15]	@ zero_extendqisi2
 373 020a FA69     		ldr	r2, [r7, #28]
 374 020c 1344     		add	r3, r3, r2
 375 020e D97A     		ldrb	r1, [r3, #11]	@ zero_extendqisi2
 376 0210 FB7B     		ldrb	r3, [r7, #15]	@ zero_extendqisi2
 377 0212 3A7B     		ldrb	r2, [r7, #12]
 378 0214 0A43     		orrs	r2, r2, r1
 379 0216 D1B2     		uxtb	r1, r2
 380 0218 FA69     		ldr	r2, [r7, #28]
 381 021a 1344     		add	r3, r3, r2
 382 021c 0A46     		mov	r2, r1
 383 021e DA72     		strb	r2, [r3, #11]
 155:./ucOSII/Core/os_task.c ****             pevents++;
 384              		.loc 1 155 20
 385 0220 BB69     		ldr	r3, [r7, #24]
 386 0222 0433     		adds	r3, r3, #4
 387 0224 BB61     		str	r3, [r7, #24]
 156:./ucOSII/Core/os_task.c ****             pevent                     = *pevents;
 388              		.loc 1 156 40
 389 0226 BB69     		ldr	r3, [r7, #24]
 390 0228 1B68     		ldr	r3, [r3]
 391 022a FB61     		str	r3, [r7, #28]
 392              	.L14:
 148:./ucOSII/Core/os_task.c ****             pevent->OSEventTbl[y_old] &= (OS_PRIO)~bitx_old;   /* Remove old task prio from wait li
 393              		.loc 1 148 15
 394 022c FB69     		ldr	r3, [r7, #28]
 395 022e 002B     		cmp	r3, #0
 396 0230 C6D1     		bne	.L16
 397              	.L13:
 157:./ucOSII/Core/os_task.c ****         }
 158:./ucOSII/Core/os_task.c ****     }
 159:./ucOSII/Core/os_task.c **** #endif
 160:./ucOSII/Core/os_task.c **** #endif
 161:./ucOSII/Core/os_task.c **** 
 162:./ucOSII/Core/os_task.c ****     ptcb->OSTCBPrio = newprio;                              /* Set new task priority               
 398              		.loc 1 162 21
 399 0232 3B69     		ldr	r3, [r7, #16]
 400 0234 BA79     		ldrb	r2, [r7, #6]
 401 0236 83F83A20 		strb	r2, [r3, #58]
 163:./ucOSII/Core/os_task.c ****     ptcb->OSTCBY    = y_new;
 402              		.loc 1 163 21
 403 023a 3B69     		ldr	r3, [r7, #16]
 404 023c FA7B     		ldrb	r2, [r7, #15]
 405 023e 83F83C20 		strb	r2, [r3, #60]
 164:./ucOSII/Core/os_task.c ****     ptcb->OSTCBX    = x_new;
 406              		.loc 1 164 21
ARM GAS  /var/folders/yl/_q9l42k90g1g4mdhbs226msm0000gn/T//ccEHYDaT.s 			page 11


 407 0242 3B69     		ldr	r3, [r7, #16]
 408 0244 BA7B     		ldrb	r2, [r7, #14]
 409 0246 83F83B20 		strb	r2, [r3, #59]
 165:./ucOSII/Core/os_task.c ****     ptcb->OSTCBBitY = bity_new;
 410              		.loc 1 165 21
 411 024a 3B69     		ldr	r3, [r7, #16]
 412 024c 7A7B     		ldrb	r2, [r7, #13]
 413 024e 83F83E20 		strb	r2, [r3, #62]
 166:./ucOSII/Core/os_task.c ****     ptcb->OSTCBBitX = bitx_new;
 414              		.loc 1 166 21
 415 0252 3B69     		ldr	r3, [r7, #16]
 416 0254 3A7B     		ldrb	r2, [r7, #12]
 417 0256 83F83D20 		strb	r2, [r3, #61]
 167:./ucOSII/Core/os_task.c ****     OS_EXIT_CRITICAL();
 418              		.loc 1 167 5
 419 025a 7869     		ldr	r0, [r7, #20]
 420 025c FFF7FEFF 		bl	OS_CPU_SR_Restore
 168:./ucOSII/Core/os_task.c ****     if (OSRunning == OS_TRUE) {
 421              		.loc 1 168 19
 422 0260 094B     		ldr	r3, .L18+16
 423 0262 1B78     		ldrb	r3, [r3]	@ zero_extendqisi2
 424              		.loc 1 168 8
 425 0264 012B     		cmp	r3, #1
 426 0266 01D1     		bne	.L17
 169:./ucOSII/Core/os_task.c ****         OS_Sched();                                         /* Find new highest priority task      
 427              		.loc 1 169 9
 428 0268 FFF7FEFF 		bl	OS_Sched
 429              	.L17:
 170:./ucOSII/Core/os_task.c ****     }
 171:./ucOSII/Core/os_task.c ****     return (OS_ERR_NONE);
 430              		.loc 1 171 12
 431 026c 0023     		movs	r3, #0
 432              	.L3:
 172:./ucOSII/Core/os_task.c **** }
 433              		.loc 1 172 1
 434 026e 1846     		mov	r0, r3
 435 0270 2037     		adds	r7, r7, #32
 436              	.LCFI3:
 437              		.cfi_def_cfa_offset 8
 438 0272 BD46     		mov	sp, r7
 439              	.LCFI4:
 440              		.cfi_def_cfa_register 13
 441              		@ sp needed
 442 0274 80BD     		pop	{r7, pc}
 443              	.L19:
 444 0276 00BF     		.align	2
 445              	.L18:
 446 0278 00000000 		.word	OSTCBPrioTbl
 447 027c 00000000 		.word	OSTCBCur
 448 0280 00000000 		.word	OSRdyTbl
 449 0284 00000000 		.word	OSRdyGrp
 450 0288 00000000 		.word	OSRunning
 451              		.cfi_endproc
 452              	.LFE3:
 454              		.section	.text.OSTaskCreate,"ax",%progbits
 455              		.align	1
 456              		.global	OSTaskCreate
ARM GAS  /var/folders/yl/_q9l42k90g1g4mdhbs226msm0000gn/T//ccEHYDaT.s 			page 12


 457              		.syntax unified
 458              		.thumb
 459              		.thumb_func
 461              	OSTaskCreate:
 462              	.LFB4:
 173:./ucOSII/Core/os_task.c **** #endif
 174:./ucOSII/Core/os_task.c **** 
 175:./ucOSII/Core/os_task.c **** 
 176:./ucOSII/Core/os_task.c **** /*
 177:./ucOSII/Core/os_task.c **** ***************************************************************************************************
 178:./ucOSII/Core/os_task.c **** *                                            CREATE A TASK
 179:./ucOSII/Core/os_task.c **** *
 180:./ucOSII/Core/os_task.c **** * Description: This function is used to have uC/OS-II manage the execution of a task.  Tasks can ei
 181:./ucOSII/Core/os_task.c **** *              be created prior to the start of multitasking or by a running task.  A task cannot b
 182:./ucOSII/Core/os_task.c **** *              created by an ISR.
 183:./ucOSII/Core/os_task.c **** *
 184:./ucOSII/Core/os_task.c **** * Arguments  : task     is a pointer to the task's code
 185:./ucOSII/Core/os_task.c **** *
 186:./ucOSII/Core/os_task.c **** *              p_arg    is a pointer to an optional data area which can be used to pass parameters 
 187:./ucOSII/Core/os_task.c **** *                       the task when the task first executes.  Where the task is concerned it thin
 188:./ucOSII/Core/os_task.c **** *                       it was invoked and passed the argument 'p_arg' as follows:
 189:./ucOSII/Core/os_task.c **** *
 190:./ucOSII/Core/os_task.c **** *                           void Task (void *p_arg)
 191:./ucOSII/Core/os_task.c **** *                           {
 192:./ucOSII/Core/os_task.c **** *                               for (;;) {
 193:./ucOSII/Core/os_task.c **** *                                   Task code;
 194:./ucOSII/Core/os_task.c **** *                               }
 195:./ucOSII/Core/os_task.c **** *                           }
 196:./ucOSII/Core/os_task.c **** *
 197:./ucOSII/Core/os_task.c **** *              ptos     is a pointer to the task's top of stack.  If the configuration constant
 198:./ucOSII/Core/os_task.c **** *                       OS_STK_GROWTH is set to 1, the stack is assumed to grow downward (i.e. from
 199:./ucOSII/Core/os_task.c **** *                       memory to low memory).  'pstk' will thus point to the highest (valid) memor
 200:./ucOSII/Core/os_task.c **** *                       location of the stack.  If OS_STK_GROWTH is set to 0, 'pstk' will point to 
 201:./ucOSII/Core/os_task.c **** *                       lowest memory location of the stack and the stack will grow with increasing
 202:./ucOSII/Core/os_task.c **** *                       memory locations.
 203:./ucOSII/Core/os_task.c **** *
 204:./ucOSII/Core/os_task.c **** *              prio     is the task's priority.  A unique priority MUST be assigned to each task an
 205:./ucOSII/Core/os_task.c **** *                       lower the number, the higher the priority.
 206:./ucOSII/Core/os_task.c **** *
 207:./ucOSII/Core/os_task.c **** * Returns    : OS_ERR_NONE                     if the function was successful.
 208:./ucOSII/Core/os_task.c **** *              OS_ERR_PRIO_EXIST               if the task priority already exist
 209:./ucOSII/Core/os_task.c **** *                                              (each task MUST have a unique priority).
 210:./ucOSII/Core/os_task.c **** *              OS_ERR_PRIO_INVALID             if the priority you specify is higher that the maxim
 211:./ucOSII/Core/os_task.c **** *                                              allowed (i.e. >= OS_LOWEST_PRIO)
 212:./ucOSII/Core/os_task.c **** *              OS_ERR_TASK_CREATE_ISR          if you tried to create a task from an ISR.
 213:./ucOSII/Core/os_task.c **** *              OS_ERR_ILLEGAL_CREATE_RUN_TIME  if you tried to create a task after safety critical
 214:./ucOSII/Core/os_task.c **** *                                              operation started.
 215:./ucOSII/Core/os_task.c **** ***************************************************************************************************
 216:./ucOSII/Core/os_task.c **** */
 217:./ucOSII/Core/os_task.c **** 
 218:./ucOSII/Core/os_task.c **** #if OS_TASK_CREATE_EN > 0u
 219:./ucOSII/Core/os_task.c **** INT8U  OSTaskCreate (void   (*task)(void *p_arg),
 220:./ucOSII/Core/os_task.c ****                      void    *p_arg,
 221:./ucOSII/Core/os_task.c ****                      OS_STK  *ptos,
 222:./ucOSII/Core/os_task.c ****                      INT8U    prio)
 223:./ucOSII/Core/os_task.c **** {
 463              		.loc 1 223 1
ARM GAS  /var/folders/yl/_q9l42k90g1g4mdhbs226msm0000gn/T//ccEHYDaT.s 			page 13


 464              		.cfi_startproc
 465              		@ args = 0, pretend = 0, frame = 32
 466              		@ frame_needed = 1, uses_anonymous_args = 0
 467 0000 B0B5     		push	{r4, r5, r7, lr}
 468              	.LCFI5:
 469              		.cfi_def_cfa_offset 16
 470              		.cfi_offset 4, -16
 471              		.cfi_offset 5, -12
 472              		.cfi_offset 7, -8
 473              		.cfi_offset 14, -4
 474 0002 8CB0     		sub	sp, sp, #48
 475              	.LCFI6:
 476              		.cfi_def_cfa_offset 64
 477 0004 04AF     		add	r7, sp, #16
 478              	.LCFI7:
 479              		.cfi_def_cfa 7, 48
 480 0006 F860     		str	r0, [r7, #12]
 481 0008 B960     		str	r1, [r7, #8]
 482 000a 7A60     		str	r2, [r7, #4]
 483 000c FB70     		strb	r3, [r7, #3]
 224:./ucOSII/Core/os_task.c ****     OS_STK     *psp;
 225:./ucOSII/Core/os_task.c ****     INT8U       err;
 226:./ucOSII/Core/os_task.c **** #if OS_CRITICAL_METHOD == 3u                 /* Allocate storage for CPU status register           
 227:./ucOSII/Core/os_task.c ****     OS_CPU_SR   cpu_sr = 0u;
 484              		.loc 1 227 17
 485 000e 0023     		movs	r3, #0
 486 0010 FB61     		str	r3, [r7, #28]
 228:./ucOSII/Core/os_task.c **** #endif
 229:./ucOSII/Core/os_task.c **** 
 230:./ucOSII/Core/os_task.c **** 
 231:./ucOSII/Core/os_task.c **** 
 232:./ucOSII/Core/os_task.c **** #ifdef OS_SAFETY_CRITICAL_IEC61508
 233:./ucOSII/Core/os_task.c ****     if (OSSafetyCriticalStartFlag == OS_TRUE) {
 234:./ucOSII/Core/os_task.c ****         OS_SAFETY_CRITICAL_EXCEPTION();
 235:./ucOSII/Core/os_task.c ****         return (OS_ERR_ILLEGAL_CREATE_RUN_TIME);
 236:./ucOSII/Core/os_task.c ****     }
 237:./ucOSII/Core/os_task.c **** #endif
 238:./ucOSII/Core/os_task.c **** 
 239:./ucOSII/Core/os_task.c **** #if OS_ARG_CHK_EN > 0u
 240:./ucOSII/Core/os_task.c ****     if (prio > OS_LOWEST_PRIO) {             /* Make sure priority is within allowable range       
 487              		.loc 1 240 8
 488 0012 FB78     		ldrb	r3, [r7, #3]	@ zero_extendqisi2
 489 0014 3F2B     		cmp	r3, #63
 490 0016 01D9     		bls	.L21
 241:./ucOSII/Core/os_task.c ****         return (OS_ERR_PRIO_INVALID);
 491              		.loc 1 241 16
 492 0018 2A23     		movs	r3, #42
 493 001a 77E0     		b	.L22
 494              	.L21:
 242:./ucOSII/Core/os_task.c ****     }
 243:./ucOSII/Core/os_task.c **** #endif
 244:./ucOSII/Core/os_task.c ****     OS_ENTER_CRITICAL();
 495              		.loc 1 244 5
 496 001c 4020     		movs	r0, #64
 497 001e FFF7FEFF 		bl	OS_CPU_SR_Save
 498 0022 F861     		str	r0, [r7, #28]
 245:./ucOSII/Core/os_task.c ****     if (OSIntNesting > 0u) {                 /* Make sure we don't create the task from within an I
ARM GAS  /var/folders/yl/_q9l42k90g1g4mdhbs226msm0000gn/T//ccEHYDaT.s 			page 14


 499              		.loc 1 245 22
 500 0024 3B4B     		ldr	r3, .L28
 501 0026 1B78     		ldrb	r3, [r3]	@ zero_extendqisi2
 502              		.loc 1 245 8
 503 0028 002B     		cmp	r3, #0
 504 002a 04D0     		beq	.L23
 246:./ucOSII/Core/os_task.c ****         OS_EXIT_CRITICAL();
 505              		.loc 1 246 9
 506 002c F869     		ldr	r0, [r7, #28]
 507 002e FFF7FEFF 		bl	OS_CPU_SR_Restore
 247:./ucOSII/Core/os_task.c ****         return (OS_ERR_TASK_CREATE_ISR);
 508              		.loc 1 247 16
 509 0032 3C23     		movs	r3, #60
 510 0034 6AE0     		b	.L22
 511              	.L23:
 248:./ucOSII/Core/os_task.c ****     }
 249:./ucOSII/Core/os_task.c ****     if (OSTCBPrioTbl[prio] == (OS_TCB *)0) { /* Make sure task doesn't already exist at this priori
 512              		.loc 1 249 21
 513 0036 FB78     		ldrb	r3, [r7, #3]	@ zero_extendqisi2
 514 0038 374A     		ldr	r2, .L28+4
 515 003a 52F82330 		ldr	r3, [r2, r3, lsl #2]
 516              		.loc 1 249 8
 517 003e 002B     		cmp	r3, #0
 518 0040 60D1     		bne	.L24
 250:./ucOSII/Core/os_task.c ****         OSTCBPrioTbl[prio] = OS_TCB_RESERVED;/* Reserve the priority to prevent others from doing .
 519              		.loc 1 250 21
 520 0042 FB78     		ldrb	r3, [r7, #3]	@ zero_extendqisi2
 521              		.loc 1 250 28
 522 0044 344A     		ldr	r2, .L28+4
 523 0046 0121     		movs	r1, #1
 524 0048 42F82310 		str	r1, [r2, r3, lsl #2]
 251:./ucOSII/Core/os_task.c ****                                              /* ... the same thing until task is created.          
 252:./ucOSII/Core/os_task.c ****         OS_EXIT_CRITICAL();
 525              		.loc 1 252 9
 526 004c F869     		ldr	r0, [r7, #28]
 527 004e FFF7FEFF 		bl	OS_CPU_SR_Restore
 253:./ucOSII/Core/os_task.c ****         psp = OSTaskStkInit(task, p_arg, ptos, 0u);             /* Initialize the task's stack     
 528              		.loc 1 253 15
 529 0052 0023     		movs	r3, #0
 530 0054 7A68     		ldr	r2, [r7, #4]
 531 0056 B968     		ldr	r1, [r7, #8]
 532 0058 F868     		ldr	r0, [r7, #12]
 533 005a FFF7FEFF 		bl	OSTaskStkInit
 534 005e B861     		str	r0, [r7, #24]
 254:./ucOSII/Core/os_task.c ****         err = OS_TCBInit(prio, psp, (OS_STK *)0, 0u, 0u, (void *)0, 0u);
 535              		.loc 1 254 15
 536 0060 F878     		ldrb	r0, [r7, #3]	@ zero_extendqisi2
 537 0062 0023     		movs	r3, #0
 538 0064 0293     		str	r3, [sp, #8]
 539 0066 0023     		movs	r3, #0
 540 0068 0193     		str	r3, [sp, #4]
 541 006a 0023     		movs	r3, #0
 542 006c 0093     		str	r3, [sp]
 543 006e 0023     		movs	r3, #0
 544 0070 0022     		movs	r2, #0
 545 0072 B969     		ldr	r1, [r7, #24]
 546 0074 FFF7FEFF 		bl	OS_TCBInit
ARM GAS  /var/folders/yl/_q9l42k90g1g4mdhbs226msm0000gn/T//ccEHYDaT.s 			page 15


 547 0078 0346     		mov	r3, r0
 548 007a FB75     		strb	r3, [r7, #23]
 255:./ucOSII/Core/os_task.c ****         if (err == OS_ERR_NONE) {
 549              		.loc 1 255 12
 550 007c FB7D     		ldrb	r3, [r7, #23]	@ zero_extendqisi2
 551 007e 002B     		cmp	r3, #0
 552 0080 32D1     		bne	.L25
 256:./ucOSII/Core/os_task.c ****             OS_TRACE_TASK_CREATE(OSTCBPrioTbl[prio]);
 553              		.loc 1 256 13
 554 0082 FB78     		ldrb	r3, [r7, #3]	@ zero_extendqisi2
 555 0084 244A     		ldr	r2, .L28+4
 556 0086 52F82330 		ldr	r3, [r2, r3, lsl #2]
 557 008a 002B     		cmp	r3, #0
 558 008c 25D0     		beq	.L26
 559              		.loc 1 256 13 is_stmt 0 discriminator 1
 560 008e FB78     		ldrb	r3, [r7, #3]	@ zero_extendqisi2
 561 0090 214A     		ldr	r2, .L28+4
 562 0092 52F82330 		ldr	r3, [r2, r3, lsl #2]
 563 0096 1846     		mov	r0, r3
 564 0098 FFF7FEFF 		bl	SEGGER_SYSVIEW_OnTaskCreate
 565 009c FB78     		ldrb	r3, [r7, #3]	@ zero_extendqisi2
 566 009e 1E4A     		ldr	r2, .L28+4
 567 00a0 52F82330 		ldr	r3, [r2, r3, lsl #2]
 568 00a4 1D46     		mov	r5, r3
 569 00a6 FB78     		ldrb	r3, [r7, #3]	@ zero_extendqisi2
 570 00a8 1B4A     		ldr	r2, .L28+4
 571 00aa 52F82330 		ldr	r3, [r2, r3, lsl #2]
 572 00ae 596D     		ldr	r1, [r3, #84]
 573 00b0 FB78     		ldrb	r3, [r7, #3]	@ zero_extendqisi2
 574 00b2 194A     		ldr	r2, .L28+4
 575 00b4 52F82330 		ldr	r3, [r2, r3, lsl #2]
 576 00b8 93F83A20 		ldrb	r2, [r3, #58]	@ zero_extendqisi2
 577 00bc FB78     		ldrb	r3, [r7, #3]	@ zero_extendqisi2
 578 00be 1648     		ldr	r0, .L28+4
 579 00c0 50F82330 		ldr	r3, [r0, r3, lsl #2]
 580 00c4 9868     		ldr	r0, [r3, #8]
 581 00c6 FB78     		ldrb	r3, [r7, #3]	@ zero_extendqisi2
 582 00c8 134C     		ldr	r4, .L28+4
 583 00ca 54F82330 		ldr	r3, [r4, r3, lsl #2]
 584 00ce DB68     		ldr	r3, [r3, #12]
 585 00d0 0093     		str	r3, [sp]
 586 00d2 0346     		mov	r3, r0
 587 00d4 2846     		mov	r0, r5
 588 00d6 FFF7FEFF 		bl	SYSVIEW_AddTask
 589              	.L26:
 257:./ucOSII/Core/os_task.c ****             if (OSRunning == OS_TRUE) {      /* Find highest priority task if multitasking has star
 590              		.loc 1 257 27 is_stmt 1
 591 00da 104B     		ldr	r3, .L28+8
 592 00dc 1B78     		ldrb	r3, [r3]	@ zero_extendqisi2
 593              		.loc 1 257 16
 594 00de 012B     		cmp	r3, #1
 595 00e0 0ED1     		bne	.L27
 258:./ucOSII/Core/os_task.c ****                 OS_Sched();
 596              		.loc 1 258 17
 597 00e2 FFF7FEFF 		bl	OS_Sched
 598 00e6 0BE0     		b	.L27
 599              	.L25:
ARM GAS  /var/folders/yl/_q9l42k90g1g4mdhbs226msm0000gn/T//ccEHYDaT.s 			page 16


 259:./ucOSII/Core/os_task.c ****             }
 260:./ucOSII/Core/os_task.c ****         } else {
 261:./ucOSII/Core/os_task.c ****             OS_TRACE_TASK_CREATE_FAILED(OSTCBPrioTbl[prio]);
 262:./ucOSII/Core/os_task.c ****             OS_ENTER_CRITICAL();
 600              		.loc 1 262 13
 601 00e8 4020     		movs	r0, #64
 602 00ea FFF7FEFF 		bl	OS_CPU_SR_Save
 603 00ee F861     		str	r0, [r7, #28]
 263:./ucOSII/Core/os_task.c ****             OSTCBPrioTbl[prio] = (OS_TCB *)0;/* Make this priority available to others             
 604              		.loc 1 263 25
 605 00f0 FB78     		ldrb	r3, [r7, #3]	@ zero_extendqisi2
 606              		.loc 1 263 32
 607 00f2 094A     		ldr	r2, .L28+4
 608 00f4 0021     		movs	r1, #0
 609 00f6 42F82310 		str	r1, [r2, r3, lsl #2]
 264:./ucOSII/Core/os_task.c ****             OS_EXIT_CRITICAL();
 610              		.loc 1 264 13
 611 00fa F869     		ldr	r0, [r7, #28]
 612 00fc FFF7FEFF 		bl	OS_CPU_SR_Restore
 613              	.L27:
 265:./ucOSII/Core/os_task.c ****         }
 266:./ucOSII/Core/os_task.c ****         return (err);
 614              		.loc 1 266 16
 615 0100 FB7D     		ldrb	r3, [r7, #23]	@ zero_extendqisi2
 616 0102 03E0     		b	.L22
 617              	.L24:
 267:./ucOSII/Core/os_task.c ****     }
 268:./ucOSII/Core/os_task.c ****     OS_EXIT_CRITICAL();
 618              		.loc 1 268 5
 619 0104 F869     		ldr	r0, [r7, #28]
 620 0106 FFF7FEFF 		bl	OS_CPU_SR_Restore
 269:./ucOSII/Core/os_task.c ****     return (OS_ERR_PRIO_EXIST);
 621              		.loc 1 269 12
 622 010a 2823     		movs	r3, #40
 623              	.L22:
 270:./ucOSII/Core/os_task.c **** }
 624              		.loc 1 270 1
 625 010c 1846     		mov	r0, r3
 626 010e 2037     		adds	r7, r7, #32
 627              	.LCFI8:
 628              		.cfi_def_cfa_offset 16
 629 0110 BD46     		mov	sp, r7
 630              	.LCFI9:
 631              		.cfi_def_cfa_register 13
 632              		@ sp needed
 633 0112 B0BD     		pop	{r4, r5, r7, pc}
 634              	.L29:
 635              		.align	2
 636              	.L28:
 637 0114 00000000 		.word	OSIntNesting
 638 0118 00000000 		.word	OSTCBPrioTbl
 639 011c 00000000 		.word	OSRunning
 640              		.cfi_endproc
 641              	.LFE4:
 643              		.section	.text.OSTaskCreateExt,"ax",%progbits
 644              		.align	1
 645              		.global	OSTaskCreateExt
ARM GAS  /var/folders/yl/_q9l42k90g1g4mdhbs226msm0000gn/T//ccEHYDaT.s 			page 17


 646              		.syntax unified
 647              		.thumb
 648              		.thumb_func
 650              	OSTaskCreateExt:
 651              	.LFB5:
 271:./ucOSII/Core/os_task.c **** #endif
 272:./ucOSII/Core/os_task.c **** 
 273:./ucOSII/Core/os_task.c **** 
 274:./ucOSII/Core/os_task.c **** /*
 275:./ucOSII/Core/os_task.c **** ***************************************************************************************************
 276:./ucOSII/Core/os_task.c **** *                                  CREATE A TASK (Extended Version)
 277:./ucOSII/Core/os_task.c **** *
 278:./ucOSII/Core/os_task.c **** * Description: This function is used to have uC/OS-II manage the execution of a task.  Tasks can ei
 279:./ucOSII/Core/os_task.c **** *              be created prior to the start of multitasking or by a running task.  A task cannot b
 280:./ucOSII/Core/os_task.c **** *              created by an ISR.  This function is similar to OSTaskCreate() except that it allows
 281:./ucOSII/Core/os_task.c **** *              additional information about a task to be specified.
 282:./ucOSII/Core/os_task.c **** *
 283:./ucOSII/Core/os_task.c **** * Arguments  : task      is a pointer to the task's code
 284:./ucOSII/Core/os_task.c **** *
 285:./ucOSII/Core/os_task.c **** *              p_arg     is a pointer to an optional data area which can be used to pass parameters
 286:./ucOSII/Core/os_task.c **** *                        the task when the task first executes.  Where the task is concerned it thi
 287:./ucOSII/Core/os_task.c **** *                        it was invoked and passed the argument 'p_arg' as follows:
 288:./ucOSII/Core/os_task.c **** *
 289:./ucOSII/Core/os_task.c **** *                            void Task (void *p_arg)
 290:./ucOSII/Core/os_task.c **** *                            {
 291:./ucOSII/Core/os_task.c **** *                                for (;;) {
 292:./ucOSII/Core/os_task.c **** *                                    Task code;
 293:./ucOSII/Core/os_task.c **** *                                }
 294:./ucOSII/Core/os_task.c **** *                            }
 295:./ucOSII/Core/os_task.c **** *
 296:./ucOSII/Core/os_task.c **** *              ptos      is a pointer to the task's top of stack.  If the configuration constant
 297:./ucOSII/Core/os_task.c **** *                        OS_STK_GROWTH is set to 1, the stack is assumed to grow downward (i.e. fro
 298:./ucOSII/Core/os_task.c **** *                        memory to low memory).  'ptos' will thus point to the highest (valid) memo
 299:./ucOSII/Core/os_task.c **** *                        location of the stack.  If OS_STK_GROWTH is set to 0, 'ptos' will point to
 300:./ucOSII/Core/os_task.c **** *                        lowest memory location of the stack and the stack will grow with increasin
 301:./ucOSII/Core/os_task.c **** *                        memory locations.  'ptos' MUST point to a valid 'free' data item.
 302:./ucOSII/Core/os_task.c **** *
 303:./ucOSII/Core/os_task.c **** *              prio      is the task's priority.  A unique priority MUST be assigned to each task a
 304:./ucOSII/Core/os_task.c **** *                        lower the number, the higher the priority.
 305:./ucOSII/Core/os_task.c **** *
 306:./ucOSII/Core/os_task.c **** *              id        is the task's ID (0..65535)
 307:./ucOSII/Core/os_task.c **** *
 308:./ucOSII/Core/os_task.c **** *              pbos      is a pointer to the task's bottom of stack.  If the configuration constant
 309:./ucOSII/Core/os_task.c **** *                        OS_STK_GROWTH is set to 1, the stack is assumed to grow downward (i.e. fro
 310:./ucOSII/Core/os_task.c **** *                        memory to low memory).  'pbos' will thus point to the LOWEST (valid) memor
 311:./ucOSII/Core/os_task.c **** *                        location of the stack.  If OS_STK_GROWTH is set to 0, 'pbos' will point to
 312:./ucOSII/Core/os_task.c **** *                        HIGHEST memory location of the stack and the stack will grow with increasi
 313:./ucOSII/Core/os_task.c **** *                        memory locations.  'pbos' MUST point to a valid 'free' data item.
 314:./ucOSII/Core/os_task.c **** *
 315:./ucOSII/Core/os_task.c **** *              stk_size  is the size of the stack in number of elements.  If OS_STK is set to INT8U
 316:./ucOSII/Core/os_task.c **** *                        'stk_size' corresponds to the number of bytes available.  If OS_STK is set
 317:./ucOSII/Core/os_task.c **** *                        INT16U, 'stk_size' contains the number of 16-bit entries available.  Final
 318:./ucOSII/Core/os_task.c **** *                        OS_STK is set to INT32U, 'stk_size' contains the number of 32-bit entries
 319:./ucOSII/Core/os_task.c **** *                        available on the stack.
 320:./ucOSII/Core/os_task.c **** *
 321:./ucOSII/Core/os_task.c **** *              pext      is a pointer to a user supplied memory location which is used as a TCB ext
 322:./ucOSII/Core/os_task.c **** *                        For example, this user memory can hold the contents of floating-point regi
ARM GAS  /var/folders/yl/_q9l42k90g1g4mdhbs226msm0000gn/T//ccEHYDaT.s 			page 18


 323:./ucOSII/Core/os_task.c **** *                        during a context switch, the time each task takes to execute, the number o
 324:./ucOSII/Core/os_task.c **** *                        the task has been switched-in, etc.
 325:./ucOSII/Core/os_task.c **** *
 326:./ucOSII/Core/os_task.c **** *              opt       contains additional information (or options) about the behavior of the tas
 327:./ucOSII/Core/os_task.c **** *                        LOWER 8-bits are reserved by uC/OS-II while the upper 8 bits can be applic
 328:./ucOSII/Core/os_task.c **** *                        specific.  See OS_TASK_OPT_??? in uCOS-II.H.  Current choices are:
 329:./ucOSII/Core/os_task.c **** *
 330:./ucOSII/Core/os_task.c **** *                        OS_TASK_OPT_STK_CHK      Stack checking to be allowed for the task
 331:./ucOSII/Core/os_task.c **** *                        OS_TASK_OPT_STK_CLR      Clear the stack when the task is created
 332:./ucOSII/Core/os_task.c **** *                        OS_TASK_OPT_SAVE_FP      If the CPU has floating-point registers, save the
 333:./ucOSII/Core/os_task.c **** *                                                 during a context switch.
 334:./ucOSII/Core/os_task.c **** *
 335:./ucOSII/Core/os_task.c **** * Returns    : OS_ERR_NONE                     if the function was successful.
 336:./ucOSII/Core/os_task.c **** *              OS_ERR_PRIO_EXIST               if the task priority already exist
 337:./ucOSII/Core/os_task.c **** *                                              (each task MUST have a unique priority).
 338:./ucOSII/Core/os_task.c **** *              OS_ERR_PRIO_INVALID             if the priority you specify is higher that the maxim
 339:./ucOSII/Core/os_task.c **** *                                              allowed (i.e. > OS_LOWEST_PRIO)
 340:./ucOSII/Core/os_task.c **** *              OS_ERR_TASK_CREATE_ISR          if you tried to create a task from an ISR.
 341:./ucOSII/Core/os_task.c **** *              OS_ERR_ILLEGAL_CREATE_RUN_TIME  if you tried to create a task after safety critical
 342:./ucOSII/Core/os_task.c **** *                                              operation started.
 343:./ucOSII/Core/os_task.c **** ***************************************************************************************************
 344:./ucOSII/Core/os_task.c **** */
 345:./ucOSII/Core/os_task.c **** 
 346:./ucOSII/Core/os_task.c **** #if OS_TASK_CREATE_EXT_EN > 0u
 347:./ucOSII/Core/os_task.c **** INT8U  OSTaskCreateExt (void   (*task)(void *p_arg),
 348:./ucOSII/Core/os_task.c ****                         void    *p_arg,
 349:./ucOSII/Core/os_task.c ****                         OS_STK  *ptos,
 350:./ucOSII/Core/os_task.c ****                         INT8U    prio,
 351:./ucOSII/Core/os_task.c ****                         INT16U   id,
 352:./ucOSII/Core/os_task.c ****                         OS_STK  *pbos,
 353:./ucOSII/Core/os_task.c ****                         INT32U   stk_size,
 354:./ucOSII/Core/os_task.c ****                         void    *pext,
 355:./ucOSII/Core/os_task.c ****                         INT16U   opt)
 356:./ucOSII/Core/os_task.c **** {
 652              		.loc 1 356 1
 653              		.cfi_startproc
 654              		@ args = 20, pretend = 0, frame = 32
 655              		@ frame_needed = 1, uses_anonymous_args = 0
 656 0000 B0B5     		push	{r4, r5, r7, lr}
 657              	.LCFI10:
 658              		.cfi_def_cfa_offset 16
 659              		.cfi_offset 4, -16
 660              		.cfi_offset 5, -12
 661              		.cfi_offset 7, -8
 662              		.cfi_offset 14, -4
 663 0002 8CB0     		sub	sp, sp, #48
 664              	.LCFI11:
 665              		.cfi_def_cfa_offset 64
 666 0004 04AF     		add	r7, sp, #16
 667              	.LCFI12:
 668              		.cfi_def_cfa 7, 48
 669 0006 F860     		str	r0, [r7, #12]
 670 0008 B960     		str	r1, [r7, #8]
 671 000a 7A60     		str	r2, [r7, #4]
 672 000c FB70     		strb	r3, [r7, #3]
 357:./ucOSII/Core/os_task.c ****     OS_STK     *psp;
 358:./ucOSII/Core/os_task.c ****     INT8U       err;
ARM GAS  /var/folders/yl/_q9l42k90g1g4mdhbs226msm0000gn/T//ccEHYDaT.s 			page 19


 359:./ucOSII/Core/os_task.c **** #if OS_CRITICAL_METHOD == 3u                 /* Allocate storage for CPU status register           
 360:./ucOSII/Core/os_task.c ****     OS_CPU_SR   cpu_sr = 0u;
 673              		.loc 1 360 17
 674 000e 0023     		movs	r3, #0
 675 0010 FB61     		str	r3, [r7, #28]
 361:./ucOSII/Core/os_task.c **** #endif
 362:./ucOSII/Core/os_task.c **** 
 363:./ucOSII/Core/os_task.c **** 
 364:./ucOSII/Core/os_task.c **** 
 365:./ucOSII/Core/os_task.c **** #ifdef OS_SAFETY_CRITICAL_IEC61508
 366:./ucOSII/Core/os_task.c ****     if (OSSafetyCriticalStartFlag == OS_TRUE) {
 367:./ucOSII/Core/os_task.c ****         OS_SAFETY_CRITICAL_EXCEPTION();
 368:./ucOSII/Core/os_task.c ****         return (OS_ERR_ILLEGAL_CREATE_RUN_TIME);
 369:./ucOSII/Core/os_task.c ****     }
 370:./ucOSII/Core/os_task.c **** #endif
 371:./ucOSII/Core/os_task.c **** 
 372:./ucOSII/Core/os_task.c **** #if OS_ARG_CHK_EN > 0u
 373:./ucOSII/Core/os_task.c ****     if (prio > OS_LOWEST_PRIO) {             /* Make sure priority is within allowable range       
 676              		.loc 1 373 8
 677 0012 FB78     		ldrb	r3, [r7, #3]	@ zero_extendqisi2
 678 0014 3F2B     		cmp	r3, #63
 679 0016 01D9     		bls	.L31
 374:./ucOSII/Core/os_task.c ****         return (OS_ERR_PRIO_INVALID);
 680              		.loc 1 374 16
 681 0018 2A23     		movs	r3, #42
 682 001a 81E0     		b	.L32
 683              	.L31:
 375:./ucOSII/Core/os_task.c ****     }
 376:./ucOSII/Core/os_task.c **** #endif
 377:./ucOSII/Core/os_task.c ****     OS_ENTER_CRITICAL();
 684              		.loc 1 377 5
 685 001c 4020     		movs	r0, #64
 686 001e FFF7FEFF 		bl	OS_CPU_SR_Save
 687 0022 F861     		str	r0, [r7, #28]
 378:./ucOSII/Core/os_task.c ****     if (OSIntNesting > 0u) {                 /* Make sure we don't create the task from within an I
 688              		.loc 1 378 22
 689 0024 404B     		ldr	r3, .L38
 690 0026 1B78     		ldrb	r3, [r3]	@ zero_extendqisi2
 691              		.loc 1 378 8
 692 0028 002B     		cmp	r3, #0
 693 002a 04D0     		beq	.L33
 379:./ucOSII/Core/os_task.c ****         OS_EXIT_CRITICAL();
 694              		.loc 1 379 9
 695 002c F869     		ldr	r0, [r7, #28]
 696 002e FFF7FEFF 		bl	OS_CPU_SR_Restore
 380:./ucOSII/Core/os_task.c ****         return (OS_ERR_TASK_CREATE_ISR);
 697              		.loc 1 380 16
 698 0032 3C23     		movs	r3, #60
 699 0034 74E0     		b	.L32
 700              	.L33:
 381:./ucOSII/Core/os_task.c ****     }
 382:./ucOSII/Core/os_task.c ****     if (OSTCBPrioTbl[prio] == (OS_TCB *)0) { /* Make sure task doesn't already exist at this priori
 701              		.loc 1 382 21
 702 0036 FB78     		ldrb	r3, [r7, #3]	@ zero_extendqisi2
 703 0038 3C4A     		ldr	r2, .L38+4
 704 003a 52F82330 		ldr	r3, [r2, r3, lsl #2]
 705              		.loc 1 382 8
ARM GAS  /var/folders/yl/_q9l42k90g1g4mdhbs226msm0000gn/T//ccEHYDaT.s 			page 20


 706 003e 002B     		cmp	r3, #0
 707 0040 6AD1     		bne	.L34
 383:./ucOSII/Core/os_task.c ****         OSTCBPrioTbl[prio] = OS_TCB_RESERVED;/* Reserve the priority to prevent others from doing .
 708              		.loc 1 383 21
 709 0042 FB78     		ldrb	r3, [r7, #3]	@ zero_extendqisi2
 710              		.loc 1 383 28
 711 0044 394A     		ldr	r2, .L38+4
 712 0046 0121     		movs	r1, #1
 713 0048 42F82310 		str	r1, [r2, r3, lsl #2]
 384:./ucOSII/Core/os_task.c ****                                              /* ... the same thing until task is created.          
 385:./ucOSII/Core/os_task.c ****         OS_EXIT_CRITICAL();
 714              		.loc 1 385 9
 715 004c F869     		ldr	r0, [r7, #28]
 716 004e FFF7FEFF 		bl	OS_CPU_SR_Restore
 386:./ucOSII/Core/os_task.c **** 
 387:./ucOSII/Core/os_task.c **** #if (OS_TASK_STAT_STK_CHK_EN > 0u)
 388:./ucOSII/Core/os_task.c ****         OS_TaskStkClr(pbos, stk_size, opt);                    /* Clear the task stack (if needed) 
 717              		.loc 1 388 9
 718 0052 B7F84030 		ldrh	r3, [r7, #64]
 719 0056 1A46     		mov	r2, r3
 720 0058 B96B     		ldr	r1, [r7, #56]
 721 005a 786B     		ldr	r0, [r7, #52]
 722 005c FFF7FEFF 		bl	OS_TaskStkClr
 389:./ucOSII/Core/os_task.c **** #endif
 390:./ucOSII/Core/os_task.c **** 
 391:./ucOSII/Core/os_task.c ****         psp = OSTaskStkInit(task, p_arg, ptos, opt);           /* Initialize the task's stack      
 723              		.loc 1 391 15
 724 0060 B7F84030 		ldrh	r3, [r7, #64]
 725 0064 7A68     		ldr	r2, [r7, #4]
 726 0066 B968     		ldr	r1, [r7, #8]
 727 0068 F868     		ldr	r0, [r7, #12]
 728 006a FFF7FEFF 		bl	OSTaskStkInit
 729 006e B861     		str	r0, [r7, #24]
 392:./ucOSII/Core/os_task.c ****         err = OS_TCBInit(prio, psp, pbos, id, stk_size, pext, opt);
 730              		.loc 1 392 15
 731 0070 3A8E     		ldrh	r2, [r7, #48]
 732 0072 F878     		ldrb	r0, [r7, #3]	@ zero_extendqisi2
 733 0074 B7F84030 		ldrh	r3, [r7, #64]
 734 0078 0293     		str	r3, [sp, #8]
 735 007a FB6B     		ldr	r3, [r7, #60]
 736 007c 0193     		str	r3, [sp, #4]
 737 007e BB6B     		ldr	r3, [r7, #56]
 738 0080 0093     		str	r3, [sp]
 739 0082 1346     		mov	r3, r2
 740 0084 7A6B     		ldr	r2, [r7, #52]
 741 0086 B969     		ldr	r1, [r7, #24]
 742 0088 FFF7FEFF 		bl	OS_TCBInit
 743 008c 0346     		mov	r3, r0
 744 008e FB75     		strb	r3, [r7, #23]
 393:./ucOSII/Core/os_task.c ****         if (err == OS_ERR_NONE) {
 745              		.loc 1 393 12
 746 0090 FB7D     		ldrb	r3, [r7, #23]	@ zero_extendqisi2
 747 0092 002B     		cmp	r3, #0
 748 0094 32D1     		bne	.L35
 394:./ucOSII/Core/os_task.c ****             OS_TRACE_TASK_CREATE(OSTCBPrioTbl[prio]);
 749              		.loc 1 394 13
 750 0096 FB78     		ldrb	r3, [r7, #3]	@ zero_extendqisi2
ARM GAS  /var/folders/yl/_q9l42k90g1g4mdhbs226msm0000gn/T//ccEHYDaT.s 			page 21


 751 0098 244A     		ldr	r2, .L38+4
 752 009a 52F82330 		ldr	r3, [r2, r3, lsl #2]
 753 009e 002B     		cmp	r3, #0
 754 00a0 25D0     		beq	.L36
 755              		.loc 1 394 13 is_stmt 0 discriminator 1
 756 00a2 FB78     		ldrb	r3, [r7, #3]	@ zero_extendqisi2
 757 00a4 214A     		ldr	r2, .L38+4
 758 00a6 52F82330 		ldr	r3, [r2, r3, lsl #2]
 759 00aa 1846     		mov	r0, r3
 760 00ac FFF7FEFF 		bl	SEGGER_SYSVIEW_OnTaskCreate
 761 00b0 FB78     		ldrb	r3, [r7, #3]	@ zero_extendqisi2
 762 00b2 1E4A     		ldr	r2, .L38+4
 763 00b4 52F82330 		ldr	r3, [r2, r3, lsl #2]
 764 00b8 1D46     		mov	r5, r3
 765 00ba FB78     		ldrb	r3, [r7, #3]	@ zero_extendqisi2
 766 00bc 1B4A     		ldr	r2, .L38+4
 767 00be 52F82330 		ldr	r3, [r2, r3, lsl #2]
 768 00c2 596D     		ldr	r1, [r3, #84]
 769 00c4 FB78     		ldrb	r3, [r7, #3]	@ zero_extendqisi2
 770 00c6 194A     		ldr	r2, .L38+4
 771 00c8 52F82330 		ldr	r3, [r2, r3, lsl #2]
 772 00cc 93F83A20 		ldrb	r2, [r3, #58]	@ zero_extendqisi2
 773 00d0 FB78     		ldrb	r3, [r7, #3]	@ zero_extendqisi2
 774 00d2 1648     		ldr	r0, .L38+4
 775 00d4 50F82330 		ldr	r3, [r0, r3, lsl #2]
 776 00d8 9868     		ldr	r0, [r3, #8]
 777 00da FB78     		ldrb	r3, [r7, #3]	@ zero_extendqisi2
 778 00dc 134C     		ldr	r4, .L38+4
 779 00de 54F82330 		ldr	r3, [r4, r3, lsl #2]
 780 00e2 DB68     		ldr	r3, [r3, #12]
 781 00e4 0093     		str	r3, [sp]
 782 00e6 0346     		mov	r3, r0
 783 00e8 2846     		mov	r0, r5
 784 00ea FFF7FEFF 		bl	SYSVIEW_AddTask
 785              	.L36:
 395:./ucOSII/Core/os_task.c ****             if (OSRunning == OS_TRUE) {                        /* Find HPT if multitasking has star
 786              		.loc 1 395 27 is_stmt 1
 787 00ee 104B     		ldr	r3, .L38+8
 788 00f0 1B78     		ldrb	r3, [r3]	@ zero_extendqisi2
 789              		.loc 1 395 16
 790 00f2 012B     		cmp	r3, #1
 791 00f4 0ED1     		bne	.L37
 396:./ucOSII/Core/os_task.c ****                 OS_Sched();
 792              		.loc 1 396 17
 793 00f6 FFF7FEFF 		bl	OS_Sched
 794 00fa 0BE0     		b	.L37
 795              	.L35:
 397:./ucOSII/Core/os_task.c ****             }
 398:./ucOSII/Core/os_task.c ****         } else {
 399:./ucOSII/Core/os_task.c ****             OS_ENTER_CRITICAL();
 796              		.loc 1 399 13
 797 00fc 4020     		movs	r0, #64
 798 00fe FFF7FEFF 		bl	OS_CPU_SR_Save
 799 0102 F861     		str	r0, [r7, #28]
 400:./ucOSII/Core/os_task.c ****             OSTCBPrioTbl[prio] = (OS_TCB *)0;                  /* Make this priority avail. to othe
 800              		.loc 1 400 25
 801 0104 FB78     		ldrb	r3, [r7, #3]	@ zero_extendqisi2
ARM GAS  /var/folders/yl/_q9l42k90g1g4mdhbs226msm0000gn/T//ccEHYDaT.s 			page 22


 802              		.loc 1 400 32
 803 0106 094A     		ldr	r2, .L38+4
 804 0108 0021     		movs	r1, #0
 805 010a 42F82310 		str	r1, [r2, r3, lsl #2]
 401:./ucOSII/Core/os_task.c ****             OS_EXIT_CRITICAL();
 806              		.loc 1 401 13
 807 010e F869     		ldr	r0, [r7, #28]
 808 0110 FFF7FEFF 		bl	OS_CPU_SR_Restore
 809              	.L37:
 402:./ucOSII/Core/os_task.c ****         }
 403:./ucOSII/Core/os_task.c ****         return (err);
 810              		.loc 1 403 16
 811 0114 FB7D     		ldrb	r3, [r7, #23]	@ zero_extendqisi2
 812 0116 03E0     		b	.L32
 813              	.L34:
 404:./ucOSII/Core/os_task.c ****     }
 405:./ucOSII/Core/os_task.c ****     OS_EXIT_CRITICAL();
 814              		.loc 1 405 5
 815 0118 F869     		ldr	r0, [r7, #28]
 816 011a FFF7FEFF 		bl	OS_CPU_SR_Restore
 406:./ucOSII/Core/os_task.c ****     return (OS_ERR_PRIO_EXIST);
 817              		.loc 1 406 12
 818 011e 2823     		movs	r3, #40
 819              	.L32:
 407:./ucOSII/Core/os_task.c **** }
 820              		.loc 1 407 1
 821 0120 1846     		mov	r0, r3
 822 0122 2037     		adds	r7, r7, #32
 823              	.LCFI13:
 824              		.cfi_def_cfa_offset 16
 825 0124 BD46     		mov	sp, r7
 826              	.LCFI14:
 827              		.cfi_def_cfa_register 13
 828              		@ sp needed
 829 0126 B0BD     		pop	{r4, r5, r7, pc}
 830              	.L39:
 831              		.align	2
 832              	.L38:
 833 0128 00000000 		.word	OSIntNesting
 834 012c 00000000 		.word	OSTCBPrioTbl
 835 0130 00000000 		.word	OSRunning
 836              		.cfi_endproc
 837              	.LFE5:
 839              		.section	.rodata
 840              		.align	2
 841              	.LC0:
 842 0000 3F00     		.ascii	"?\000"
 843              		.section	.text.OSTaskDel,"ax",%progbits
 844              		.align	1
 845              		.global	OSTaskDel
 846              		.syntax unified
 847              		.thumb
 848              		.thumb_func
 850              	OSTaskDel:
 851              	.LFB6:
 408:./ucOSII/Core/os_task.c **** #endif
 409:./ucOSII/Core/os_task.c **** 
ARM GAS  /var/folders/yl/_q9l42k90g1g4mdhbs226msm0000gn/T//ccEHYDaT.s 			page 23


 410:./ucOSII/Core/os_task.c **** 
 411:./ucOSII/Core/os_task.c **** /*
 412:./ucOSII/Core/os_task.c **** ***************************************************************************************************
 413:./ucOSII/Core/os_task.c **** *                                            DELETE A TASK
 414:./ucOSII/Core/os_task.c **** *
 415:./ucOSII/Core/os_task.c **** * Description: This function allows you to delete a task.  The calling task can delete itself by
 416:./ucOSII/Core/os_task.c **** *              its own priority number.  The deleted task is returned to the dormant state and can 
 417:./ucOSII/Core/os_task.c **** *              re-activated by creating the deleted task again.
 418:./ucOSII/Core/os_task.c **** *
 419:./ucOSII/Core/os_task.c **** * Arguments  : prio    is the priority of the task to delete.  Note that you can explicitly delete
 420:./ucOSII/Core/os_task.c **** *                      the current task without knowing its priority level by setting 'prio' to
 421:./ucOSII/Core/os_task.c **** *                      OS_PRIO_SELF.
 422:./ucOSII/Core/os_task.c **** *
 423:./ucOSII/Core/os_task.c **** * Returns    : OS_ERR_NONE                  if the call is successful
 424:./ucOSII/Core/os_task.c **** *              OS_ERR_ILLEGAL_DEL_RUN_TIME  if you tried to delete a task after safety critical ope
 425:./ucOSII/Core/os_task.c **** *                                           started.
 426:./ucOSII/Core/os_task.c **** *              OS_ERR_TASK_DEL_IDLE         if you attempted to delete uC/OS-II's idle task
 427:./ucOSII/Core/os_task.c **** *              OS_ERR_PRIO_INVALID          if the priority you specify is higher that the maximum 
 428:./ucOSII/Core/os_task.c **** *                                           (i.e. >= OS_LOWEST_PRIO) or, you have not specified OS_
 429:./ucOSII/Core/os_task.c **** *              OS_ERR_TASK_DEL              if the task is assigned to a Mutex PIP.
 430:./ucOSII/Core/os_task.c **** *              OS_ERR_TASK_NOT_EXIST        if the task you want to delete does not exist.
 431:./ucOSII/Core/os_task.c **** *              OS_ERR_TASK_DEL_ISR          if you tried to delete a task from an ISR
 432:./ucOSII/Core/os_task.c **** *
 433:./ucOSII/Core/os_task.c **** * Notes      : 1) To reduce interrupt latency, OSTaskDel() 'disables' the task:
 434:./ucOSII/Core/os_task.c **** *                    a) by making it not ready
 435:./ucOSII/Core/os_task.c **** *                    b) by removing it from any wait lists
 436:./ucOSII/Core/os_task.c **** *                    c) by preventing OSTimeTick() from making the task ready to run.
 437:./ucOSII/Core/os_task.c **** *                 The task can then be 'unlinked' from the miscellaneous structures in uC/OS-II.
 438:./ucOSII/Core/os_task.c **** *              2) The function OS_Dummy() is called after OS_EXIT_CRITICAL() because, on most proce
 439:./ucOSII/Core/os_task.c **** *                 the next instruction following the enable interrupt instruction is ignored.
 440:./ucOSII/Core/os_task.c **** *              3) An ISR cannot delete a task.
 441:./ucOSII/Core/os_task.c **** *              4) The lock nesting counter is incremented because, for a brief instant, if the curr
 442:./ucOSII/Core/os_task.c **** *                 task is being deleted, the current task would not be able to be rescheduled becau
 443:./ucOSII/Core/os_task.c **** *                 is removed from the ready list.  Incrementing the nesting counter prevents anothe
 444:./ucOSII/Core/os_task.c **** *                 from being schedule.  This means that an ISR would return to the current task whi
 445:./ucOSII/Core/os_task.c **** *                 being deleted.  The rest of the deletion would thus be able to be completed.
 446:./ucOSII/Core/os_task.c **** ***************************************************************************************************
 447:./ucOSII/Core/os_task.c **** */
 448:./ucOSII/Core/os_task.c **** 
 449:./ucOSII/Core/os_task.c **** #if OS_TASK_DEL_EN > 0u
 450:./ucOSII/Core/os_task.c **** INT8U  OSTaskDel (INT8U prio)
 451:./ucOSII/Core/os_task.c **** {
 852              		.loc 1 451 1
 853              		.cfi_startproc
 854              		@ args = 0, pretend = 0, frame = 24
 855              		@ frame_needed = 1, uses_anonymous_args = 0
 856 0000 80B5     		push	{r7, lr}
 857              	.LCFI15:
 858              		.cfi_def_cfa_offset 8
 859              		.cfi_offset 7, -8
 860              		.cfi_offset 14, -4
 861 0002 86B0     		sub	sp, sp, #24
 862              	.LCFI16:
 863              		.cfi_def_cfa_offset 32
 864 0004 00AF     		add	r7, sp, #0
 865              	.LCFI17:
 866              		.cfi_def_cfa_register 7
ARM GAS  /var/folders/yl/_q9l42k90g1g4mdhbs226msm0000gn/T//ccEHYDaT.s 			page 24


 867 0006 0346     		mov	r3, r0
 868 0008 FB71     		strb	r3, [r7, #7]
 452:./ucOSII/Core/os_task.c **** #if (OS_FLAG_EN > 0u) && (OS_MAX_FLAGS > 0u)
 453:./ucOSII/Core/os_task.c ****     OS_FLAG_NODE *pnode;
 454:./ucOSII/Core/os_task.c **** #endif
 455:./ucOSII/Core/os_task.c ****     OS_TCB       *ptcb;
 456:./ucOSII/Core/os_task.c **** #if OS_CRITICAL_METHOD == 3u                            /* Allocate storage for CPU status register
 457:./ucOSII/Core/os_task.c ****     OS_CPU_SR     cpu_sr = 0u;
 869              		.loc 1 457 19
 870 000a 0023     		movs	r3, #0
 871 000c 7B61     		str	r3, [r7, #20]
 458:./ucOSII/Core/os_task.c **** #endif
 459:./ucOSII/Core/os_task.c **** 
 460:./ucOSII/Core/os_task.c **** 
 461:./ucOSII/Core/os_task.c **** 
 462:./ucOSII/Core/os_task.c **** #ifdef OS_SAFETY_CRITICAL_IEC61508
 463:./ucOSII/Core/os_task.c ****     if (OSSafetyCriticalStartFlag == OS_TRUE) {
 464:./ucOSII/Core/os_task.c ****         OS_SAFETY_CRITICAL_EXCEPTION();
 465:./ucOSII/Core/os_task.c ****         return (OS_ERR_ILLEGAL_DEL_RUN_TIME);
 466:./ucOSII/Core/os_task.c ****     }
 467:./ucOSII/Core/os_task.c **** #endif
 468:./ucOSII/Core/os_task.c **** 
 469:./ucOSII/Core/os_task.c ****     if (OSIntNesting > 0u) {                            /* See if trying to delete from ISR        
 872              		.loc 1 469 22
 873 000e 6F4B     		ldr	r3, .L57
 874 0010 1B78     		ldrb	r3, [r3]	@ zero_extendqisi2
 875              		.loc 1 469 8
 876 0012 002B     		cmp	r3, #0
 877 0014 01D0     		beq	.L41
 470:./ucOSII/Core/os_task.c ****         return (OS_ERR_TASK_DEL_ISR);
 878              		.loc 1 470 16
 879 0016 4023     		movs	r3, #64
 880 0018 D4E0     		b	.L42
 881              	.L41:
 471:./ucOSII/Core/os_task.c ****     }
 472:./ucOSII/Core/os_task.c ****     if (prio == OS_TASK_IDLE_PRIO) {                    /* Not allowed to delete idle task         
 882              		.loc 1 472 8
 883 001a FB79     		ldrb	r3, [r7, #7]	@ zero_extendqisi2
 884 001c 3F2B     		cmp	r3, #63
 885 001e 01D1     		bne	.L43
 473:./ucOSII/Core/os_task.c ****         return (OS_ERR_TASK_DEL_IDLE);
 886              		.loc 1 473 16
 887 0020 3E23     		movs	r3, #62
 888 0022 CFE0     		b	.L42
 889              	.L43:
 474:./ucOSII/Core/os_task.c ****     }
 475:./ucOSII/Core/os_task.c **** #if OS_ARG_CHK_EN > 0u
 476:./ucOSII/Core/os_task.c ****     if (prio >= OS_LOWEST_PRIO) {                       /* Task priority valid ?                   
 890              		.loc 1 476 8
 891 0024 FB79     		ldrb	r3, [r7, #7]	@ zero_extendqisi2
 892 0026 3E2B     		cmp	r3, #62
 893 0028 04D9     		bls	.L44
 477:./ucOSII/Core/os_task.c ****         if (prio != OS_PRIO_SELF) {
 894              		.loc 1 477 12
 895 002a FB79     		ldrb	r3, [r7, #7]	@ zero_extendqisi2
 896 002c FF2B     		cmp	r3, #255
 897 002e 01D0     		beq	.L44
ARM GAS  /var/folders/yl/_q9l42k90g1g4mdhbs226msm0000gn/T//ccEHYDaT.s 			page 25


 478:./ucOSII/Core/os_task.c ****             return (OS_ERR_PRIO_INVALID);
 898              		.loc 1 478 20
 899 0030 2A23     		movs	r3, #42
 900 0032 C7E0     		b	.L42
 901              	.L44:
 479:./ucOSII/Core/os_task.c ****         }
 480:./ucOSII/Core/os_task.c ****     }
 481:./ucOSII/Core/os_task.c **** #endif
 482:./ucOSII/Core/os_task.c **** 
 483:./ucOSII/Core/os_task.c ****     OS_ENTER_CRITICAL();
 902              		.loc 1 483 5
 903 0034 4020     		movs	r0, #64
 904 0036 FFF7FEFF 		bl	OS_CPU_SR_Save
 905 003a 7861     		str	r0, [r7, #20]
 484:./ucOSII/Core/os_task.c ****     if (prio == OS_PRIO_SELF) {                         /* See if requesting to delete self        
 906              		.loc 1 484 8
 907 003c FB79     		ldrb	r3, [r7, #7]	@ zero_extendqisi2
 908 003e FF2B     		cmp	r3, #255
 909 0040 04D1     		bne	.L45
 485:./ucOSII/Core/os_task.c ****         prio = OSTCBCur->OSTCBPrio;                     /* Set priority to delete to current       
 910              		.loc 1 485 24
 911 0042 634B     		ldr	r3, .L57+4
 912 0044 1B68     		ldr	r3, [r3]
 913              		.loc 1 485 14
 914 0046 93F83A30 		ldrb	r3, [r3, #58]
 915 004a FB71     		strb	r3, [r7, #7]
 916              	.L45:
 486:./ucOSII/Core/os_task.c ****     }
 487:./ucOSII/Core/os_task.c ****     ptcb = OSTCBPrioTbl[prio];
 917              		.loc 1 487 24
 918 004c FB79     		ldrb	r3, [r7, #7]	@ zero_extendqisi2
 919              		.loc 1 487 10
 920 004e 614A     		ldr	r2, .L57+8
 921 0050 52F82330 		ldr	r3, [r2, r3, lsl #2]
 922 0054 3B61     		str	r3, [r7, #16]
 488:./ucOSII/Core/os_task.c ****     if (ptcb == (OS_TCB *)0) {                          /* Task to delete must exist               
 923              		.loc 1 488 8
 924 0056 3B69     		ldr	r3, [r7, #16]
 925 0058 002B     		cmp	r3, #0
 926 005a 04D1     		bne	.L46
 489:./ucOSII/Core/os_task.c ****         OS_EXIT_CRITICAL();
 927              		.loc 1 489 9
 928 005c 7869     		ldr	r0, [r7, #20]
 929 005e FFF7FEFF 		bl	OS_CPU_SR_Restore
 490:./ucOSII/Core/os_task.c ****         return (OS_ERR_TASK_NOT_EXIST);
 930              		.loc 1 490 16
 931 0062 4323     		movs	r3, #67
 932 0064 AEE0     		b	.L42
 933              	.L46:
 491:./ucOSII/Core/os_task.c ****     }
 492:./ucOSII/Core/os_task.c ****     if (ptcb == OS_TCB_RESERVED) {                      /* Must not be assigned to Mutex           
 934              		.loc 1 492 8
 935 0066 3B69     		ldr	r3, [r7, #16]
 936 0068 012B     		cmp	r3, #1
 937 006a 04D1     		bne	.L47
 493:./ucOSII/Core/os_task.c ****         OS_EXIT_CRITICAL();
 938              		.loc 1 493 9
ARM GAS  /var/folders/yl/_q9l42k90g1g4mdhbs226msm0000gn/T//ccEHYDaT.s 			page 26


 939 006c 7869     		ldr	r0, [r7, #20]
 940 006e FFF7FEFF 		bl	OS_CPU_SR_Restore
 494:./ucOSII/Core/os_task.c ****         return (OS_ERR_TASK_DEL);
 941              		.loc 1 494 16
 942 0072 3D23     		movs	r3, #61
 943 0074 A6E0     		b	.L42
 944              	.L47:
 495:./ucOSII/Core/os_task.c ****     }
 496:./ucOSII/Core/os_task.c **** 
 497:./ucOSII/Core/os_task.c ****     OSRdyTbl[ptcb->OSTCBY] &= (OS_PRIO)~ptcb->OSTCBBitX;
 945              		.loc 1 497 18
 946 0076 3B69     		ldr	r3, [r7, #16]
 947 0078 93F83C30 		ldrb	r3, [r3, #60]	@ zero_extendqisi2
 948              		.loc 1 497 28
 949 007c 1A46     		mov	r2, r3
 950 007e 564B     		ldr	r3, .L57+12
 951 0080 9A5C     		ldrb	r2, [r3, r2]	@ zero_extendqisi2
 952              		.loc 1 497 45
 953 0082 3B69     		ldr	r3, [r7, #16]
 954 0084 93F83D30 		ldrb	r3, [r3, #61]	@ zero_extendqisi2
 955              		.loc 1 497 31
 956 0088 DB43     		mvns	r3, r3
 957 008a DBB2     		uxtb	r3, r3
 958              		.loc 1 497 18
 959 008c 3969     		ldr	r1, [r7, #16]
 960 008e 91F83C10 		ldrb	r1, [r1, #60]	@ zero_extendqisi2
 961              		.loc 1 497 28
 962 0092 1340     		ands	r3, r3, r2
 963 0094 DAB2     		uxtb	r2, r3
 964 0096 504B     		ldr	r3, .L57+12
 965 0098 5A54     		strb	r2, [r3, r1]
 498:./ucOSII/Core/os_task.c ****     OS_TRACE_TASK_SUSPENDED(ptcb);
 966              		.loc 1 498 5
 967 009a 3B69     		ldr	r3, [r7, #16]
 968 009c 1846     		mov	r0, r3
 969 009e FFF7FEFF 		bl	SYSVIEW_TaskSuspend
 499:./ucOSII/Core/os_task.c ****     if (OSRdyTbl[ptcb->OSTCBY] == 0u) {                 /* Make task not ready                     
 970              		.loc 1 499 22
 971 00a2 3B69     		ldr	r3, [r7, #16]
 972 00a4 93F83C30 		ldrb	r3, [r3, #60]	@ zero_extendqisi2
 973 00a8 1A46     		mov	r2, r3
 974              		.loc 1 499 17
 975 00aa 4B4B     		ldr	r3, .L57+12
 976 00ac 9B5C     		ldrb	r3, [r3, r2]	@ zero_extendqisi2
 977              		.loc 1 499 8
 978 00ae 002B     		cmp	r3, #0
 979 00b0 0AD1     		bne	.L48
 500:./ucOSII/Core/os_task.c ****         OSRdyGrp           &= (OS_PRIO)~ptcb->OSTCBBitY;
 980              		.loc 1 500 45
 981 00b2 3B69     		ldr	r3, [r7, #16]
 982 00b4 93F83E30 		ldrb	r3, [r3, #62]	@ zero_extendqisi2
 983              		.loc 1 500 31
 984 00b8 DB43     		mvns	r3, r3
 985 00ba DAB2     		uxtb	r2, r3
 986              		.loc 1 500 28
 987 00bc 474B     		ldr	r3, .L57+16
 988 00be 1B78     		ldrb	r3, [r3]	@ zero_extendqisi2
ARM GAS  /var/folders/yl/_q9l42k90g1g4mdhbs226msm0000gn/T//ccEHYDaT.s 			page 27


 989 00c0 1340     		ands	r3, r3, r2
 990 00c2 DAB2     		uxtb	r2, r3
 991 00c4 454B     		ldr	r3, .L57+16
 992 00c6 1A70     		strb	r2, [r3]
 993              	.L48:
 501:./ucOSII/Core/os_task.c ****     }
 502:./ucOSII/Core/os_task.c **** 
 503:./ucOSII/Core/os_task.c **** #if (OS_EVENT_EN)
 504:./ucOSII/Core/os_task.c ****     if (ptcb->OSTCBEventPtr != (OS_EVENT *)0) {
 994              		.loc 1 504 13
 995 00c8 3B69     		ldr	r3, [r7, #16]
 996 00ca DB69     		ldr	r3, [r3, #28]
 997              		.loc 1 504 8
 998 00cc 002B     		cmp	r3, #0
 999 00ce 05D0     		beq	.L49
 505:./ucOSII/Core/os_task.c ****         OS_EventTaskRemove(ptcb, ptcb->OSTCBEventPtr);  /* Remove this task from any event   wait l
 1000              		.loc 1 505 9
 1001 00d0 3B69     		ldr	r3, [r7, #16]
 1002 00d2 DB69     		ldr	r3, [r3, #28]
 1003 00d4 1946     		mov	r1, r3
 1004 00d6 3869     		ldr	r0, [r7, #16]
 1005 00d8 FFF7FEFF 		bl	OS_EventTaskRemove
 1006              	.L49:
 506:./ucOSII/Core/os_task.c ****     }
 507:./ucOSII/Core/os_task.c **** #if (OS_EVENT_MULTI_EN > 0u)
 508:./ucOSII/Core/os_task.c ****     if (ptcb->OSTCBEventMultiPtr != (OS_EVENT **)0) {   /* Remove this task from any events' wait l
 1007              		.loc 1 508 13
 1008 00dc 3B69     		ldr	r3, [r7, #16]
 1009 00de 1B6A     		ldr	r3, [r3, #32]
 1010              		.loc 1 508 8
 1011 00e0 002B     		cmp	r3, #0
 1012 00e2 05D0     		beq	.L50
 509:./ucOSII/Core/os_task.c ****         OS_EventTaskRemoveMulti(ptcb, ptcb->OSTCBEventMultiPtr);
 1013              		.loc 1 509 9
 1014 00e4 3B69     		ldr	r3, [r7, #16]
 1015 00e6 1B6A     		ldr	r3, [r3, #32]
 1016 00e8 1946     		mov	r1, r3
 1017 00ea 3869     		ldr	r0, [r7, #16]
 1018 00ec FFF7FEFF 		bl	OS_EventTaskRemoveMulti
 1019              	.L50:
 510:./ucOSII/Core/os_task.c ****     }
 511:./ucOSII/Core/os_task.c **** #endif
 512:./ucOSII/Core/os_task.c **** #endif
 513:./ucOSII/Core/os_task.c **** 
 514:./ucOSII/Core/os_task.c **** #if (OS_FLAG_EN > 0u) && (OS_MAX_FLAGS > 0u)
 515:./ucOSII/Core/os_task.c ****     pnode = ptcb->OSTCBFlagNode;
 1020              		.loc 1 515 11
 1021 00f0 3B69     		ldr	r3, [r7, #16]
 1022 00f2 DB6A     		ldr	r3, [r3, #44]
 1023 00f4 FB60     		str	r3, [r7, #12]
 516:./ucOSII/Core/os_task.c ****     if (pnode != (OS_FLAG_NODE *)0) {                   /* If task is waiting on event flag        
 1024              		.loc 1 516 8
 1025 00f6 FB68     		ldr	r3, [r7, #12]
 1026 00f8 002B     		cmp	r3, #0
 1027 00fa 02D0     		beq	.L51
 517:./ucOSII/Core/os_task.c ****         OS_FlagUnlink(pnode);                           /* Remove from wait list                   
 1028              		.loc 1 517 9
ARM GAS  /var/folders/yl/_q9l42k90g1g4mdhbs226msm0000gn/T//ccEHYDaT.s 			page 28


 1029 00fc F868     		ldr	r0, [r7, #12]
 1030 00fe FFF7FEFF 		bl	OS_FlagUnlink
 1031              	.L51:
 518:./ucOSII/Core/os_task.c ****     }
 519:./ucOSII/Core/os_task.c **** #endif
 520:./ucOSII/Core/os_task.c **** 
 521:./ucOSII/Core/os_task.c ****     ptcb->OSTCBDly      = 0u;                           /* Prevent OSTimeTick() from updating      
 1032              		.loc 1 521 25
 1033 0102 3B69     		ldr	r3, [r7, #16]
 1034 0104 0022     		movs	r2, #0
 1035 0106 5A63     		str	r2, [r3, #52]
 522:./ucOSII/Core/os_task.c ****     ptcb->OSTCBStat     = OS_STAT_RDY;                  /* Prevent task from being resumed         
 1036              		.loc 1 522 25
 1037 0108 3B69     		ldr	r3, [r7, #16]
 1038 010a 0022     		movs	r2, #0
 1039 010c 83F83820 		strb	r2, [r3, #56]
 523:./ucOSII/Core/os_task.c ****     ptcb->OSTCBStatPend = OS_STAT_PEND_OK;
 1040              		.loc 1 523 25
 1041 0110 3B69     		ldr	r3, [r7, #16]
 1042 0112 0022     		movs	r2, #0
 1043 0114 83F83920 		strb	r2, [r3, #57]
 524:./ucOSII/Core/os_task.c ****     if (OSLockNesting < 255u) {                         /* Make sure we don't context switch       
 1044              		.loc 1 524 23
 1045 0118 314B     		ldr	r3, .L57+20
 1046 011a 1B78     		ldrb	r3, [r3]	@ zero_extendqisi2
 1047              		.loc 1 524 8
 1048 011c FF2B     		cmp	r3, #255
 1049 011e 05D0     		beq	.L52
 525:./ucOSII/Core/os_task.c ****         OSLockNesting++;
 1050              		.loc 1 525 22
 1051 0120 2F4B     		ldr	r3, .L57+20
 1052 0122 1B78     		ldrb	r3, [r3]	@ zero_extendqisi2
 1053 0124 0133     		adds	r3, r3, #1
 1054 0126 DAB2     		uxtb	r2, r3
 1055 0128 2D4B     		ldr	r3, .L57+20
 1056 012a 1A70     		strb	r2, [r3]
 1057              	.L52:
 526:./ucOSII/Core/os_task.c ****     }
 527:./ucOSII/Core/os_task.c ****     OS_EXIT_CRITICAL();                                 /* Enabling INT. ignores next instruc.     
 1058              		.loc 1 527 5
 1059 012c 7869     		ldr	r0, [r7, #20]
 1060 012e FFF7FEFF 		bl	OS_CPU_SR_Restore
 528:./ucOSII/Core/os_task.c ****     OS_Dummy();                                         /* ... Dummy ensures that INTs will be     
 1061              		.loc 1 528 5
 1062 0132 FFF7FEFF 		bl	OS_Dummy
 529:./ucOSII/Core/os_task.c ****     OS_ENTER_CRITICAL();                                /* ... disabled HERE!                      
 1063              		.loc 1 529 5
 1064 0136 4020     		movs	r0, #64
 1065 0138 FFF7FEFF 		bl	OS_CPU_SR_Save
 1066 013c 7861     		str	r0, [r7, #20]
 530:./ucOSII/Core/os_task.c ****     if (OSLockNesting > 0u) {                           /* Remove context switch lock              
 1067              		.loc 1 530 23
 1068 013e 284B     		ldr	r3, .L57+20
 1069 0140 1B78     		ldrb	r3, [r3]	@ zero_extendqisi2
 1070              		.loc 1 530 8
 1071 0142 002B     		cmp	r3, #0
 1072 0144 05D0     		beq	.L53
ARM GAS  /var/folders/yl/_q9l42k90g1g4mdhbs226msm0000gn/T//ccEHYDaT.s 			page 29


 531:./ucOSII/Core/os_task.c ****         OSLockNesting--;
 1073              		.loc 1 531 22
 1074 0146 264B     		ldr	r3, .L57+20
 1075 0148 1B78     		ldrb	r3, [r3]	@ zero_extendqisi2
 1076 014a 013B     		subs	r3, r3, #1
 1077 014c DAB2     		uxtb	r2, r3
 1078 014e 244B     		ldr	r3, .L57+20
 1079 0150 1A70     		strb	r2, [r3]
 1080              	.L53:
 532:./ucOSII/Core/os_task.c ****     }
 533:./ucOSII/Core/os_task.c ****     OSTaskDelHook(ptcb);                                /* Call user defined hook                  
 1081              		.loc 1 533 5
 1082 0152 3869     		ldr	r0, [r7, #16]
 1083 0154 FFF7FEFF 		bl	OSTaskDelHook
 534:./ucOSII/Core/os_task.c **** 
 535:./ucOSII/Core/os_task.c **** #if OS_TASK_CREATE_EXT_EN > 0u
 536:./ucOSII/Core/os_task.c **** #if defined(OS_TLS_TBL_SIZE) && (OS_TLS_TBL_SIZE > 0u)
 537:./ucOSII/Core/os_task.c ****     OS_TLS_TaskDel(ptcb);                               /* Call TLS hook                           
 538:./ucOSII/Core/os_task.c **** #endif
 539:./ucOSII/Core/os_task.c **** #endif
 540:./ucOSII/Core/os_task.c **** 
 541:./ucOSII/Core/os_task.c ****     OSTaskCtr--;                                        /* One less task being managed             
 1084              		.loc 1 541 14
 1085 0158 224B     		ldr	r3, .L57+24
 1086 015a 1B78     		ldrb	r3, [r3]	@ zero_extendqisi2
 1087 015c 013B     		subs	r3, r3, #1
 1088 015e DAB2     		uxtb	r2, r3
 1089 0160 204B     		ldr	r3, .L57+24
 1090 0162 1A70     		strb	r2, [r3]
 542:./ucOSII/Core/os_task.c ****     OSTCBPrioTbl[prio] = (OS_TCB *)0;                   /* Clear old priority entry                
 1091              		.loc 1 542 17
 1092 0164 FB79     		ldrb	r3, [r7, #7]	@ zero_extendqisi2
 1093              		.loc 1 542 24
 1094 0166 1B4A     		ldr	r2, .L57+8
 1095 0168 0021     		movs	r1, #0
 1096 016a 42F82310 		str	r1, [r2, r3, lsl #2]
 543:./ucOSII/Core/os_task.c ****     if (ptcb->OSTCBPrev == (OS_TCB *)0) {               /* Remove from TCB chain                   
 1097              		.loc 1 543 13
 1098 016e 3B69     		ldr	r3, [r7, #16]
 1099 0170 9B69     		ldr	r3, [r3, #24]
 1100              		.loc 1 543 8
 1101 0172 002B     		cmp	r3, #0
 1102 0174 08D1     		bne	.L54
 544:./ucOSII/Core/os_task.c ****         ptcb->OSTCBNext->OSTCBPrev = (OS_TCB *)0;
 1103              		.loc 1 544 13
 1104 0176 3B69     		ldr	r3, [r7, #16]
 1105 0178 5B69     		ldr	r3, [r3, #20]
 1106              		.loc 1 544 36
 1107 017a 0022     		movs	r2, #0
 1108 017c 9A61     		str	r2, [r3, #24]
 545:./ucOSII/Core/os_task.c ****         OSTCBList                  = ptcb->OSTCBNext;
 1109              		.loc 1 545 42
 1110 017e 3B69     		ldr	r3, [r7, #16]
 1111 0180 5B69     		ldr	r3, [r3, #20]
 1112              		.loc 1 545 36
 1113 0182 194A     		ldr	r2, .L57+28
 1114 0184 1360     		str	r3, [r2]
ARM GAS  /var/folders/yl/_q9l42k90g1g4mdhbs226msm0000gn/T//ccEHYDaT.s 			page 30


 1115 0186 09E0     		b	.L55
 1116              	.L54:
 546:./ucOSII/Core/os_task.c ****     } else {
 547:./ucOSII/Core/os_task.c ****         ptcb->OSTCBPrev->OSTCBNext = ptcb->OSTCBNext;
 1117              		.loc 1 547 13
 1118 0188 3B69     		ldr	r3, [r7, #16]
 1119 018a 9B69     		ldr	r3, [r3, #24]
 1120              		.loc 1 547 42
 1121 018c 3A69     		ldr	r2, [r7, #16]
 1122 018e 5269     		ldr	r2, [r2, #20]
 1123              		.loc 1 547 36
 1124 0190 5A61     		str	r2, [r3, #20]
 548:./ucOSII/Core/os_task.c ****         ptcb->OSTCBNext->OSTCBPrev = ptcb->OSTCBPrev;
 1125              		.loc 1 548 13
 1126 0192 3B69     		ldr	r3, [r7, #16]
 1127 0194 5B69     		ldr	r3, [r3, #20]
 1128              		.loc 1 548 42
 1129 0196 3A69     		ldr	r2, [r7, #16]
 1130 0198 9269     		ldr	r2, [r2, #24]
 1131              		.loc 1 548 36
 1132 019a 9A61     		str	r2, [r3, #24]
 1133              	.L55:
 549:./ucOSII/Core/os_task.c ****     }
 550:./ucOSII/Core/os_task.c ****     ptcb->OSTCBNext     = OSTCBFreeList;                /* Return TCB to free TCB list             
 1134              		.loc 1 550 25
 1135 019c 134B     		ldr	r3, .L57+32
 1136 019e 1A68     		ldr	r2, [r3]
 1137 01a0 3B69     		ldr	r3, [r7, #16]
 1138 01a2 5A61     		str	r2, [r3, #20]
 551:./ucOSII/Core/os_task.c ****     OSTCBFreeList       = ptcb;
 1139              		.loc 1 551 25
 1140 01a4 114A     		ldr	r2, .L57+32
 1141 01a6 3B69     		ldr	r3, [r7, #16]
 1142 01a8 1360     		str	r3, [r2]
 552:./ucOSII/Core/os_task.c **** #if OS_TASK_NAME_EN > 0u
 553:./ucOSII/Core/os_task.c ****     ptcb->OSTCBTaskName = (INT8U *)(void *)"?";
 1143              		.loc 1 553 25
 1144 01aa 3B69     		ldr	r3, [r7, #16]
 1145 01ac 104A     		ldr	r2, .L57+36
 1146 01ae 5A65     		str	r2, [r3, #84]
 554:./ucOSII/Core/os_task.c **** #endif
 555:./ucOSII/Core/os_task.c ****     OS_EXIT_CRITICAL();
 1147              		.loc 1 555 5
 1148 01b0 7869     		ldr	r0, [r7, #20]
 1149 01b2 FFF7FEFF 		bl	OS_CPU_SR_Restore
 556:./ucOSII/Core/os_task.c ****     if (OSRunning == OS_TRUE) {
 1150              		.loc 1 556 19
 1151 01b6 0F4B     		ldr	r3, .L57+40
 1152 01b8 1B78     		ldrb	r3, [r3]	@ zero_extendqisi2
 1153              		.loc 1 556 8
 1154 01ba 012B     		cmp	r3, #1
 1155 01bc 01D1     		bne	.L56
 557:./ucOSII/Core/os_task.c ****         OS_Sched();                                     /* Find new highest priority task          
 1156              		.loc 1 557 9
 1157 01be FFF7FEFF 		bl	OS_Sched
 1158              	.L56:
 558:./ucOSII/Core/os_task.c ****     }
ARM GAS  /var/folders/yl/_q9l42k90g1g4mdhbs226msm0000gn/T//ccEHYDaT.s 			page 31


 559:./ucOSII/Core/os_task.c ****     return (OS_ERR_NONE);
 1159              		.loc 1 559 12
 1160 01c2 0023     		movs	r3, #0
 1161              	.L42:
 560:./ucOSII/Core/os_task.c **** }
 1162              		.loc 1 560 1
 1163 01c4 1846     		mov	r0, r3
 1164 01c6 1837     		adds	r7, r7, #24
 1165              	.LCFI18:
 1166              		.cfi_def_cfa_offset 8
 1167 01c8 BD46     		mov	sp, r7
 1168              	.LCFI19:
 1169              		.cfi_def_cfa_register 13
 1170              		@ sp needed
 1171 01ca 80BD     		pop	{r7, pc}
 1172              	.L58:
 1173              		.align	2
 1174              	.L57:
 1175 01cc 00000000 		.word	OSIntNesting
 1176 01d0 00000000 		.word	OSTCBCur
 1177 01d4 00000000 		.word	OSTCBPrioTbl
 1178 01d8 00000000 		.word	OSRdyTbl
 1179 01dc 00000000 		.word	OSRdyGrp
 1180 01e0 00000000 		.word	OSLockNesting
 1181 01e4 00000000 		.word	OSTaskCtr
 1182 01e8 00000000 		.word	OSTCBList
 1183 01ec 00000000 		.word	OSTCBFreeList
 1184 01f0 00000000 		.word	.LC0
 1185 01f4 00000000 		.word	OSRunning
 1186              		.cfi_endproc
 1187              	.LFE6:
 1189              		.section	.text.OSTaskDelReq,"ax",%progbits
 1190              		.align	1
 1191              		.global	OSTaskDelReq
 1192              		.syntax unified
 1193              		.thumb
 1194              		.thumb_func
 1196              	OSTaskDelReq:
 1197              	.LFB7:
 561:./ucOSII/Core/os_task.c **** #endif
 562:./ucOSII/Core/os_task.c **** 
 563:./ucOSII/Core/os_task.c **** 
 564:./ucOSII/Core/os_task.c **** /*
 565:./ucOSII/Core/os_task.c **** ***************************************************************************************************
 566:./ucOSII/Core/os_task.c **** *                                  REQUEST THAT A TASK DELETE ITSELF
 567:./ucOSII/Core/os_task.c **** *
 568:./ucOSII/Core/os_task.c **** * Description: This function is used to:
 569:./ucOSII/Core/os_task.c **** *                   a) notify a task to delete itself.
 570:./ucOSII/Core/os_task.c **** *                   b) to see if a task requested that the current task delete itself.
 571:./ucOSII/Core/os_task.c **** *              This function is a little tricky to understand.  Basically, you have a task that nee
 572:./ucOSII/Core/os_task.c **** *              to be deleted however, this task has resources that it has allocated (memory buffers
 573:./ucOSII/Core/os_task.c **** *              semaphores, mailboxes, queues etc.).  The task cannot be deleted otherwise these
 574:./ucOSII/Core/os_task.c **** *              resources would not be freed.  The requesting task calls OSTaskDelReq() to indicate 
 575:./ucOSII/Core/os_task.c **** *              the task needs to be deleted.  Deleting of the task is however, deferred to the task
 576:./ucOSII/Core/os_task.c **** *              be deleted.  For example, suppose that task #10 needs to be deleted.  The requesting
 577:./ucOSII/Core/os_task.c **** *              example, task #5, would call OSTaskDelReq(10).  When task #10 gets to execute, it ca
 578:./ucOSII/Core/os_task.c **** *              this function by specifying OS_PRIO_SELF and monitors the returned value.  If the re
ARM GAS  /var/folders/yl/_q9l42k90g1g4mdhbs226msm0000gn/T//ccEHYDaT.s 			page 32


 579:./ucOSII/Core/os_task.c **** *              value is OS_ERR_TASK_DEL_REQ, another task requested a task delete.  Task #10 would 
 580:./ucOSII/Core/os_task.c **** *              this:
 581:./ucOSII/Core/os_task.c **** *
 582:./ucOSII/Core/os_task.c **** *                   void Task(void *p_arg)
 583:./ucOSII/Core/os_task.c **** *                   {
 584:./ucOSII/Core/os_task.c **** *                       .
 585:./ucOSII/Core/os_task.c **** *                       .
 586:./ucOSII/Core/os_task.c **** *                       while (1) {
 587:./ucOSII/Core/os_task.c **** *                           OSTimeDly(1);
 588:./ucOSII/Core/os_task.c **** *                           if (OSTaskDelReq(OS_PRIO_SELF) == OS_ERR_TASK_DEL_REQ) {
 589:./ucOSII/Core/os_task.c **** *                               Release any owned resources;
 590:./ucOSII/Core/os_task.c **** *                               De-allocate any dynamic memory;
 591:./ucOSII/Core/os_task.c **** *                               OSTaskDel(OS_PRIO_SELF);
 592:./ucOSII/Core/os_task.c **** *                           }
 593:./ucOSII/Core/os_task.c **** *                       }
 594:./ucOSII/Core/os_task.c **** *                   }
 595:./ucOSII/Core/os_task.c **** *
 596:./ucOSII/Core/os_task.c **** * Arguments  : prio    is the priority of the task to request the delete from
 597:./ucOSII/Core/os_task.c **** *
 598:./ucOSII/Core/os_task.c **** * Returns    : OS_ERR_NONE                  if the task exist and the request has been registered
 599:./ucOSII/Core/os_task.c **** *              OS_ERR_ILLEGAL_DEL_RUN_TIME  if you tried to delete a task after safety critical ope
 600:./ucOSII/Core/os_task.c **** *                                           started.
 601:./ucOSII/Core/os_task.c **** *              OS_ERR_TASK_NOT_EXIST        if the task has been deleted.  This allows the caller t
 602:./ucOSII/Core/os_task.c **** *                                           whether the request has been executed.
 603:./ucOSII/Core/os_task.c **** *              OS_ERR_TASK_DEL              if the task is assigned to a Mutex.
 604:./ucOSII/Core/os_task.c **** *              OS_ERR_TASK_DEL_IDLE         if you requested to delete uC/OS-II's idle task
 605:./ucOSII/Core/os_task.c **** *              OS_ERR_PRIO_INVALID          if the priority you specify is higher that the maximum 
 606:./ucOSII/Core/os_task.c **** *                                           (i.e. >= OS_LOWEST_PRIO) or, you have not specified OS_
 607:./ucOSII/Core/os_task.c **** *              OS_ERR_TASK_DEL_REQ          if a task (possibly another task) requested that the ru
 608:./ucOSII/Core/os_task.c **** *                                           task be deleted.
 609:./ucOSII/Core/os_task.c **** ***************************************************************************************************
 610:./ucOSII/Core/os_task.c **** */
 611:./ucOSII/Core/os_task.c **** 
 612:./ucOSII/Core/os_task.c **** #if OS_TASK_DEL_EN > 0u
 613:./ucOSII/Core/os_task.c **** INT8U  OSTaskDelReq (INT8U prio)
 614:./ucOSII/Core/os_task.c **** {
 1198              		.loc 1 614 1
 1199              		.cfi_startproc
 1200              		@ args = 0, pretend = 0, frame = 24
 1201              		@ frame_needed = 1, uses_anonymous_args = 0
 1202 0000 80B5     		push	{r7, lr}
 1203              	.LCFI20:
 1204              		.cfi_def_cfa_offset 8
 1205              		.cfi_offset 7, -8
 1206              		.cfi_offset 14, -4
 1207 0002 86B0     		sub	sp, sp, #24
 1208              	.LCFI21:
 1209              		.cfi_def_cfa_offset 32
 1210 0004 00AF     		add	r7, sp, #0
 1211              	.LCFI22:
 1212              		.cfi_def_cfa_register 7
 1213 0006 0346     		mov	r3, r0
 1214 0008 FB71     		strb	r3, [r7, #7]
 615:./ucOSII/Core/os_task.c ****     INT8U      stat;
 616:./ucOSII/Core/os_task.c ****     OS_TCB    *ptcb;
 617:./ucOSII/Core/os_task.c **** #if OS_CRITICAL_METHOD == 3u                     /* Allocate storage for CPU status register       
 618:./ucOSII/Core/os_task.c ****     OS_CPU_SR  cpu_sr = 0u;
ARM GAS  /var/folders/yl/_q9l42k90g1g4mdhbs226msm0000gn/T//ccEHYDaT.s 			page 33


 1215              		.loc 1 618 16
 1216 000a 0023     		movs	r3, #0
 1217 000c 7B61     		str	r3, [r7, #20]
 619:./ucOSII/Core/os_task.c **** #endif
 620:./ucOSII/Core/os_task.c **** 
 621:./ucOSII/Core/os_task.c **** 
 622:./ucOSII/Core/os_task.c **** 
 623:./ucOSII/Core/os_task.c **** #ifdef OS_SAFETY_CRITICAL_IEC61508
 624:./ucOSII/Core/os_task.c ****     if (OSSafetyCriticalStartFlag == OS_TRUE) {
 625:./ucOSII/Core/os_task.c ****         OS_SAFETY_CRITICAL_EXCEPTION();
 626:./ucOSII/Core/os_task.c ****         return (OS_ERR_ILLEGAL_DEL_RUN_TIME);
 627:./ucOSII/Core/os_task.c ****     }
 628:./ucOSII/Core/os_task.c **** #endif
 629:./ucOSII/Core/os_task.c **** 
 630:./ucOSII/Core/os_task.c ****     if (prio == OS_TASK_IDLE_PRIO) {                            /* Not allowed to delete idle task 
 1218              		.loc 1 630 8
 1219 000e FB79     		ldrb	r3, [r7, #7]	@ zero_extendqisi2
 1220 0010 3F2B     		cmp	r3, #63
 1221 0012 01D1     		bne	.L60
 631:./ucOSII/Core/os_task.c ****         return (OS_ERR_TASK_DEL_IDLE);
 1222              		.loc 1 631 16
 1223 0014 3E23     		movs	r3, #62
 1224 0016 39E0     		b	.L61
 1225              	.L60:
 632:./ucOSII/Core/os_task.c ****     }
 633:./ucOSII/Core/os_task.c **** #if OS_ARG_CHK_EN > 0u
 634:./ucOSII/Core/os_task.c ****     if (prio >= OS_LOWEST_PRIO) {                               /* Task priority valid ?           
 1226              		.loc 1 634 8
 1227 0018 FB79     		ldrb	r3, [r7, #7]	@ zero_extendqisi2
 1228 001a 3E2B     		cmp	r3, #62
 1229 001c 04D9     		bls	.L62
 635:./ucOSII/Core/os_task.c ****         if (prio != OS_PRIO_SELF) {
 1230              		.loc 1 635 12
 1231 001e FB79     		ldrb	r3, [r7, #7]	@ zero_extendqisi2
 1232 0020 FF2B     		cmp	r3, #255
 1233 0022 01D0     		beq	.L62
 636:./ucOSII/Core/os_task.c ****             return (OS_ERR_PRIO_INVALID);
 1234              		.loc 1 636 20
 1235 0024 2A23     		movs	r3, #42
 1236 0026 31E0     		b	.L61
 1237              	.L62:
 637:./ucOSII/Core/os_task.c ****         }
 638:./ucOSII/Core/os_task.c ****     }
 639:./ucOSII/Core/os_task.c **** #endif
 640:./ucOSII/Core/os_task.c ****     if (prio == OS_PRIO_SELF) {                                 /* See if a task is requesting to .
 1238              		.loc 1 640 8
 1239 0028 FB79     		ldrb	r3, [r7, #7]	@ zero_extendqisi2
 1240 002a FF2B     		cmp	r3, #255
 1241 002c 0DD1     		bne	.L63
 641:./ucOSII/Core/os_task.c ****         OS_ENTER_CRITICAL();                                    /* ... this task to delete itself  
 1242              		.loc 1 641 9
 1243 002e 4020     		movs	r0, #64
 1244 0030 FFF7FEFF 		bl	OS_CPU_SR_Save
 1245 0034 7861     		str	r0, [r7, #20]
 642:./ucOSII/Core/os_task.c ****         stat = OSTCBCur->OSTCBDelReq;                           /* Return request status to caller 
 1246              		.loc 1 642 24
 1247 0036 174B     		ldr	r3, .L66
ARM GAS  /var/folders/yl/_q9l42k90g1g4mdhbs226msm0000gn/T//ccEHYDaT.s 			page 34


 1248 0038 1B68     		ldr	r3, [r3]
 1249              		.loc 1 642 14
 1250 003a 93F83F30 		ldrb	r3, [r3, #63]
 1251 003e FB73     		strb	r3, [r7, #15]
 643:./ucOSII/Core/os_task.c ****         OS_EXIT_CRITICAL();
 1252              		.loc 1 643 9
 1253 0040 7869     		ldr	r0, [r7, #20]
 1254 0042 FFF7FEFF 		bl	OS_CPU_SR_Restore
 644:./ucOSII/Core/os_task.c ****         return (stat);
 1255              		.loc 1 644 16
 1256 0046 FB7B     		ldrb	r3, [r7, #15]	@ zero_extendqisi2
 1257 0048 20E0     		b	.L61
 1258              	.L63:
 645:./ucOSII/Core/os_task.c ****     }
 646:./ucOSII/Core/os_task.c ****     OS_ENTER_CRITICAL();
 1259              		.loc 1 646 5
 1260 004a 4020     		movs	r0, #64
 1261 004c FFF7FEFF 		bl	OS_CPU_SR_Save
 1262 0050 7861     		str	r0, [r7, #20]
 647:./ucOSII/Core/os_task.c ****     ptcb = OSTCBPrioTbl[prio];
 1263              		.loc 1 647 24
 1264 0052 FB79     		ldrb	r3, [r7, #7]	@ zero_extendqisi2
 1265              		.loc 1 647 10
 1266 0054 104A     		ldr	r2, .L66+4
 1267 0056 52F82330 		ldr	r3, [r2, r3, lsl #2]
 1268 005a 3B61     		str	r3, [r7, #16]
 648:./ucOSII/Core/os_task.c ****     if (ptcb == (OS_TCB *)0) {                                  /* Task to delete must exist       
 1269              		.loc 1 648 8
 1270 005c 3B69     		ldr	r3, [r7, #16]
 1271 005e 002B     		cmp	r3, #0
 1272 0060 04D1     		bne	.L64
 649:./ucOSII/Core/os_task.c ****         OS_EXIT_CRITICAL();
 1273              		.loc 1 649 9
 1274 0062 7869     		ldr	r0, [r7, #20]
 1275 0064 FFF7FEFF 		bl	OS_CPU_SR_Restore
 650:./ucOSII/Core/os_task.c ****         return (OS_ERR_TASK_NOT_EXIST);                         /* Task must already be deleted    
 1276              		.loc 1 650 16
 1277 0068 4323     		movs	r3, #67
 1278 006a 0FE0     		b	.L61
 1279              	.L64:
 651:./ucOSII/Core/os_task.c ****     }
 652:./ucOSII/Core/os_task.c ****     if (ptcb == OS_TCB_RESERVED) {                              /* Must NOT be assigned to a Mutex 
 1280              		.loc 1 652 8
 1281 006c 3B69     		ldr	r3, [r7, #16]
 1282 006e 012B     		cmp	r3, #1
 1283 0070 04D1     		bne	.L65
 653:./ucOSII/Core/os_task.c ****         OS_EXIT_CRITICAL();
 1284              		.loc 1 653 9
 1285 0072 7869     		ldr	r0, [r7, #20]
 1286 0074 FFF7FEFF 		bl	OS_CPU_SR_Restore
 654:./ucOSII/Core/os_task.c ****         return (OS_ERR_TASK_DEL);
 1287              		.loc 1 654 16
 1288 0078 3D23     		movs	r3, #61
 1289 007a 07E0     		b	.L61
 1290              	.L65:
 655:./ucOSII/Core/os_task.c ****     }
 656:./ucOSII/Core/os_task.c ****     ptcb->OSTCBDelReq = OS_ERR_TASK_DEL_REQ;                    /* Set flag indicating task to be D
ARM GAS  /var/folders/yl/_q9l42k90g1g4mdhbs226msm0000gn/T//ccEHYDaT.s 			page 35


 1291              		.loc 1 656 23
 1292 007c 3B69     		ldr	r3, [r7, #16]
 1293 007e 3F22     		movs	r2, #63
 1294 0080 83F83F20 		strb	r2, [r3, #63]
 657:./ucOSII/Core/os_task.c ****     OS_EXIT_CRITICAL();
 1295              		.loc 1 657 5
 1296 0084 7869     		ldr	r0, [r7, #20]
 1297 0086 FFF7FEFF 		bl	OS_CPU_SR_Restore
 658:./ucOSII/Core/os_task.c ****     return (OS_ERR_NONE);
 1298              		.loc 1 658 12
 1299 008a 0023     		movs	r3, #0
 1300              	.L61:
 659:./ucOSII/Core/os_task.c **** }
 1301              		.loc 1 659 1
 1302 008c 1846     		mov	r0, r3
 1303 008e 1837     		adds	r7, r7, #24
 1304              	.LCFI23:
 1305              		.cfi_def_cfa_offset 8
 1306 0090 BD46     		mov	sp, r7
 1307              	.LCFI24:
 1308              		.cfi_def_cfa_register 13
 1309              		@ sp needed
 1310 0092 80BD     		pop	{r7, pc}
 1311              	.L67:
 1312              		.align	2
 1313              	.L66:
 1314 0094 00000000 		.word	OSTCBCur
 1315 0098 00000000 		.word	OSTCBPrioTbl
 1316              		.cfi_endproc
 1317              	.LFE7:
 1319              		.section	.text.OSTaskNameGet,"ax",%progbits
 1320              		.align	1
 1321              		.global	OSTaskNameGet
 1322              		.syntax unified
 1323              		.thumb
 1324              		.thumb_func
 1326              	OSTaskNameGet:
 1327              	.LFB8:
 660:./ucOSII/Core/os_task.c **** #endif
 661:./ucOSII/Core/os_task.c **** 
 662:./ucOSII/Core/os_task.c **** 
 663:./ucOSII/Core/os_task.c **** /*
 664:./ucOSII/Core/os_task.c **** ***************************************************************************************************
 665:./ucOSII/Core/os_task.c **** *                                       GET THE NAME OF A TASK
 666:./ucOSII/Core/os_task.c **** *
 667:./ucOSII/Core/os_task.c **** * Description: This function is called to obtain the name of a task.
 668:./ucOSII/Core/os_task.c **** *
 669:./ucOSII/Core/os_task.c **** * Arguments  : prio      is the priority of the task that you want to obtain the name from.
 670:./ucOSII/Core/os_task.c **** *
 671:./ucOSII/Core/os_task.c **** *              pname     is a pointer to a pointer to an ASCII string that will receive the name of
 672:./ucOSII/Core/os_task.c **** *
 673:./ucOSII/Core/os_task.c **** *              perr      is a pointer to an error code that can contain one of the following values
 674:./ucOSII/Core/os_task.c **** *
 675:./ucOSII/Core/os_task.c **** *                        OS_ERR_NONE                if the requested task is resumed
 676:./ucOSII/Core/os_task.c **** *                        OS_ERR_TASK_NOT_EXIST      if the task has not been created or is assigned
 677:./ucOSII/Core/os_task.c **** *                        OS_ERR_PRIO_INVALID        if you specified an invalid priority:
 678:./ucOSII/Core/os_task.c **** *                                                   A higher value than the idle task or not OS_PRI
ARM GAS  /var/folders/yl/_q9l42k90g1g4mdhbs226msm0000gn/T//ccEHYDaT.s 			page 36


 679:./ucOSII/Core/os_task.c **** *                        OS_ERR_PNAME_NULL          You passed a NULL pointer for 'pname'
 680:./ucOSII/Core/os_task.c **** *                        OS_ERR_NAME_GET_ISR        You called this function from an ISR
 681:./ucOSII/Core/os_task.c **** *
 682:./ucOSII/Core/os_task.c **** *
 683:./ucOSII/Core/os_task.c **** * Returns    : The length of the string or 0 if the task does not exist.
 684:./ucOSII/Core/os_task.c **** ***************************************************************************************************
 685:./ucOSII/Core/os_task.c **** */
 686:./ucOSII/Core/os_task.c **** 
 687:./ucOSII/Core/os_task.c **** #if OS_TASK_NAME_EN > 0u
 688:./ucOSII/Core/os_task.c **** INT8U  OSTaskNameGet (INT8U    prio,
 689:./ucOSII/Core/os_task.c ****                       INT8U  **pname,
 690:./ucOSII/Core/os_task.c ****                       INT8U   *perr)
 691:./ucOSII/Core/os_task.c **** {
 1328              		.loc 1 691 1
 1329              		.cfi_startproc
 1330              		@ args = 0, pretend = 0, frame = 32
 1331              		@ frame_needed = 1, uses_anonymous_args = 0
 1332 0000 80B5     		push	{r7, lr}
 1333              	.LCFI25:
 1334              		.cfi_def_cfa_offset 8
 1335              		.cfi_offset 7, -8
 1336              		.cfi_offset 14, -4
 1337 0002 88B0     		sub	sp, sp, #32
 1338              	.LCFI26:
 1339              		.cfi_def_cfa_offset 40
 1340 0004 00AF     		add	r7, sp, #0
 1341              	.LCFI27:
 1342              		.cfi_def_cfa_register 7
 1343 0006 0346     		mov	r3, r0
 1344 0008 B960     		str	r1, [r7, #8]
 1345 000a 7A60     		str	r2, [r7, #4]
 1346 000c FB73     		strb	r3, [r7, #15]
 692:./ucOSII/Core/os_task.c ****     OS_TCB    *ptcb;
 693:./ucOSII/Core/os_task.c ****     INT8U      len;
 694:./ucOSII/Core/os_task.c **** #if OS_CRITICAL_METHOD == 3u                             /* Allocate storage for CPU status registe
 695:./ucOSII/Core/os_task.c ****     OS_CPU_SR  cpu_sr = 0u;
 1347              		.loc 1 695 16
 1348 000e 0023     		movs	r3, #0
 1349 0010 FB61     		str	r3, [r7, #28]
 696:./ucOSII/Core/os_task.c **** #endif
 697:./ucOSII/Core/os_task.c **** 
 698:./ucOSII/Core/os_task.c **** 
 699:./ucOSII/Core/os_task.c **** 
 700:./ucOSII/Core/os_task.c **** #ifdef OS_SAFETY_CRITICAL
 701:./ucOSII/Core/os_task.c ****     if (perr == (INT8U *)0) {
 702:./ucOSII/Core/os_task.c ****         OS_SAFETY_CRITICAL_EXCEPTION();
 703:./ucOSII/Core/os_task.c ****         return (0u);
 704:./ucOSII/Core/os_task.c ****     }
 705:./ucOSII/Core/os_task.c **** #endif
 706:./ucOSII/Core/os_task.c **** 
 707:./ucOSII/Core/os_task.c **** #if OS_ARG_CHK_EN > 0u
 708:./ucOSII/Core/os_task.c ****     if (prio > OS_LOWEST_PRIO) {                         /* Task priority valid ?                  
 1350              		.loc 1 708 8
 1351 0012 FB7B     		ldrb	r3, [r7, #15]	@ zero_extendqisi2
 1352 0014 3F2B     		cmp	r3, #63
 1353 0016 07D9     		bls	.L69
 709:./ucOSII/Core/os_task.c ****         if (prio != OS_PRIO_SELF) {
ARM GAS  /var/folders/yl/_q9l42k90g1g4mdhbs226msm0000gn/T//ccEHYDaT.s 			page 37


 1354              		.loc 1 709 12
 1355 0018 FB7B     		ldrb	r3, [r7, #15]	@ zero_extendqisi2
 1356 001a FF2B     		cmp	r3, #255
 1357 001c 04D0     		beq	.L69
 710:./ucOSII/Core/os_task.c ****             *perr = OS_ERR_PRIO_INVALID;                 /* No                                     
 1358              		.loc 1 710 19
 1359 001e 7B68     		ldr	r3, [r7, #4]
 1360 0020 2A22     		movs	r2, #42
 1361 0022 1A70     		strb	r2, [r3]
 711:./ucOSII/Core/os_task.c ****             return (0u);
 1362              		.loc 1 711 20
 1363 0024 0023     		movs	r3, #0
 1364 0026 49E0     		b	.L70
 1365              	.L69:
 712:./ucOSII/Core/os_task.c ****         }
 713:./ucOSII/Core/os_task.c ****     }
 714:./ucOSII/Core/os_task.c ****     if (pname == (INT8U **)0) {                          /* Is 'pname' a NULL pointer?             
 1366              		.loc 1 714 8
 1367 0028 BB68     		ldr	r3, [r7, #8]
 1368 002a 002B     		cmp	r3, #0
 1369 002c 04D1     		bne	.L71
 715:./ucOSII/Core/os_task.c ****         *perr = OS_ERR_PNAME_NULL;                       /* Yes                                    
 1370              		.loc 1 715 15
 1371 002e 7B68     		ldr	r3, [r7, #4]
 1372 0030 0C22     		movs	r2, #12
 1373 0032 1A70     		strb	r2, [r3]
 716:./ucOSII/Core/os_task.c ****         return (0u);
 1374              		.loc 1 716 16
 1375 0034 0023     		movs	r3, #0
 1376 0036 41E0     		b	.L70
 1377              	.L71:
 717:./ucOSII/Core/os_task.c ****     }
 718:./ucOSII/Core/os_task.c **** #endif
 719:./ucOSII/Core/os_task.c ****     if (OSIntNesting > 0u) {                              /* See if trying to call from an ISR     
 1378              		.loc 1 719 22
 1379 0038 224B     		ldr	r3, .L76
 1380 003a 1B78     		ldrb	r3, [r3]	@ zero_extendqisi2
 1381              		.loc 1 719 8
 1382 003c 002B     		cmp	r3, #0
 1383 003e 04D0     		beq	.L72
 720:./ucOSII/Core/os_task.c ****         *perr = OS_ERR_NAME_GET_ISR;
 1384              		.loc 1 720 15
 1385 0040 7B68     		ldr	r3, [r7, #4]
 1386 0042 1122     		movs	r2, #17
 1387 0044 1A70     		strb	r2, [r3]
 721:./ucOSII/Core/os_task.c ****         return (0u);
 1388              		.loc 1 721 16
 1389 0046 0023     		movs	r3, #0
 1390 0048 38E0     		b	.L70
 1391              	.L72:
 722:./ucOSII/Core/os_task.c ****     }
 723:./ucOSII/Core/os_task.c ****     OS_ENTER_CRITICAL();
 1392              		.loc 1 723 5
 1393 004a 4020     		movs	r0, #64
 1394 004c FFF7FEFF 		bl	OS_CPU_SR_Save
 1395 0050 F861     		str	r0, [r7, #28]
 724:./ucOSII/Core/os_task.c ****     if (prio == OS_PRIO_SELF) {                          /* See if caller desires it's own name    
ARM GAS  /var/folders/yl/_q9l42k90g1g4mdhbs226msm0000gn/T//ccEHYDaT.s 			page 38


 1396              		.loc 1 724 8
 1397 0052 FB7B     		ldrb	r3, [r7, #15]	@ zero_extendqisi2
 1398 0054 FF2B     		cmp	r3, #255
 1399 0056 04D1     		bne	.L73
 725:./ucOSII/Core/os_task.c ****         prio = OSTCBCur->OSTCBPrio;
 1400              		.loc 1 725 24
 1401 0058 1B4B     		ldr	r3, .L76+4
 1402 005a 1B68     		ldr	r3, [r3]
 1403              		.loc 1 725 14
 1404 005c 93F83A30 		ldrb	r3, [r3, #58]
 1405 0060 FB73     		strb	r3, [r7, #15]
 1406              	.L73:
 726:./ucOSII/Core/os_task.c ****     }
 727:./ucOSII/Core/os_task.c ****     ptcb = OSTCBPrioTbl[prio];
 1407              		.loc 1 727 24
 1408 0062 FB7B     		ldrb	r3, [r7, #15]	@ zero_extendqisi2
 1409              		.loc 1 727 10
 1410 0064 194A     		ldr	r2, .L76+8
 1411 0066 52F82330 		ldr	r3, [r2, r3, lsl #2]
 1412 006a BB61     		str	r3, [r7, #24]
 728:./ucOSII/Core/os_task.c ****     if (ptcb == (OS_TCB *)0) {                           /* Does task exist?                       
 1413              		.loc 1 728 8
 1414 006c BB69     		ldr	r3, [r7, #24]
 1415 006e 002B     		cmp	r3, #0
 1416 0070 07D1     		bne	.L74
 729:./ucOSII/Core/os_task.c ****         OS_EXIT_CRITICAL();                              /* No                                     
 1417              		.loc 1 729 9
 1418 0072 F869     		ldr	r0, [r7, #28]
 1419 0074 FFF7FEFF 		bl	OS_CPU_SR_Restore
 730:./ucOSII/Core/os_task.c ****         *perr = OS_ERR_TASK_NOT_EXIST;
 1420              		.loc 1 730 15
 1421 0078 7B68     		ldr	r3, [r7, #4]
 1422 007a 4322     		movs	r2, #67
 1423 007c 1A70     		strb	r2, [r3]
 731:./ucOSII/Core/os_task.c ****         return (0u);
 1424              		.loc 1 731 16
 1425 007e 0023     		movs	r3, #0
 1426 0080 1CE0     		b	.L70
 1427              	.L74:
 732:./ucOSII/Core/os_task.c ****     }
 733:./ucOSII/Core/os_task.c ****     if (ptcb == OS_TCB_RESERVED) {                       /* Task assigned to a Mutex?              
 1428              		.loc 1 733 8
 1429 0082 BB69     		ldr	r3, [r7, #24]
 1430 0084 012B     		cmp	r3, #1
 1431 0086 07D1     		bne	.L75
 734:./ucOSII/Core/os_task.c ****         OS_EXIT_CRITICAL();                              /* Yes                                    
 1432              		.loc 1 734 9
 1433 0088 F869     		ldr	r0, [r7, #28]
 1434 008a FFF7FEFF 		bl	OS_CPU_SR_Restore
 735:./ucOSII/Core/os_task.c ****         *perr = OS_ERR_TASK_NOT_EXIST;
 1435              		.loc 1 735 15
 1436 008e 7B68     		ldr	r3, [r7, #4]
 1437 0090 4322     		movs	r2, #67
 1438 0092 1A70     		strb	r2, [r3]
 736:./ucOSII/Core/os_task.c ****         return (0u);
 1439              		.loc 1 736 16
 1440 0094 0023     		movs	r3, #0
ARM GAS  /var/folders/yl/_q9l42k90g1g4mdhbs226msm0000gn/T//ccEHYDaT.s 			page 39


 1441 0096 11E0     		b	.L70
 1442              	.L75:
 737:./ucOSII/Core/os_task.c ****     }
 738:./ucOSII/Core/os_task.c ****     *pname = ptcb->OSTCBTaskName;
 1443              		.loc 1 738 18
 1444 0098 BB69     		ldr	r3, [r7, #24]
 1445 009a 5A6D     		ldr	r2, [r3, #84]
 1446              		.loc 1 738 12
 1447 009c BB68     		ldr	r3, [r7, #8]
 1448 009e 1A60     		str	r2, [r3]
 739:./ucOSII/Core/os_task.c ****     len    = OS_StrLen(*pname);
 1449              		.loc 1 739 14
 1450 00a0 BB68     		ldr	r3, [r7, #8]
 1451 00a2 1B68     		ldr	r3, [r3]
 1452 00a4 1846     		mov	r0, r3
 1453 00a6 FFF7FEFF 		bl	OS_StrLen
 1454 00aa 0346     		mov	r3, r0
 1455 00ac FB75     		strb	r3, [r7, #23]
 740:./ucOSII/Core/os_task.c ****     OS_EXIT_CRITICAL();
 1456              		.loc 1 740 5
 1457 00ae F869     		ldr	r0, [r7, #28]
 1458 00b0 FFF7FEFF 		bl	OS_CPU_SR_Restore
 741:./ucOSII/Core/os_task.c ****     *perr  = OS_ERR_NONE;
 1459              		.loc 1 741 12
 1460 00b4 7B68     		ldr	r3, [r7, #4]
 1461 00b6 0022     		movs	r2, #0
 1462 00b8 1A70     		strb	r2, [r3]
 742:./ucOSII/Core/os_task.c ****     return (len);
 1463              		.loc 1 742 12
 1464 00ba FB7D     		ldrb	r3, [r7, #23]	@ zero_extendqisi2
 1465              	.L70:
 743:./ucOSII/Core/os_task.c **** }
 1466              		.loc 1 743 1
 1467 00bc 1846     		mov	r0, r3
 1468 00be 2037     		adds	r7, r7, #32
 1469              	.LCFI28:
 1470              		.cfi_def_cfa_offset 8
 1471 00c0 BD46     		mov	sp, r7
 1472              	.LCFI29:
 1473              		.cfi_def_cfa_register 13
 1474              		@ sp needed
 1475 00c2 80BD     		pop	{r7, pc}
 1476              	.L77:
 1477              		.align	2
 1478              	.L76:
 1479 00c4 00000000 		.word	OSIntNesting
 1480 00c8 00000000 		.word	OSTCBCur
 1481 00cc 00000000 		.word	OSTCBPrioTbl
 1482              		.cfi_endproc
 1483              	.LFE8:
 1485              		.section	.text.OSTaskNameSet,"ax",%progbits
 1486              		.align	1
 1487              		.global	OSTaskNameSet
 1488              		.syntax unified
 1489              		.thumb
 1490              		.thumb_func
 1492              	OSTaskNameSet:
ARM GAS  /var/folders/yl/_q9l42k90g1g4mdhbs226msm0000gn/T//ccEHYDaT.s 			page 40


 1493              	.LFB9:
 744:./ucOSII/Core/os_task.c **** #endif
 745:./ucOSII/Core/os_task.c **** 
 746:./ucOSII/Core/os_task.c **** 
 747:./ucOSII/Core/os_task.c **** /*
 748:./ucOSII/Core/os_task.c **** ***************************************************************************************************
 749:./ucOSII/Core/os_task.c **** *                                       ASSIGN A NAME TO A TASK
 750:./ucOSII/Core/os_task.c **** *
 751:./ucOSII/Core/os_task.c **** * Description: This function is used to set the name of a task.
 752:./ucOSII/Core/os_task.c **** *
 753:./ucOSII/Core/os_task.c **** * Arguments  : prio      is the priority of the task that you want the assign a name to.
 754:./ucOSII/Core/os_task.c **** *
 755:./ucOSII/Core/os_task.c **** *              pname     is a pointer to an ASCII string that contains the name of the task.
 756:./ucOSII/Core/os_task.c **** *
 757:./ucOSII/Core/os_task.c **** *              perr       is a pointer to an error code that can contain one of the following value
 758:./ucOSII/Core/os_task.c **** *
 759:./ucOSII/Core/os_task.c **** *                        OS_ERR_NONE                if the requested task is resumed
 760:./ucOSII/Core/os_task.c **** *                        OS_ERR_TASK_NOT_EXIST      if the task has not been created or is assigned
 761:./ucOSII/Core/os_task.c **** *                        OS_ERR_PNAME_NULL          You passed a NULL pointer for 'pname'
 762:./ucOSII/Core/os_task.c **** *                        OS_ERR_PRIO_INVALID        if you specified an invalid priority:
 763:./ucOSII/Core/os_task.c **** *                                                   A higher value than the idle task or not OS_PRI
 764:./ucOSII/Core/os_task.c **** *                        OS_ERR_NAME_SET_ISR        if you called this function from an ISR
 765:./ucOSII/Core/os_task.c **** *
 766:./ucOSII/Core/os_task.c **** * Returns    : None
 767:./ucOSII/Core/os_task.c **** ***************************************************************************************************
 768:./ucOSII/Core/os_task.c **** */
 769:./ucOSII/Core/os_task.c **** #if OS_TASK_NAME_EN > 0u
 770:./ucOSII/Core/os_task.c **** void  OSTaskNameSet (INT8U   prio,
 771:./ucOSII/Core/os_task.c ****                      INT8U  *pname,
 772:./ucOSII/Core/os_task.c ****                      INT8U  *perr)
 773:./ucOSII/Core/os_task.c **** {
 1494              		.loc 1 773 1
 1495              		.cfi_startproc
 1496              		@ args = 0, pretend = 0, frame = 24
 1497              		@ frame_needed = 1, uses_anonymous_args = 0
 1498 0000 90B5     		push	{r4, r7, lr}
 1499              	.LCFI30:
 1500              		.cfi_def_cfa_offset 12
 1501              		.cfi_offset 4, -12
 1502              		.cfi_offset 7, -8
 1503              		.cfi_offset 14, -4
 1504 0002 89B0     		sub	sp, sp, #36
 1505              	.LCFI31:
 1506              		.cfi_def_cfa_offset 48
 1507 0004 02AF     		add	r7, sp, #8
 1508              	.LCFI32:
 1509              		.cfi_def_cfa 7, 40
 1510 0006 0346     		mov	r3, r0
 1511 0008 B960     		str	r1, [r7, #8]
 1512 000a 7A60     		str	r2, [r7, #4]
 1513 000c FB73     		strb	r3, [r7, #15]
 774:./ucOSII/Core/os_task.c ****     OS_TCB    *ptcb;
 775:./ucOSII/Core/os_task.c **** #if OS_CRITICAL_METHOD == 3u                         /* Allocate storage for CPU status register   
 776:./ucOSII/Core/os_task.c ****     OS_CPU_SR  cpu_sr = 0u;
 1514              		.loc 1 776 16
 1515 000e 0023     		movs	r3, #0
 1516 0010 7B61     		str	r3, [r7, #20]
ARM GAS  /var/folders/yl/_q9l42k90g1g4mdhbs226msm0000gn/T//ccEHYDaT.s 			page 41


 777:./ucOSII/Core/os_task.c **** #endif
 778:./ucOSII/Core/os_task.c **** 
 779:./ucOSII/Core/os_task.c **** 
 780:./ucOSII/Core/os_task.c **** 
 781:./ucOSII/Core/os_task.c **** #ifdef OS_SAFETY_CRITICAL
 782:./ucOSII/Core/os_task.c ****     if (perr == (INT8U *)0) {
 783:./ucOSII/Core/os_task.c ****         OS_SAFETY_CRITICAL_EXCEPTION();
 784:./ucOSII/Core/os_task.c ****         return;
 785:./ucOSII/Core/os_task.c ****     }
 786:./ucOSII/Core/os_task.c **** #endif
 787:./ucOSII/Core/os_task.c **** 
 788:./ucOSII/Core/os_task.c **** #if OS_ARG_CHK_EN > 0u
 789:./ucOSII/Core/os_task.c ****     if (prio > OS_LOWEST_PRIO) {                     /* Task priority valid ?                      
 1517              		.loc 1 789 8
 1518 0012 FB7B     		ldrb	r3, [r7, #15]	@ zero_extendqisi2
 1519 0014 3F2B     		cmp	r3, #63
 1520 0016 06D9     		bls	.L79
 790:./ucOSII/Core/os_task.c ****         if (prio != OS_PRIO_SELF) {
 1521              		.loc 1 790 12
 1522 0018 FB7B     		ldrb	r3, [r7, #15]	@ zero_extendqisi2
 1523 001a FF2B     		cmp	r3, #255
 1524 001c 03D0     		beq	.L79
 791:./ucOSII/Core/os_task.c ****             *perr = OS_ERR_PRIO_INVALID;             /* No                                         
 1525              		.loc 1 791 19
 1526 001e 7B68     		ldr	r3, [r7, #4]
 1527 0020 2A22     		movs	r2, #42
 1528 0022 1A70     		strb	r2, [r3]
 792:./ucOSII/Core/os_task.c ****             return;
 1529              		.loc 1 792 13
 1530 0024 4DE0     		b	.L78
 1531              	.L79:
 793:./ucOSII/Core/os_task.c ****         }
 794:./ucOSII/Core/os_task.c ****     }
 795:./ucOSII/Core/os_task.c ****     if (pname == (INT8U *)0) {                       /* Is 'pname' a NULL pointer?                 
 1532              		.loc 1 795 8
 1533 0026 BB68     		ldr	r3, [r7, #8]
 1534 0028 002B     		cmp	r3, #0
 1535 002a 03D1     		bne	.L81
 796:./ucOSII/Core/os_task.c ****         *perr = OS_ERR_PNAME_NULL;                   /* Yes                                        
 1536              		.loc 1 796 15
 1537 002c 7B68     		ldr	r3, [r7, #4]
 1538 002e 0C22     		movs	r2, #12
 1539 0030 1A70     		strb	r2, [r3]
 797:./ucOSII/Core/os_task.c ****         return;
 1540              		.loc 1 797 9
 1541 0032 46E0     		b	.L78
 1542              	.L81:
 798:./ucOSII/Core/os_task.c ****     }
 799:./ucOSII/Core/os_task.c **** #endif
 800:./ucOSII/Core/os_task.c ****     if (OSIntNesting > 0u) {                         /* See if trying to call from an ISR          
 1543              		.loc 1 800 22
 1544 0034 244B     		ldr	r3, .L87
 1545 0036 1B78     		ldrb	r3, [r3]	@ zero_extendqisi2
 1546              		.loc 1 800 8
 1547 0038 002B     		cmp	r3, #0
 1548 003a 03D0     		beq	.L82
 801:./ucOSII/Core/os_task.c ****         *perr = OS_ERR_NAME_SET_ISR;
ARM GAS  /var/folders/yl/_q9l42k90g1g4mdhbs226msm0000gn/T//ccEHYDaT.s 			page 42


 1549              		.loc 1 801 15
 1550 003c 7B68     		ldr	r3, [r7, #4]
 1551 003e 1222     		movs	r2, #18
 1552 0040 1A70     		strb	r2, [r3]
 802:./ucOSII/Core/os_task.c ****         return;
 1553              		.loc 1 802 9
 1554 0042 3EE0     		b	.L78
 1555              	.L82:
 803:./ucOSII/Core/os_task.c ****     }
 804:./ucOSII/Core/os_task.c ****     OS_ENTER_CRITICAL();
 1556              		.loc 1 804 5
 1557 0044 4020     		movs	r0, #64
 1558 0046 FFF7FEFF 		bl	OS_CPU_SR_Save
 1559 004a 7861     		str	r0, [r7, #20]
 805:./ucOSII/Core/os_task.c ****     if (prio == OS_PRIO_SELF) {                      /* See if caller desires to set it's own name 
 1560              		.loc 1 805 8
 1561 004c FB7B     		ldrb	r3, [r7, #15]	@ zero_extendqisi2
 1562 004e FF2B     		cmp	r3, #255
 1563 0050 04D1     		bne	.L83
 806:./ucOSII/Core/os_task.c ****         prio = OSTCBCur->OSTCBPrio;
 1564              		.loc 1 806 24
 1565 0052 1E4B     		ldr	r3, .L87+4
 1566 0054 1B68     		ldr	r3, [r3]
 1567              		.loc 1 806 14
 1568 0056 93F83A30 		ldrb	r3, [r3, #58]
 1569 005a FB73     		strb	r3, [r7, #15]
 1570              	.L83:
 807:./ucOSII/Core/os_task.c ****     }
 808:./ucOSII/Core/os_task.c ****     ptcb = OSTCBPrioTbl[prio];
 1571              		.loc 1 808 24
 1572 005c FB7B     		ldrb	r3, [r7, #15]	@ zero_extendqisi2
 1573              		.loc 1 808 10
 1574 005e 1C4A     		ldr	r2, .L87+8
 1575 0060 52F82330 		ldr	r3, [r2, r3, lsl #2]
 1576 0064 3B61     		str	r3, [r7, #16]
 809:./ucOSII/Core/os_task.c ****     if (ptcb == (OS_TCB *)0) {                       /* Does task exist?                           
 1577              		.loc 1 809 8
 1578 0066 3B69     		ldr	r3, [r7, #16]
 1579 0068 002B     		cmp	r3, #0
 1580 006a 06D1     		bne	.L84
 810:./ucOSII/Core/os_task.c ****         OS_EXIT_CRITICAL();                          /* No                                         
 1581              		.loc 1 810 9
 1582 006c 7869     		ldr	r0, [r7, #20]
 1583 006e FFF7FEFF 		bl	OS_CPU_SR_Restore
 811:./ucOSII/Core/os_task.c ****         *perr = OS_ERR_TASK_NOT_EXIST;
 1584              		.loc 1 811 15
 1585 0072 7B68     		ldr	r3, [r7, #4]
 1586 0074 4322     		movs	r2, #67
 1587 0076 1A70     		strb	r2, [r3]
 812:./ucOSII/Core/os_task.c ****         return;
 1588              		.loc 1 812 9
 1589 0078 23E0     		b	.L78
 1590              	.L84:
 813:./ucOSII/Core/os_task.c ****     }
 814:./ucOSII/Core/os_task.c ****     if (ptcb == OS_TCB_RESERVED) {                   /* Task assigned to a Mutex?                  
 1591              		.loc 1 814 8
 1592 007a 3B69     		ldr	r3, [r7, #16]
ARM GAS  /var/folders/yl/_q9l42k90g1g4mdhbs226msm0000gn/T//ccEHYDaT.s 			page 43


 1593 007c 012B     		cmp	r3, #1
 1594 007e 06D1     		bne	.L85
 815:./ucOSII/Core/os_task.c ****         OS_EXIT_CRITICAL();                          /* Yes                                        
 1595              		.loc 1 815 9
 1596 0080 7869     		ldr	r0, [r7, #20]
 1597 0082 FFF7FEFF 		bl	OS_CPU_SR_Restore
 816:./ucOSII/Core/os_task.c ****         *perr = OS_ERR_TASK_NOT_EXIST;
 1598              		.loc 1 816 15
 1599 0086 7B68     		ldr	r3, [r7, #4]
 1600 0088 4322     		movs	r2, #67
 1601 008a 1A70     		strb	r2, [r3]
 817:./ucOSII/Core/os_task.c ****         return;
 1602              		.loc 1 817 9
 1603 008c 19E0     		b	.L78
 1604              	.L85:
 818:./ucOSII/Core/os_task.c ****     }
 819:./ucOSII/Core/os_task.c ****     ptcb->OSTCBTaskName = pname;
 1605              		.loc 1 819 25
 1606 008e 3B69     		ldr	r3, [r7, #16]
 1607 0090 BA68     		ldr	r2, [r7, #8]
 1608 0092 5A65     		str	r2, [r3, #84]
 820:./ucOSII/Core/os_task.c ****     OS_TRACE_TASK_NAME_SET(ptcb);
 1609              		.loc 1 820 5
 1610 0094 3B69     		ldr	r3, [r7, #16]
 1611 0096 002B     		cmp	r3, #0
 1612 0098 0DD0     		beq	.L86
 1613              		.loc 1 820 5 is_stmt 0 discriminator 1
 1614 009a 3869     		ldr	r0, [r7, #16]
 1615 009c 3B69     		ldr	r3, [r7, #16]
 1616 009e 596D     		ldr	r1, [r3, #84]
 1617 00a0 3B69     		ldr	r3, [r7, #16]
 1618 00a2 93F83A20 		ldrb	r2, [r3, #58]	@ zero_extendqisi2
 1619 00a6 3B69     		ldr	r3, [r7, #16]
 1620 00a8 9C68     		ldr	r4, [r3, #8]
 1621 00aa 3B69     		ldr	r3, [r7, #16]
 1622 00ac DB68     		ldr	r3, [r3, #12]
 1623 00ae 0093     		str	r3, [sp]
 1624 00b0 2346     		mov	r3, r4
 1625 00b2 FFF7FEFF 		bl	SYSVIEW_UpdateTask
 1626              	.L86:
 821:./ucOSII/Core/os_task.c ****     OS_EXIT_CRITICAL();
 1627              		.loc 1 821 5 is_stmt 1
 1628 00b6 7869     		ldr	r0, [r7, #20]
 1629 00b8 FFF7FEFF 		bl	OS_CPU_SR_Restore
 822:./ucOSII/Core/os_task.c ****     *perr               = OS_ERR_NONE;
 1630              		.loc 1 822 25
 1631 00bc 7B68     		ldr	r3, [r7, #4]
 1632 00be 0022     		movs	r2, #0
 1633 00c0 1A70     		strb	r2, [r3]
 1634              	.L78:
 823:./ucOSII/Core/os_task.c **** }
 1635              		.loc 1 823 1
 1636 00c2 1C37     		adds	r7, r7, #28
 1637              	.LCFI33:
 1638              		.cfi_def_cfa_offset 12
 1639 00c4 BD46     		mov	sp, r7
 1640              	.LCFI34:
ARM GAS  /var/folders/yl/_q9l42k90g1g4mdhbs226msm0000gn/T//ccEHYDaT.s 			page 44


 1641              		.cfi_def_cfa_register 13
 1642              		@ sp needed
 1643 00c6 90BD     		pop	{r4, r7, pc}
 1644              	.L88:
 1645              		.align	2
 1646              	.L87:
 1647 00c8 00000000 		.word	OSIntNesting
 1648 00cc 00000000 		.word	OSTCBCur
 1649 00d0 00000000 		.word	OSTCBPrioTbl
 1650              		.cfi_endproc
 1651              	.LFE9:
 1653              		.section	.text.OSTaskResume,"ax",%progbits
 1654              		.align	1
 1655              		.global	OSTaskResume
 1656              		.syntax unified
 1657              		.thumb
 1658              		.thumb_func
 1660              	OSTaskResume:
 1661              	.LFB10:
 824:./ucOSII/Core/os_task.c **** #endif
 825:./ucOSII/Core/os_task.c **** 
 826:./ucOSII/Core/os_task.c **** 
 827:./ucOSII/Core/os_task.c **** /*
 828:./ucOSII/Core/os_task.c **** ***************************************************************************************************
 829:./ucOSII/Core/os_task.c **** *                                       RESUME A SUSPENDED TASK
 830:./ucOSII/Core/os_task.c **** *
 831:./ucOSII/Core/os_task.c **** * Description: This function is called to resume a previously suspended task.  This is the only cal
 832:./ucOSII/Core/os_task.c **** *              will remove an explicit task suspension.
 833:./ucOSII/Core/os_task.c **** *
 834:./ucOSII/Core/os_task.c **** * Arguments  : prio     is the priority of the task to resume.
 835:./ucOSII/Core/os_task.c **** *
 836:./ucOSII/Core/os_task.c **** * Returns    : OS_ERR_NONE                if the requested task is resumed
 837:./ucOSII/Core/os_task.c **** *              OS_ERR_PRIO_INVALID        if the priority you specify is higher that the maximum al
 838:./ucOSII/Core/os_task.c **** *                                         (i.e. >= OS_LOWEST_PRIO)
 839:./ucOSII/Core/os_task.c **** *              OS_ERR_TASK_RESUME_PRIO    if the task to resume does not exist
 840:./ucOSII/Core/os_task.c **** *              OS_ERR_TASK_NOT_EXIST      if the task is assigned to a Mutex PIP
 841:./ucOSII/Core/os_task.c **** *              OS_ERR_TASK_NOT_SUSPENDED  if the task to resume has not been suspended
 842:./ucOSII/Core/os_task.c **** ***************************************************************************************************
 843:./ucOSII/Core/os_task.c **** */
 844:./ucOSII/Core/os_task.c **** 
 845:./ucOSII/Core/os_task.c **** #if OS_TASK_SUSPEND_EN > 0u
 846:./ucOSII/Core/os_task.c **** INT8U  OSTaskResume (INT8U prio)
 847:./ucOSII/Core/os_task.c **** {
 1662              		.loc 1 847 1
 1663              		.cfi_startproc
 1664              		@ args = 0, pretend = 0, frame = 16
 1665              		@ frame_needed = 1, uses_anonymous_args = 0
 1666 0000 80B5     		push	{r7, lr}
 1667              	.LCFI35:
 1668              		.cfi_def_cfa_offset 8
 1669              		.cfi_offset 7, -8
 1670              		.cfi_offset 14, -4
 1671 0002 84B0     		sub	sp, sp, #16
 1672              	.LCFI36:
 1673              		.cfi_def_cfa_offset 24
 1674 0004 00AF     		add	r7, sp, #0
 1675              	.LCFI37:
ARM GAS  /var/folders/yl/_q9l42k90g1g4mdhbs226msm0000gn/T//ccEHYDaT.s 			page 45


 1676              		.cfi_def_cfa_register 7
 1677 0006 0346     		mov	r3, r0
 1678 0008 FB71     		strb	r3, [r7, #7]
 848:./ucOSII/Core/os_task.c ****     OS_TCB    *ptcb;
 849:./ucOSII/Core/os_task.c **** #if OS_CRITICAL_METHOD == 3u                                  /* Storage for CPU status register   
 850:./ucOSII/Core/os_task.c ****     OS_CPU_SR  cpu_sr = 0u;
 1679              		.loc 1 850 16
 1680 000a 0023     		movs	r3, #0
 1681 000c FB60     		str	r3, [r7, #12]
 851:./ucOSII/Core/os_task.c **** #endif
 852:./ucOSII/Core/os_task.c **** 
 853:./ucOSII/Core/os_task.c **** 
 854:./ucOSII/Core/os_task.c **** 
 855:./ucOSII/Core/os_task.c **** #if OS_ARG_CHK_EN > 0u
 856:./ucOSII/Core/os_task.c ****     if (prio >= OS_LOWEST_PRIO) {                             /* Make sure task priority is valid  
 1682              		.loc 1 856 8
 1683 000e FB79     		ldrb	r3, [r7, #7]	@ zero_extendqisi2
 1684 0010 3E2B     		cmp	r3, #62
 1685 0012 01D9     		bls	.L90
 857:./ucOSII/Core/os_task.c ****         return (OS_ERR_PRIO_INVALID);
 1686              		.loc 1 857 16
 1687 0014 2A23     		movs	r3, #42
 1688 0016 6BE0     		b	.L91
 1689              	.L90:
 858:./ucOSII/Core/os_task.c ****     }
 859:./ucOSII/Core/os_task.c **** #endif
 860:./ucOSII/Core/os_task.c ****     OS_ENTER_CRITICAL();
 1690              		.loc 1 860 5
 1691 0018 4020     		movs	r0, #64
 1692 001a FFF7FEFF 		bl	OS_CPU_SR_Save
 1693 001e F860     		str	r0, [r7, #12]
 861:./ucOSII/Core/os_task.c ****     ptcb = OSTCBPrioTbl[prio];
 1694              		.loc 1 861 24
 1695 0020 FB79     		ldrb	r3, [r7, #7]	@ zero_extendqisi2
 1696              		.loc 1 861 10
 1697 0022 354A     		ldr	r2, .L98
 1698 0024 52F82330 		ldr	r3, [r2, r3, lsl #2]
 1699 0028 BB60     		str	r3, [r7, #8]
 862:./ucOSII/Core/os_task.c ****     if (ptcb == (OS_TCB *)0) {                                /* Task to suspend must exist        
 1700              		.loc 1 862 8
 1701 002a BB68     		ldr	r3, [r7, #8]
 1702 002c 002B     		cmp	r3, #0
 1703 002e 04D1     		bne	.L92
 863:./ucOSII/Core/os_task.c ****         OS_EXIT_CRITICAL();
 1704              		.loc 1 863 9
 1705 0030 F868     		ldr	r0, [r7, #12]
 1706 0032 FFF7FEFF 		bl	OS_CPU_SR_Restore
 864:./ucOSII/Core/os_task.c ****         return (OS_ERR_TASK_RESUME_PRIO);
 1707              		.loc 1 864 16
 1708 0036 4623     		movs	r3, #70
 1709 0038 5AE0     		b	.L91
 1710              	.L92:
 865:./ucOSII/Core/os_task.c ****     }
 866:./ucOSII/Core/os_task.c ****     if (ptcb == OS_TCB_RESERVED) {                            /* See if assigned to Mutex          
 1711              		.loc 1 866 8
 1712 003a BB68     		ldr	r3, [r7, #8]
 1713 003c 012B     		cmp	r3, #1
ARM GAS  /var/folders/yl/_q9l42k90g1g4mdhbs226msm0000gn/T//ccEHYDaT.s 			page 46


 1714 003e 04D1     		bne	.L93
 867:./ucOSII/Core/os_task.c ****         OS_EXIT_CRITICAL();
 1715              		.loc 1 867 9
 1716 0040 F868     		ldr	r0, [r7, #12]
 1717 0042 FFF7FEFF 		bl	OS_CPU_SR_Restore
 868:./ucOSII/Core/os_task.c ****         return (OS_ERR_TASK_NOT_EXIST);
 1718              		.loc 1 868 16
 1719 0046 4323     		movs	r3, #67
 1720 0048 52E0     		b	.L91
 1721              	.L93:
 869:./ucOSII/Core/os_task.c ****     }
 870:./ucOSII/Core/os_task.c ****     if ((ptcb->OSTCBStat & OS_STAT_SUSPEND) != OS_STAT_RDY) { /* Task must be suspended            
 1722              		.loc 1 870 14
 1723 004a BB68     		ldr	r3, [r7, #8]
 1724 004c 93F83830 		ldrb	r3, [r3, #56]	@ zero_extendqisi2
 1725              		.loc 1 870 26
 1726 0050 03F00803 		and	r3, r3, #8
 1727              		.loc 1 870 8
 1728 0054 002B     		cmp	r3, #0
 1729 0056 47D0     		beq	.L94
 871:./ucOSII/Core/os_task.c ****         ptcb->OSTCBStat &= (INT8U)~(INT8U)OS_STAT_SUSPEND;    /* Remove suspension                 
 1730              		.loc 1 871 25
 1731 0058 BB68     		ldr	r3, [r7, #8]
 1732 005a 93F83830 		ldrb	r3, [r3, #56]	@ zero_extendqisi2
 1733 005e 23F00803 		bic	r3, r3, #8
 1734 0062 DAB2     		uxtb	r2, r3
 1735 0064 BB68     		ldr	r3, [r7, #8]
 1736 0066 83F83820 		strb	r2, [r3, #56]
 872:./ucOSII/Core/os_task.c ****         if ((ptcb->OSTCBStat & OS_STAT_PEND_ANY) == OS_STAT_RDY) { /* See if task is now ready     
 1737              		.loc 1 872 18
 1738 006a BB68     		ldr	r3, [r7, #8]
 1739 006c 93F83830 		ldrb	r3, [r3, #56]	@ zero_extendqisi2
 1740              		.loc 1 872 30
 1741 0070 03F03703 		and	r3, r3, #55
 1742              		.loc 1 872 12
 1743 0074 002B     		cmp	r3, #0
 1744 0076 32D1     		bne	.L95
 873:./ucOSII/Core/os_task.c ****             if (ptcb->OSTCBDly == 0u) {
 1745              		.loc 1 873 21
 1746 0078 BB68     		ldr	r3, [r7, #8]
 1747 007a 5B6B     		ldr	r3, [r3, #52]
 1748              		.loc 1 873 16
 1749 007c 002B     		cmp	r3, #0
 1750 007e 2AD1     		bne	.L96
 874:./ucOSII/Core/os_task.c ****                 OSRdyGrp               |= ptcb->OSTCBBitY;    /* Yes, Make task ready to run       
 1751              		.loc 1 874 47
 1752 0080 BB68     		ldr	r3, [r7, #8]
 1753 0082 93F83E20 		ldrb	r2, [r3, #62]	@ zero_extendqisi2
 1754              		.loc 1 874 40
 1755 0086 1D4B     		ldr	r3, .L98+4
 1756 0088 1B78     		ldrb	r3, [r3]	@ zero_extendqisi2
 1757 008a 1343     		orrs	r3, r3, r2
 1758 008c DAB2     		uxtb	r2, r3
 1759 008e 1B4B     		ldr	r3, .L98+4
 1760 0090 1A70     		strb	r2, [r3]
 875:./ucOSII/Core/os_task.c ****                 OSRdyTbl[ptcb->OSTCBY] |= ptcb->OSTCBBitX;
 1761              		.loc 1 875 30
ARM GAS  /var/folders/yl/_q9l42k90g1g4mdhbs226msm0000gn/T//ccEHYDaT.s 			page 47


 1762 0092 BB68     		ldr	r3, [r7, #8]
 1763 0094 93F83C30 		ldrb	r3, [r3, #60]	@ zero_extendqisi2
 1764              		.loc 1 875 40
 1765 0098 1A46     		mov	r2, r3
 1766 009a 194B     		ldr	r3, .L98+8
 1767 009c 9A5C     		ldrb	r2, [r3, r2]	@ zero_extendqisi2
 1768              		.loc 1 875 47
 1769 009e BB68     		ldr	r3, [r7, #8]
 1770 00a0 93F83D30 		ldrb	r3, [r3, #61]	@ zero_extendqisi2
 1771              		.loc 1 875 30
 1772 00a4 B968     		ldr	r1, [r7, #8]
 1773 00a6 91F83C10 		ldrb	r1, [r1, #60]	@ zero_extendqisi2
 1774              		.loc 1 875 40
 1775 00aa 1343     		orrs	r3, r3, r2
 1776 00ac DAB2     		uxtb	r2, r3
 1777 00ae 144B     		ldr	r3, .L98+8
 1778 00b0 5A54     		strb	r2, [r3, r1]
 876:./ucOSII/Core/os_task.c ****                 OS_TRACE_TASK_READY(ptcb);
 1779              		.loc 1 876 17
 1780 00b2 BB68     		ldr	r3, [r7, #8]
 1781 00b4 1846     		mov	r0, r3
 1782 00b6 FFF7FEFF 		bl	SYSVIEW_TaskReady
 877:./ucOSII/Core/os_task.c ****                 OS_EXIT_CRITICAL();
 1783              		.loc 1 877 17
 1784 00ba F868     		ldr	r0, [r7, #12]
 1785 00bc FFF7FEFF 		bl	OS_CPU_SR_Restore
 878:./ucOSII/Core/os_task.c ****                 if (OSRunning == OS_TRUE) {
 1786              		.loc 1 878 31
 1787 00c0 104B     		ldr	r3, .L98+12
 1788 00c2 1B78     		ldrb	r3, [r3]	@ zero_extendqisi2
 1789              		.loc 1 878 20
 1790 00c4 012B     		cmp	r3, #1
 1791 00c6 0DD1     		bne	.L97
 879:./ucOSII/Core/os_task.c ****                     OS_TRACE_TASK_RESUME(ptcb);
 1792              		.loc 1 879 21
 1793 00c8 BB68     		ldr	r3, [r7, #8]
 1794 00ca 1846     		mov	r0, r3
 1795 00cc FFF7FEFF 		bl	SYSVIEW_TaskReady
 880:./ucOSII/Core/os_task.c ****                     OS_Sched();                               /* Find new highest priority task    
 1796              		.loc 1 880 21
 1797 00d0 FFF7FEFF 		bl	OS_Sched
 1798 00d4 06E0     		b	.L97
 1799              	.L96:
 881:./ucOSII/Core/os_task.c ****                 }
 882:./ucOSII/Core/os_task.c ****             } else {
 883:./ucOSII/Core/os_task.c ****                 OS_EXIT_CRITICAL();
 1800              		.loc 1 883 17
 1801 00d6 F868     		ldr	r0, [r7, #12]
 1802 00d8 FFF7FEFF 		bl	OS_CPU_SR_Restore
 1803 00dc 02E0     		b	.L97
 1804              	.L95:
 884:./ucOSII/Core/os_task.c ****             }
 885:./ucOSII/Core/os_task.c ****         } else {                                              /* Must be pending on event          
 886:./ucOSII/Core/os_task.c ****             OS_EXIT_CRITICAL();
 1805              		.loc 1 886 13
 1806 00de F868     		ldr	r0, [r7, #12]
 1807 00e0 FFF7FEFF 		bl	OS_CPU_SR_Restore
ARM GAS  /var/folders/yl/_q9l42k90g1g4mdhbs226msm0000gn/T//ccEHYDaT.s 			page 48


 1808              	.L97:
 887:./ucOSII/Core/os_task.c ****         }
 888:./ucOSII/Core/os_task.c ****         return (OS_ERR_NONE);
 1809              		.loc 1 888 16
 1810 00e4 0023     		movs	r3, #0
 1811 00e6 03E0     		b	.L91
 1812              	.L94:
 889:./ucOSII/Core/os_task.c ****     }
 890:./ucOSII/Core/os_task.c ****     OS_EXIT_CRITICAL();
 1813              		.loc 1 890 5
 1814 00e8 F868     		ldr	r0, [r7, #12]
 1815 00ea FFF7FEFF 		bl	OS_CPU_SR_Restore
 891:./ucOSII/Core/os_task.c ****     return (OS_ERR_TASK_NOT_SUSPENDED);
 1816              		.loc 1 891 12
 1817 00ee 4423     		movs	r3, #68
 1818              	.L91:
 892:./ucOSII/Core/os_task.c **** }
 1819              		.loc 1 892 1
 1820 00f0 1846     		mov	r0, r3
 1821 00f2 1037     		adds	r7, r7, #16
 1822              	.LCFI38:
 1823              		.cfi_def_cfa_offset 8
 1824 00f4 BD46     		mov	sp, r7
 1825              	.LCFI39:
 1826              		.cfi_def_cfa_register 13
 1827              		@ sp needed
 1828 00f6 80BD     		pop	{r7, pc}
 1829              	.L99:
 1830              		.align	2
 1831              	.L98:
 1832 00f8 00000000 		.word	OSTCBPrioTbl
 1833 00fc 00000000 		.word	OSRdyGrp
 1834 0100 00000000 		.word	OSRdyTbl
 1835 0104 00000000 		.word	OSRunning
 1836              		.cfi_endproc
 1837              	.LFE10:
 1839              		.section	.text.OSTaskStkChk,"ax",%progbits
 1840              		.align	1
 1841              		.global	OSTaskStkChk
 1842              		.syntax unified
 1843              		.thumb
 1844              		.thumb_func
 1846              	OSTaskStkChk:
 1847              	.LFB11:
 893:./ucOSII/Core/os_task.c **** #endif
 894:./ucOSII/Core/os_task.c **** 
 895:./ucOSII/Core/os_task.c **** 
 896:./ucOSII/Core/os_task.c **** /*
 897:./ucOSII/Core/os_task.c **** ***************************************************************************************************
 898:./ucOSII/Core/os_task.c **** *                                           STACK CHECKING
 899:./ucOSII/Core/os_task.c **** *
 900:./ucOSII/Core/os_task.c **** * Description: This function is called to check the amount of free memory left on the specified tas
 901:./ucOSII/Core/os_task.c **** *              stack.
 902:./ucOSII/Core/os_task.c **** *
 903:./ucOSII/Core/os_task.c **** * Arguments  : prio          is the task priority
 904:./ucOSII/Core/os_task.c **** *
 905:./ucOSII/Core/os_task.c **** *              p_stk_data    is a pointer to a data structure of type OS_STK_DATA.
ARM GAS  /var/folders/yl/_q9l42k90g1g4mdhbs226msm0000gn/T//ccEHYDaT.s 			page 49


 906:./ucOSII/Core/os_task.c **** *
 907:./ucOSII/Core/os_task.c **** * Returns    : OS_ERR_NONE            upon success
 908:./ucOSII/Core/os_task.c **** *              OS_ERR_PRIO_INVALID    if the priority you specify is higher that the maximum allowe
 909:./ucOSII/Core/os_task.c **** *                                     (i.e. > OS_LOWEST_PRIO) or, you have not specified OS_PRIO_SE
 910:./ucOSII/Core/os_task.c **** *              OS_ERR_TASK_NOT_EXIST  if the desired task has not been created or is assigned to a 
 911:./ucOSII/Core/os_task.c **** *              OS_ERR_TASK_OPT        if you did NOT specified OS_TASK_OPT_STK_CHK when the task wa
 912:./ucOSII/Core/os_task.c **** *              OS_ERR_PDATA_NULL      if 'p_stk_data' is a NULL pointer
 913:./ucOSII/Core/os_task.c **** ***************************************************************************************************
 914:./ucOSII/Core/os_task.c **** */
 915:./ucOSII/Core/os_task.c **** #if (OS_TASK_STAT_STK_CHK_EN > 0u) && (OS_TASK_CREATE_EXT_EN > 0u)
 916:./ucOSII/Core/os_task.c **** INT8U  OSTaskStkChk (INT8U         prio,
 917:./ucOSII/Core/os_task.c ****                      OS_STK_DATA  *p_stk_data)
 918:./ucOSII/Core/os_task.c **** {
 1848              		.loc 1 918 1
 1849              		.cfi_startproc
 1850              		@ args = 0, pretend = 0, frame = 32
 1851              		@ frame_needed = 1, uses_anonymous_args = 0
 1852 0000 80B5     		push	{r7, lr}
 1853              	.LCFI40:
 1854              		.cfi_def_cfa_offset 8
 1855              		.cfi_offset 7, -8
 1856              		.cfi_offset 14, -4
 1857 0002 88B0     		sub	sp, sp, #32
 1858              	.LCFI41:
 1859              		.cfi_def_cfa_offset 40
 1860 0004 00AF     		add	r7, sp, #0
 1861              	.LCFI42:
 1862              		.cfi_def_cfa_register 7
 1863 0006 0346     		mov	r3, r0
 1864 0008 3960     		str	r1, [r7]
 1865 000a FB71     		strb	r3, [r7, #7]
 919:./ucOSII/Core/os_task.c ****     OS_TCB    *ptcb;
 920:./ucOSII/Core/os_task.c ****     OS_STK    *pchk;
 921:./ucOSII/Core/os_task.c ****     INT32U     nfree;
 922:./ucOSII/Core/os_task.c ****     INT32U     size;
 923:./ucOSII/Core/os_task.c **** #if OS_CRITICAL_METHOD == 3u                           /* Allocate storage for CPU status register 
 924:./ucOSII/Core/os_task.c ****     OS_CPU_SR  cpu_sr = 0u;
 1866              		.loc 1 924 16
 1867 000c 0023     		movs	r3, #0
 1868 000e 7B61     		str	r3, [r7, #20]
 925:./ucOSII/Core/os_task.c **** #endif
 926:./ucOSII/Core/os_task.c **** 
 927:./ucOSII/Core/os_task.c **** 
 928:./ucOSII/Core/os_task.c **** 
 929:./ucOSII/Core/os_task.c **** #if OS_ARG_CHK_EN > 0u
 930:./ucOSII/Core/os_task.c ****     if (prio > OS_LOWEST_PRIO) {                       /* Make sure task priority is valid         
 1869              		.loc 1 930 8
 1870 0010 FB79     		ldrb	r3, [r7, #7]	@ zero_extendqisi2
 1871 0012 3F2B     		cmp	r3, #63
 1872 0014 04D9     		bls	.L101
 931:./ucOSII/Core/os_task.c ****         if (prio != OS_PRIO_SELF) {
 1873              		.loc 1 931 12
 1874 0016 FB79     		ldrb	r3, [r7, #7]	@ zero_extendqisi2
 1875 0018 FF2B     		cmp	r3, #255
 1876 001a 01D0     		beq	.L101
 932:./ucOSII/Core/os_task.c ****             return (OS_ERR_PRIO_INVALID);
 1877              		.loc 1 932 20
ARM GAS  /var/folders/yl/_q9l42k90g1g4mdhbs226msm0000gn/T//ccEHYDaT.s 			page 50


 1878 001c 2A23     		movs	r3, #42
 1879 001e 54E0     		b	.L102
 1880              	.L101:
 933:./ucOSII/Core/os_task.c ****         }
 934:./ucOSII/Core/os_task.c ****     }
 935:./ucOSII/Core/os_task.c ****     if (p_stk_data == (OS_STK_DATA *)0) {              /* Validate 'p_stk_data'                    
 1881              		.loc 1 935 8
 1882 0020 3B68     		ldr	r3, [r7]
 1883 0022 002B     		cmp	r3, #0
 1884 0024 01D1     		bne	.L103
 936:./ucOSII/Core/os_task.c ****         return (OS_ERR_PDATA_NULL);
 1885              		.loc 1 936 16
 1886 0026 0923     		movs	r3, #9
 1887 0028 4FE0     		b	.L102
 1888              	.L103:
 937:./ucOSII/Core/os_task.c ****     }
 938:./ucOSII/Core/os_task.c **** #endif
 939:./ucOSII/Core/os_task.c ****     p_stk_data->OSFree = 0u;                           /* Assume failure, set to 0 size            
 1889              		.loc 1 939 24
 1890 002a 3B68     		ldr	r3, [r7]
 1891 002c 0022     		movs	r2, #0
 1892 002e 1A60     		str	r2, [r3]
 940:./ucOSII/Core/os_task.c ****     p_stk_data->OSUsed = 0u;
 1893              		.loc 1 940 24
 1894 0030 3B68     		ldr	r3, [r7]
 1895 0032 0022     		movs	r2, #0
 1896 0034 5A60     		str	r2, [r3, #4]
 941:./ucOSII/Core/os_task.c ****     OS_ENTER_CRITICAL();
 1897              		.loc 1 941 5
 1898 0036 4020     		movs	r0, #64
 1899 0038 FFF7FEFF 		bl	OS_CPU_SR_Save
 1900 003c 7861     		str	r0, [r7, #20]
 942:./ucOSII/Core/os_task.c ****     if (prio == OS_PRIO_SELF) {                        /* See if check for SELF                    
 1901              		.loc 1 942 8
 1902 003e FB79     		ldrb	r3, [r7, #7]	@ zero_extendqisi2
 1903 0040 FF2B     		cmp	r3, #255
 1904 0042 04D1     		bne	.L104
 943:./ucOSII/Core/os_task.c ****         prio = OSTCBCur->OSTCBPrio;
 1905              		.loc 1 943 24
 1906 0044 234B     		ldr	r3, .L110
 1907 0046 1B68     		ldr	r3, [r3]
 1908              		.loc 1 943 14
 1909 0048 93F83A30 		ldrb	r3, [r3, #58]
 1910 004c FB71     		strb	r3, [r7, #7]
 1911              	.L104:
 944:./ucOSII/Core/os_task.c ****     }
 945:./ucOSII/Core/os_task.c ****     ptcb = OSTCBPrioTbl[prio];
 1912              		.loc 1 945 24
 1913 004e FB79     		ldrb	r3, [r7, #7]	@ zero_extendqisi2
 1914              		.loc 1 945 10
 1915 0050 214A     		ldr	r2, .L110+4
 1916 0052 52F82330 		ldr	r3, [r2, r3, lsl #2]
 1917 0056 3B61     		str	r3, [r7, #16]
 946:./ucOSII/Core/os_task.c ****     if (ptcb == (OS_TCB *)0) {                         /* Make sure task exist                     
 1918              		.loc 1 946 8
 1919 0058 3B69     		ldr	r3, [r7, #16]
 1920 005a 002B     		cmp	r3, #0
ARM GAS  /var/folders/yl/_q9l42k90g1g4mdhbs226msm0000gn/T//ccEHYDaT.s 			page 51


 1921 005c 04D1     		bne	.L105
 947:./ucOSII/Core/os_task.c ****         OS_EXIT_CRITICAL();
 1922              		.loc 1 947 9
 1923 005e 7869     		ldr	r0, [r7, #20]
 1924 0060 FFF7FEFF 		bl	OS_CPU_SR_Restore
 948:./ucOSII/Core/os_task.c ****         return (OS_ERR_TASK_NOT_EXIST);
 1925              		.loc 1 948 16
 1926 0064 4323     		movs	r3, #67
 1927 0066 30E0     		b	.L102
 1928              	.L105:
 949:./ucOSII/Core/os_task.c ****     }
 950:./ucOSII/Core/os_task.c ****     if (ptcb == OS_TCB_RESERVED) {
 1929              		.loc 1 950 8
 1930 0068 3B69     		ldr	r3, [r7, #16]
 1931 006a 012B     		cmp	r3, #1
 1932 006c 04D1     		bne	.L106
 951:./ucOSII/Core/os_task.c ****         OS_EXIT_CRITICAL();
 1933              		.loc 1 951 9
 1934 006e 7869     		ldr	r0, [r7, #20]
 1935 0070 FFF7FEFF 		bl	OS_CPU_SR_Restore
 952:./ucOSII/Core/os_task.c ****         return (OS_ERR_TASK_NOT_EXIST);
 1936              		.loc 1 952 16
 1937 0074 4323     		movs	r3, #67
 1938 0076 28E0     		b	.L102
 1939              	.L106:
 953:./ucOSII/Core/os_task.c ****     }
 954:./ucOSII/Core/os_task.c ****     if ((ptcb->OSTCBOpt & OS_TASK_OPT_STK_CHK) == 0u) { /* Make sure stack checking option is set  
 1940              		.loc 1 954 14
 1941 0078 3B69     		ldr	r3, [r7, #16]
 1942 007a 1B8A     		ldrh	r3, [r3, #16]
 1943              		.loc 1 954 25
 1944 007c 03F00103 		and	r3, r3, #1
 1945              		.loc 1 954 8
 1946 0080 002B     		cmp	r3, #0
 1947 0082 04D1     		bne	.L107
 955:./ucOSII/Core/os_task.c ****         OS_EXIT_CRITICAL();
 1948              		.loc 1 955 9
 1949 0084 7869     		ldr	r0, [r7, #20]
 1950 0086 FFF7FEFF 		bl	OS_CPU_SR_Restore
 956:./ucOSII/Core/os_task.c ****         return (OS_ERR_TASK_OPT);
 1951              		.loc 1 956 16
 1952 008a 4523     		movs	r3, #69
 1953 008c 1DE0     		b	.L102
 1954              	.L107:
 957:./ucOSII/Core/os_task.c ****     }
 958:./ucOSII/Core/os_task.c ****     nfree = 0u;
 1955              		.loc 1 958 11
 1956 008e 0023     		movs	r3, #0
 1957 0090 BB61     		str	r3, [r7, #24]
 959:./ucOSII/Core/os_task.c ****     size  = ptcb->OSTCBStkSize;
 1958              		.loc 1 959 11
 1959 0092 3B69     		ldr	r3, [r7, #16]
 1960 0094 DB68     		ldr	r3, [r3, #12]
 1961 0096 FB60     		str	r3, [r7, #12]
 960:./ucOSII/Core/os_task.c ****     pchk  = ptcb->OSTCBStkBottom;
 1962              		.loc 1 960 11
 1963 0098 3B69     		ldr	r3, [r7, #16]
ARM GAS  /var/folders/yl/_q9l42k90g1g4mdhbs226msm0000gn/T//ccEHYDaT.s 			page 52


 1964 009a 9B68     		ldr	r3, [r3, #8]
 1965 009c FB61     		str	r3, [r7, #28]
 961:./ucOSII/Core/os_task.c ****     OS_EXIT_CRITICAL();
 1966              		.loc 1 961 5
 1967 009e 7869     		ldr	r0, [r7, #20]
 1968 00a0 FFF7FEFF 		bl	OS_CPU_SR_Restore
 962:./ucOSII/Core/os_task.c **** #if OS_STK_GROWTH == 1u
 963:./ucOSII/Core/os_task.c ****     while (*pchk++ == (OS_STK)0) {                    /* Compute the number of zero entries on the 
 1969              		.loc 1 963 11
 1970 00a4 02E0     		b	.L108
 1971              	.L109:
 964:./ucOSII/Core/os_task.c ****         nfree++;
 1972              		.loc 1 964 14
 1973 00a6 BB69     		ldr	r3, [r7, #24]
 1974 00a8 0133     		adds	r3, r3, #1
 1975 00aa BB61     		str	r3, [r7, #24]
 1976              	.L108:
 963:./ucOSII/Core/os_task.c ****         nfree++;
 1977              		.loc 1 963 17
 1978 00ac FB69     		ldr	r3, [r7, #28]
 1979 00ae 1A1D     		adds	r2, r3, #4
 1980 00b0 FA61     		str	r2, [r7, #28]
 963:./ucOSII/Core/os_task.c ****         nfree++;
 1981              		.loc 1 963 12
 1982 00b2 1B68     		ldr	r3, [r3]
 963:./ucOSII/Core/os_task.c ****         nfree++;
 1983              		.loc 1 963 11
 1984 00b4 002B     		cmp	r3, #0
 1985 00b6 F6D0     		beq	.L109
 965:./ucOSII/Core/os_task.c ****     }
 966:./ucOSII/Core/os_task.c **** #else
 967:./ucOSII/Core/os_task.c ****     while (*pchk-- == (OS_STK)0) {
 968:./ucOSII/Core/os_task.c ****         nfree++;
 969:./ucOSII/Core/os_task.c ****     }
 970:./ucOSII/Core/os_task.c **** #endif
 971:./ucOSII/Core/os_task.c ****     p_stk_data->OSFree = nfree;                       /* Store   number of free entries on the stk 
 1986              		.loc 1 971 24
 1987 00b8 3B68     		ldr	r3, [r7]
 1988 00ba BA69     		ldr	r2, [r7, #24]
 1989 00bc 1A60     		str	r2, [r3]
 972:./ucOSII/Core/os_task.c ****     p_stk_data->OSUsed = size - nfree;                /* Compute number of entries used on the stk 
 1990              		.loc 1 972 31
 1991 00be FA68     		ldr	r2, [r7, #12]
 1992 00c0 BB69     		ldr	r3, [r7, #24]
 1993 00c2 D21A     		subs	r2, r2, r3
 1994              		.loc 1 972 24
 1995 00c4 3B68     		ldr	r3, [r7]
 1996 00c6 5A60     		str	r2, [r3, #4]
 973:./ucOSII/Core/os_task.c ****     return (OS_ERR_NONE);
 1997              		.loc 1 973 12
 1998 00c8 0023     		movs	r3, #0
 1999              	.L102:
 974:./ucOSII/Core/os_task.c **** }
 2000              		.loc 1 974 1
 2001 00ca 1846     		mov	r0, r3
 2002 00cc 2037     		adds	r7, r7, #32
 2003              	.LCFI43:
ARM GAS  /var/folders/yl/_q9l42k90g1g4mdhbs226msm0000gn/T//ccEHYDaT.s 			page 53


 2004              		.cfi_def_cfa_offset 8
 2005 00ce BD46     		mov	sp, r7
 2006              	.LCFI44:
 2007              		.cfi_def_cfa_register 13
 2008              		@ sp needed
 2009 00d0 80BD     		pop	{r7, pc}
 2010              	.L111:
 2011 00d2 00BF     		.align	2
 2012              	.L110:
 2013 00d4 00000000 		.word	OSTCBCur
 2014 00d8 00000000 		.word	OSTCBPrioTbl
 2015              		.cfi_endproc
 2016              	.LFE11:
 2018              		.section	.text.OSTaskSuspend,"ax",%progbits
 2019              		.align	1
 2020              		.global	OSTaskSuspend
 2021              		.syntax unified
 2022              		.thumb
 2023              		.thumb_func
 2025              	OSTaskSuspend:
 2026              	.LFB12:
 975:./ucOSII/Core/os_task.c **** #endif
 976:./ucOSII/Core/os_task.c **** 
 977:./ucOSII/Core/os_task.c **** 
 978:./ucOSII/Core/os_task.c **** /*
 979:./ucOSII/Core/os_task.c **** ***************************************************************************************************
 980:./ucOSII/Core/os_task.c **** *                                           SUSPEND A TASK
 981:./ucOSII/Core/os_task.c **** *
 982:./ucOSII/Core/os_task.c **** * Description: This function is called to suspend a task.  The task can be the calling task if the
 983:./ucOSII/Core/os_task.c **** *              priority passed to OSTaskSuspend() is the priority of the calling task or OS_PRIO_SE
 984:./ucOSII/Core/os_task.c **** *
 985:./ucOSII/Core/os_task.c **** * Arguments  : prio     is the priority of the task to suspend.  If you specify OS_PRIO_SELF, the
 986:./ucOSII/Core/os_task.c **** *                       calling task will suspend itself and rescheduling will occur.
 987:./ucOSII/Core/os_task.c **** *
 988:./ucOSII/Core/os_task.c **** * Returns    : OS_ERR_NONE               if the requested task is suspended
 989:./ucOSII/Core/os_task.c **** *              OS_ERR_TASK_SUSPEND_IDLE  if you attempted to suspend the idle task which is not all
 990:./ucOSII/Core/os_task.c **** *              OS_ERR_PRIO_INVALID       if the priority you specify is higher that the maximum all
 991:./ucOSII/Core/os_task.c **** *                                        (i.e. >= OS_LOWEST_PRIO) or, you have not specified OS_PRI
 992:./ucOSII/Core/os_task.c **** *              OS_ERR_TASK_SUSPEND_PRIO  if the task to suspend does not exist
 993:./ucOSII/Core/os_task.c **** *              OS_ERR_TASK_NOT_EXIST     if the task is assigned to a Mutex PIP
 994:./ucOSII/Core/os_task.c **** *
 995:./ucOSII/Core/os_task.c **** * Note       : You should use this function with great care.  If you suspend a task that is waiting
 996:./ucOSII/Core/os_task.c **** *              an event (i.e. a message, a semaphore, a queue ...) you will prevent this task from
 997:./ucOSII/Core/os_task.c **** *              running when the event arrives.
 998:./ucOSII/Core/os_task.c **** ***************************************************************************************************
 999:./ucOSII/Core/os_task.c **** */
1000:./ucOSII/Core/os_task.c **** 
1001:./ucOSII/Core/os_task.c **** #if OS_TASK_SUSPEND_EN > 0u
1002:./ucOSII/Core/os_task.c **** INT8U  OSTaskSuspend (INT8U prio)
1003:./ucOSII/Core/os_task.c **** {
 2027              		.loc 1 1003 1
 2028              		.cfi_startproc
 2029              		@ args = 0, pretend = 0, frame = 24
 2030              		@ frame_needed = 1, uses_anonymous_args = 0
 2031 0000 80B5     		push	{r7, lr}
 2032              	.LCFI45:
 2033              		.cfi_def_cfa_offset 8
ARM GAS  /var/folders/yl/_q9l42k90g1g4mdhbs226msm0000gn/T//ccEHYDaT.s 			page 54


 2034              		.cfi_offset 7, -8
 2035              		.cfi_offset 14, -4
 2036 0002 86B0     		sub	sp, sp, #24
 2037              	.LCFI46:
 2038              		.cfi_def_cfa_offset 32
 2039 0004 00AF     		add	r7, sp, #0
 2040              	.LCFI47:
 2041              		.cfi_def_cfa_register 7
 2042 0006 0346     		mov	r3, r0
 2043 0008 FB71     		strb	r3, [r7, #7]
1004:./ucOSII/Core/os_task.c ****     BOOLEAN    self;
1005:./ucOSII/Core/os_task.c ****     OS_TCB    *ptcb;
1006:./ucOSII/Core/os_task.c ****     INT8U      y;
1007:./ucOSII/Core/os_task.c **** #if OS_CRITICAL_METHOD == 3u                     /* Allocate storage for CPU status register       
1008:./ucOSII/Core/os_task.c ****     OS_CPU_SR  cpu_sr = 0u;
 2044              		.loc 1 1008 16
 2045 000a 0023     		movs	r3, #0
 2046 000c 3B61     		str	r3, [r7, #16]
1009:./ucOSII/Core/os_task.c **** #endif
1010:./ucOSII/Core/os_task.c **** 
1011:./ucOSII/Core/os_task.c **** 
1012:./ucOSII/Core/os_task.c **** 
1013:./ucOSII/Core/os_task.c **** #if OS_ARG_CHK_EN > 0u
1014:./ucOSII/Core/os_task.c ****     if (prio == OS_TASK_IDLE_PRIO) {                            /* Not allowed to suspend idle task
 2047              		.loc 1 1014 8
 2048 000e FB79     		ldrb	r3, [r7, #7]	@ zero_extendqisi2
 2049 0010 3F2B     		cmp	r3, #63
 2050 0012 01D1     		bne	.L113
1015:./ucOSII/Core/os_task.c ****         return (OS_ERR_TASK_SUSPEND_IDLE);
 2051              		.loc 1 1015 16
 2052 0014 4723     		movs	r3, #71
 2053 0016 6EE0     		b	.L114
 2054              	.L113:
1016:./ucOSII/Core/os_task.c ****     }
1017:./ucOSII/Core/os_task.c ****     if (prio >= OS_LOWEST_PRIO) {                               /* Task priority valid ?           
 2055              		.loc 1 1017 8
 2056 0018 FB79     		ldrb	r3, [r7, #7]	@ zero_extendqisi2
 2057 001a 3E2B     		cmp	r3, #62
 2058 001c 04D9     		bls	.L115
1018:./ucOSII/Core/os_task.c ****         if (prio != OS_PRIO_SELF) {
 2059              		.loc 1 1018 12
 2060 001e FB79     		ldrb	r3, [r7, #7]	@ zero_extendqisi2
 2061 0020 FF2B     		cmp	r3, #255
 2062 0022 01D0     		beq	.L115
1019:./ucOSII/Core/os_task.c ****             return (OS_ERR_PRIO_INVALID);
 2063              		.loc 1 1019 20
 2064 0024 2A23     		movs	r3, #42
 2065 0026 66E0     		b	.L114
 2066              	.L115:
1020:./ucOSII/Core/os_task.c ****         }
1021:./ucOSII/Core/os_task.c ****     }
1022:./ucOSII/Core/os_task.c **** #endif
1023:./ucOSII/Core/os_task.c ****     OS_ENTER_CRITICAL();
 2067              		.loc 1 1023 5
 2068 0028 4020     		movs	r0, #64
 2069 002a FFF7FEFF 		bl	OS_CPU_SR_Save
 2070 002e 3861     		str	r0, [r7, #16]
ARM GAS  /var/folders/yl/_q9l42k90g1g4mdhbs226msm0000gn/T//ccEHYDaT.s 			page 55


1024:./ucOSII/Core/os_task.c ****     if (prio == OS_PRIO_SELF) {                                 /* See if suspend SELF             
 2071              		.loc 1 1024 8
 2072 0030 FB79     		ldrb	r3, [r7, #7]	@ zero_extendqisi2
 2073 0032 FF2B     		cmp	r3, #255
 2074 0034 07D1     		bne	.L116
1025:./ucOSII/Core/os_task.c ****         prio = OSTCBCur->OSTCBPrio;
 2075              		.loc 1 1025 24
 2076 0036 324B     		ldr	r3, .L123
 2077 0038 1B68     		ldr	r3, [r3]
 2078              		.loc 1 1025 14
 2079 003a 93F83A30 		ldrb	r3, [r3, #58]
 2080 003e FB71     		strb	r3, [r7, #7]
1026:./ucOSII/Core/os_task.c ****         self = OS_TRUE;
 2081              		.loc 1 1026 14
 2082 0040 0123     		movs	r3, #1
 2083 0042 FB75     		strb	r3, [r7, #23]
 2084 0044 0BE0     		b	.L117
 2085              	.L116:
1027:./ucOSII/Core/os_task.c ****     } else if (prio == OSTCBCur->OSTCBPrio) {                   /* See if suspending self          
 2086              		.loc 1 1027 32
 2087 0046 2E4B     		ldr	r3, .L123
 2088 0048 1B68     		ldr	r3, [r3]
 2089 004a 93F83A30 		ldrb	r3, [r3, #58]	@ zero_extendqisi2
 2090              		.loc 1 1027 15
 2091 004e FA79     		ldrb	r2, [r7, #7]	@ zero_extendqisi2
 2092 0050 9A42     		cmp	r2, r3
 2093 0052 02D1     		bne	.L118
1028:./ucOSII/Core/os_task.c ****         self = OS_TRUE;
 2094              		.loc 1 1028 14
 2095 0054 0123     		movs	r3, #1
 2096 0056 FB75     		strb	r3, [r7, #23]
 2097 0058 01E0     		b	.L117
 2098              	.L118:
1029:./ucOSII/Core/os_task.c ****     } else {
1030:./ucOSII/Core/os_task.c ****         self = OS_FALSE;                                        /* No suspending another task      
 2099              		.loc 1 1030 14
 2100 005a 0023     		movs	r3, #0
 2101 005c FB75     		strb	r3, [r7, #23]
 2102              	.L117:
1031:./ucOSII/Core/os_task.c ****     }
1032:./ucOSII/Core/os_task.c ****     ptcb = OSTCBPrioTbl[prio];
 2103              		.loc 1 1032 24
 2104 005e FB79     		ldrb	r3, [r7, #7]	@ zero_extendqisi2
 2105              		.loc 1 1032 10
 2106 0060 284A     		ldr	r2, .L123+4
 2107 0062 52F82330 		ldr	r3, [r2, r3, lsl #2]
 2108 0066 FB60     		str	r3, [r7, #12]
1033:./ucOSII/Core/os_task.c ****     if (ptcb == (OS_TCB *)0) {                                  /* Task to suspend must exist      
 2109              		.loc 1 1033 8
 2110 0068 FB68     		ldr	r3, [r7, #12]
 2111 006a 002B     		cmp	r3, #0
 2112 006c 04D1     		bne	.L119
1034:./ucOSII/Core/os_task.c ****         OS_EXIT_CRITICAL();
 2113              		.loc 1 1034 9
 2114 006e 3869     		ldr	r0, [r7, #16]
 2115 0070 FFF7FEFF 		bl	OS_CPU_SR_Restore
1035:./ucOSII/Core/os_task.c ****         return (OS_ERR_TASK_SUSPEND_PRIO);
ARM GAS  /var/folders/yl/_q9l42k90g1g4mdhbs226msm0000gn/T//ccEHYDaT.s 			page 56


 2116              		.loc 1 1035 16
 2117 0074 4823     		movs	r3, #72
 2118 0076 3EE0     		b	.L114
 2119              	.L119:
1036:./ucOSII/Core/os_task.c ****     }
1037:./ucOSII/Core/os_task.c ****     if (ptcb == OS_TCB_RESERVED) {                              /* See if assigned to Mutex        
 2120              		.loc 1 1037 8
 2121 0078 FB68     		ldr	r3, [r7, #12]
 2122 007a 012B     		cmp	r3, #1
 2123 007c 04D1     		bne	.L120
1038:./ucOSII/Core/os_task.c ****         OS_EXIT_CRITICAL();
 2124              		.loc 1 1038 9
 2125 007e 3869     		ldr	r0, [r7, #16]
 2126 0080 FFF7FEFF 		bl	OS_CPU_SR_Restore
1039:./ucOSII/Core/os_task.c ****         return (OS_ERR_TASK_NOT_EXIST);
 2127              		.loc 1 1039 16
 2128 0084 4323     		movs	r3, #67
 2129 0086 36E0     		b	.L114
 2130              	.L120:
1040:./ucOSII/Core/os_task.c ****     }
1041:./ucOSII/Core/os_task.c ****     y            = ptcb->OSTCBY;
 2131              		.loc 1 1041 18
 2132 0088 FB68     		ldr	r3, [r7, #12]
 2133 008a 93F83C30 		ldrb	r3, [r3, #60]
 2134 008e FB72     		strb	r3, [r7, #11]
1042:./ucOSII/Core/os_task.c ****     OSRdyTbl[y] &= (OS_PRIO)~ptcb->OSTCBBitX;                   /* Make task not ready             
 2135              		.loc 1 1042 17
 2136 0090 FB7A     		ldrb	r3, [r7, #11]	@ zero_extendqisi2
 2137 0092 1D4A     		ldr	r2, .L123+8
 2138 0094 D15C     		ldrb	r1, [r2, r3]	@ zero_extendqisi2
 2139              		.loc 1 1042 34
 2140 0096 FB68     		ldr	r3, [r7, #12]
 2141 0098 93F83D30 		ldrb	r3, [r3, #61]	@ zero_extendqisi2
 2142              		.loc 1 1042 20
 2143 009c DB43     		mvns	r3, r3
 2144 009e DAB2     		uxtb	r2, r3
 2145              		.loc 1 1042 17
 2146 00a0 FB7A     		ldrb	r3, [r7, #11]	@ zero_extendqisi2
 2147 00a2 0A40     		ands	r2, r2, r1
 2148 00a4 D1B2     		uxtb	r1, r2
 2149 00a6 184A     		ldr	r2, .L123+8
 2150 00a8 D154     		strb	r1, [r2, r3]
1043:./ucOSII/Core/os_task.c ****     if (OSRdyTbl[y] == 0u) {
 2151              		.loc 1 1043 17
 2152 00aa FB7A     		ldrb	r3, [r7, #11]	@ zero_extendqisi2
 2153 00ac 164A     		ldr	r2, .L123+8
 2154 00ae D35C     		ldrb	r3, [r2, r3]	@ zero_extendqisi2
 2155              		.loc 1 1043 8
 2156 00b0 002B     		cmp	r3, #0
 2157 00b2 0AD1     		bne	.L121
1044:./ucOSII/Core/os_task.c ****         OSRdyGrp &= (OS_PRIO)~ptcb->OSTCBBitY;
 2158              		.loc 1 1044 35
 2159 00b4 FB68     		ldr	r3, [r7, #12]
 2160 00b6 93F83E30 		ldrb	r3, [r3, #62]	@ zero_extendqisi2
 2161              		.loc 1 1044 21
 2162 00ba DB43     		mvns	r3, r3
 2163 00bc DAB2     		uxtb	r2, r3
ARM GAS  /var/folders/yl/_q9l42k90g1g4mdhbs226msm0000gn/T//ccEHYDaT.s 			page 57


 2164              		.loc 1 1044 18
 2165 00be 134B     		ldr	r3, .L123+12
 2166 00c0 1B78     		ldrb	r3, [r3]	@ zero_extendqisi2
 2167 00c2 1340     		ands	r3, r3, r2
 2168 00c4 DAB2     		uxtb	r2, r3
 2169 00c6 114B     		ldr	r3, .L123+12
 2170 00c8 1A70     		strb	r2, [r3]
 2171              	.L121:
1045:./ucOSII/Core/os_task.c ****     }
1046:./ucOSII/Core/os_task.c ****     ptcb->OSTCBStat |= OS_STAT_SUSPEND;                         /* Status of task is 'SUSPENDED'   
 2172              		.loc 1 1046 21
 2173 00ca FB68     		ldr	r3, [r7, #12]
 2174 00cc 93F83830 		ldrb	r3, [r3, #56]	@ zero_extendqisi2
 2175 00d0 43F00803 		orr	r3, r3, #8
 2176 00d4 DAB2     		uxtb	r2, r3
 2177 00d6 FB68     		ldr	r3, [r7, #12]
 2178 00d8 83F83820 		strb	r2, [r3, #56]
1047:./ucOSII/Core/os_task.c ****     OS_EXIT_CRITICAL();
 2179              		.loc 1 1047 5
 2180 00dc 3869     		ldr	r0, [r7, #16]
 2181 00de FFF7FEFF 		bl	OS_CPU_SR_Restore
1048:./ucOSII/Core/os_task.c ****     OS_TRACE_TASK_SUSPEND(ptcb);
1049:./ucOSII/Core/os_task.c ****     OS_TRACE_TASK_SUSPENDED(ptcb);
 2182              		.loc 1 1049 5
 2183 00e2 FB68     		ldr	r3, [r7, #12]
 2184 00e4 1846     		mov	r0, r3
 2185 00e6 FFF7FEFF 		bl	SYSVIEW_TaskSuspend
1050:./ucOSII/Core/os_task.c ****     if (self == OS_TRUE) {                                      /* Context switch only if SELF     
 2186              		.loc 1 1050 8
 2187 00ea FB7D     		ldrb	r3, [r7, #23]	@ zero_extendqisi2
 2188 00ec 012B     		cmp	r3, #1
 2189 00ee 01D1     		bne	.L122
1051:./ucOSII/Core/os_task.c ****         OS_Sched();                                             /* Find new highest priority task  
 2190              		.loc 1 1051 9
 2191 00f0 FFF7FEFF 		bl	OS_Sched
 2192              	.L122:
1052:./ucOSII/Core/os_task.c ****     }
1053:./ucOSII/Core/os_task.c ****     return (OS_ERR_NONE);
 2193              		.loc 1 1053 12
 2194 00f4 0023     		movs	r3, #0
 2195              	.L114:
1054:./ucOSII/Core/os_task.c **** }
 2196              		.loc 1 1054 1
 2197 00f6 1846     		mov	r0, r3
 2198 00f8 1837     		adds	r7, r7, #24
 2199              	.LCFI48:
 2200              		.cfi_def_cfa_offset 8
 2201 00fa BD46     		mov	sp, r7
 2202              	.LCFI49:
 2203              		.cfi_def_cfa_register 13
 2204              		@ sp needed
 2205 00fc 80BD     		pop	{r7, pc}
 2206              	.L124:
 2207 00fe 00BF     		.align	2
 2208              	.L123:
 2209 0100 00000000 		.word	OSTCBCur
 2210 0104 00000000 		.word	OSTCBPrioTbl
ARM GAS  /var/folders/yl/_q9l42k90g1g4mdhbs226msm0000gn/T//ccEHYDaT.s 			page 58


 2211 0108 00000000 		.word	OSRdyTbl
 2212 010c 00000000 		.word	OSRdyGrp
 2213              		.cfi_endproc
 2214              	.LFE12:
 2216              		.section	.text.OSTaskQuery,"ax",%progbits
 2217              		.align	1
 2218              		.global	OSTaskQuery
 2219              		.syntax unified
 2220              		.thumb
 2221              		.thumb_func
 2223              	OSTaskQuery:
 2224              	.LFB13:
1055:./ucOSII/Core/os_task.c **** #endif
1056:./ucOSII/Core/os_task.c **** 
1057:./ucOSII/Core/os_task.c **** 
1058:./ucOSII/Core/os_task.c **** /*
1059:./ucOSII/Core/os_task.c **** ***************************************************************************************************
1060:./ucOSII/Core/os_task.c **** *                                            QUERY A TASK
1061:./ucOSII/Core/os_task.c **** *
1062:./ucOSII/Core/os_task.c **** * Description: This function is called to obtain a copy of the desired task's TCB.
1063:./ucOSII/Core/os_task.c **** *
1064:./ucOSII/Core/os_task.c **** * Arguments  : prio         is the priority of the task to obtain information from.
1065:./ucOSII/Core/os_task.c **** *
1066:./ucOSII/Core/os_task.c **** *              p_task_data  is a pointer to where the desired task's OS_TCB will be stored.
1067:./ucOSII/Core/os_task.c **** *
1068:./ucOSII/Core/os_task.c **** * Returns    : OS_ERR_NONE            if the requested task is suspended
1069:./ucOSII/Core/os_task.c **** *              OS_ERR_PRIO_INVALID    if the priority you specify is higher that the maximum allowe
1070:./ucOSII/Core/os_task.c **** *                                     (i.e. > OS_LOWEST_PRIO) or, you have not specified OS_PRIO_SE
1071:./ucOSII/Core/os_task.c **** *              OS_ERR_PRIO            if the desired task has not been created
1072:./ucOSII/Core/os_task.c **** *              OS_ERR_TASK_NOT_EXIST  if the task is assigned to a Mutex PIP
1073:./ucOSII/Core/os_task.c **** *              OS_ERR_PDATA_NULL      if 'p_task_data' is a NULL pointer
1074:./ucOSII/Core/os_task.c **** ***************************************************************************************************
1075:./ucOSII/Core/os_task.c **** */
1076:./ucOSII/Core/os_task.c **** 
1077:./ucOSII/Core/os_task.c **** #if OS_TASK_QUERY_EN > 0u
1078:./ucOSII/Core/os_task.c **** INT8U  OSTaskQuery (INT8U    prio,
1079:./ucOSII/Core/os_task.c ****                     OS_TCB  *p_task_data)
1080:./ucOSII/Core/os_task.c **** {
 2225              		.loc 1 1080 1
 2226              		.cfi_startproc
 2227              		@ args = 0, pretend = 0, frame = 16
 2228              		@ frame_needed = 1, uses_anonymous_args = 0
 2229 0000 80B5     		push	{r7, lr}
 2230              	.LCFI50:
 2231              		.cfi_def_cfa_offset 8
 2232              		.cfi_offset 7, -8
 2233              		.cfi_offset 14, -4
 2234 0002 84B0     		sub	sp, sp, #16
 2235              	.LCFI51:
 2236              		.cfi_def_cfa_offset 24
 2237 0004 00AF     		add	r7, sp, #0
 2238              	.LCFI52:
 2239              		.cfi_def_cfa_register 7
 2240 0006 0346     		mov	r3, r0
 2241 0008 3960     		str	r1, [r7]
 2242 000a FB71     		strb	r3, [r7, #7]
1081:./ucOSII/Core/os_task.c ****     OS_TCB    *ptcb;
ARM GAS  /var/folders/yl/_q9l42k90g1g4mdhbs226msm0000gn/T//ccEHYDaT.s 			page 59


1082:./ucOSII/Core/os_task.c **** #if OS_CRITICAL_METHOD == 3u                     /* Allocate storage for CPU status register       
1083:./ucOSII/Core/os_task.c ****     OS_CPU_SR  cpu_sr = 0u;
 2243              		.loc 1 1083 16
 2244 000c 0023     		movs	r3, #0
 2245 000e FB60     		str	r3, [r7, #12]
1084:./ucOSII/Core/os_task.c **** #endif
1085:./ucOSII/Core/os_task.c **** 
1086:./ucOSII/Core/os_task.c **** 
1087:./ucOSII/Core/os_task.c **** 
1088:./ucOSII/Core/os_task.c **** #if OS_ARG_CHK_EN > 0u
1089:./ucOSII/Core/os_task.c ****     if (prio > OS_LOWEST_PRIO) {                 /* Task priority valid ?                          
 2246              		.loc 1 1089 8
 2247 0010 FB79     		ldrb	r3, [r7, #7]	@ zero_extendqisi2
 2248 0012 3F2B     		cmp	r3, #63
 2249 0014 04D9     		bls	.L126
1090:./ucOSII/Core/os_task.c ****         if (prio != OS_PRIO_SELF) {
 2250              		.loc 1 1090 12
 2251 0016 FB79     		ldrb	r3, [r7, #7]	@ zero_extendqisi2
 2252 0018 FF2B     		cmp	r3, #255
 2253 001a 01D0     		beq	.L126
1091:./ucOSII/Core/os_task.c ****             return (OS_ERR_PRIO_INVALID);
 2254              		.loc 1 1091 20
 2255 001c 2A23     		movs	r3, #42
 2256 001e 2EE0     		b	.L127
 2257              	.L126:
1092:./ucOSII/Core/os_task.c ****         }
1093:./ucOSII/Core/os_task.c ****     }
1094:./ucOSII/Core/os_task.c ****     if (p_task_data == (OS_TCB *)0) {            /* Validate 'p_task_data'                         
 2258              		.loc 1 1094 8
 2259 0020 3B68     		ldr	r3, [r7]
 2260 0022 002B     		cmp	r3, #0
 2261 0024 01D1     		bne	.L128
1095:./ucOSII/Core/os_task.c ****         return (OS_ERR_PDATA_NULL);
 2262              		.loc 1 1095 16
 2263 0026 0923     		movs	r3, #9
 2264 0028 29E0     		b	.L127
 2265              	.L128:
1096:./ucOSII/Core/os_task.c ****     }
1097:./ucOSII/Core/os_task.c **** #endif
1098:./ucOSII/Core/os_task.c ****     OS_ENTER_CRITICAL();
 2266              		.loc 1 1098 5
 2267 002a 4020     		movs	r0, #64
 2268 002c FFF7FEFF 		bl	OS_CPU_SR_Save
 2269 0030 F860     		str	r0, [r7, #12]
1099:./ucOSII/Core/os_task.c ****     if (prio == OS_PRIO_SELF) {                  /* See if suspend SELF                            
 2270              		.loc 1 1099 8
 2271 0032 FB79     		ldrb	r3, [r7, #7]	@ zero_extendqisi2
 2272 0034 FF2B     		cmp	r3, #255
 2273 0036 04D1     		bne	.L129
1100:./ucOSII/Core/os_task.c ****         prio = OSTCBCur->OSTCBPrio;
 2274              		.loc 1 1100 24
 2275 0038 134B     		ldr	r3, .L132
 2276 003a 1B68     		ldr	r3, [r3]
 2277              		.loc 1 1100 14
 2278 003c 93F83A30 		ldrb	r3, [r3, #58]
 2279 0040 FB71     		strb	r3, [r7, #7]
 2280              	.L129:
ARM GAS  /var/folders/yl/_q9l42k90g1g4mdhbs226msm0000gn/T//ccEHYDaT.s 			page 60


1101:./ucOSII/Core/os_task.c ****     }
1102:./ucOSII/Core/os_task.c ****     ptcb = OSTCBPrioTbl[prio];
 2281              		.loc 1 1102 24
 2282 0042 FB79     		ldrb	r3, [r7, #7]	@ zero_extendqisi2
 2283              		.loc 1 1102 10
 2284 0044 114A     		ldr	r2, .L132+4
 2285 0046 52F82330 		ldr	r3, [r2, r3, lsl #2]
 2286 004a BB60     		str	r3, [r7, #8]
1103:./ucOSII/Core/os_task.c ****     if (ptcb == (OS_TCB *)0) {                   /* Task to query must exist                       
 2287              		.loc 1 1103 8
 2288 004c BB68     		ldr	r3, [r7, #8]
 2289 004e 002B     		cmp	r3, #0
 2290 0050 04D1     		bne	.L130
1104:./ucOSII/Core/os_task.c ****         OS_EXIT_CRITICAL();
 2291              		.loc 1 1104 9
 2292 0052 F868     		ldr	r0, [r7, #12]
 2293 0054 FFF7FEFF 		bl	OS_CPU_SR_Restore
1105:./ucOSII/Core/os_task.c ****         return (OS_ERR_PRIO);
 2294              		.loc 1 1105 16
 2295 0058 2923     		movs	r3, #41
 2296 005a 10E0     		b	.L127
 2297              	.L130:
1106:./ucOSII/Core/os_task.c ****     }
1107:./ucOSII/Core/os_task.c ****     if (ptcb == OS_TCB_RESERVED) {               /* Task to query must not be assigned to a Mutex  
 2298              		.loc 1 1107 8
 2299 005c BB68     		ldr	r3, [r7, #8]
 2300 005e 012B     		cmp	r3, #1
 2301 0060 04D1     		bne	.L131
1108:./ucOSII/Core/os_task.c ****         OS_EXIT_CRITICAL();
 2302              		.loc 1 1108 9
 2303 0062 F868     		ldr	r0, [r7, #12]
 2304 0064 FFF7FEFF 		bl	OS_CPU_SR_Restore
1109:./ucOSII/Core/os_task.c ****         return (OS_ERR_TASK_NOT_EXIST);
 2305              		.loc 1 1109 16
 2306 0068 4323     		movs	r3, #67
 2307 006a 08E0     		b	.L127
 2308              	.L131:
1110:./ucOSII/Core/os_task.c ****     }
1111:./ucOSII/Core/os_task.c ****                                                  /* Copy TCB into user storage area                
1112:./ucOSII/Core/os_task.c ****     OS_MemCopy((INT8U *)p_task_data, (INT8U *)ptcb, sizeof(OS_TCB));
 2309              		.loc 1 1112 5
 2310 006c 5C22     		movs	r2, #92
 2311 006e B968     		ldr	r1, [r7, #8]
 2312 0070 3868     		ldr	r0, [r7]
 2313 0072 FFF7FEFF 		bl	OS_MemCopy
1113:./ucOSII/Core/os_task.c ****     OS_EXIT_CRITICAL();
 2314              		.loc 1 1113 5
 2315 0076 F868     		ldr	r0, [r7, #12]
 2316 0078 FFF7FEFF 		bl	OS_CPU_SR_Restore
1114:./ucOSII/Core/os_task.c ****     return (OS_ERR_NONE);
 2317              		.loc 1 1114 12
 2318 007c 0023     		movs	r3, #0
 2319              	.L127:
1115:./ucOSII/Core/os_task.c **** }
 2320              		.loc 1 1115 1
 2321 007e 1846     		mov	r0, r3
 2322 0080 1037     		adds	r7, r7, #16
ARM GAS  /var/folders/yl/_q9l42k90g1g4mdhbs226msm0000gn/T//ccEHYDaT.s 			page 61


 2323              	.LCFI53:
 2324              		.cfi_def_cfa_offset 8
 2325 0082 BD46     		mov	sp, r7
 2326              	.LCFI54:
 2327              		.cfi_def_cfa_register 13
 2328              		@ sp needed
 2329 0084 80BD     		pop	{r7, pc}
 2330              	.L133:
 2331 0086 00BF     		.align	2
 2332              	.L132:
 2333 0088 00000000 		.word	OSTCBCur
 2334 008c 00000000 		.word	OSTCBPrioTbl
 2335              		.cfi_endproc
 2336              	.LFE13:
 2338              		.section	.text.OSTaskRegGet,"ax",%progbits
 2339              		.align	1
 2340              		.global	OSTaskRegGet
 2341              		.syntax unified
 2342              		.thumb
 2343              		.thumb_func
 2345              	OSTaskRegGet:
 2346              	.LFB14:
1116:./ucOSII/Core/os_task.c **** #endif
1117:./ucOSII/Core/os_task.c **** 
1118:./ucOSII/Core/os_task.c **** 
1119:./ucOSII/Core/os_task.c **** /*
1120:./ucOSII/Core/os_task.c **** ***************************************************************************************************
1121:./ucOSII/Core/os_task.c **** *                              GET THE CURRENT VALUE OF A TASK REGISTER
1122:./ucOSII/Core/os_task.c **** *
1123:./ucOSII/Core/os_task.c **** * Description: This function is called to obtain the current value of a task register.  Task regist
1124:./ucOSII/Core/os_task.c **** *              are application specific and can be used to store task specific values such as 'erro
1125:./ucOSII/Core/os_task.c **** *              numbers' (i.e. errno), statistics, etc.  Each task register can hold a 32-bit value.
1126:./ucOSII/Core/os_task.c **** *
1127:./ucOSII/Core/os_task.c **** * Arguments  : prio      is the priority of the task you want to get the task register from.  If yo
1128:./ucOSII/Core/os_task.c **** *                        specify OS_PRIO_SELF then the task register of the current task will be ob
1129:./ucOSII/Core/os_task.c **** *
1130:./ucOSII/Core/os_task.c **** *              id        is the 'id' of the desired task register.  Note that the 'id' must be less
1131:./ucOSII/Core/os_task.c **** *                        than OS_TASK_REG_TBL_SIZE
1132:./ucOSII/Core/os_task.c **** *
1133:./ucOSII/Core/os_task.c **** *              perr      is a pointer to a variable that will hold an error code related to this ca
1134:./ucOSII/Core/os_task.c **** *
1135:./ucOSII/Core/os_task.c **** *                        OS_ERR_NONE            if the call was successful
1136:./ucOSII/Core/os_task.c **** *                        OS_ERR_PRIO_INVALID    if you specified an invalid priority
1137:./ucOSII/Core/os_task.c **** *                        OS_ERR_ID_INVALID      if the 'id' is not between 0 and OS_TASK_REG_TBL_SI
1138:./ucOSII/Core/os_task.c **** *
1139:./ucOSII/Core/os_task.c **** * Returns    : The current value of the task's register or 0 if an error is detected.
1140:./ucOSII/Core/os_task.c **** *
1141:./ucOSII/Core/os_task.c **** * Note(s)    : The maximum number of task variables is 254
1142:./ucOSII/Core/os_task.c **** ***************************************************************************************************
1143:./ucOSII/Core/os_task.c **** */
1144:./ucOSII/Core/os_task.c **** 
1145:./ucOSII/Core/os_task.c **** #if OS_TASK_REG_TBL_SIZE > 0u
1146:./ucOSII/Core/os_task.c **** INT32U  OSTaskRegGet (INT8U   prio,
1147:./ucOSII/Core/os_task.c ****                       INT8U   id,
1148:./ucOSII/Core/os_task.c ****                       INT8U  *perr)
1149:./ucOSII/Core/os_task.c **** {
 2347              		.loc 1 1149 1
ARM GAS  /var/folders/yl/_q9l42k90g1g4mdhbs226msm0000gn/T//ccEHYDaT.s 			page 62


 2348              		.cfi_startproc
 2349              		@ args = 0, pretend = 0, frame = 24
 2350              		@ frame_needed = 1, uses_anonymous_args = 0
 2351 0000 80B5     		push	{r7, lr}
 2352              	.LCFI55:
 2353              		.cfi_def_cfa_offset 8
 2354              		.cfi_offset 7, -8
 2355              		.cfi_offset 14, -4
 2356 0002 86B0     		sub	sp, sp, #24
 2357              	.LCFI56:
 2358              		.cfi_def_cfa_offset 32
 2359 0004 00AF     		add	r7, sp, #0
 2360              	.LCFI57:
 2361              		.cfi_def_cfa_register 7
 2362 0006 0346     		mov	r3, r0
 2363 0008 3A60     		str	r2, [r7]
 2364 000a FB71     		strb	r3, [r7, #7]
 2365 000c 0B46     		mov	r3, r1
 2366 000e BB71     		strb	r3, [r7, #6]
1150:./ucOSII/Core/os_task.c **** #if OS_CRITICAL_METHOD == 3u                     /* Allocate storage for CPU status register       
1151:./ucOSII/Core/os_task.c ****     OS_CPU_SR  cpu_sr = 0u;
 2367              		.loc 1 1151 16
 2368 0010 0023     		movs	r3, #0
 2369 0012 3B61     		str	r3, [r7, #16]
1152:./ucOSII/Core/os_task.c **** #endif
1153:./ucOSII/Core/os_task.c ****     INT32U     value;
1154:./ucOSII/Core/os_task.c ****     OS_TCB    *ptcb;
1155:./ucOSII/Core/os_task.c **** 
1156:./ucOSII/Core/os_task.c **** 
1157:./ucOSII/Core/os_task.c **** 
1158:./ucOSII/Core/os_task.c **** #ifdef OS_SAFETY_CRITICAL
1159:./ucOSII/Core/os_task.c ****     if (perr == (INT8U *)0) {
1160:./ucOSII/Core/os_task.c ****         OS_SAFETY_CRITICAL_EXCEPTION();
1161:./ucOSII/Core/os_task.c ****         return (0u);
1162:./ucOSII/Core/os_task.c ****     }
1163:./ucOSII/Core/os_task.c **** #endif
1164:./ucOSII/Core/os_task.c **** 
1165:./ucOSII/Core/os_task.c **** #if OS_ARG_CHK_EN > 0u
1166:./ucOSII/Core/os_task.c ****     if (prio >= OS_LOWEST_PRIO) {
 2370              		.loc 1 1166 8
 2371 0014 FB79     		ldrb	r3, [r7, #7]	@ zero_extendqisi2
 2372 0016 3E2B     		cmp	r3, #62
 2373 0018 07D9     		bls	.L135
1167:./ucOSII/Core/os_task.c ****         if (prio != OS_PRIO_SELF) {
 2374              		.loc 1 1167 12
 2375 001a FB79     		ldrb	r3, [r7, #7]	@ zero_extendqisi2
 2376 001c FF2B     		cmp	r3, #255
 2377 001e 04D0     		beq	.L135
1168:./ucOSII/Core/os_task.c ****             *perr = OS_ERR_PRIO_INVALID;
 2378              		.loc 1 1168 19
 2379 0020 3B68     		ldr	r3, [r7]
 2380 0022 2A22     		movs	r2, #42
 2381 0024 1A70     		strb	r2, [r3]
1169:./ucOSII/Core/os_task.c ****             return (0u);
 2382              		.loc 1 1169 20
 2383 0026 0023     		movs	r3, #0
 2384 0028 24E0     		b	.L136
ARM GAS  /var/folders/yl/_q9l42k90g1g4mdhbs226msm0000gn/T//ccEHYDaT.s 			page 63


 2385              	.L135:
1170:./ucOSII/Core/os_task.c ****         }
1171:./ucOSII/Core/os_task.c ****     }
1172:./ucOSII/Core/os_task.c ****     if (id >= OS_TASK_REG_TBL_SIZE) {
 2386              		.loc 1 1172 8
 2387 002a BB79     		ldrb	r3, [r7, #6]	@ zero_extendqisi2
 2388 002c 002B     		cmp	r3, #0
 2389 002e 04D0     		beq	.L137
1173:./ucOSII/Core/os_task.c ****         *perr = OS_ERR_ID_INVALID;
 2390              		.loc 1 1173 15
 2391 0030 3B68     		ldr	r3, [r7]
 2392 0032 0822     		movs	r2, #8
 2393 0034 1A70     		strb	r2, [r3]
1174:./ucOSII/Core/os_task.c ****         return (0u);
 2394              		.loc 1 1174 16
 2395 0036 0023     		movs	r3, #0
 2396 0038 1CE0     		b	.L136
 2397              	.L137:
1175:./ucOSII/Core/os_task.c ****     }
1176:./ucOSII/Core/os_task.c **** #endif
1177:./ucOSII/Core/os_task.c ****     OS_ENTER_CRITICAL();
 2398              		.loc 1 1177 5
 2399 003a 4020     		movs	r0, #64
 2400 003c FFF7FEFF 		bl	OS_CPU_SR_Save
 2401 0040 3861     		str	r0, [r7, #16]
1178:./ucOSII/Core/os_task.c ****     if (prio == OS_PRIO_SELF) {                  /* See if need to get register from current task  
 2402              		.loc 1 1178 8
 2403 0042 FB79     		ldrb	r3, [r7, #7]	@ zero_extendqisi2
 2404 0044 FF2B     		cmp	r3, #255
 2405 0046 03D1     		bne	.L138
1179:./ucOSII/Core/os_task.c ****         ptcb = OSTCBCur;
 2406              		.loc 1 1179 14
 2407 0048 0C4B     		ldr	r3, .L140
 2408 004a 1B68     		ldr	r3, [r3]
 2409 004c 7B61     		str	r3, [r7, #20]
 2410 004e 04E0     		b	.L139
 2411              	.L138:
1180:./ucOSII/Core/os_task.c ****     } else {
1181:./ucOSII/Core/os_task.c ****         ptcb = OSTCBPrioTbl[prio];
 2412              		.loc 1 1181 28
 2413 0050 FB79     		ldrb	r3, [r7, #7]	@ zero_extendqisi2
 2414              		.loc 1 1181 14
 2415 0052 0B4A     		ldr	r2, .L140+4
 2416 0054 52F82330 		ldr	r3, [r2, r3, lsl #2]
 2417 0058 7B61     		str	r3, [r7, #20]
 2418              	.L139:
1182:./ucOSII/Core/os_task.c ****     }
1183:./ucOSII/Core/os_task.c ****     value = ptcb->OSTCBRegTbl[id];
 2419              		.loc 1 1183 30
 2420 005a BA79     		ldrb	r2, [r7, #6]	@ zero_extendqisi2
 2421              		.loc 1 1183 11
 2422 005c 7B69     		ldr	r3, [r7, #20]
 2423 005e 1632     		adds	r2, r2, #22
 2424 0060 53F82230 		ldr	r3, [r3, r2, lsl #2]
 2425 0064 FB60     		str	r3, [r7, #12]
1184:./ucOSII/Core/os_task.c ****     OS_EXIT_CRITICAL();
 2426              		.loc 1 1184 5
ARM GAS  /var/folders/yl/_q9l42k90g1g4mdhbs226msm0000gn/T//ccEHYDaT.s 			page 64


 2427 0066 3869     		ldr	r0, [r7, #16]
 2428 0068 FFF7FEFF 		bl	OS_CPU_SR_Restore
1185:./ucOSII/Core/os_task.c ****     *perr = OS_ERR_NONE;
 2429              		.loc 1 1185 11
 2430 006c 3B68     		ldr	r3, [r7]
 2431 006e 0022     		movs	r2, #0
 2432 0070 1A70     		strb	r2, [r3]
1186:./ucOSII/Core/os_task.c ****     return (value);
 2433              		.loc 1 1186 12
 2434 0072 FB68     		ldr	r3, [r7, #12]
 2435              	.L136:
1187:./ucOSII/Core/os_task.c **** }
 2436              		.loc 1 1187 1
 2437 0074 1846     		mov	r0, r3
 2438 0076 1837     		adds	r7, r7, #24
 2439              	.LCFI58:
 2440              		.cfi_def_cfa_offset 8
 2441 0078 BD46     		mov	sp, r7
 2442              	.LCFI59:
 2443              		.cfi_def_cfa_register 13
 2444              		@ sp needed
 2445 007a 80BD     		pop	{r7, pc}
 2446              	.L141:
 2447              		.align	2
 2448              	.L140:
 2449 007c 00000000 		.word	OSTCBCur
 2450 0080 00000000 		.word	OSTCBPrioTbl
 2451              		.cfi_endproc
 2452              	.LFE14:
 2454              		.section	.text.OSTaskRegGetID,"ax",%progbits
 2455              		.align	1
 2456              		.global	OSTaskRegGetID
 2457              		.syntax unified
 2458              		.thumb
 2459              		.thumb_func
 2461              	OSTaskRegGetID:
 2462              	.LFB15:
1188:./ucOSII/Core/os_task.c **** #endif
1189:./ucOSII/Core/os_task.c **** 
1190:./ucOSII/Core/os_task.c **** 
1191:./ucOSII/Core/os_task.c **** /*
1192:./ucOSII/Core/os_task.c **** ***************************************************************************************************
1193:./ucOSII/Core/os_task.c **** *                                    ALLOCATE THE NEXT AVAILABLE TASK REGISTER ID
1194:./ucOSII/Core/os_task.c **** *
1195:./ucOSII/Core/os_task.c **** * Description: This function is called to obtain a task register ID.  This function thus allows tas
1196:./ucOSII/Core/os_task.c **** *              allocated dynamically instead of statically.
1197:./ucOSII/Core/os_task.c **** *
1198:./ucOSII/Core/os_task.c **** * Arguments  : p_err       is a pointer to a variable that will hold an error code related to this 
1199:./ucOSII/Core/os_task.c **** *
1200:./ucOSII/Core/os_task.c **** *                            OS_ERR_NONE               if the call was successful
1201:./ucOSII/Core/os_task.c **** *                            OS_ERR_NO_MORE_ID_AVAIL   if you are attempting to assign more task re
1202:./ucOSII/Core/os_task.c **** *                                                           have available through OS_TASK_REG_TBL_
1203:./ucOSII/Core/os_task.c **** *
1204:./ucOSII/Core/os_task.c **** * Returns    : The next available task register 'id' or OS_TASK_REG_TBL_SIZE if an error is detecte
1205:./ucOSII/Core/os_task.c **** ***************************************************************************************************
1206:./ucOSII/Core/os_task.c **** */
1207:./ucOSII/Core/os_task.c **** 
ARM GAS  /var/folders/yl/_q9l42k90g1g4mdhbs226msm0000gn/T//ccEHYDaT.s 			page 65


1208:./ucOSII/Core/os_task.c **** #if OS_TASK_REG_TBL_SIZE > 0u
1209:./ucOSII/Core/os_task.c **** INT8U  OSTaskRegGetID (INT8U  *perr)
1210:./ucOSII/Core/os_task.c **** {
 2463              		.loc 1 1210 1
 2464              		.cfi_startproc
 2465              		@ args = 0, pretend = 0, frame = 16
 2466              		@ frame_needed = 1, uses_anonymous_args = 0
 2467 0000 80B5     		push	{r7, lr}
 2468              	.LCFI60:
 2469              		.cfi_def_cfa_offset 8
 2470              		.cfi_offset 7, -8
 2471              		.cfi_offset 14, -4
 2472 0002 84B0     		sub	sp, sp, #16
 2473              	.LCFI61:
 2474              		.cfi_def_cfa_offset 24
 2475 0004 00AF     		add	r7, sp, #0
 2476              	.LCFI62:
 2477              		.cfi_def_cfa_register 7
 2478 0006 7860     		str	r0, [r7, #4]
1211:./ucOSII/Core/os_task.c **** #if OS_CRITICAL_METHOD == 3u                                    /* Allocate storage for CPU status 
1212:./ucOSII/Core/os_task.c ****     OS_CPU_SR  cpu_sr = 0u;
 2479              		.loc 1 1212 16
 2480 0008 0023     		movs	r3, #0
 2481 000a FB60     		str	r3, [r7, #12]
1213:./ucOSII/Core/os_task.c **** #endif
1214:./ucOSII/Core/os_task.c ****     INT8U      id;
1215:./ucOSII/Core/os_task.c **** 
1216:./ucOSII/Core/os_task.c **** 
1217:./ucOSII/Core/os_task.c **** #ifdef OS_SAFETY_CRITICAL
1218:./ucOSII/Core/os_task.c ****     if (perr == (INT8U *)0) {
1219:./ucOSII/Core/os_task.c ****         OS_SAFETY_CRITICAL_EXCEPTION();
1220:./ucOSII/Core/os_task.c ****         return ((INT8U)OS_TASK_REG_TBL_SIZE);
1221:./ucOSII/Core/os_task.c ****     }
1222:./ucOSII/Core/os_task.c **** #endif
1223:./ucOSII/Core/os_task.c **** 
1224:./ucOSII/Core/os_task.c ****     OS_ENTER_CRITICAL();
 2482              		.loc 1 1224 5
 2483 000c 4020     		movs	r0, #64
 2484 000e FFF7FEFF 		bl	OS_CPU_SR_Save
 2485 0012 F860     		str	r0, [r7, #12]
1225:./ucOSII/Core/os_task.c ****     if (OSTaskRegNextAvailID >= OS_TASK_REG_TBL_SIZE) {         /* See if we exceeded the number of
 2486              		.loc 1 1225 30
 2487 0014 0F4B     		ldr	r3, .L145
 2488 0016 1B78     		ldrb	r3, [r3]	@ zero_extendqisi2
 2489              		.loc 1 1225 8
 2490 0018 002B     		cmp	r3, #0
 2491 001a 07D0     		beq	.L143
1226:./ucOSII/Core/os_task.c ****        *perr = OS_ERR_NO_MORE_ID_AVAIL;                         /* Yes, cannot allocate more task r
 2492              		.loc 1 1226 14
 2493 001c 7B68     		ldr	r3, [r7, #4]
 2494 001e 9622     		movs	r2, #150
 2495 0020 1A70     		strb	r2, [r3]
1227:./ucOSII/Core/os_task.c ****         OS_EXIT_CRITICAL();
 2496              		.loc 1 1227 9
 2497 0022 F868     		ldr	r0, [r7, #12]
 2498 0024 FFF7FEFF 		bl	OS_CPU_SR_Restore
1228:./ucOSII/Core/os_task.c ****         return ((INT8U)OS_TASK_REG_TBL_SIZE);
ARM GAS  /var/folders/yl/_q9l42k90g1g4mdhbs226msm0000gn/T//ccEHYDaT.s 			page 66


 2499              		.loc 1 1228 16
 2500 0028 0123     		movs	r3, #1
 2501 002a 0FE0     		b	.L144
 2502              	.L143:
1229:./ucOSII/Core/os_task.c ****     }
1230:./ucOSII/Core/os_task.c **** 
1231:./ucOSII/Core/os_task.c ****     id   = OSTaskRegNextAvailID;                                /* Assign the next available ID    
 2503              		.loc 1 1231 10
 2504 002c 094B     		ldr	r3, .L145
 2505 002e 1B78     		ldrb	r3, [r3]
 2506 0030 FB72     		strb	r3, [r7, #11]
1232:./ucOSII/Core/os_task.c ****     OSTaskRegNextAvailID++;                                     /* Increment available ID for next 
 2507              		.loc 1 1232 25
 2508 0032 084B     		ldr	r3, .L145
 2509 0034 1B78     		ldrb	r3, [r3]	@ zero_extendqisi2
 2510 0036 0133     		adds	r3, r3, #1
 2511 0038 DAB2     		uxtb	r2, r3
 2512 003a 064B     		ldr	r3, .L145
 2513 003c 1A70     		strb	r2, [r3]
1233:./ucOSII/Core/os_task.c ****     OS_EXIT_CRITICAL();
 2514              		.loc 1 1233 5
 2515 003e F868     		ldr	r0, [r7, #12]
 2516 0040 FFF7FEFF 		bl	OS_CPU_SR_Restore
1234:./ucOSII/Core/os_task.c ****    *perr = OS_ERR_NONE;
 2517              		.loc 1 1234 10
 2518 0044 7B68     		ldr	r3, [r7, #4]
 2519 0046 0022     		movs	r2, #0
 2520 0048 1A70     		strb	r2, [r3]
1235:./ucOSII/Core/os_task.c ****     return (id);
 2521              		.loc 1 1235 12
 2522 004a FB7A     		ldrb	r3, [r7, #11]	@ zero_extendqisi2
 2523              	.L144:
1236:./ucOSII/Core/os_task.c **** }
 2524              		.loc 1 1236 1
 2525 004c 1846     		mov	r0, r3
 2526 004e 1037     		adds	r7, r7, #16
 2527              	.LCFI63:
 2528              		.cfi_def_cfa_offset 8
 2529 0050 BD46     		mov	sp, r7
 2530              	.LCFI64:
 2531              		.cfi_def_cfa_register 13
 2532              		@ sp needed
 2533 0052 80BD     		pop	{r7, pc}
 2534              	.L146:
 2535              		.align	2
 2536              	.L145:
 2537 0054 00000000 		.word	OSTaskRegNextAvailID
 2538              		.cfi_endproc
 2539              	.LFE15:
 2541              		.section	.text.OSTaskRegSet,"ax",%progbits
 2542              		.align	1
 2543              		.global	OSTaskRegSet
 2544              		.syntax unified
 2545              		.thumb
 2546              		.thumb_func
 2548              	OSTaskRegSet:
 2549              	.LFB16:
ARM GAS  /var/folders/yl/_q9l42k90g1g4mdhbs226msm0000gn/T//ccEHYDaT.s 			page 67


1237:./ucOSII/Core/os_task.c **** #endif
1238:./ucOSII/Core/os_task.c **** 
1239:./ucOSII/Core/os_task.c **** 
1240:./ucOSII/Core/os_task.c **** /*
1241:./ucOSII/Core/os_task.c **** ***************************************************************************************************
1242:./ucOSII/Core/os_task.c **** *                              SET THE CURRENT VALUE OF A TASK VARIABLE
1243:./ucOSII/Core/os_task.c **** *
1244:./ucOSII/Core/os_task.c **** * Description: This function is called to change the current value of a task register.  Task regist
1245:./ucOSII/Core/os_task.c **** *              are application specific and can be used to store task specific values such as 'erro
1246:./ucOSII/Core/os_task.c **** *              numbers' (i.e. errno), statistics, etc.  Each task register can hold a 32-bit value.
1247:./ucOSII/Core/os_task.c **** *
1248:./ucOSII/Core/os_task.c **** * Arguments  : prio      is the priority of the task you want to set the task register for.  If you
1249:./ucOSII/Core/os_task.c **** *                        specify OS_PRIO_SELF then the task register of the current task will be ob
1250:./ucOSII/Core/os_task.c **** *
1251:./ucOSII/Core/os_task.c **** *              id        is the 'id' of the desired task register.  Note that the 'id' must be less
1252:./ucOSII/Core/os_task.c **** *                        than OS_TASK_REG_TBL_SIZE
1253:./ucOSII/Core/os_task.c **** *
1254:./ucOSII/Core/os_task.c **** *              value     is the desired value for the task register.
1255:./ucOSII/Core/os_task.c **** *
1256:./ucOSII/Core/os_task.c **** *              perr      is a pointer to a variable that will hold an error code related to this ca
1257:./ucOSII/Core/os_task.c **** *
1258:./ucOSII/Core/os_task.c **** *                        OS_ERR_NONE            if the call was successful
1259:./ucOSII/Core/os_task.c **** *                        OS_ERR_PRIO_INVALID    if you specified an invalid priority
1260:./ucOSII/Core/os_task.c **** *                        OS_ERR_ID_INVALID      if the 'id' is not between 0 and OS_TASK_REG_TBL_SI
1261:./ucOSII/Core/os_task.c **** *
1262:./ucOSII/Core/os_task.c **** * Returns    : The current value of the task's variable or 0 if an error is detected.
1263:./ucOSII/Core/os_task.c **** *
1264:./ucOSII/Core/os_task.c **** * Note(s)    : The maximum number of task variables is 254
1265:./ucOSII/Core/os_task.c **** ***************************************************************************************************
1266:./ucOSII/Core/os_task.c **** */
1267:./ucOSII/Core/os_task.c **** 
1268:./ucOSII/Core/os_task.c **** #if OS_TASK_REG_TBL_SIZE > 0u
1269:./ucOSII/Core/os_task.c **** void  OSTaskRegSet (INT8U    prio,
1270:./ucOSII/Core/os_task.c ****                     INT8U    id,
1271:./ucOSII/Core/os_task.c ****                     INT32U   value,
1272:./ucOSII/Core/os_task.c ****                     INT8U   *perr)
1273:./ucOSII/Core/os_task.c **** {
 2550              		.loc 1 1273 1
 2551              		.cfi_startproc
 2552              		@ args = 0, pretend = 0, frame = 24
 2553              		@ frame_needed = 1, uses_anonymous_args = 0
 2554 0000 80B5     		push	{r7, lr}
 2555              	.LCFI65:
 2556              		.cfi_def_cfa_offset 8
 2557              		.cfi_offset 7, -8
 2558              		.cfi_offset 14, -4
 2559 0002 86B0     		sub	sp, sp, #24
 2560              	.LCFI66:
 2561              		.cfi_def_cfa_offset 32
 2562 0004 00AF     		add	r7, sp, #0
 2563              	.LCFI67:
 2564              		.cfi_def_cfa_register 7
 2565 0006 BA60     		str	r2, [r7, #8]
 2566 0008 7B60     		str	r3, [r7, #4]
 2567 000a 0346     		mov	r3, r0
 2568 000c FB73     		strb	r3, [r7, #15]
 2569 000e 0B46     		mov	r3, r1
ARM GAS  /var/folders/yl/_q9l42k90g1g4mdhbs226msm0000gn/T//ccEHYDaT.s 			page 68


 2570 0010 BB73     		strb	r3, [r7, #14]
1274:./ucOSII/Core/os_task.c **** #if OS_CRITICAL_METHOD == 3u                     /* Allocate storage for CPU status register       
1275:./ucOSII/Core/os_task.c ****     OS_CPU_SR  cpu_sr = 0u;
 2571              		.loc 1 1275 16
 2572 0012 0023     		movs	r3, #0
 2573 0014 3B61     		str	r3, [r7, #16]
1276:./ucOSII/Core/os_task.c **** #endif
1277:./ucOSII/Core/os_task.c ****     OS_TCB    *ptcb;
1278:./ucOSII/Core/os_task.c **** 
1279:./ucOSII/Core/os_task.c **** 
1280:./ucOSII/Core/os_task.c **** #ifdef OS_SAFETY_CRITICAL
1281:./ucOSII/Core/os_task.c ****     if (perr == (INT8U *)0) {
1282:./ucOSII/Core/os_task.c ****         OS_SAFETY_CRITICAL_EXCEPTION();
1283:./ucOSII/Core/os_task.c ****         return;
1284:./ucOSII/Core/os_task.c ****     }
1285:./ucOSII/Core/os_task.c **** #endif
1286:./ucOSII/Core/os_task.c **** 
1287:./ucOSII/Core/os_task.c **** #if OS_ARG_CHK_EN > 0u
1288:./ucOSII/Core/os_task.c ****     if (prio >= OS_LOWEST_PRIO) {
 2574              		.loc 1 1288 8
 2575 0016 FB7B     		ldrb	r3, [r7, #15]	@ zero_extendqisi2
 2576 0018 3E2B     		cmp	r3, #62
 2577 001a 06D9     		bls	.L148
1289:./ucOSII/Core/os_task.c ****         if (prio != OS_PRIO_SELF) {
 2578              		.loc 1 1289 12
 2579 001c FB7B     		ldrb	r3, [r7, #15]	@ zero_extendqisi2
 2580 001e FF2B     		cmp	r3, #255
 2581 0020 03D0     		beq	.L148
1290:./ucOSII/Core/os_task.c ****             *perr = OS_ERR_PRIO_INVALID;
 2582              		.loc 1 1290 19
 2583 0022 7B68     		ldr	r3, [r7, #4]
 2584 0024 2A22     		movs	r2, #42
 2585 0026 1A70     		strb	r2, [r3]
1291:./ucOSII/Core/os_task.c ****             return;
 2586              		.loc 1 1291 13
 2587 0028 22E0     		b	.L147
 2588              	.L148:
1292:./ucOSII/Core/os_task.c ****         }
1293:./ucOSII/Core/os_task.c ****     }
1294:./ucOSII/Core/os_task.c ****     if (id >= OS_TASK_REG_TBL_SIZE) {
 2589              		.loc 1 1294 8
 2590 002a BB7B     		ldrb	r3, [r7, #14]	@ zero_extendqisi2
 2591 002c 002B     		cmp	r3, #0
 2592 002e 03D0     		beq	.L150
1295:./ucOSII/Core/os_task.c ****         *perr = OS_ERR_ID_INVALID;
 2593              		.loc 1 1295 15
 2594 0030 7B68     		ldr	r3, [r7, #4]
 2595 0032 0822     		movs	r2, #8
 2596 0034 1A70     		strb	r2, [r3]
1296:./ucOSII/Core/os_task.c ****         return;
 2597              		.loc 1 1296 9
 2598 0036 1BE0     		b	.L147
 2599              	.L150:
1297:./ucOSII/Core/os_task.c ****     }
1298:./ucOSII/Core/os_task.c **** #endif
1299:./ucOSII/Core/os_task.c ****     OS_ENTER_CRITICAL();
 2600              		.loc 1 1299 5
ARM GAS  /var/folders/yl/_q9l42k90g1g4mdhbs226msm0000gn/T//ccEHYDaT.s 			page 69


 2601 0038 4020     		movs	r0, #64
 2602 003a FFF7FEFF 		bl	OS_CPU_SR_Save
 2603 003e 3861     		str	r0, [r7, #16]
1300:./ucOSII/Core/os_task.c ****     if (prio == OS_PRIO_SELF) {                  /* See if need to get register from current task  
 2604              		.loc 1 1300 8
 2605 0040 FB7B     		ldrb	r3, [r7, #15]	@ zero_extendqisi2
 2606 0042 FF2B     		cmp	r3, #255
 2607 0044 03D1     		bne	.L151
1301:./ucOSII/Core/os_task.c ****         ptcb = OSTCBCur;
 2608              		.loc 1 1301 14
 2609 0046 0C4B     		ldr	r3, .L153
 2610 0048 1B68     		ldr	r3, [r3]
 2611 004a 7B61     		str	r3, [r7, #20]
 2612 004c 04E0     		b	.L152
 2613              	.L151:
1302:./ucOSII/Core/os_task.c ****     } else {
1303:./ucOSII/Core/os_task.c ****         ptcb = OSTCBPrioTbl[prio];
 2614              		.loc 1 1303 28
 2615 004e FB7B     		ldrb	r3, [r7, #15]	@ zero_extendqisi2
 2616              		.loc 1 1303 14
 2617 0050 0A4A     		ldr	r2, .L153+4
 2618 0052 52F82330 		ldr	r3, [r2, r3, lsl #2]
 2619 0056 7B61     		str	r3, [r7, #20]
 2620              	.L152:
1304:./ucOSII/Core/os_task.c ****     }
1305:./ucOSII/Core/os_task.c ****     ptcb->OSTCBRegTbl[id] = value;
 2621              		.loc 1 1305 22
 2622 0058 BA7B     		ldrb	r2, [r7, #14]	@ zero_extendqisi2
 2623              		.loc 1 1305 27
 2624 005a 7B69     		ldr	r3, [r7, #20]
 2625 005c 1632     		adds	r2, r2, #22
 2626 005e B968     		ldr	r1, [r7, #8]
 2627 0060 43F82210 		str	r1, [r3, r2, lsl #2]
1306:./ucOSII/Core/os_task.c ****     OS_EXIT_CRITICAL();
 2628              		.loc 1 1306 5
 2629 0064 3869     		ldr	r0, [r7, #16]
 2630 0066 FFF7FEFF 		bl	OS_CPU_SR_Restore
1307:./ucOSII/Core/os_task.c ****     *perr                 = OS_ERR_NONE;
 2631              		.loc 1 1307 27
 2632 006a 7B68     		ldr	r3, [r7, #4]
 2633 006c 0022     		movs	r2, #0
 2634 006e 1A70     		strb	r2, [r3]
 2635              	.L147:
1308:./ucOSII/Core/os_task.c **** }
 2636              		.loc 1 1308 1
 2637 0070 1837     		adds	r7, r7, #24
 2638              	.LCFI68:
 2639              		.cfi_def_cfa_offset 8
 2640 0072 BD46     		mov	sp, r7
 2641              	.LCFI69:
 2642              		.cfi_def_cfa_register 13
 2643              		@ sp needed
 2644 0074 80BD     		pop	{r7, pc}
 2645              	.L154:
 2646 0076 00BF     		.align	2
 2647              	.L153:
 2648 0078 00000000 		.word	OSTCBCur
ARM GAS  /var/folders/yl/_q9l42k90g1g4mdhbs226msm0000gn/T//ccEHYDaT.s 			page 70


 2649 007c 00000000 		.word	OSTCBPrioTbl
 2650              		.cfi_endproc
 2651              	.LFE16:
 2653              		.section	.text.OS_TaskReturn,"ax",%progbits
 2654              		.align	1
 2655              		.global	OS_TaskReturn
 2656              		.syntax unified
 2657              		.thumb
 2658              		.thumb_func
 2660              	OS_TaskReturn:
 2661              	.LFB17:
1309:./ucOSII/Core/os_task.c **** #endif
1310:./ucOSII/Core/os_task.c **** 
1311:./ucOSII/Core/os_task.c **** 
1312:./ucOSII/Core/os_task.c **** /*
1313:./ucOSII/Core/os_task.c **** ***************************************************************************************************
1314:./ucOSII/Core/os_task.c **** *                                    CATCH ACCIDENTAL TASK RETURN
1315:./ucOSII/Core/os_task.c **** *
1316:./ucOSII/Core/os_task.c **** * Description: This function is called if a task accidentally returns without deleting itself.  In 
1317:./ucOSII/Core/os_task.c **** *              words, a task should either be an infinite loop or delete itself if it's done.
1318:./ucOSII/Core/os_task.c **** *
1319:./ucOSII/Core/os_task.c **** * Arguments  : none
1320:./ucOSII/Core/os_task.c **** *
1321:./ucOSII/Core/os_task.c **** * Returns    : none
1322:./ucOSII/Core/os_task.c **** *
1323:./ucOSII/Core/os_task.c **** * Note(s)    : This function is INTERNAL to uC/OS-II and your application should not call it.
1324:./ucOSII/Core/os_task.c **** ***************************************************************************************************
1325:./ucOSII/Core/os_task.c **** */
1326:./ucOSII/Core/os_task.c **** 
1327:./ucOSII/Core/os_task.c **** void  OS_TaskReturn (void)
1328:./ucOSII/Core/os_task.c **** {
 2662              		.loc 1 1328 1
 2663              		.cfi_startproc
 2664              		@ args = 0, pretend = 0, frame = 0
 2665              		@ frame_needed = 1, uses_anonymous_args = 0
 2666 0000 80B5     		push	{r7, lr}
 2667              	.LCFI70:
 2668              		.cfi_def_cfa_offset 8
 2669              		.cfi_offset 7, -8
 2670              		.cfi_offset 14, -4
 2671 0002 00AF     		add	r7, sp, #0
 2672              	.LCFI71:
 2673              		.cfi_def_cfa_register 7
1329:./ucOSII/Core/os_task.c ****     OSTaskReturnHook(OSTCBCur);                   /* Call hook to let user decide on what to do    
 2674              		.loc 1 1329 5
 2675 0004 044B     		ldr	r3, .L156
 2676 0006 1B68     		ldr	r3, [r3]
 2677 0008 1846     		mov	r0, r3
 2678 000a FFF7FEFF 		bl	OSTaskReturnHook
1330:./ucOSII/Core/os_task.c **** 
1331:./ucOSII/Core/os_task.c **** #if OS_TASK_DEL_EN > 0u
1332:./ucOSII/Core/os_task.c ****     (void)OSTaskDel(OS_PRIO_SELF);                /* Delete task if it accidentally returns!       
 2679              		.loc 1 1332 11
 2680 000e FF20     		movs	r0, #255
 2681 0010 FFF7FEFF 		bl	OSTaskDel
1333:./ucOSII/Core/os_task.c **** #else
1334:./ucOSII/Core/os_task.c ****     for (;;) {
ARM GAS  /var/folders/yl/_q9l42k90g1g4mdhbs226msm0000gn/T//ccEHYDaT.s 			page 71


1335:./ucOSII/Core/os_task.c ****         OSTimeDly(OS_TICKS_PER_SEC);
1336:./ucOSII/Core/os_task.c ****     }
1337:./ucOSII/Core/os_task.c **** #endif
1338:./ucOSII/Core/os_task.c **** }
 2682              		.loc 1 1338 1
 2683 0014 00BF     		nop
 2684 0016 80BD     		pop	{r7, pc}
 2685              	.L157:
 2686              		.align	2
 2687              	.L156:
 2688 0018 00000000 		.word	OSTCBCur
 2689              		.cfi_endproc
 2690              	.LFE17:
 2692              		.section	.text.OS_TaskStkClr,"ax",%progbits
 2693              		.align	1
 2694              		.global	OS_TaskStkClr
 2695              		.syntax unified
 2696              		.thumb
 2697              		.thumb_func
 2699              	OS_TaskStkClr:
 2700              	.LFB18:
1339:./ucOSII/Core/os_task.c **** 
1340:./ucOSII/Core/os_task.c **** 
1341:./ucOSII/Core/os_task.c **** /*
1342:./ucOSII/Core/os_task.c **** ***************************************************************************************************
1343:./ucOSII/Core/os_task.c **** *                                          CLEAR TASK STACK
1344:./ucOSII/Core/os_task.c **** *
1345:./ucOSII/Core/os_task.c **** * Description: This function is used to clear the stack of a task (i.e. write all zeros)
1346:./ucOSII/Core/os_task.c **** *
1347:./ucOSII/Core/os_task.c **** * Arguments  : pbos     is a pointer to the task's bottom of stack.  If the configuration constant
1348:./ucOSII/Core/os_task.c **** *                       OS_STK_GROWTH is set to 1, the stack is assumed to grow downward (i.e. from
1349:./ucOSII/Core/os_task.c **** *                       memory to low memory).  'pbos' will thus point to the lowest (valid) memory
1350:./ucOSII/Core/os_task.c **** *                       location of the stack.  If OS_STK_GROWTH is set to 0, 'pbos' will point to 
1351:./ucOSII/Core/os_task.c **** *                       highest memory location of the stack and the stack will grow with increasin
1352:./ucOSII/Core/os_task.c **** *                       memory locations.  'pbos' MUST point to a valid 'free' data item.
1353:./ucOSII/Core/os_task.c **** *
1354:./ucOSII/Core/os_task.c **** *              size     is the number of 'stack elements' to clear.
1355:./ucOSII/Core/os_task.c **** *
1356:./ucOSII/Core/os_task.c **** *              opt      contains additional information (or options) about the behavior of the task
1357:./ucOSII/Core/os_task.c **** *                       LOWER 8-bits are reserved by uC/OS-II while the upper 8 bits can be applica
1358:./ucOSII/Core/os_task.c **** *                       specific.  See OS_TASK_OPT_??? in uCOS-II.H.
1359:./ucOSII/Core/os_task.c **** *
1360:./ucOSII/Core/os_task.c **** * Returns    : none
1361:./ucOSII/Core/os_task.c **** ***************************************************************************************************
1362:./ucOSII/Core/os_task.c **** */
1363:./ucOSII/Core/os_task.c **** #if (OS_TASK_STAT_STK_CHK_EN > 0u) && (OS_TASK_CREATE_EXT_EN > 0u)
1364:./ucOSII/Core/os_task.c **** void  OS_TaskStkClr (OS_STK  *pbos,
1365:./ucOSII/Core/os_task.c ****                      INT32U   size,
1366:./ucOSII/Core/os_task.c ****                      INT16U   opt)
1367:./ucOSII/Core/os_task.c **** {
 2701              		.loc 1 1367 1
 2702              		.cfi_startproc
 2703              		@ args = 0, pretend = 0, frame = 16
 2704              		@ frame_needed = 1, uses_anonymous_args = 0
 2705              		@ link register save eliminated.
 2706 0000 80B4     		push	{r7}
 2707              	.LCFI72:
ARM GAS  /var/folders/yl/_q9l42k90g1g4mdhbs226msm0000gn/T//ccEHYDaT.s 			page 72


 2708              		.cfi_def_cfa_offset 4
 2709              		.cfi_offset 7, -4
 2710 0002 85B0     		sub	sp, sp, #20
 2711              	.LCFI73:
 2712              		.cfi_def_cfa_offset 24
 2713 0004 00AF     		add	r7, sp, #0
 2714              	.LCFI74:
 2715              		.cfi_def_cfa_register 7
 2716 0006 F860     		str	r0, [r7, #12]
 2717 0008 B960     		str	r1, [r7, #8]
 2718 000a 1346     		mov	r3, r2
 2719 000c FB80     		strh	r3, [r7, #6]	@ movhi
1368:./ucOSII/Core/os_task.c ****     if ((opt & OS_TASK_OPT_STK_CHK) != 0x0000u) {      /* See if stack checking has been enabled   
 2720              		.loc 1 1368 14
 2721 000e FB88     		ldrh	r3, [r7, #6]
 2722 0010 03F00103 		and	r3, r3, #1
 2723              		.loc 1 1368 8
 2724 0014 002B     		cmp	r3, #0
 2725 0016 10D0     		beq	.L162
1369:./ucOSII/Core/os_task.c ****         if ((opt & OS_TASK_OPT_STK_CLR) != 0x0000u) {  /* See if stack needs to be cleared         
 2726              		.loc 1 1369 18
 2727 0018 FB88     		ldrh	r3, [r7, #6]
 2728 001a 03F00203 		and	r3, r3, #2
 2729              		.loc 1 1369 12
 2730 001e 002B     		cmp	r3, #0
 2731 0020 0BD0     		beq	.L162
1370:./ucOSII/Core/os_task.c **** #if OS_STK_GROWTH == 1u
1371:./ucOSII/Core/os_task.c ****             while (size > 0u) {                        /* Stack grows from HIGH to LOW memory      
 2732              		.loc 1 1371 19
 2733 0022 07E0     		b	.L160
 2734              	.L161:
1372:./ucOSII/Core/os_task.c ****                 size--;
 2735              		.loc 1 1372 21
 2736 0024 BB68     		ldr	r3, [r7, #8]
 2737 0026 013B     		subs	r3, r3, #1
 2738 0028 BB60     		str	r3, [r7, #8]
1373:./ucOSII/Core/os_task.c ****                 *pbos++ = (OS_STK)0;                   /* Clear from bottom of stack and up!       
 2739              		.loc 1 1373 22
 2740 002a FB68     		ldr	r3, [r7, #12]
 2741 002c 1A1D     		adds	r2, r3, #4
 2742 002e FA60     		str	r2, [r7, #12]
 2743              		.loc 1 1373 25
 2744 0030 0022     		movs	r2, #0
 2745 0032 1A60     		str	r2, [r3]
 2746              	.L160:
1371:./ucOSII/Core/os_task.c ****                 size--;
 2747              		.loc 1 1371 19
 2748 0034 BB68     		ldr	r3, [r7, #8]
 2749 0036 002B     		cmp	r3, #0
 2750 0038 F4D1     		bne	.L161
 2751              	.L162:
1374:./ucOSII/Core/os_task.c ****             }
1375:./ucOSII/Core/os_task.c **** #else
1376:./ucOSII/Core/os_task.c ****             while (size > 0u) {                        /* Stack grows from LOW to HIGH memory      
1377:./ucOSII/Core/os_task.c ****                 size--;
1378:./ucOSII/Core/os_task.c ****                 *pbos-- = (OS_STK)0;                   /* Clear from bottom of stack and down      
1379:./ucOSII/Core/os_task.c ****             }
ARM GAS  /var/folders/yl/_q9l42k90g1g4mdhbs226msm0000gn/T//ccEHYDaT.s 			page 73


1380:./ucOSII/Core/os_task.c **** #endif
1381:./ucOSII/Core/os_task.c ****         }
1382:./ucOSII/Core/os_task.c ****     }
1383:./ucOSII/Core/os_task.c **** }
 2752              		.loc 1 1383 1
 2753 003a 00BF     		nop
 2754 003c 1437     		adds	r7, r7, #20
 2755              	.LCFI75:
 2756              		.cfi_def_cfa_offset 4
 2757 003e BD46     		mov	sp, r7
 2758              	.LCFI76:
 2759              		.cfi_def_cfa_register 13
 2760              		@ sp needed
 2761 0040 5DF8047B 		ldr	r7, [sp], #4
 2762              	.LCFI77:
 2763              		.cfi_restore 7
 2764              		.cfi_def_cfa_offset 0
 2765 0044 7047     		bx	lr
 2766              		.cfi_endproc
 2767              	.LFE18:
 2769              		.text
 2770              	.Letext0:
 2771              		.file 2 "./ucOSII/Port/os_cpu.h"
 2772              		.file 3 "./ucOSII/Core/ucos_ii.h"
ARM GAS  /var/folders/yl/_q9l42k90g1g4mdhbs226msm0000gn/T//ccEHYDaT.s 			page 74


DEFINED SYMBOLS
                            *ABS*:0000000000000000 os_task.c
/var/folders/yl/_q9l42k90g1g4mdhbs226msm0000gn/T//ccEHYDaT.s:20     .text.OSTaskChangePrio:0000000000000000 $t
/var/folders/yl/_q9l42k90g1g4mdhbs226msm0000gn/T//ccEHYDaT.s:26     .text.OSTaskChangePrio:0000000000000000 OSTaskChangePrio
/var/folders/yl/_q9l42k90g1g4mdhbs226msm0000gn/T//ccEHYDaT.s:446    .text.OSTaskChangePrio:0000000000000278 $d
/var/folders/yl/_q9l42k90g1g4mdhbs226msm0000gn/T//ccEHYDaT.s:455    .text.OSTaskCreate:0000000000000000 $t
/var/folders/yl/_q9l42k90g1g4mdhbs226msm0000gn/T//ccEHYDaT.s:461    .text.OSTaskCreate:0000000000000000 OSTaskCreate
/var/folders/yl/_q9l42k90g1g4mdhbs226msm0000gn/T//ccEHYDaT.s:637    .text.OSTaskCreate:0000000000000114 $d
/var/folders/yl/_q9l42k90g1g4mdhbs226msm0000gn/T//ccEHYDaT.s:644    .text.OSTaskCreateExt:0000000000000000 $t
/var/folders/yl/_q9l42k90g1g4mdhbs226msm0000gn/T//ccEHYDaT.s:650    .text.OSTaskCreateExt:0000000000000000 OSTaskCreateExt
/var/folders/yl/_q9l42k90g1g4mdhbs226msm0000gn/T//ccEHYDaT.s:2699   .text.OS_TaskStkClr:0000000000000000 OS_TaskStkClr
/var/folders/yl/_q9l42k90g1g4mdhbs226msm0000gn/T//ccEHYDaT.s:833    .text.OSTaskCreateExt:0000000000000128 $d
/var/folders/yl/_q9l42k90g1g4mdhbs226msm0000gn/T//ccEHYDaT.s:840    .rodata:0000000000000000 $d
/var/folders/yl/_q9l42k90g1g4mdhbs226msm0000gn/T//ccEHYDaT.s:844    .text.OSTaskDel:0000000000000000 $t
/var/folders/yl/_q9l42k90g1g4mdhbs226msm0000gn/T//ccEHYDaT.s:850    .text.OSTaskDel:0000000000000000 OSTaskDel
/var/folders/yl/_q9l42k90g1g4mdhbs226msm0000gn/T//ccEHYDaT.s:1175   .text.OSTaskDel:00000000000001cc $d
/var/folders/yl/_q9l42k90g1g4mdhbs226msm0000gn/T//ccEHYDaT.s:1190   .text.OSTaskDelReq:0000000000000000 $t
/var/folders/yl/_q9l42k90g1g4mdhbs226msm0000gn/T//ccEHYDaT.s:1196   .text.OSTaskDelReq:0000000000000000 OSTaskDelReq
/var/folders/yl/_q9l42k90g1g4mdhbs226msm0000gn/T//ccEHYDaT.s:1314   .text.OSTaskDelReq:0000000000000094 $d
/var/folders/yl/_q9l42k90g1g4mdhbs226msm0000gn/T//ccEHYDaT.s:1320   .text.OSTaskNameGet:0000000000000000 $t
/var/folders/yl/_q9l42k90g1g4mdhbs226msm0000gn/T//ccEHYDaT.s:1326   .text.OSTaskNameGet:0000000000000000 OSTaskNameGet
/var/folders/yl/_q9l42k90g1g4mdhbs226msm0000gn/T//ccEHYDaT.s:1479   .text.OSTaskNameGet:00000000000000c4 $d
/var/folders/yl/_q9l42k90g1g4mdhbs226msm0000gn/T//ccEHYDaT.s:1486   .text.OSTaskNameSet:0000000000000000 $t
/var/folders/yl/_q9l42k90g1g4mdhbs226msm0000gn/T//ccEHYDaT.s:1492   .text.OSTaskNameSet:0000000000000000 OSTaskNameSet
/var/folders/yl/_q9l42k90g1g4mdhbs226msm0000gn/T//ccEHYDaT.s:1647   .text.OSTaskNameSet:00000000000000c8 $d
/var/folders/yl/_q9l42k90g1g4mdhbs226msm0000gn/T//ccEHYDaT.s:1654   .text.OSTaskResume:0000000000000000 $t
/var/folders/yl/_q9l42k90g1g4mdhbs226msm0000gn/T//ccEHYDaT.s:1660   .text.OSTaskResume:0000000000000000 OSTaskResume
/var/folders/yl/_q9l42k90g1g4mdhbs226msm0000gn/T//ccEHYDaT.s:1832   .text.OSTaskResume:00000000000000f8 $d
/var/folders/yl/_q9l42k90g1g4mdhbs226msm0000gn/T//ccEHYDaT.s:1840   .text.OSTaskStkChk:0000000000000000 $t
/var/folders/yl/_q9l42k90g1g4mdhbs226msm0000gn/T//ccEHYDaT.s:1846   .text.OSTaskStkChk:0000000000000000 OSTaskStkChk
/var/folders/yl/_q9l42k90g1g4mdhbs226msm0000gn/T//ccEHYDaT.s:2013   .text.OSTaskStkChk:00000000000000d4 $d
/var/folders/yl/_q9l42k90g1g4mdhbs226msm0000gn/T//ccEHYDaT.s:2019   .text.OSTaskSuspend:0000000000000000 $t
/var/folders/yl/_q9l42k90g1g4mdhbs226msm0000gn/T//ccEHYDaT.s:2025   .text.OSTaskSuspend:0000000000000000 OSTaskSuspend
/var/folders/yl/_q9l42k90g1g4mdhbs226msm0000gn/T//ccEHYDaT.s:2209   .text.OSTaskSuspend:0000000000000100 $d
/var/folders/yl/_q9l42k90g1g4mdhbs226msm0000gn/T//ccEHYDaT.s:2217   .text.OSTaskQuery:0000000000000000 $t
/var/folders/yl/_q9l42k90g1g4mdhbs226msm0000gn/T//ccEHYDaT.s:2223   .text.OSTaskQuery:0000000000000000 OSTaskQuery
/var/folders/yl/_q9l42k90g1g4mdhbs226msm0000gn/T//ccEHYDaT.s:2333   .text.OSTaskQuery:0000000000000088 $d
/var/folders/yl/_q9l42k90g1g4mdhbs226msm0000gn/T//ccEHYDaT.s:2339   .text.OSTaskRegGet:0000000000000000 $t
/var/folders/yl/_q9l42k90g1g4mdhbs226msm0000gn/T//ccEHYDaT.s:2345   .text.OSTaskRegGet:0000000000000000 OSTaskRegGet
/var/folders/yl/_q9l42k90g1g4mdhbs226msm0000gn/T//ccEHYDaT.s:2449   .text.OSTaskRegGet:000000000000007c $d
/var/folders/yl/_q9l42k90g1g4mdhbs226msm0000gn/T//ccEHYDaT.s:2455   .text.OSTaskRegGetID:0000000000000000 $t
/var/folders/yl/_q9l42k90g1g4mdhbs226msm0000gn/T//ccEHYDaT.s:2461   .text.OSTaskRegGetID:0000000000000000 OSTaskRegGetID
/var/folders/yl/_q9l42k90g1g4mdhbs226msm0000gn/T//ccEHYDaT.s:2537   .text.OSTaskRegGetID:0000000000000054 $d
/var/folders/yl/_q9l42k90g1g4mdhbs226msm0000gn/T//ccEHYDaT.s:2542   .text.OSTaskRegSet:0000000000000000 $t
/var/folders/yl/_q9l42k90g1g4mdhbs226msm0000gn/T//ccEHYDaT.s:2548   .text.OSTaskRegSet:0000000000000000 OSTaskRegSet
/var/folders/yl/_q9l42k90g1g4mdhbs226msm0000gn/T//ccEHYDaT.s:2648   .text.OSTaskRegSet:0000000000000078 $d
/var/folders/yl/_q9l42k90g1g4mdhbs226msm0000gn/T//ccEHYDaT.s:2654   .text.OS_TaskReturn:0000000000000000 $t
/var/folders/yl/_q9l42k90g1g4mdhbs226msm0000gn/T//ccEHYDaT.s:2660   .text.OS_TaskReturn:0000000000000000 OS_TaskReturn
/var/folders/yl/_q9l42k90g1g4mdhbs226msm0000gn/T//ccEHYDaT.s:2688   .text.OS_TaskReturn:0000000000000018 $d
/var/folders/yl/_q9l42k90g1g4mdhbs226msm0000gn/T//ccEHYDaT.s:2693   .text.OS_TaskStkClr:0000000000000000 $t

UNDEFINED SYMBOLS
OS_CPU_SR_Save
OS_CPU_SR_Restore
SYSVIEW_TaskReady
OS_Sched
OSTCBPrioTbl
ARM GAS  /var/folders/yl/_q9l42k90g1g4mdhbs226msm0000gn/T//ccEHYDaT.s 			page 75


OSTCBCur
OSRdyTbl
OSRdyGrp
OSRunning
OSTaskStkInit
OS_TCBInit
SEGGER_SYSVIEW_OnTaskCreate
SYSVIEW_AddTask
OSIntNesting
SYSVIEW_TaskSuspend
OS_EventTaskRemove
OS_EventTaskRemoveMulti
OS_FlagUnlink
OS_Dummy
OSTaskDelHook
OSLockNesting
OSTaskCtr
OSTCBList
OSTCBFreeList
OS_StrLen
SYSVIEW_UpdateTask
OS_MemCopy
OSTaskRegNextAvailID
OSTaskReturnHook
