ARM GAS  /var/folders/yl/_q9l42k90g1g4mdhbs226msm0000gn/T//ccxj18A8.s 			page 1


   1              		.cpu cortex-m4
   2              		.arch armv7e-m
   3              		.fpu fpv4-sp-d16
   4              		.eabi_attribute 27, 1
   5              		.eabi_attribute 28, 1
   6              		.eabi_attribute 20, 1
   7              		.eabi_attribute 21, 1
   8              		.eabi_attribute 23, 3
   9              		.eabi_attribute 24, 1
  10              		.eabi_attribute 25, 1
  11              		.eabi_attribute 26, 1
  12              		.eabi_attribute 30, 6
  13              		.eabi_attribute 34, 1
  14              		.eabi_attribute 18, 4
  15              		.file	"SEGGER_SYSVIEW.c"
  16              		.text
  17              	.Ltext0:
  18              		.cfi_sections	.debug_frame
  19              		.global	SEGGER_SYSVIEW_TickCnt
  20              		.section	.bss.SEGGER_SYSVIEW_TickCnt,"aw",%nobits
  21              		.align	2
  24              	SEGGER_SYSVIEW_TickCnt:
  25 0000 00000000 		.space	4
  26              		.global	SEGGER_SYSVIEW_InterruptId
  27              		.section	.bss.SEGGER_SYSVIEW_InterruptId,"aw",%nobits
  28              		.align	2
  31              	SEGGER_SYSVIEW_InterruptId:
  32 0000 00000000 		.space	4
  33              		.section	.rodata._abSync,"a"
  34              		.align	2
  37              	_abSync:
  38 0000 00000000 		.space	10
  38      00000000 
  38      0000
  39              		.section	.bss._UpBuffer,"aw",%nobits
  40              		.align	2
  43              	_UpBuffer:
  44 0000 00000000 		.space	1024
  44      00000000 
  44      00000000 
  44      00000000 
  44      00000000 
  45              		.section	.bss._DownBuffer,"aw",%nobits
  46              		.align	2
  49              	_DownBuffer:
  50 0000 00000000 		.space	8
  50      00000000 
  51              		.section	.bss._SYSVIEW_Globals,"aw",%nobits
  52              		.align	2
  55              	_SYSVIEW_Globals:
  56 0000 00000000 		.space	40
  56      00000000 
  56      00000000 
  56      00000000 
  56      00000000 
  57              		.section	.bss._pFirstModule,"aw",%nobits
  58              		.align	2
ARM GAS  /var/folders/yl/_q9l42k90g1g4mdhbs226msm0000gn/T//ccxj18A8.s 			page 2


  61              	_pFirstModule:
  62 0000 00000000 		.space	4
  63              		.section	.bss._NumModules,"aw",%nobits
  66              	_NumModules:
  67 0000 00       		.space	1
  68              		.section	.bss._aPacket,"aw",%nobits
  69              		.align	2
  72              	_aPacket:
  73 0000 00000000 		.space	227
  73      00000000 
  73      00000000 
  73      00000000 
  73      00000000 
  74              		.section	.text._EncodeData,"ax",%progbits
  75              		.align	1
  76              		.syntax unified
  77              		.thumb
  78              		.thumb_func
  80              	_EncodeData:
  81              	.LFB0:
  82              		.file 1 "./SystemView/SEGGER_SYSVIEW.c"
   1:./SystemView/SEGGER_SYSVIEW.c **** /*********************************************************************
   2:./SystemView/SEGGER_SYSVIEW.c **** *                    SEGGER Microcontroller GmbH                     *
   3:./SystemView/SEGGER_SYSVIEW.c **** *                        The Embedded Experts                        *
   4:./SystemView/SEGGER_SYSVIEW.c **** **********************************************************************
   5:./SystemView/SEGGER_SYSVIEW.c **** *                                                                    *
   6:./SystemView/SEGGER_SYSVIEW.c **** *            (c) 1995 - 2024 SEGGER Microcontroller GmbH             *
   7:./SystemView/SEGGER_SYSVIEW.c **** *                                                                    *
   8:./SystemView/SEGGER_SYSVIEW.c **** *       www.segger.com     Support: support@segger.com               *
   9:./SystemView/SEGGER_SYSVIEW.c **** *                                                                    *
  10:./SystemView/SEGGER_SYSVIEW.c **** **********************************************************************
  11:./SystemView/SEGGER_SYSVIEW.c **** *                                                                    *
  12:./SystemView/SEGGER_SYSVIEW.c **** *       SEGGER SystemView * Real-time application analysis           *
  13:./SystemView/SEGGER_SYSVIEW.c **** *                                                                    *
  14:./SystemView/SEGGER_SYSVIEW.c **** **********************************************************************
  15:./SystemView/SEGGER_SYSVIEW.c **** *                                                                    *
  16:./SystemView/SEGGER_SYSVIEW.c **** * All rights reserved.                                               *
  17:./SystemView/SEGGER_SYSVIEW.c **** *                                                                    *
  18:./SystemView/SEGGER_SYSVIEW.c **** * SEGGER strongly recommends to not make any changes                 *
  19:./SystemView/SEGGER_SYSVIEW.c **** * to or modify the source code of this software in order to stay     *
  20:./SystemView/SEGGER_SYSVIEW.c **** * compatible with the SystemView and RTT protocol, and J-Link.       *
  21:./SystemView/SEGGER_SYSVIEW.c **** *                                                                    *
  22:./SystemView/SEGGER_SYSVIEW.c **** * Redistribution and use in source and binary forms, with or         *
  23:./SystemView/SEGGER_SYSVIEW.c **** * without modification, are permitted provided that the following    *
  24:./SystemView/SEGGER_SYSVIEW.c **** * condition is met:                                                  *
  25:./SystemView/SEGGER_SYSVIEW.c **** *                                                                    *
  26:./SystemView/SEGGER_SYSVIEW.c **** * o Redistributions of source code must retain the above copyright   *
  27:./SystemView/SEGGER_SYSVIEW.c **** *   notice, this condition and the following disclaimer.             *
  28:./SystemView/SEGGER_SYSVIEW.c **** *                                                                    *
  29:./SystemView/SEGGER_SYSVIEW.c **** * THIS SOFTWARE IS PROVIDED BY THE COPYRIGHT HOLDERS AND             *
  30:./SystemView/SEGGER_SYSVIEW.c **** * CONTRIBUTORS "AS IS" AND ANY EXPRESS OR IMPLIED WARRANTIES,        *
  31:./SystemView/SEGGER_SYSVIEW.c **** * INCLUDING, BUT NOT LIMITED TO, THE IMPLIED WARRANTIES OF           *
  32:./SystemView/SEGGER_SYSVIEW.c **** * MERCHANTABILITY AND FITNESS FOR A PARTICULAR PURPOSE ARE           *
  33:./SystemView/SEGGER_SYSVIEW.c **** * DISCLAIMED. IN NO EVENT SHALL SEGGER Microcontroller BE LIABLE FOR *
  34:./SystemView/SEGGER_SYSVIEW.c **** * ANY DIRECT, INDIRECT, INCIDENTAL, SPECIAL, EXEMPLARY, OR           *
  35:./SystemView/SEGGER_SYSVIEW.c **** * CONSEQUENTIAL DAMAGES (INCLUDING, BUT NOT LIMITED TO, PROCUREMENT  *
  36:./SystemView/SEGGER_SYSVIEW.c **** * OF SUBSTITUTE GOODS OR SERVICES; LOSS OF USE, DATA, OR PROFITS;    *
ARM GAS  /var/folders/yl/_q9l42k90g1g4mdhbs226msm0000gn/T//ccxj18A8.s 			page 3


  37:./SystemView/SEGGER_SYSVIEW.c **** * OR BUSINESS INTERRUPTION) HOWEVER CAUSED AND ON ANY THEORY OF      *
  38:./SystemView/SEGGER_SYSVIEW.c **** * LIABILITY, WHETHER IN CONTRACT, STRICT LIABILITY, OR TORT          *
  39:./SystemView/SEGGER_SYSVIEW.c **** * (INCLUDING NEGLIGENCE OR OTHERWISE) ARISING IN ANY WAY OUT OF THE  *
  40:./SystemView/SEGGER_SYSVIEW.c **** * USE OF THIS SOFTWARE, EVEN IF ADVISED OF THE POSSIBILITY OF SUCH   *
  41:./SystemView/SEGGER_SYSVIEW.c **** * DAMAGE.                                                            *
  42:./SystemView/SEGGER_SYSVIEW.c **** *                                                                    *
  43:./SystemView/SEGGER_SYSVIEW.c **** **********************************************************************
  44:./SystemView/SEGGER_SYSVIEW.c **** *                                                                    *
  45:./SystemView/SEGGER_SYSVIEW.c **** *       SystemView version: 3.54                                    *
  46:./SystemView/SEGGER_SYSVIEW.c **** *                                                                    *
  47:./SystemView/SEGGER_SYSVIEW.c **** **********************************************************************
  48:./SystemView/SEGGER_SYSVIEW.c **** -------------------------- END-OF-HEADER -----------------------------
  49:./SystemView/SEGGER_SYSVIEW.c **** 
  50:./SystemView/SEGGER_SYSVIEW.c **** File    : SEGGER_SYSVIEW.c
  51:./SystemView/SEGGER_SYSVIEW.c **** Purpose : System visualization API implementation.
  52:./SystemView/SEGGER_SYSVIEW.c **** Revision: $Rev: 29105 $
  53:./SystemView/SEGGER_SYSVIEW.c **** 
  54:./SystemView/SEGGER_SYSVIEW.c **** Additional information:
  55:./SystemView/SEGGER_SYSVIEW.c ****   Packet format:
  56:./SystemView/SEGGER_SYSVIEW.c ****     Packets with IDs 0..23 are standard packets with known structure.
  57:./SystemView/SEGGER_SYSVIEW.c ****     For efficiency, they do *NOT* contain a length field.
  58:./SystemView/SEGGER_SYSVIEW.c ****     <ID><Data><TimeStampDelta>
  59:./SystemView/SEGGER_SYSVIEW.c **** 
  60:./SystemView/SEGGER_SYSVIEW.c ****     Packets with IDs 24..31 are standard packets with extendible
  61:./SystemView/SEGGER_SYSVIEW.c ****     structure and contain a length field.
  62:./SystemView/SEGGER_SYSVIEW.c ****     <ID><Lenght><Data><TimeStampDelta>
  63:./SystemView/SEGGER_SYSVIEW.c **** 
  64:./SystemView/SEGGER_SYSVIEW.c ****     Packet ID 31 is used for SystemView extended events.
  65:./SystemView/SEGGER_SYSVIEW.c ****     <ID><Lenght><ID_EX><Data><TimeStampDelta>
  66:./SystemView/SEGGER_SYSVIEW.c **** 
  67:./SystemView/SEGGER_SYSVIEW.c ****     Packets with IDs >= 32 always contain a length field.
  68:./SystemView/SEGGER_SYSVIEW.c ****     <ID><Length><Data><TimeStampDelta>
  69:./SystemView/SEGGER_SYSVIEW.c **** 
  70:./SystemView/SEGGER_SYSVIEW.c ****   Packet IDs:
  71:./SystemView/SEGGER_SYSVIEW.c ****        0..  31 : Standard packets, known by SystemView.
  72:./SystemView/SEGGER_SYSVIEW.c ****       32..1023 : OS-definable packets, described in a SystemView description file.
  73:./SystemView/SEGGER_SYSVIEW.c ****     1024..2047 : User-definable packets, described in a SystemView description file.
  74:./SystemView/SEGGER_SYSVIEW.c ****     2048..32767: Undefined.
  75:./SystemView/SEGGER_SYSVIEW.c **** 
  76:./SystemView/SEGGER_SYSVIEW.c ****   Data encoding:
  77:./SystemView/SEGGER_SYSVIEW.c ****     Basic types (int, short, char, ...):
  78:./SystemView/SEGGER_SYSVIEW.c ****       Basic types are encoded little endian with most-significant bit variant
  79:./SystemView/SEGGER_SYSVIEW.c ****       encoding.
  80:./SystemView/SEGGER_SYSVIEW.c ****       Each encoded byte contains 7 data bits [6:0] and the MSB continuation bit.
  81:./SystemView/SEGGER_SYSVIEW.c ****       The continuation bit indicates whether the next byte belongs to the data
  82:./SystemView/SEGGER_SYSVIEW.c ****       (bit set) or this is the last byte (bit clear).
  83:./SystemView/SEGGER_SYSVIEW.c ****       The most significant bits of data are encoded first, proceeding to the
  84:./SystemView/SEGGER_SYSVIEW.c ****       least significant bits in the final byte (little endian).
  85:./SystemView/SEGGER_SYSVIEW.c **** 
  86:./SystemView/SEGGER_SYSVIEW.c ****       Example encoding:
  87:./SystemView/SEGGER_SYSVIEW.c ****         Data: 0x1F4 (500)
  88:./SystemView/SEGGER_SYSVIEW.c ****         Encoded: 0xF4 (First 7 data bits 74 | Continuation bit)
  89:./SystemView/SEGGER_SYSVIEW.c ****                  0x03 (Second 7 data bits 03, no continuation)
  90:./SystemView/SEGGER_SYSVIEW.c **** 
  91:./SystemView/SEGGER_SYSVIEW.c ****         Data: 0xFFFFFFFF
  92:./SystemView/SEGGER_SYSVIEW.c ****         Encoded: 0xFF 0xFF 0xFF 0xFF 0x0F
  93:./SystemView/SEGGER_SYSVIEW.c **** 
ARM GAS  /var/folders/yl/_q9l42k90g1g4mdhbs226msm0000gn/T//ccxj18A8.s 			page 4


  94:./SystemView/SEGGER_SYSVIEW.c ****         Data: 0xA2 (162),   0x03 (3), 0x7000
  95:./SystemView/SEGGER_SYSVIEW.c ****         Encoded: 0xA2 0x01  0x03      0x80 0xE0 0x01
  96:./SystemView/SEGGER_SYSVIEW.c **** 
  97:./SystemView/SEGGER_SYSVIEW.c ****     Byte arrays and strings:
  98:./SystemView/SEGGER_SYSVIEW.c ****       Byte arrays and strings are encoded as <NumBytes> followed by the raw data.
  99:./SystemView/SEGGER_SYSVIEW.c ****       NumBytes is encoded as a basic type with a theoretical maximum of 4G.
 100:./SystemView/SEGGER_SYSVIEW.c **** 
 101:./SystemView/SEGGER_SYSVIEW.c ****       Example encoding:
 102:./SystemView/SEGGER_SYSVIEW.c ****         Data: "Hello World\0" (0x48 0x65 0x6C 0x6C 0x6F 0x20 0x57 0x6F 0x72 0x6C 0x64 0x00)
 103:./SystemView/SEGGER_SYSVIEW.c ****         Encoded: 0x0B 0x48 0x65 0x6C 0x6C 0x6F 0x20 0x57 0x6F 0x72 0x6C 0x64
 104:./SystemView/SEGGER_SYSVIEW.c **** 
 105:./SystemView/SEGGER_SYSVIEW.c ****   Examples packets:
 106:./SystemView/SEGGER_SYSVIEW.c ****   01 F4 03 80 80 10 // Overflow packet. Data is a single U32.
 107:./SystemView/SEGGER_SYSVIEW.c ****                        This packet means: 500 packets lost, Timestamp is 0x40000
 108:./SystemView/SEGGER_SYSVIEW.c **** 
 109:./SystemView/SEGGER_SYSVIEW.c ****   02 0F 50          // ISR(15) Enter. Timestamp 80 (0x50)
 110:./SystemView/SEGGER_SYSVIEW.c **** 
 111:./SystemView/SEGGER_SYSVIEW.c ****   03 20             // ISR Exit. Timestamp 32 (0x20) (Shortest possible packet.)
 112:./SystemView/SEGGER_SYSVIEW.c **** 
 113:./SystemView/SEGGER_SYSVIEW.c ****   Sample code for user defined Packets:
 114:./SystemView/SEGGER_SYSVIEW.c ****     #define MY_ID   0x400                // Any value between 0x400 and 0x7FF
 115:./SystemView/SEGGER_SYSVIEW.c ****     void SendMyPacket(unsigned Para0, unsigned Para1, const char* s) {
 116:./SystemView/SEGGER_SYSVIEW.c ****       U8  aPacket[SEGGER_SYSVIEW_INFO_SIZE + 2 * SEGGER_SYSVIEW_QUANTA_U32 + MAX_STR_LEN + 1];
 117:./SystemView/SEGGER_SYSVIEW.c ****       U8* pPayload;
 118:./SystemView/SEGGER_SYSVIEW.c ****       //
 119:./SystemView/SEGGER_SYSVIEW.c ****       pPayload = SEGGER_SYSVIEW_PPREPARE_PACKET(aPacket);               // Prepare the packet for S
 120:./SystemView/SEGGER_SYSVIEW.c ****       pPayload = SEGGER_SYSVIEW_EncodeU32(pPayload, Para0);             // Add the first parameter 
 121:./SystemView/SEGGER_SYSVIEW.c ****       pPayload = SEGGER_SYSVIEW_EncodeU32(pPayload, Para1);             // Add the second parameter
 122:./SystemView/SEGGER_SYSVIEW.c ****       pPayload = SEGGER_SYSVIEW_EncodeString(pPayload, s, MAX_STR_LEN); // Add the string to the pa
 123:./SystemView/SEGGER_SYSVIEW.c ****       //
 124:./SystemView/SEGGER_SYSVIEW.c ****       SEGGER_SYSVIEW_SendPacket(&aPacket[0], pPayload, MY_ID);          // Send the packet with Eve
 125:./SystemView/SEGGER_SYSVIEW.c ****     }
 126:./SystemView/SEGGER_SYSVIEW.c **** 
 127:./SystemView/SEGGER_SYSVIEW.c ****     #define MY_ID_1 0x401
 128:./SystemView/SEGGER_SYSVIEW.c ****     void SendOnePara(unsigned Para0) {
 129:./SystemView/SEGGER_SYSVIEW.c ****       SEGGER_SYSVIEW_RecordU32(MY_ID_1, Para0);
 130:./SystemView/SEGGER_SYSVIEW.c ****     }
 131:./SystemView/SEGGER_SYSVIEW.c **** 
 132:./SystemView/SEGGER_SYSVIEW.c **** */
 133:./SystemView/SEGGER_SYSVIEW.c **** 
 134:./SystemView/SEGGER_SYSVIEW.c **** /*********************************************************************
 135:./SystemView/SEGGER_SYSVIEW.c **** *
 136:./SystemView/SEGGER_SYSVIEW.c **** *       #include section
 137:./SystemView/SEGGER_SYSVIEW.c **** *
 138:./SystemView/SEGGER_SYSVIEW.c **** **********************************************************************
 139:./SystemView/SEGGER_SYSVIEW.c **** */
 140:./SystemView/SEGGER_SYSVIEW.c **** 
 141:./SystemView/SEGGER_SYSVIEW.c **** #define SEGGER_SYSVIEW_C  // For EXTERN statements in SEGGER_SYSVIEW.h
 142:./SystemView/SEGGER_SYSVIEW.c **** 
 143:./SystemView/SEGGER_SYSVIEW.c **** #include <string.h>
 144:./SystemView/SEGGER_SYSVIEW.c **** #include <stdlib.h>
 145:./SystemView/SEGGER_SYSVIEW.c **** #include <stdarg.h>
 146:./SystemView/SEGGER_SYSVIEW.c **** #include "SEGGER_SYSVIEW_Int.h"
 147:./SystemView/SEGGER_SYSVIEW.c **** #include "SEGGER_RTT.h"
 148:./SystemView/SEGGER_SYSVIEW.c **** 
 149:./SystemView/SEGGER_SYSVIEW.c **** /*********************************************************************
 150:./SystemView/SEGGER_SYSVIEW.c **** *
ARM GAS  /var/folders/yl/_q9l42k90g1g4mdhbs226msm0000gn/T//ccxj18A8.s 			page 5


 151:./SystemView/SEGGER_SYSVIEW.c **** *       Defines, fixed
 152:./SystemView/SEGGER_SYSVIEW.c **** *
 153:./SystemView/SEGGER_SYSVIEW.c **** **********************************************************************
 154:./SystemView/SEGGER_SYSVIEW.c **** */
 155:./SystemView/SEGGER_SYSVIEW.c **** #if SEGGER_SYSVIEW_ID_SHIFT
 156:./SystemView/SEGGER_SYSVIEW.c ****   #define SHRINK_ID(Id)   (((Id) - _SYSVIEW_Globals.RAMBaseAddress) >> SEGGER_SYSVIEW_ID_SHIFT)
 157:./SystemView/SEGGER_SYSVIEW.c **** #else
 158:./SystemView/SEGGER_SYSVIEW.c ****   #define SHRINK_ID(Id)   ((Id) - _SYSVIEW_Globals.RAMBaseAddress)
 159:./SystemView/SEGGER_SYSVIEW.c **** #endif
 160:./SystemView/SEGGER_SYSVIEW.c **** 
 161:./SystemView/SEGGER_SYSVIEW.c **** #if SEGGER_SYSVIEW_RTT_CHANNEL > 0
 162:./SystemView/SEGGER_SYSVIEW.c ****   #define CHANNEL_ID_UP   SEGGER_SYSVIEW_RTT_CHANNEL
 163:./SystemView/SEGGER_SYSVIEW.c ****   #define CHANNEL_ID_DOWN SEGGER_SYSVIEW_RTT_CHANNEL
 164:./SystemView/SEGGER_SYSVIEW.c **** #else
 165:./SystemView/SEGGER_SYSVIEW.c ****   #define CHANNEL_ID_UP   _SYSVIEW_Globals.UpChannel
 166:./SystemView/SEGGER_SYSVIEW.c ****   #define CHANNEL_ID_DOWN _SYSVIEW_Globals.DownChannel
 167:./SystemView/SEGGER_SYSVIEW.c **** #endif
 168:./SystemView/SEGGER_SYSVIEW.c **** 
 169:./SystemView/SEGGER_SYSVIEW.c **** #if SEGGER_SYSVIEW_CPU_CACHE_LINE_SIZE
 170:./SystemView/SEGGER_SYSVIEW.c ****   #if (SEGGER_SYSVIEW_RTT_BUFFER_SIZE % SEGGER_SYSVIEW_CPU_CACHE_LINE_SIZE)
 171:./SystemView/SEGGER_SYSVIEW.c ****     #error "SEGGER_SYSVIEW_RTT_BUFFER_SIZE must be a multiple of SEGGER_SYSVIEW_CPU_CACHE_LINE_SIZE
 172:./SystemView/SEGGER_SYSVIEW.c ****   #endif
 173:./SystemView/SEGGER_SYSVIEW.c **** #endif
 174:./SystemView/SEGGER_SYSVIEW.c **** 
 175:./SystemView/SEGGER_SYSVIEW.c **** /*********************************************************************
 176:./SystemView/SEGGER_SYSVIEW.c **** *
 177:./SystemView/SEGGER_SYSVIEW.c **** *       Defines, configurable
 178:./SystemView/SEGGER_SYSVIEW.c **** *
 179:./SystemView/SEGGER_SYSVIEW.c **** **********************************************************************
 180:./SystemView/SEGGER_SYSVIEW.c **** */
 181:./SystemView/SEGGER_SYSVIEW.c **** // Timestamps may be less than full 32-bits, in which case we need to zero
 182:./SystemView/SEGGER_SYSVIEW.c **** // the unused bits to properly handle overflows.
 183:./SystemView/SEGGER_SYSVIEW.c **** // Note that this is a quite common scenario, as a 32-bit time such as
 184:./SystemView/SEGGER_SYSVIEW.c **** // SysTick might be scaled down to reduce bandwith
 185:./SystemView/SEGGER_SYSVIEW.c **** // or a 16-bit hardware time might be used.
 186:./SystemView/SEGGER_SYSVIEW.c **** #if SEGGER_SYSVIEW_TIMESTAMP_BITS < 32  // Eliminate unused bits in case hardware timestamps are le
 187:./SystemView/SEGGER_SYSVIEW.c ****   #define MAKE_DELTA_32BIT(Delta) Delta <<= 32 - SEGGER_SYSVIEW_TIMESTAMP_BITS; \
 188:./SystemView/SEGGER_SYSVIEW.c ****                                   Delta >>= 32 - SEGGER_SYSVIEW_TIMESTAMP_BITS;
 189:./SystemView/SEGGER_SYSVIEW.c **** #else
 190:./SystemView/SEGGER_SYSVIEW.c ****   #define MAKE_DELTA_32BIT(Delta)
 191:./SystemView/SEGGER_SYSVIEW.c **** #endif
 192:./SystemView/SEGGER_SYSVIEW.c **** 
 193:./SystemView/SEGGER_SYSVIEW.c **** #if SEGGER_SYSVIEW_SUPPORT_LONG_ID
 194:./SystemView/SEGGER_SYSVIEW.c ****   #define _MAX_ID_BYTES       5u
 195:./SystemView/SEGGER_SYSVIEW.c **** #else
 196:./SystemView/SEGGER_SYSVIEW.c ****   #define _MAX_ID_BYTES       2u
 197:./SystemView/SEGGER_SYSVIEW.c **** #endif
 198:./SystemView/SEGGER_SYSVIEW.c **** 
 199:./SystemView/SEGGER_SYSVIEW.c **** #if SEGGER_SYSVIEW_SUPPORT_LONG_DATA
 200:./SystemView/SEGGER_SYSVIEW.c ****   #define _MAX_DATA_BYTES     5u
 201:./SystemView/SEGGER_SYSVIEW.c **** #else
 202:./SystemView/SEGGER_SYSVIEW.c ****   #define _MAX_DATA_BYTES     2u
 203:./SystemView/SEGGER_SYSVIEW.c **** #endif
 204:./SystemView/SEGGER_SYSVIEW.c **** 
 205:./SystemView/SEGGER_SYSVIEW.c **** /*********************************************************************
 206:./SystemView/SEGGER_SYSVIEW.c **** *
 207:./SystemView/SEGGER_SYSVIEW.c **** *       Defines, fixed
ARM GAS  /var/folders/yl/_q9l42k90g1g4mdhbs226msm0000gn/T//ccxj18A8.s 			page 6


 208:./SystemView/SEGGER_SYSVIEW.c **** *
 209:./SystemView/SEGGER_SYSVIEW.c **** **********************************************************************
 210:./SystemView/SEGGER_SYSVIEW.c **** */
 211:./SystemView/SEGGER_SYSVIEW.c **** #define ENABLE_STATE_OFF        0
 212:./SystemView/SEGGER_SYSVIEW.c **** #define ENABLE_STATE_ON         1
 213:./SystemView/SEGGER_SYSVIEW.c **** #define ENABLE_STATE_DROPPING   2
 214:./SystemView/SEGGER_SYSVIEW.c **** 
 215:./SystemView/SEGGER_SYSVIEW.c **** #define FORMAT_FLAG_LEFT_JUSTIFY   (1u << 0)
 216:./SystemView/SEGGER_SYSVIEW.c **** #define FORMAT_FLAG_PAD_ZERO       (1u << 1)
 217:./SystemView/SEGGER_SYSVIEW.c **** #define FORMAT_FLAG_PRINT_SIGN     (1u << 2)
 218:./SystemView/SEGGER_SYSVIEW.c **** #define FORMAT_FLAG_ALTERNATE      (1u << 3)
 219:./SystemView/SEGGER_SYSVIEW.c **** 
 220:./SystemView/SEGGER_SYSVIEW.c **** #define MODULE_EVENT_OFFSET        (512)
 221:./SystemView/SEGGER_SYSVIEW.c **** 
 222:./SystemView/SEGGER_SYSVIEW.c **** /*********************************************************************
 223:./SystemView/SEGGER_SYSVIEW.c **** *
 224:./SystemView/SEGGER_SYSVIEW.c **** *       Types, local
 225:./SystemView/SEGGER_SYSVIEW.c **** *
 226:./SystemView/SEGGER_SYSVIEW.c **** **********************************************************************
 227:./SystemView/SEGGER_SYSVIEW.c **** */
 228:./SystemView/SEGGER_SYSVIEW.c **** typedef struct {
 229:./SystemView/SEGGER_SYSVIEW.c ****   U8*       pBuffer;
 230:./SystemView/SEGGER_SYSVIEW.c ****   U8*       pPayload;
 231:./SystemView/SEGGER_SYSVIEW.c ****   U8*       pPayloadStart;
 232:./SystemView/SEGGER_SYSVIEW.c ****   U32       Options;
 233:./SystemView/SEGGER_SYSVIEW.c ****   unsigned  Cnt;
 234:./SystemView/SEGGER_SYSVIEW.c **** } SEGGER_SYSVIEW_PRINTF_DESC;
 235:./SystemView/SEGGER_SYSVIEW.c **** 
 236:./SystemView/SEGGER_SYSVIEW.c **** typedef struct {
 237:./SystemView/SEGGER_SYSVIEW.c ****         U8                      EnableState;   // 0: Disabled, 1: Enabled, (2: Dropping)
 238:./SystemView/SEGGER_SYSVIEW.c ****         U8                      UpChannel;
 239:./SystemView/SEGGER_SYSVIEW.c ****         U8                      RecursionCnt;
 240:./SystemView/SEGGER_SYSVIEW.c ****         U32                     SysFreq;
 241:./SystemView/SEGGER_SYSVIEW.c ****         U32                     CPUFreq;
 242:./SystemView/SEGGER_SYSVIEW.c ****         U32                     LastTxTimeStamp;
 243:./SystemView/SEGGER_SYSVIEW.c ****         U32                     RAMBaseAddress;
 244:./SystemView/SEGGER_SYSVIEW.c **** #if (SEGGER_SYSVIEW_POST_MORTEM_MODE == 1)
 245:./SystemView/SEGGER_SYSVIEW.c ****         U32                     PacketCount;
 246:./SystemView/SEGGER_SYSVIEW.c **** #else
 247:./SystemView/SEGGER_SYSVIEW.c ****         U32                     DropCount;
 248:./SystemView/SEGGER_SYSVIEW.c ****         U8                      DownChannel;
 249:./SystemView/SEGGER_SYSVIEW.c **** #endif
 250:./SystemView/SEGGER_SYSVIEW.c ****         U32                     DisabledEvents;
 251:./SystemView/SEGGER_SYSVIEW.c ****   const SEGGER_SYSVIEW_OS_API*  pOSAPI;
 252:./SystemView/SEGGER_SYSVIEW.c ****         SEGGER_SYSVIEW_SEND_SYS_DESC_FUNC*   pfSendSysDesc;
 253:./SystemView/SEGGER_SYSVIEW.c **** } SEGGER_SYSVIEW_GLOBALS;
 254:./SystemView/SEGGER_SYSVIEW.c **** 
 255:./SystemView/SEGGER_SYSVIEW.c **** /*********************************************************************
 256:./SystemView/SEGGER_SYSVIEW.c **** *
 257:./SystemView/SEGGER_SYSVIEW.c **** *       Function prototypes, required
 258:./SystemView/SEGGER_SYSVIEW.c **** *
 259:./SystemView/SEGGER_SYSVIEW.c **** **********************************************************************
 260:./SystemView/SEGGER_SYSVIEW.c **** */
 261:./SystemView/SEGGER_SYSVIEW.c **** static void _SendPacket(U8* pStartPacket, U8* pEndPacket, unsigned int EventId);
 262:./SystemView/SEGGER_SYSVIEW.c **** 
 263:./SystemView/SEGGER_SYSVIEW.c **** /*********************************************************************
 264:./SystemView/SEGGER_SYSVIEW.c **** *
ARM GAS  /var/folders/yl/_q9l42k90g1g4mdhbs226msm0000gn/T//ccxj18A8.s 			page 7


 265:./SystemView/SEGGER_SYSVIEW.c **** *       Static data
 266:./SystemView/SEGGER_SYSVIEW.c **** *
 267:./SystemView/SEGGER_SYSVIEW.c **** **********************************************************************
 268:./SystemView/SEGGER_SYSVIEW.c **** */
 269:./SystemView/SEGGER_SYSVIEW.c **** static const U8 _abSync[10] = { 0x00, 0x00, 0x00, 0x00, 0x00, 0x00, 0x00, 0x00, 0x00, 0x00};
 270:./SystemView/SEGGER_SYSVIEW.c **** 
 271:./SystemView/SEGGER_SYSVIEW.c **** #if SEGGER_SYSVIEW_CPU_CACHE_LINE_SIZE
 272:./SystemView/SEGGER_SYSVIEW.c ****   #ifdef SEGGER_SYSVIEW_SECTION
 273:./SystemView/SEGGER_SYSVIEW.c ****     //
 274:./SystemView/SEGGER_SYSVIEW.c ****     // Alignment + special section required
 275:./SystemView/SEGGER_SYSVIEW.c ****     //
 276:./SystemView/SEGGER_SYSVIEW.c ****     #if (defined __GNUC__)
 277:./SystemView/SEGGER_SYSVIEW.c ****       __attribute__ ((section (SEGGER_SYSVIEW_SECTION), aligned (SEGGER_SYSVIEW_CPU_CACHE_LINE_SIZE
 278:./SystemView/SEGGER_SYSVIEW.c ****       #if (SEGGER_SYSVIEW_POST_MORTEM_MODE != 1)
 279:./SystemView/SEGGER_SYSVIEW.c ****         __attribute__ ((section (SEGGER_SYSVIEW_SECTION), aligned (SEGGER_SYSVIEW_CPU_CACHE_LINE_SI
 280:./SystemView/SEGGER_SYSVIEW.c ****       #endif
 281:./SystemView/SEGGER_SYSVIEW.c ****     #elif (defined __ICCARM__) || (defined __ICCRX__)
 282:./SystemView/SEGGER_SYSVIEW.c ****       #pragma location=SEGGER_SYSVIEW_SECTION
 283:./SystemView/SEGGER_SYSVIEW.c ****       #pragma data_alignment=SEGGER_RTT_CPU_CACHE_LINE_SIZE
 284:./SystemView/SEGGER_SYSVIEW.c ****       static char _UpBuffer  [SEGGER_SYSVIEW_RTT_BUFFER_SIZE];
 285:./SystemView/SEGGER_SYSVIEW.c ****       #if (SEGGER_SYSVIEW_POST_MORTEM_MODE != 1)
 286:./SystemView/SEGGER_SYSVIEW.c ****         #pragma location=SEGGER_SYSVIEW_SECTION
 287:./SystemView/SEGGER_SYSVIEW.c ****         #pragma data_alignment=SEGGER_RTT_CPU_CACHE_LINE_SIZE
 288:./SystemView/SEGGER_SYSVIEW.c ****         static char _DownBuffer[8];  // Small, fixed-size buffer, for back-channel comms
 289:./SystemView/SEGGER_SYSVIEW.c ****       #endif
 290:./SystemView/SEGGER_SYSVIEW.c ****     #elif (defined __CC_ARM)
 291:./SystemView/SEGGER_SYSVIEW.c ****       __attribute__ ((section (SEGGER_SYSVIEW_SECTION), aligned (SEGGER_SYSVIEW_CPU_CACHE_LINE_SIZE
 292:./SystemView/SEGGER_SYSVIEW.c ****       #if (SEGGER_SYSVIEW_POST_MORTEM_MODE != 1)
 293:./SystemView/SEGGER_SYSVIEW.c ****         __attribute__ ((section (SEGGER_SYSVIEW_SECTION), aligned (SEGGER_SYSVIEW_CPU_CACHE_LINE_SI
 294:./SystemView/SEGGER_SYSVIEW.c ****       #endif
 295:./SystemView/SEGGER_SYSVIEW.c ****     #else
 296:./SystemView/SEGGER_SYSVIEW.c ****       #error "Do not know how to place SystemView buffers in specific section"
 297:./SystemView/SEGGER_SYSVIEW.c ****     #endif
 298:./SystemView/SEGGER_SYSVIEW.c ****   #else
 299:./SystemView/SEGGER_SYSVIEW.c ****     //
 300:./SystemView/SEGGER_SYSVIEW.c ****     // Only alignment required
 301:./SystemView/SEGGER_SYSVIEW.c ****     //
 302:./SystemView/SEGGER_SYSVIEW.c ****     #if (defined __GNUC__)
 303:./SystemView/SEGGER_SYSVIEW.c ****       __attribute__ ((aligned (SEGGER_SYSVIEW_CPU_CACHE_LINE_SIZE))) static char _UpBuffer  [SEGGER
 304:./SystemView/SEGGER_SYSVIEW.c ****       #if (SEGGER_SYSVIEW_POST_MORTEM_MODE != 1)
 305:./SystemView/SEGGER_SYSVIEW.c ****         __attribute__ ((aligned (SEGGER_SYSVIEW_CPU_CACHE_LINE_SIZE))) static char _DownBuffer[8]; 
 306:./SystemView/SEGGER_SYSVIEW.c ****       #endif
 307:./SystemView/SEGGER_SYSVIEW.c ****     #elif (defined __ICCARM__) || (defined __ICCRX__)
 308:./SystemView/SEGGER_SYSVIEW.c ****       #pragma data_alignment=SEGGER_RTT_CPU_CACHE_LINE_SIZE
 309:./SystemView/SEGGER_SYSVIEW.c ****       static char _UpBuffer  [SEGGER_SYSVIEW_RTT_BUFFER_SIZE];
 310:./SystemView/SEGGER_SYSVIEW.c ****       #if (SEGGER_SYSVIEW_POST_MORTEM_MODE != 1)
 311:./SystemView/SEGGER_SYSVIEW.c ****         #pragma data_alignment=SEGGER_RTT_CPU_CACHE_LINE_SIZE
 312:./SystemView/SEGGER_SYSVIEW.c ****         static char _DownBuffer[8];  // Small, fixed-size buffer, for back-channel comms
 313:./SystemView/SEGGER_SYSVIEW.c ****       #endif
 314:./SystemView/SEGGER_SYSVIEW.c ****     #elif (defined __CC_ARM)
 315:./SystemView/SEGGER_SYSVIEW.c ****       __attribute__ ((aligned (SEGGER_SYSVIEW_CPU_CACHE_LINE_SIZE), zero_init)) static char _UpBuff
 316:./SystemView/SEGGER_SYSVIEW.c ****       #if (SEGGER_SYSVIEW_POST_MORTEM_MODE != 1)
 317:./SystemView/SEGGER_SYSVIEW.c ****         __attribute__ ((aligned (SEGGER_SYSVIEW_CPU_CACHE_LINE_SIZE), zero_init)) static char _Down
 318:./SystemView/SEGGER_SYSVIEW.c ****       #endif
 319:./SystemView/SEGGER_SYSVIEW.c ****     #else
 320:./SystemView/SEGGER_SYSVIEW.c ****       #error "Do not know how to align SystemView buffers to cache line size"
 321:./SystemView/SEGGER_SYSVIEW.c ****     #endif
ARM GAS  /var/folders/yl/_q9l42k90g1g4mdhbs226msm0000gn/T//ccxj18A8.s 			page 8


 322:./SystemView/SEGGER_SYSVIEW.c ****   #endif
 323:./SystemView/SEGGER_SYSVIEW.c **** #else
 324:./SystemView/SEGGER_SYSVIEW.c ****   #ifdef SEGGER_SYSVIEW_SECTION
 325:./SystemView/SEGGER_SYSVIEW.c ****     //
 326:./SystemView/SEGGER_SYSVIEW.c ****     // Only special section required
 327:./SystemView/SEGGER_SYSVIEW.c ****     //
 328:./SystemView/SEGGER_SYSVIEW.c ****     #if (defined __GNUC__)
 329:./SystemView/SEGGER_SYSVIEW.c ****       __attribute__ ((section (SEGGER_SYSVIEW_SECTION))) static char _UpBuffer  [SEGGER_SYSVIEW_RTT
 330:./SystemView/SEGGER_SYSVIEW.c ****       #if (SEGGER_SYSVIEW_POST_MORTEM_MODE != 1)
 331:./SystemView/SEGGER_SYSVIEW.c ****         __attribute__ ((section (SEGGER_SYSVIEW_SECTION))) static char _DownBuffer[8];  // Small, f
 332:./SystemView/SEGGER_SYSVIEW.c ****       #endif
 333:./SystemView/SEGGER_SYSVIEW.c ****     #elif (defined __ICCARM__) || (defined __ICCRX__)
 334:./SystemView/SEGGER_SYSVIEW.c ****       #pragma location=SEGGER_SYSVIEW_SECTION
 335:./SystemView/SEGGER_SYSVIEW.c ****       static char _UpBuffer  [SEGGER_SYSVIEW_RTT_BUFFER_SIZE];
 336:./SystemView/SEGGER_SYSVIEW.c ****       #if (SEGGER_SYSVIEW_POST_MORTEM_MODE != 1)
 337:./SystemView/SEGGER_SYSVIEW.c ****         #pragma location=SEGGER_SYSVIEW_SECTION
 338:./SystemView/SEGGER_SYSVIEW.c ****         static char _DownBuffer[8];  // Small, fixed-size buffer, for back-channel comms
 339:./SystemView/SEGGER_SYSVIEW.c ****       #endif
 340:./SystemView/SEGGER_SYSVIEW.c ****     #elif (defined __CC_ARM)
 341:./SystemView/SEGGER_SYSVIEW.c ****       __attribute__ ((section (SEGGER_SYSVIEW_SECTION), zero_init)) static char _UpBuffer  [SEGGER_
 342:./SystemView/SEGGER_SYSVIEW.c ****       #if (SEGGER_SYSVIEW_POST_MORTEM_MODE != 1)
 343:./SystemView/SEGGER_SYSVIEW.c ****         __attribute__ ((section (SEGGER_SYSVIEW_SECTION), zero_init)) static char _DownBuffer[8];  
 344:./SystemView/SEGGER_SYSVIEW.c ****       #endif
 345:./SystemView/SEGGER_SYSVIEW.c ****     #else
 346:./SystemView/SEGGER_SYSVIEW.c ****       #error "Do not know how to place SystemView buffers in specific section"
 347:./SystemView/SEGGER_SYSVIEW.c ****     #endif
 348:./SystemView/SEGGER_SYSVIEW.c ****   #else
 349:./SystemView/SEGGER_SYSVIEW.c ****     //
 350:./SystemView/SEGGER_SYSVIEW.c ****     // Neither special section nor alignment required
 351:./SystemView/SEGGER_SYSVIEW.c ****     //
 352:./SystemView/SEGGER_SYSVIEW.c ****     static char _UpBuffer  [SEGGER_SYSVIEW_RTT_BUFFER_SIZE];
 353:./SystemView/SEGGER_SYSVIEW.c ****     #if (SEGGER_SYSVIEW_POST_MORTEM_MODE != 1)
 354:./SystemView/SEGGER_SYSVIEW.c ****       static char _DownBuffer[8];  // Small, fixed-size buffer, for back-channel comms
 355:./SystemView/SEGGER_SYSVIEW.c ****     #endif
 356:./SystemView/SEGGER_SYSVIEW.c ****   #endif
 357:./SystemView/SEGGER_SYSVIEW.c **** #endif
 358:./SystemView/SEGGER_SYSVIEW.c **** 
 359:./SystemView/SEGGER_SYSVIEW.c **** static SEGGER_SYSVIEW_GLOBALS _SYSVIEW_Globals;
 360:./SystemView/SEGGER_SYSVIEW.c **** 
 361:./SystemView/SEGGER_SYSVIEW.c **** static SEGGER_SYSVIEW_MODULE* _pFirstModule;
 362:./SystemView/SEGGER_SYSVIEW.c **** static U8                     _NumModules;
 363:./SystemView/SEGGER_SYSVIEW.c **** 
 364:./SystemView/SEGGER_SYSVIEW.c **** /*********************************************************************
 365:./SystemView/SEGGER_SYSVIEW.c **** *
 366:./SystemView/SEGGER_SYSVIEW.c **** *       Static code
 367:./SystemView/SEGGER_SYSVIEW.c **** *
 368:./SystemView/SEGGER_SYSVIEW.c **** **********************************************************************
 369:./SystemView/SEGGER_SYSVIEW.c **** */
 370:./SystemView/SEGGER_SYSVIEW.c **** 
 371:./SystemView/SEGGER_SYSVIEW.c **** #define ENCODE_U32(pDest, Value) {                                                  \
 372:./SystemView/SEGGER_SYSVIEW.c ****                                    U8* pSysviewPointer;                             \
 373:./SystemView/SEGGER_SYSVIEW.c ****                                    U32 SysViewData;                                 \
 374:./SystemView/SEGGER_SYSVIEW.c ****                                    pSysviewPointer = pDest;                         \
 375:./SystemView/SEGGER_SYSVIEW.c ****                                    SysViewData = Value;                             \
 376:./SystemView/SEGGER_SYSVIEW.c ****                                    while(SysViewData > 0x7F) {                      \
 377:./SystemView/SEGGER_SYSVIEW.c ****                                      *pSysviewPointer++ = (U8)(SysViewData | 0x80); \
 378:./SystemView/SEGGER_SYSVIEW.c ****                                      SysViewData >>= 7;                             \
ARM GAS  /var/folders/yl/_q9l42k90g1g4mdhbs226msm0000gn/T//ccxj18A8.s 			page 9


 379:./SystemView/SEGGER_SYSVIEW.c ****                                    };                                               \
 380:./SystemView/SEGGER_SYSVIEW.c ****                                    *pSysviewPointer++ = (U8)SysViewData;            \
 381:./SystemView/SEGGER_SYSVIEW.c ****                                    pDest = pSysviewPointer;                         \
 382:./SystemView/SEGGER_SYSVIEW.c ****                                  };
 383:./SystemView/SEGGER_SYSVIEW.c **** 
 384:./SystemView/SEGGER_SYSVIEW.c **** 
 385:./SystemView/SEGGER_SYSVIEW.c **** 
 386:./SystemView/SEGGER_SYSVIEW.c **** #if (SEGGER_SYSVIEW_USE_STATIC_BUFFER == 1)
 387:./SystemView/SEGGER_SYSVIEW.c **** static U8 _aPacket[SEGGER_SYSVIEW_MAX_PACKET_SIZE];
 388:./SystemView/SEGGER_SYSVIEW.c **** 
 389:./SystemView/SEGGER_SYSVIEW.c **** #define RECORD_START(PacketSize)  SEGGER_SYSVIEW_LOCK();                            \
 390:./SystemView/SEGGER_SYSVIEW.c ****                                   pPayloadStart = _PreparePacket(_aPacket);
 391:./SystemView/SEGGER_SYSVIEW.c **** 
 392:./SystemView/SEGGER_SYSVIEW.c **** #define RECORD_END()              SEGGER_SYSVIEW_UNLOCK()
 393:./SystemView/SEGGER_SYSVIEW.c **** 
 394:./SystemView/SEGGER_SYSVIEW.c **** #else
 395:./SystemView/SEGGER_SYSVIEW.c **** 
 396:./SystemView/SEGGER_SYSVIEW.c **** #define RECORD_START(PacketSize)  U8 aPacket[(PacketSize)];                         \
 397:./SystemView/SEGGER_SYSVIEW.c ****                                   pPayloadStart = _PreparePacket(aPacket);          \
 398:./SystemView/SEGGER_SYSVIEW.c **** 
 399:./SystemView/SEGGER_SYSVIEW.c **** #define RECORD_END()
 400:./SystemView/SEGGER_SYSVIEW.c **** 
 401:./SystemView/SEGGER_SYSVIEW.c **** #endif
 402:./SystemView/SEGGER_SYSVIEW.c **** 
 403:./SystemView/SEGGER_SYSVIEW.c **** /*********************************************************************
 404:./SystemView/SEGGER_SYSVIEW.c **** *
 405:./SystemView/SEGGER_SYSVIEW.c **** *       _EncodeData()
 406:./SystemView/SEGGER_SYSVIEW.c **** *
 407:./SystemView/SEGGER_SYSVIEW.c **** *  Function description
 408:./SystemView/SEGGER_SYSVIEW.c **** *    Encode a byte buffer in variable-length format.
 409:./SystemView/SEGGER_SYSVIEW.c **** *
 410:./SystemView/SEGGER_SYSVIEW.c **** *  Parameters
 411:./SystemView/SEGGER_SYSVIEW.c **** *    pPayload - Pointer to where string will be encoded.
 412:./SystemView/SEGGER_SYSVIEW.c **** *    pSrc     - Pointer to data buffer to be encoded.
 413:./SystemView/SEGGER_SYSVIEW.c **** *    NumBytes - Number of bytes in the buffer to be encoded.
 414:./SystemView/SEGGER_SYSVIEW.c **** *
 415:./SystemView/SEGGER_SYSVIEW.c **** *  Return value
 416:./SystemView/SEGGER_SYSVIEW.c **** *    Pointer to the byte following the value, i.e. the first free
 417:./SystemView/SEGGER_SYSVIEW.c **** *    byte in the payload and the next position to store payload
 418:./SystemView/SEGGER_SYSVIEW.c **** *    content.
 419:./SystemView/SEGGER_SYSVIEW.c **** *
 420:./SystemView/SEGGER_SYSVIEW.c **** *  Additional information
 421:./SystemView/SEGGER_SYSVIEW.c **** *    The data is encoded as a count byte followed by the contents
 422:./SystemView/SEGGER_SYSVIEW.c **** *    of the data buffer.
 423:./SystemView/SEGGER_SYSVIEW.c **** *    Make sure NumBytes + 1 bytes are free for the payload.
 424:./SystemView/SEGGER_SYSVIEW.c **** */
 425:./SystemView/SEGGER_SYSVIEW.c **** static U8* _EncodeData(U8* pPayload, const char* pSrc, unsigned int NumBytes) {
  83              		.loc 1 425 79
  84              		.cfi_startproc
  85              		@ args = 0, pretend = 0, frame = 24
  86              		@ frame_needed = 1, uses_anonymous_args = 0
  87              		@ link register save eliminated.
  88 0000 80B4     		push	{r7}
  89              	.LCFI0:
  90              		.cfi_def_cfa_offset 4
  91              		.cfi_offset 7, -4
  92 0002 87B0     		sub	sp, sp, #28
ARM GAS  /var/folders/yl/_q9l42k90g1g4mdhbs226msm0000gn/T//ccxj18A8.s 			page 10


  93              	.LCFI1:
  94              		.cfi_def_cfa_offset 32
  95 0004 00AF     		add	r7, sp, #0
  96              	.LCFI2:
  97              		.cfi_def_cfa_register 7
  98 0006 F860     		str	r0, [r7, #12]
  99 0008 B960     		str	r1, [r7, #8]
 100 000a 7A60     		str	r2, [r7, #4]
 426:./SystemView/SEGGER_SYSVIEW.c ****   unsigned int  n;
 427:./SystemView/SEGGER_SYSVIEW.c ****   const U8*     p;
 428:./SystemView/SEGGER_SYSVIEW.c ****   //
 429:./SystemView/SEGGER_SYSVIEW.c ****   n = 0;
 101              		.loc 1 429 5
 102 000c 0023     		movs	r3, #0
 103 000e 7B61     		str	r3, [r7, #20]
 430:./SystemView/SEGGER_SYSVIEW.c ****   p = (const U8*)pSrc;
 104              		.loc 1 430 5
 105 0010 BB68     		ldr	r3, [r7, #8]
 106 0012 3B61     		str	r3, [r7, #16]
 431:./SystemView/SEGGER_SYSVIEW.c ****   //
 432:./SystemView/SEGGER_SYSVIEW.c ****   // Write Len
 433:./SystemView/SEGGER_SYSVIEW.c ****   //
 434:./SystemView/SEGGER_SYSVIEW.c ****   if (NumBytes < 255)  {
 107              		.loc 1 434 6
 108 0014 7B68     		ldr	r3, [r7, #4]
 109 0016 FE2B     		cmp	r3, #254
 110 0018 06D8     		bhi	.L2
 435:./SystemView/SEGGER_SYSVIEW.c ****     *pPayload++ = (U8)NumBytes;
 111              		.loc 1 435 14
 112 001a FB68     		ldr	r3, [r7, #12]
 113 001c 5A1C     		adds	r2, r3, #1
 114 001e FA60     		str	r2, [r7, #12]
 115              		.loc 1 435 19
 116 0020 7A68     		ldr	r2, [r7, #4]
 117 0022 D2B2     		uxtb	r2, r2
 118              		.loc 1 435 17
 119 0024 1A70     		strb	r2, [r3]
 120 0026 1DE0     		b	.L4
 121              	.L2:
 436:./SystemView/SEGGER_SYSVIEW.c ****   } else {
 437:./SystemView/SEGGER_SYSVIEW.c ****     *pPayload++ = 255;
 122              		.loc 1 437 14
 123 0028 FB68     		ldr	r3, [r7, #12]
 124 002a 5A1C     		adds	r2, r3, #1
 125 002c FA60     		str	r2, [r7, #12]
 126              		.loc 1 437 17
 127 002e FF22     		movs	r2, #255
 128 0030 1A70     		strb	r2, [r3]
 438:./SystemView/SEGGER_SYSVIEW.c ****     *pPayload++ = ((NumBytes >> 8) & 255);
 129              		.loc 1 438 30
 130 0032 7B68     		ldr	r3, [r7, #4]
 131 0034 190A     		lsrs	r1, r3, #8
 132              		.loc 1 438 14
 133 0036 FB68     		ldr	r3, [r7, #12]
 134 0038 5A1C     		adds	r2, r3, #1
 135 003a FA60     		str	r2, [r7, #12]
 136              		.loc 1 438 17
ARM GAS  /var/folders/yl/_q9l42k90g1g4mdhbs226msm0000gn/T//ccxj18A8.s 			page 11


 137 003c CAB2     		uxtb	r2, r1
 138 003e 1A70     		strb	r2, [r3]
 439:./SystemView/SEGGER_SYSVIEW.c ****     *pPayload++ = (NumBytes & 255);
 139              		.loc 1 439 14
 140 0040 FB68     		ldr	r3, [r7, #12]
 141 0042 5A1C     		adds	r2, r3, #1
 142 0044 FA60     		str	r2, [r7, #12]
 143              		.loc 1 439 17
 144 0046 7A68     		ldr	r2, [r7, #4]
 145 0048 D2B2     		uxtb	r2, r2
 146 004a 1A70     		strb	r2, [r3]
 440:./SystemView/SEGGER_SYSVIEW.c ****   }
 441:./SystemView/SEGGER_SYSVIEW.c ****   while (n < NumBytes) {
 147              		.loc 1 441 9
 148 004c 0AE0     		b	.L4
 149              	.L5:
 442:./SystemView/SEGGER_SYSVIEW.c ****     *pPayload++ = *p++;
 150              		.loc 1 442 21
 151 004e 3A69     		ldr	r2, [r7, #16]
 152 0050 531C     		adds	r3, r2, #1
 153 0052 3B61     		str	r3, [r7, #16]
 154              		.loc 1 442 14
 155 0054 FB68     		ldr	r3, [r7, #12]
 156 0056 591C     		adds	r1, r3, #1
 157 0058 F960     		str	r1, [r7, #12]
 158              		.loc 1 442 19
 159 005a 1278     		ldrb	r2, [r2]	@ zero_extendqisi2
 160              		.loc 1 442 17
 161 005c 1A70     		strb	r2, [r3]
 443:./SystemView/SEGGER_SYSVIEW.c ****     n++;
 162              		.loc 1 443 6
 163 005e 7B69     		ldr	r3, [r7, #20]
 164 0060 0133     		adds	r3, r3, #1
 165 0062 7B61     		str	r3, [r7, #20]
 166              	.L4:
 441:./SystemView/SEGGER_SYSVIEW.c ****     *pPayload++ = *p++;
 167              		.loc 1 441 9
 168 0064 7A69     		ldr	r2, [r7, #20]
 169 0066 7B68     		ldr	r3, [r7, #4]
 170 0068 9A42     		cmp	r2, r3
 171 006a F0D3     		bcc	.L5
 444:./SystemView/SEGGER_SYSVIEW.c ****   }
 445:./SystemView/SEGGER_SYSVIEW.c ****   return pPayload;
 172              		.loc 1 445 10
 173 006c FB68     		ldr	r3, [r7, #12]
 446:./SystemView/SEGGER_SYSVIEW.c **** }
 174              		.loc 1 446 1
 175 006e 1846     		mov	r0, r3
 176 0070 1C37     		adds	r7, r7, #28
 177              	.LCFI3:
 178              		.cfi_def_cfa_offset 4
 179 0072 BD46     		mov	sp, r7
 180              	.LCFI4:
 181              		.cfi_def_cfa_register 13
 182              		@ sp needed
 183 0074 5DF8047B 		ldr	r7, [sp], #4
 184              	.LCFI5:
ARM GAS  /var/folders/yl/_q9l42k90g1g4mdhbs226msm0000gn/T//ccxj18A8.s 			page 12


 185              		.cfi_restore 7
 186              		.cfi_def_cfa_offset 0
 187 0078 7047     		bx	lr
 188              		.cfi_endproc
 189              	.LFE0:
 191              		.section	.text._EncodeStr,"ax",%progbits
 192              		.align	1
 193              		.syntax unified
 194              		.thumb
 195              		.thumb_func
 197              	_EncodeStr:
 198              	.LFB1:
 447:./SystemView/SEGGER_SYSVIEW.c **** 
 448:./SystemView/SEGGER_SYSVIEW.c **** /*********************************************************************
 449:./SystemView/SEGGER_SYSVIEW.c **** *
 450:./SystemView/SEGGER_SYSVIEW.c **** *       _EncodeStr()
 451:./SystemView/SEGGER_SYSVIEW.c **** *
 452:./SystemView/SEGGER_SYSVIEW.c **** *  Function description
 453:./SystemView/SEGGER_SYSVIEW.c **** *    Encode a string in variable-length format.
 454:./SystemView/SEGGER_SYSVIEW.c **** *
 455:./SystemView/SEGGER_SYSVIEW.c **** *  Parameters
 456:./SystemView/SEGGER_SYSVIEW.c **** *    pPayload - Pointer to where string will be encoded.
 457:./SystemView/SEGGER_SYSVIEW.c **** *    pText    - String to encode.
 458:./SystemView/SEGGER_SYSVIEW.c **** *    Limit    - Maximum number of characters to encode from string.
 459:./SystemView/SEGGER_SYSVIEW.c **** *
 460:./SystemView/SEGGER_SYSVIEW.c **** *  Return value
 461:./SystemView/SEGGER_SYSVIEW.c **** *    Pointer to the byte following the value, i.e. the first free
 462:./SystemView/SEGGER_SYSVIEW.c **** *    byte in the payload and the next position to store payload
 463:./SystemView/SEGGER_SYSVIEW.c **** *    content.
 464:./SystemView/SEGGER_SYSVIEW.c **** *
 465:./SystemView/SEGGER_SYSVIEW.c **** *  Additional information
 466:./SystemView/SEGGER_SYSVIEW.c **** *    The string is encoded as a count byte followed by the contents
 467:./SystemView/SEGGER_SYSVIEW.c **** *    of the string.
 468:./SystemView/SEGGER_SYSVIEW.c **** *    No more than 1 + Limit bytes will be encoded to the payload.
 469:./SystemView/SEGGER_SYSVIEW.c **** */
 470:./SystemView/SEGGER_SYSVIEW.c **** static U8 *_EncodeStr(U8 *pPayload, const char *pText, unsigned int Limit) {
 199              		.loc 1 470 76
 200              		.cfi_startproc
 201              		@ args = 0, pretend = 0, frame = 24
 202              		@ frame_needed = 1, uses_anonymous_args = 0
 203              		@ link register save eliminated.
 204 0000 80B4     		push	{r7}
 205              	.LCFI6:
 206              		.cfi_def_cfa_offset 4
 207              		.cfi_offset 7, -4
 208 0002 87B0     		sub	sp, sp, #28
 209              	.LCFI7:
 210              		.cfi_def_cfa_offset 32
 211 0004 00AF     		add	r7, sp, #0
 212              	.LCFI8:
 213              		.cfi_def_cfa_register 7
 214 0006 F860     		str	r0, [r7, #12]
 215 0008 B960     		str	r1, [r7, #8]
 216 000a 7A60     		str	r2, [r7, #4]
 471:./SystemView/SEGGER_SYSVIEW.c ****   U8* pLen;
 472:./SystemView/SEGGER_SYSVIEW.c ****   const char* sStart;
 473:./SystemView/SEGGER_SYSVIEW.c **** 
ARM GAS  /var/folders/yl/_q9l42k90g1g4mdhbs226msm0000gn/T//ccxj18A8.s 			page 13


 474:./SystemView/SEGGER_SYSVIEW.c ****   sStart = pText; // Remember start of string.
 217              		.loc 1 474 10
 218 000c BB68     		ldr	r3, [r7, #8]
 219 000e 7B61     		str	r3, [r7, #20]
 475:./SystemView/SEGGER_SYSVIEW.c ****   //
 476:./SystemView/SEGGER_SYSVIEW.c ****   // Save space to store count byte(s).
 477:./SystemView/SEGGER_SYSVIEW.c ****   //
 478:./SystemView/SEGGER_SYSVIEW.c ****   pLen = pPayload++;
 220              		.loc 1 478 18
 221 0010 FB68     		ldr	r3, [r7, #12]
 222 0012 5A1C     		adds	r2, r3, #1
 223 0014 FA60     		str	r2, [r7, #12]
 224              		.loc 1 478 8
 225 0016 3B61     		str	r3, [r7, #16]
 479:./SystemView/SEGGER_SYSVIEW.c **** #if (SEGGER_SYSVIEW_MAX_STRING_LEN >= 255)  // Length always encodes in 3 bytes
 480:./SystemView/SEGGER_SYSVIEW.c ****   pPayload += 2;
 481:./SystemView/SEGGER_SYSVIEW.c **** #endif
 482:./SystemView/SEGGER_SYSVIEW.c ****   //
 483:./SystemView/SEGGER_SYSVIEW.c ****   // Limit string to maximum length and copy into payload buffer.
 484:./SystemView/SEGGER_SYSVIEW.c ****   //
 485:./SystemView/SEGGER_SYSVIEW.c ****   if (Limit > SEGGER_SYSVIEW_MAX_STRING_LEN) {
 226              		.loc 1 485 6
 227 0018 7B68     		ldr	r3, [r7, #4]
 228 001a 802B     		cmp	r3, #128
 229 001c 0AD9     		bls	.L9
 486:./SystemView/SEGGER_SYSVIEW.c ****     Limit = SEGGER_SYSVIEW_MAX_STRING_LEN;
 230              		.loc 1 486 11
 231 001e 8023     		movs	r3, #128
 232 0020 7B60     		str	r3, [r7, #4]
 487:./SystemView/SEGGER_SYSVIEW.c ****   }
 488:./SystemView/SEGGER_SYSVIEW.c ****   while ((Limit-- > 0) && (*pText != '\0')) {
 233              		.loc 1 488 9
 234 0022 07E0     		b	.L9
 235              	.L11:
 489:./SystemView/SEGGER_SYSVIEW.c ****     *pPayload++ = *pText++;
 236              		.loc 1 489 25
 237 0024 BA68     		ldr	r2, [r7, #8]
 238 0026 531C     		adds	r3, r2, #1
 239 0028 BB60     		str	r3, [r7, #8]
 240              		.loc 1 489 14
 241 002a FB68     		ldr	r3, [r7, #12]
 242 002c 591C     		adds	r1, r3, #1
 243 002e F960     		str	r1, [r7, #12]
 244              		.loc 1 489 19
 245 0030 1278     		ldrb	r2, [r2]	@ zero_extendqisi2
 246              		.loc 1 489 17
 247 0032 1A70     		strb	r2, [r3]
 248              	.L9:
 488:./SystemView/SEGGER_SYSVIEW.c ****     *pPayload++ = *pText++;
 249              		.loc 1 488 16
 250 0034 7B68     		ldr	r3, [r7, #4]
 251 0036 5A1E     		subs	r2, r3, #1
 252 0038 7A60     		str	r2, [r7, #4]
 488:./SystemView/SEGGER_SYSVIEW.c ****     *pPayload++ = *pText++;
 253              		.loc 1 488 9
 254 003a 002B     		cmp	r3, #0
 255 003c 03D0     		beq	.L10
ARM GAS  /var/folders/yl/_q9l42k90g1g4mdhbs226msm0000gn/T//ccxj18A8.s 			page 14


 488:./SystemView/SEGGER_SYSVIEW.c ****     *pPayload++ = *pText++;
 256              		.loc 1 488 28 discriminator 1
 257 003e BB68     		ldr	r3, [r7, #8]
 258 0040 1B78     		ldrb	r3, [r3]	@ zero_extendqisi2
 488:./SystemView/SEGGER_SYSVIEW.c ****     *pPayload++ = *pText++;
 259              		.loc 1 488 24 discriminator 1
 260 0042 002B     		cmp	r3, #0
 261 0044 EED1     		bne	.L11
 262              	.L10:
 490:./SystemView/SEGGER_SYSVIEW.c ****   }
 491:./SystemView/SEGGER_SYSVIEW.c ****   //
 492:./SystemView/SEGGER_SYSVIEW.c ****   // Save string length to buffer.
 493:./SystemView/SEGGER_SYSVIEW.c ****   //
 494:./SystemView/SEGGER_SYSVIEW.c **** #if (SEGGER_SYSVIEW_MAX_STRING_LEN >= 255)  // Length always encodes in 3 bytes
 495:./SystemView/SEGGER_SYSVIEW.c ****   Limit = (unsigned int)(pText - sStart);
 496:./SystemView/SEGGER_SYSVIEW.c ****   *pLen++ = (U8)255;
 497:./SystemView/SEGGER_SYSVIEW.c ****   *pLen++ = (U8)((Limit >> 8) & 255);
 498:./SystemView/SEGGER_SYSVIEW.c ****   *pLen++ = (U8)(Limit & 255);
 499:./SystemView/SEGGER_SYSVIEW.c **** #else   // Length always encodes in 1 byte
 500:./SystemView/SEGGER_SYSVIEW.c ****   *pLen = (U8)(pText - sStart);
 263              		.loc 1 500 22
 264 0046 BA68     		ldr	r2, [r7, #8]
 265 0048 7B69     		ldr	r3, [r7, #20]
 266 004a D31A     		subs	r3, r2, r3
 267              		.loc 1 500 11
 268 004c DAB2     		uxtb	r2, r3
 269              		.loc 1 500 9
 270 004e 3B69     		ldr	r3, [r7, #16]
 271 0050 1A70     		strb	r2, [r3]
 501:./SystemView/SEGGER_SYSVIEW.c **** #endif
 502:./SystemView/SEGGER_SYSVIEW.c ****   //
 503:./SystemView/SEGGER_SYSVIEW.c ****   return pPayload;
 272              		.loc 1 503 10
 273 0052 FB68     		ldr	r3, [r7, #12]
 504:./SystemView/SEGGER_SYSVIEW.c **** }
 274              		.loc 1 504 1
 275 0054 1846     		mov	r0, r3
 276 0056 1C37     		adds	r7, r7, #28
 277              	.LCFI9:
 278              		.cfi_def_cfa_offset 4
 279 0058 BD46     		mov	sp, r7
 280              	.LCFI10:
 281              		.cfi_def_cfa_register 13
 282              		@ sp needed
 283 005a 5DF8047B 		ldr	r7, [sp], #4
 284              	.LCFI11:
 285              		.cfi_restore 7
 286              		.cfi_def_cfa_offset 0
 287 005e 7047     		bx	lr
 288              		.cfi_endproc
 289              	.LFE1:
 291              		.section	.text._PreparePacket,"ax",%progbits
 292              		.align	1
 293              		.syntax unified
 294              		.thumb
 295              		.thumb_func
 297              	_PreparePacket:
ARM GAS  /var/folders/yl/_q9l42k90g1g4mdhbs226msm0000gn/T//ccxj18A8.s 			page 15


 298              	.LFB2:
 505:./SystemView/SEGGER_SYSVIEW.c **** 
 506:./SystemView/SEGGER_SYSVIEW.c **** /*********************************************************************
 507:./SystemView/SEGGER_SYSVIEW.c **** *
 508:./SystemView/SEGGER_SYSVIEW.c **** *       _PreparePacket()
 509:./SystemView/SEGGER_SYSVIEW.c **** *
 510:./SystemView/SEGGER_SYSVIEW.c **** *  Function description
 511:./SystemView/SEGGER_SYSVIEW.c **** *    Prepare a SystemView event packet header.
 512:./SystemView/SEGGER_SYSVIEW.c **** *
 513:./SystemView/SEGGER_SYSVIEW.c **** *  Parameters
 514:./SystemView/SEGGER_SYSVIEW.c **** *    pPacket - Pointer to start of packet to initialize.
 515:./SystemView/SEGGER_SYSVIEW.c **** *
 516:./SystemView/SEGGER_SYSVIEW.c **** *  Return value
 517:./SystemView/SEGGER_SYSVIEW.c **** *    Pointer to first byte of packet payload.
 518:./SystemView/SEGGER_SYSVIEW.c **** *
 519:./SystemView/SEGGER_SYSVIEW.c **** *  Additional information
 520:./SystemView/SEGGER_SYSVIEW.c **** *    The payload length and evnetId are not initialized.
 521:./SystemView/SEGGER_SYSVIEW.c **** *    PreparePacket only reserves space for them and they are
 522:./SystemView/SEGGER_SYSVIEW.c **** *    computed and filled in by the sending function.
 523:./SystemView/SEGGER_SYSVIEW.c **** */
 524:./SystemView/SEGGER_SYSVIEW.c **** static U8* _PreparePacket(U8* pPacket) {
 299              		.loc 1 524 40
 300              		.cfi_startproc
 301              		@ args = 0, pretend = 0, frame = 8
 302              		@ frame_needed = 1, uses_anonymous_args = 0
 303              		@ link register save eliminated.
 304 0000 80B4     		push	{r7}
 305              	.LCFI12:
 306              		.cfi_def_cfa_offset 4
 307              		.cfi_offset 7, -4
 308 0002 83B0     		sub	sp, sp, #12
 309              	.LCFI13:
 310              		.cfi_def_cfa_offset 16
 311 0004 00AF     		add	r7, sp, #0
 312              	.LCFI14:
 313              		.cfi_def_cfa_register 7
 314 0006 7860     		str	r0, [r7, #4]
 525:./SystemView/SEGGER_SYSVIEW.c ****   return pPacket + _MAX_ID_BYTES + _MAX_DATA_BYTES;
 315              		.loc 1 525 34
 316 0008 7B68     		ldr	r3, [r7, #4]
 317 000a 0733     		adds	r3, r3, #7
 526:./SystemView/SEGGER_SYSVIEW.c **** }
 318              		.loc 1 526 1
 319 000c 1846     		mov	r0, r3
 320 000e 0C37     		adds	r7, r7, #12
 321              	.LCFI15:
 322              		.cfi_def_cfa_offset 4
 323 0010 BD46     		mov	sp, r7
 324              	.LCFI16:
 325              		.cfi_def_cfa_register 13
 326              		@ sp needed
 327 0012 5DF8047B 		ldr	r7, [sp], #4
 328              	.LCFI17:
 329              		.cfi_restore 7
 330              		.cfi_def_cfa_offset 0
 331 0016 7047     		bx	lr
 332              		.cfi_endproc
ARM GAS  /var/folders/yl/_q9l42k90g1g4mdhbs226msm0000gn/T//ccxj18A8.s 			page 16


 333              	.LFE2:
 335              		.section	.text._HandleIncomingPacket,"ax",%progbits
 336              		.align	1
 337              		.syntax unified
 338              		.thumb
 339              		.thumb_func
 341              	_HandleIncomingPacket:
 342              	.LFB3:
 527:./SystemView/SEGGER_SYSVIEW.c **** 
 528:./SystemView/SEGGER_SYSVIEW.c **** /*********************************************************************
 529:./SystemView/SEGGER_SYSVIEW.c **** *
 530:./SystemView/SEGGER_SYSVIEW.c **** *       _HandleIncomingPacket()
 531:./SystemView/SEGGER_SYSVIEW.c **** *
 532:./SystemView/SEGGER_SYSVIEW.c **** *  Function description
 533:./SystemView/SEGGER_SYSVIEW.c **** *    Read an incoming command from the down channel and process it.
 534:./SystemView/SEGGER_SYSVIEW.c **** *
 535:./SystemView/SEGGER_SYSVIEW.c **** *  Additional information
 536:./SystemView/SEGGER_SYSVIEW.c **** *    This function is called each time after sending a packet.
 537:./SystemView/SEGGER_SYSVIEW.c **** *    Processing incoming packets is done asynchronous. SystemView might
 538:./SystemView/SEGGER_SYSVIEW.c **** *    already have sent event packets after the host has sent a command.
 539:./SystemView/SEGGER_SYSVIEW.c **** */
 540:./SystemView/SEGGER_SYSVIEW.c **** #if (SEGGER_SYSVIEW_POST_MORTEM_MODE != 1)
 541:./SystemView/SEGGER_SYSVIEW.c **** static void _HandleIncomingPacket(void) {
 343              		.loc 1 541 41
 344              		.cfi_startproc
 345              		@ args = 0, pretend = 0, frame = 8
 346              		@ frame_needed = 1, uses_anonymous_args = 0
 347 0000 80B5     		push	{r7, lr}
 348              	.LCFI18:
 349              		.cfi_def_cfa_offset 8
 350              		.cfi_offset 7, -8
 351              		.cfi_offset 14, -4
 352 0002 82B0     		sub	sp, sp, #8
 353              	.LCFI19:
 354              		.cfi_def_cfa_offset 16
 355 0004 00AF     		add	r7, sp, #0
 356              	.LCFI20:
 357              		.cfi_def_cfa_register 7
 542:./SystemView/SEGGER_SYSVIEW.c ****   U8  Cmd;
 543:./SystemView/SEGGER_SYSVIEW.c ****   unsigned int Status;
 544:./SystemView/SEGGER_SYSVIEW.c ****   //
 545:./SystemView/SEGGER_SYSVIEW.c ****   Status = SEGGER_RTT_ReadNoLock(CHANNEL_ID_DOWN, &Cmd, 1);
 358              		.loc 1 545 34
 359 0006 354B     		ldr	r3, .L36
 360 0008 1B7E     		ldrb	r3, [r3, #24]	@ zero_extendqisi2
 361              		.loc 1 545 12
 362 000a 1846     		mov	r0, r3
 363 000c FB1C     		adds	r3, r7, #3
 364 000e 0122     		movs	r2, #1
 365 0010 1946     		mov	r1, r3
 366 0012 FFF7FEFF 		bl	SEGGER_RTT_ReadNoLock
 367 0016 7860     		str	r0, [r7, #4]
 546:./SystemView/SEGGER_SYSVIEW.c ****   if (Status > 0) {
 368              		.loc 1 546 6
 369 0018 7B68     		ldr	r3, [r7, #4]
 370 001a 002B     		cmp	r3, #0
 371 001c 52D0     		beq	.L31
ARM GAS  /var/folders/yl/_q9l42k90g1g4mdhbs226msm0000gn/T//ccxj18A8.s 			page 17


 547:./SystemView/SEGGER_SYSVIEW.c ****     switch (Cmd) {
 372              		.loc 1 547 5
 373 001e FB78     		ldrb	r3, [r7, #3]	@ zero_extendqisi2
 374 0020 802B     		cmp	r3, #128
 375 0022 31D0     		beq	.L17
 376 0024 802B     		cmp	r3, #128
 377 0026 40DC     		bgt	.L18
 378 0028 072B     		cmp	r3, #7
 379 002a 15DC     		bgt	.L19
 380 002c 002B     		cmp	r3, #0
 381 002e 3CDD     		ble	.L18
 382 0030 013B     		subs	r3, r3, #1
 383 0032 062B     		cmp	r3, #6
 384 0034 39D8     		bhi	.L18
 385 0036 01A2     		adr	r2, .L21
 386 0038 52F823F0 		ldr	pc, [r2, r3, lsl #2]
 387              		.p2align 2
 388              	.L21:
 389 003c 5F000000 		.word	.L27+1
 390 0040 65000000 		.word	.L26+1
 391 0044 6B000000 		.word	.L25+1
 392 0048 71000000 		.word	.L24+1
 393 004c 77000000 		.word	.L23+1
 394 0050 7D000000 		.word	.L22+1
 395 0054 83000000 		.word	.L20+1
 396              		.p2align 1
 397              	.L19:
 398 0058 7F2B     		cmp	r3, #127
 399 005a 35D0     		beq	.L32
 400 005c 25E0     		b	.L18
 401              	.L27:
 548:./SystemView/SEGGER_SYSVIEW.c ****     case SEGGER_SYSVIEW_COMMAND_ID_START:
 549:./SystemView/SEGGER_SYSVIEW.c ****       SEGGER_SYSVIEW_Start();
 402              		.loc 1 549 7
 403 005e FFF7FEFF 		bl	SEGGER_SYSVIEW_Start
 550:./SystemView/SEGGER_SYSVIEW.c ****       break;
 404              		.loc 1 550 7
 405 0062 36E0     		b	.L16
 406              	.L26:
 551:./SystemView/SEGGER_SYSVIEW.c ****     case SEGGER_SYSVIEW_COMMAND_ID_STOP:
 552:./SystemView/SEGGER_SYSVIEW.c ****       SEGGER_SYSVIEW_Stop();
 407              		.loc 1 552 7
 408 0064 FFF7FEFF 		bl	SEGGER_SYSVIEW_Stop
 553:./SystemView/SEGGER_SYSVIEW.c ****       break;
 409              		.loc 1 553 7
 410 0068 33E0     		b	.L16
 411              	.L25:
 554:./SystemView/SEGGER_SYSVIEW.c ****     case SEGGER_SYSVIEW_COMMAND_ID_GET_SYSTIME:
 555:./SystemView/SEGGER_SYSVIEW.c ****       SEGGER_SYSVIEW_RecordSystime();
 412              		.loc 1 555 7
 413 006a FFF7FEFF 		bl	SEGGER_SYSVIEW_RecordSystime
 556:./SystemView/SEGGER_SYSVIEW.c ****       break;
 414              		.loc 1 556 7
 415 006e 30E0     		b	.L16
 416              	.L24:
 557:./SystemView/SEGGER_SYSVIEW.c ****     case SEGGER_SYSVIEW_COMMAND_ID_GET_TASKLIST:
 558:./SystemView/SEGGER_SYSVIEW.c ****       SEGGER_SYSVIEW_SendTaskList();
ARM GAS  /var/folders/yl/_q9l42k90g1g4mdhbs226msm0000gn/T//ccxj18A8.s 			page 18


 417              		.loc 1 558 7
 418 0070 FFF7FEFF 		bl	SEGGER_SYSVIEW_SendTaskList
 559:./SystemView/SEGGER_SYSVIEW.c ****       break;
 419              		.loc 1 559 7
 420 0074 2DE0     		b	.L16
 421              	.L23:
 560:./SystemView/SEGGER_SYSVIEW.c ****     case SEGGER_SYSVIEW_COMMAND_ID_GET_SYSDESC:
 561:./SystemView/SEGGER_SYSVIEW.c ****       SEGGER_SYSVIEW_GetSysDesc();
 422              		.loc 1 561 7
 423 0076 FFF7FEFF 		bl	SEGGER_SYSVIEW_GetSysDesc
 562:./SystemView/SEGGER_SYSVIEW.c ****       break;
 424              		.loc 1 562 7
 425 007a 2AE0     		b	.L16
 426              	.L22:
 563:./SystemView/SEGGER_SYSVIEW.c ****     case SEGGER_SYSVIEW_COMMAND_ID_GET_NUMMODULES:
 564:./SystemView/SEGGER_SYSVIEW.c ****       SEGGER_SYSVIEW_SendNumModules();
 427              		.loc 1 564 7
 428 007c FFF7FEFF 		bl	SEGGER_SYSVIEW_SendNumModules
 565:./SystemView/SEGGER_SYSVIEW.c ****       break;
 429              		.loc 1 565 7
 430 0080 27E0     		b	.L16
 431              	.L20:
 566:./SystemView/SEGGER_SYSVIEW.c ****     case SEGGER_SYSVIEW_COMMAND_ID_GET_MODULEDESC:
 567:./SystemView/SEGGER_SYSVIEW.c ****       SEGGER_SYSVIEW_SendModuleDescription();
 432              		.loc 1 567 7
 433 0082 FFF7FEFF 		bl	SEGGER_SYSVIEW_SendModuleDescription
 568:./SystemView/SEGGER_SYSVIEW.c ****       break;
 434              		.loc 1 568 7
 435 0086 24E0     		b	.L16
 436              	.L17:
 569:./SystemView/SEGGER_SYSVIEW.c ****     case SEGGER_SYSVIEW_COMMAND_ID_GET_MODULE:
 570:./SystemView/SEGGER_SYSVIEW.c ****       Status = SEGGER_RTT_ReadNoLock(CHANNEL_ID_DOWN, &Cmd, 1);
 437              		.loc 1 570 38
 438 0088 144B     		ldr	r3, .L36
 439 008a 1B7E     		ldrb	r3, [r3, #24]	@ zero_extendqisi2
 440              		.loc 1 570 16
 441 008c 1846     		mov	r0, r3
 442 008e FB1C     		adds	r3, r7, #3
 443 0090 0122     		movs	r2, #1
 444 0092 1946     		mov	r1, r3
 445 0094 FFF7FEFF 		bl	SEGGER_RTT_ReadNoLock
 446 0098 7860     		str	r0, [r7, #4]
 571:./SystemView/SEGGER_SYSVIEW.c ****       if (Status > 0) {
 447              		.loc 1 571 10
 448 009a 7B68     		ldr	r3, [r7, #4]
 449 009c 002B     		cmp	r3, #0
 450 009e 15D0     		beq	.L33
 572:./SystemView/SEGGER_SYSVIEW.c ****         SEGGER_SYSVIEW_SendModule(Cmd);
 451              		.loc 1 572 9
 452 00a0 FB78     		ldrb	r3, [r7, #3]	@ zero_extendqisi2
 453 00a2 1846     		mov	r0, r3
 454 00a4 FFF7FEFF 		bl	SEGGER_SYSVIEW_SendModule
 573:./SystemView/SEGGER_SYSVIEW.c ****       }
 574:./SystemView/SEGGER_SYSVIEW.c ****       break;
 455              		.loc 1 574 7
 456 00a8 10E0     		b	.L33
 457              	.L18:
ARM GAS  /var/folders/yl/_q9l42k90g1g4mdhbs226msm0000gn/T//ccxj18A8.s 			page 19


 575:./SystemView/SEGGER_SYSVIEW.c ****     case SEGGER_SYSVIEW_COMMAND_ID_HEARTBEAT:
 576:./SystemView/SEGGER_SYSVIEW.c ****       break;
 577:./SystemView/SEGGER_SYSVIEW.c ****     default:
 578:./SystemView/SEGGER_SYSVIEW.c ****       if (Cmd >= 128) { // Unknown extended command. Dummy read its parameter.
 458              		.loc 1 578 15
 459 00aa FB78     		ldrb	r3, [r7, #3]	@ zero_extendqisi2
 460 00ac 5BB2     		sxtb	r3, r3
 461              		.loc 1 578 10
 462 00ae 002B     		cmp	r3, #0
 463 00b0 0EDA     		bge	.L34
 579:./SystemView/SEGGER_SYSVIEW.c ****         SEGGER_RTT_ReadNoLock(CHANNEL_ID_DOWN, &Cmd, 1);
 464              		.loc 1 579 31
 465 00b2 0A4B     		ldr	r3, .L36
 466 00b4 1B7E     		ldrb	r3, [r3, #24]	@ zero_extendqisi2
 467              		.loc 1 579 9
 468 00b6 1846     		mov	r0, r3
 469 00b8 FB1C     		adds	r3, r7, #3
 470 00ba 0122     		movs	r2, #1
 471 00bc 1946     		mov	r1, r3
 472 00be FFF7FEFF 		bl	SEGGER_RTT_ReadNoLock
 580:./SystemView/SEGGER_SYSVIEW.c ****       }
 581:./SystemView/SEGGER_SYSVIEW.c ****       break;
 473              		.loc 1 581 7
 474 00c2 05E0     		b	.L34
 475              	.L31:
 582:./SystemView/SEGGER_SYSVIEW.c ****     }
 583:./SystemView/SEGGER_SYSVIEW.c ****   }
 476              		.loc 1 583 3
 477 00c4 00BF     		nop
 478 00c6 04E0     		b	.L35
 479              	.L32:
 576:./SystemView/SEGGER_SYSVIEW.c ****     default:
 480              		.loc 1 576 7
 481 00c8 00BF     		nop
 482 00ca 02E0     		b	.L35
 483              	.L33:
 574:./SystemView/SEGGER_SYSVIEW.c ****     case SEGGER_SYSVIEW_COMMAND_ID_HEARTBEAT:
 484              		.loc 1 574 7
 485 00cc 00BF     		nop
 486 00ce 00E0     		b	.L35
 487              	.L34:
 581:./SystemView/SEGGER_SYSVIEW.c ****     }
 488              		.loc 1 581 7
 489 00d0 00BF     		nop
 490              	.L16:
 491              	.L35:
 584:./SystemView/SEGGER_SYSVIEW.c **** }
 492              		.loc 1 584 1
 493 00d2 00BF     		nop
 494 00d4 0837     		adds	r7, r7, #8
 495              	.LCFI21:
 496              		.cfi_def_cfa_offset 8
 497 00d6 BD46     		mov	sp, r7
 498              	.LCFI22:
 499              		.cfi_def_cfa_register 13
 500              		@ sp needed
 501 00d8 80BD     		pop	{r7, pc}
ARM GAS  /var/folders/yl/_q9l42k90g1g4mdhbs226msm0000gn/T//ccxj18A8.s 			page 20


 502              	.L37:
 503 00da 00BF     		.align	2
 504              	.L36:
 505 00dc 00000000 		.word	_SYSVIEW_Globals
 506              		.cfi_endproc
 507              	.LFE3:
 509              		.section	.text._TrySendOverflowPacket,"ax",%progbits
 510              		.align	1
 511              		.syntax unified
 512              		.thumb
 513              		.thumb_func
 515              	_TrySendOverflowPacket:
 516              	.LFB4:
 585:./SystemView/SEGGER_SYSVIEW.c **** #endif // (SEGGER_SYSVIEW_POST_MORTEM_MODE != 1)
 586:./SystemView/SEGGER_SYSVIEW.c **** 
 587:./SystemView/SEGGER_SYSVIEW.c **** /*********************************************************************
 588:./SystemView/SEGGER_SYSVIEW.c **** *
 589:./SystemView/SEGGER_SYSVIEW.c **** *       _TrySendOverflowPacket()
 590:./SystemView/SEGGER_SYSVIEW.c **** *
 591:./SystemView/SEGGER_SYSVIEW.c **** *  Function description
 592:./SystemView/SEGGER_SYSVIEW.c **** *    Try to transmit an SystemView Overflow packet containing the
 593:./SystemView/SEGGER_SYSVIEW.c **** *    number of dropped packets.
 594:./SystemView/SEGGER_SYSVIEW.c **** *
 595:./SystemView/SEGGER_SYSVIEW.c **** *  Additional information
 596:./SystemView/SEGGER_SYSVIEW.c **** *    Format as follows:
 597:./SystemView/SEGGER_SYSVIEW.c **** *      01 <DropCnt><TimeStamp>  Max. packet len is 1 + 5 + 5 = 11
 598:./SystemView/SEGGER_SYSVIEW.c **** *
 599:./SystemView/SEGGER_SYSVIEW.c **** *    Example packets sent
 600:./SystemView/SEGGER_SYSVIEW.c **** *      01 20 40
 601:./SystemView/SEGGER_SYSVIEW.c **** *
 602:./SystemView/SEGGER_SYSVIEW.c **** *  Return value
 603:./SystemView/SEGGER_SYSVIEW.c **** *    !=0:  Success, Message sent (stored in RTT-Buffer)
 604:./SystemView/SEGGER_SYSVIEW.c **** *    ==0:  Buffer full, Message *NOT* stored
 605:./SystemView/SEGGER_SYSVIEW.c **** *
 606:./SystemView/SEGGER_SYSVIEW.c **** */
 607:./SystemView/SEGGER_SYSVIEW.c **** #if (SEGGER_SYSVIEW_POST_MORTEM_MODE != 1)
 608:./SystemView/SEGGER_SYSVIEW.c **** static int _TrySendOverflowPacket(void) {
 517              		.loc 1 608 41
 518              		.cfi_startproc
 519              		@ args = 0, pretend = 0, frame = 48
 520              		@ frame_needed = 1, uses_anonymous_args = 0
 521 0000 80B5     		push	{r7, lr}
 522              	.LCFI23:
 523              		.cfi_def_cfa_offset 8
 524              		.cfi_offset 7, -8
 525              		.cfi_offset 14, -4
 526 0002 8CB0     		sub	sp, sp, #48
 527              	.LCFI24:
 528              		.cfi_def_cfa_offset 56
 529 0004 00AF     		add	r7, sp, #0
 530              	.LCFI25:
 531              		.cfi_def_cfa_register 7
 609:./SystemView/SEGGER_SYSVIEW.c ****   U32 TimeStamp;
 610:./SystemView/SEGGER_SYSVIEW.c ****   I32 Delta;
 611:./SystemView/SEGGER_SYSVIEW.c ****   int Status;
 612:./SystemView/SEGGER_SYSVIEW.c ****   U8  aPacket[11];
 613:./SystemView/SEGGER_SYSVIEW.c ****   U8* pPayload;
ARM GAS  /var/folders/yl/_q9l42k90g1g4mdhbs226msm0000gn/T//ccxj18A8.s 			page 21


 614:./SystemView/SEGGER_SYSVIEW.c **** 
 615:./SystemView/SEGGER_SYSVIEW.c ****   aPacket[0] = SYSVIEW_EVTID_OVERFLOW;      // 1
 532              		.loc 1 615 14
 533 0006 0123     		movs	r3, #1
 534 0008 3B71     		strb	r3, [r7, #4]
 616:./SystemView/SEGGER_SYSVIEW.c ****   pPayload   = &aPacket[1];
 535              		.loc 1 616 14
 536 000a 3B1D     		adds	r3, r7, #4
 537 000c 0133     		adds	r3, r3, #1
 538 000e FB61     		str	r3, [r7, #28]
 539              	.LBB2:
 617:./SystemView/SEGGER_SYSVIEW.c ****   ENCODE_U32(pPayload, _SYSVIEW_Globals.DropCount);
 540              		.loc 1 617 3
 541 0010 FB69     		ldr	r3, [r7, #28]
 542 0012 FB62     		str	r3, [r7, #44]
 543 0014 314B     		ldr	r3, .L46
 544 0016 5B69     		ldr	r3, [r3, #20]
 545 0018 BB62     		str	r3, [r7, #40]
 546 001a 0BE0     		b	.L39
 547              	.L40:
 548              		.loc 1 617 3 is_stmt 0 discriminator 3
 549 001c BB6A     		ldr	r3, [r7, #40]
 550 001e DAB2     		uxtb	r2, r3
 551 0020 FB6A     		ldr	r3, [r7, #44]
 552 0022 591C     		adds	r1, r3, #1
 553 0024 F962     		str	r1, [r7, #44]
 554 0026 62F07F02 		orn	r2, r2, #127
 555 002a D2B2     		uxtb	r2, r2
 556 002c 1A70     		strb	r2, [r3]
 557 002e BB6A     		ldr	r3, [r7, #40]
 558 0030 DB09     		lsrs	r3, r3, #7
 559 0032 BB62     		str	r3, [r7, #40]
 560              	.L39:
 561              		.loc 1 617 3 discriminator 1
 562 0034 BB6A     		ldr	r3, [r7, #40]
 563 0036 7F2B     		cmp	r3, #127
 564 0038 F0D8     		bhi	.L40
 565              		.loc 1 617 3 discriminator 4
 566 003a FB6A     		ldr	r3, [r7, #44]
 567 003c 5A1C     		adds	r2, r3, #1
 568 003e FA62     		str	r2, [r7, #44]
 569 0040 BA6A     		ldr	r2, [r7, #40]
 570 0042 D2B2     		uxtb	r2, r2
 571 0044 1A70     		strb	r2, [r3]
 572 0046 FB6A     		ldr	r3, [r7, #44]
 573 0048 FB61     		str	r3, [r7, #28]
 574              	.LBE2:
 618:./SystemView/SEGGER_SYSVIEW.c ****   //
 619:./SystemView/SEGGER_SYSVIEW.c ****   // Compute time stamp delta and append it to packet.
 620:./SystemView/SEGGER_SYSVIEW.c ****   //
 621:./SystemView/SEGGER_SYSVIEW.c ****   TimeStamp  = SEGGER_SYSVIEW_GET_TIMESTAMP();
 575              		.loc 1 621 16 is_stmt 1 discriminator 4
 576 004a 254B     		ldr	r3, .L46+4
 577              		.loc 1 621 14 discriminator 4
 578 004c 1B68     		ldr	r3, [r3]
 579 004e BB61     		str	r3, [r7, #24]
 622:./SystemView/SEGGER_SYSVIEW.c ****   Delta = TimeStamp - _SYSVIEW_Globals.LastTxTimeStamp;
ARM GAS  /var/folders/yl/_q9l42k90g1g4mdhbs226msm0000gn/T//ccxj18A8.s 			page 22


 580              		.loc 1 622 39 discriminator 4
 581 0050 224B     		ldr	r3, .L46
 582 0052 DB68     		ldr	r3, [r3, #12]
 583              		.loc 1 622 21 discriminator 4
 584 0054 BA69     		ldr	r2, [r7, #24]
 585 0056 D31A     		subs	r3, r2, r3
 586              		.loc 1 622 9 discriminator 4
 587 0058 7B61     		str	r3, [r7, #20]
 588              	.LBB3:
 623:./SystemView/SEGGER_SYSVIEW.c ****   MAKE_DELTA_32BIT(Delta);
 624:./SystemView/SEGGER_SYSVIEW.c ****   ENCODE_U32(pPayload, Delta);
 589              		.loc 1 624 3 discriminator 4
 590 005a FB69     		ldr	r3, [r7, #28]
 591 005c 7B62     		str	r3, [r7, #36]
 592 005e 7B69     		ldr	r3, [r7, #20]
 593 0060 3B62     		str	r3, [r7, #32]
 594 0062 0BE0     		b	.L41
 595              	.L42:
 596              		.loc 1 624 3 is_stmt 0 discriminator 3
 597 0064 3B6A     		ldr	r3, [r7, #32]
 598 0066 DAB2     		uxtb	r2, r3
 599 0068 7B6A     		ldr	r3, [r7, #36]
 600 006a 591C     		adds	r1, r3, #1
 601 006c 7962     		str	r1, [r7, #36]
 602 006e 62F07F02 		orn	r2, r2, #127
 603 0072 D2B2     		uxtb	r2, r2
 604 0074 1A70     		strb	r2, [r3]
 605 0076 3B6A     		ldr	r3, [r7, #32]
 606 0078 DB09     		lsrs	r3, r3, #7
 607 007a 3B62     		str	r3, [r7, #32]
 608              	.L41:
 609              		.loc 1 624 3 discriminator 1
 610 007c 3B6A     		ldr	r3, [r7, #32]
 611 007e 7F2B     		cmp	r3, #127
 612 0080 F0D8     		bhi	.L42
 613              		.loc 1 624 3 discriminator 4
 614 0082 7B6A     		ldr	r3, [r7, #36]
 615 0084 5A1C     		adds	r2, r3, #1
 616 0086 7A62     		str	r2, [r7, #36]
 617 0088 3A6A     		ldr	r2, [r7, #32]
 618 008a D2B2     		uxtb	r2, r2
 619 008c 1A70     		strb	r2, [r3]
 620 008e 7B6A     		ldr	r3, [r7, #36]
 621 0090 FB61     		str	r3, [r7, #28]
 622              	.LBE3:
 625:./SystemView/SEGGER_SYSVIEW.c ****   //
 626:./SystemView/SEGGER_SYSVIEW.c ****   // Try to store packet in RTT buffer and update time stamp when this was successful
 627:./SystemView/SEGGER_SYSVIEW.c ****   //
 628:./SystemView/SEGGER_SYSVIEW.c ****   Status = (int)SEGGER_RTT_WriteSkipNoLock(CHANNEL_ID_UP, aPacket, (unsigned int)(pPayload - aPacke
 623              		.loc 1 628 44 is_stmt 1 discriminator 4
 624 0092 124B     		ldr	r3, .L46
 625 0094 5B78     		ldrb	r3, [r3, #1]	@ zero_extendqisi2
 626              		.loc 1 628 17 discriminator 4
 627 0096 1846     		mov	r0, r3
 628              		.loc 1 628 92 discriminator 4
 629 0098 3B1D     		adds	r3, r7, #4
 630 009a FA69     		ldr	r2, [r7, #28]
ARM GAS  /var/folders/yl/_q9l42k90g1g4mdhbs226msm0000gn/T//ccxj18A8.s 			page 23


 631 009c D31A     		subs	r3, r2, r3
 632              		.loc 1 628 17 discriminator 4
 633 009e 1A46     		mov	r2, r3
 634 00a0 3B1D     		adds	r3, r7, #4
 635 00a2 1946     		mov	r1, r3
 636 00a4 FFF7FEFF 		bl	SEGGER_RTT_ASM_WriteSkipNoLock
 637 00a8 0346     		mov	r3, r0
 638              		.loc 1 628 10 discriminator 4
 639 00aa 3B61     		str	r3, [r7, #16]
 629:./SystemView/SEGGER_SYSVIEW.c ****   SEGGER_SYSVIEW_ON_EVENT_RECORDED(pPayload - aPacket);
 630:./SystemView/SEGGER_SYSVIEW.c ****   if (Status) {
 640              		.loc 1 630 6 discriminator 4
 641 00ac 3B69     		ldr	r3, [r7, #16]
 642 00ae 002B     		cmp	r3, #0
 643 00b0 09D0     		beq	.L43
 631:./SystemView/SEGGER_SYSVIEW.c ****     _SYSVIEW_Globals.LastTxTimeStamp = TimeStamp;
 644              		.loc 1 631 38
 645 00b2 0A4A     		ldr	r2, .L46
 646 00b4 BB69     		ldr	r3, [r7, #24]
 647 00b6 D360     		str	r3, [r2, #12]
 632:./SystemView/SEGGER_SYSVIEW.c ****     _SYSVIEW_Globals.EnableState--; // EnableState has been 2, will be 1. Always.
 648              		.loc 1 632 21
 649 00b8 084B     		ldr	r3, .L46
 650 00ba 1B78     		ldrb	r3, [r3]	@ zero_extendqisi2
 651              		.loc 1 632 33
 652 00bc 013B     		subs	r3, r3, #1
 653 00be DAB2     		uxtb	r2, r3
 654 00c0 064B     		ldr	r3, .L46
 655 00c2 1A70     		strb	r2, [r3]
 656 00c4 04E0     		b	.L44
 657              	.L43:
 633:./SystemView/SEGGER_SYSVIEW.c ****   } else {
 634:./SystemView/SEGGER_SYSVIEW.c ****     _SYSVIEW_Globals.DropCount++;
 658              		.loc 1 634 21
 659 00c6 054B     		ldr	r3, .L46
 660 00c8 5B69     		ldr	r3, [r3, #20]
 661              		.loc 1 634 31
 662 00ca 0133     		adds	r3, r3, #1
 663 00cc 034A     		ldr	r2, .L46
 664 00ce 5361     		str	r3, [r2, #20]
 665              	.L44:
 635:./SystemView/SEGGER_SYSVIEW.c ****   }
 636:./SystemView/SEGGER_SYSVIEW.c ****   //
 637:./SystemView/SEGGER_SYSVIEW.c ****   return Status;
 666              		.loc 1 637 10
 667 00d0 3B69     		ldr	r3, [r7, #16]
 638:./SystemView/SEGGER_SYSVIEW.c **** }
 668              		.loc 1 638 1
 669 00d2 1846     		mov	r0, r3
 670 00d4 3037     		adds	r7, r7, #48
 671              	.LCFI26:
 672              		.cfi_def_cfa_offset 8
 673 00d6 BD46     		mov	sp, r7
 674              	.LCFI27:
 675              		.cfi_def_cfa_register 13
 676              		@ sp needed
 677 00d8 80BD     		pop	{r7, pc}
ARM GAS  /var/folders/yl/_q9l42k90g1g4mdhbs226msm0000gn/T//ccxj18A8.s 			page 24


 678              	.L47:
 679 00da 00BF     		.align	2
 680              	.L46:
 681 00dc 00000000 		.word	_SYSVIEW_Globals
 682 00e0 041000E0 		.word	-536866812
 683              		.cfi_endproc
 684              	.LFE4:
 686              		.section	.text._SendPacket,"ax",%progbits
 687              		.align	1
 688              		.syntax unified
 689              		.thumb
 690              		.thumb_func
 692              	_SendPacket:
 693              	.LFB5:
 639:./SystemView/SEGGER_SYSVIEW.c **** #endif  // (SEGGER_SYSVIEW_POST_MORTEM_MODE != 1)
 640:./SystemView/SEGGER_SYSVIEW.c **** 
 641:./SystemView/SEGGER_SYSVIEW.c **** /*********************************************************************
 642:./SystemView/SEGGER_SYSVIEW.c **** *
 643:./SystemView/SEGGER_SYSVIEW.c **** *       _SendSyncInfo()
 644:./SystemView/SEGGER_SYSVIEW.c **** *
 645:./SystemView/SEGGER_SYSVIEW.c **** *  Function description
 646:./SystemView/SEGGER_SYSVIEW.c **** *    Send SystemView sync packet and system information in
 647:./SystemView/SEGGER_SYSVIEW.c **** *    post mortem mode.
 648:./SystemView/SEGGER_SYSVIEW.c **** *
 649:./SystemView/SEGGER_SYSVIEW.c **** *  Additional information
 650:./SystemView/SEGGER_SYSVIEW.c **** *    Sync is 10 * 0x00 without timestamp
 651:./SystemView/SEGGER_SYSVIEW.c **** */
 652:./SystemView/SEGGER_SYSVIEW.c **** #if (SEGGER_SYSVIEW_POST_MORTEM_MODE == 1)
 653:./SystemView/SEGGER_SYSVIEW.c **** static void _SendSyncInfo(void) {
 654:./SystemView/SEGGER_SYSVIEW.c ****   //
 655:./SystemView/SEGGER_SYSVIEW.c ****   // Add sync packet ( 10 * 0x00)
 656:./SystemView/SEGGER_SYSVIEW.c ****   // Send system description
 657:./SystemView/SEGGER_SYSVIEW.c ****   // Send system time
 658:./SystemView/SEGGER_SYSVIEW.c ****   // Send task list
 659:./SystemView/SEGGER_SYSVIEW.c ****   // Send module description
 660:./SystemView/SEGGER_SYSVIEW.c ****   // Send module information
 661:./SystemView/SEGGER_SYSVIEW.c ****   //
 662:./SystemView/SEGGER_SYSVIEW.c ****   SEGGER_RTT_WriteWithOverwriteNoLock(CHANNEL_ID_UP, _abSync, 10);
 663:./SystemView/SEGGER_SYSVIEW.c ****   SEGGER_SYSVIEW_ON_EVENT_RECORDED(10);
 664:./SystemView/SEGGER_SYSVIEW.c ****   SEGGER_SYSVIEW_RecordVoid(SYSVIEW_EVTID_TRACE_START);
 665:./SystemView/SEGGER_SYSVIEW.c ****   {
 666:./SystemView/SEGGER_SYSVIEW.c ****     U8* pPayload;
 667:./SystemView/SEGGER_SYSVIEW.c ****     U8* pPayloadStart;
 668:./SystemView/SEGGER_SYSVIEW.c ****     RECORD_START(SEGGER_SYSVIEW_INFO_SIZE + 4 * SEGGER_SYSVIEW_QUANTA_U32);
 669:./SystemView/SEGGER_SYSVIEW.c ****     //
 670:./SystemView/SEGGER_SYSVIEW.c ****     pPayload = pPayloadStart;
 671:./SystemView/SEGGER_SYSVIEW.c ****     ENCODE_U32(pPayload, _SYSVIEW_Globals.SysFreq);
 672:./SystemView/SEGGER_SYSVIEW.c ****     ENCODE_U32(pPayload, _SYSVIEW_Globals.CPUFreq);
 673:./SystemView/SEGGER_SYSVIEW.c ****     ENCODE_U32(pPayload, _SYSVIEW_Globals.RAMBaseAddress);
 674:./SystemView/SEGGER_SYSVIEW.c ****     ENCODE_U32(pPayload, SEGGER_SYSVIEW_ID_SHIFT);
 675:./SystemView/SEGGER_SYSVIEW.c ****     _SendPacket(pPayloadStart, pPayload, SYSVIEW_EVTID_INIT);
 676:./SystemView/SEGGER_SYSVIEW.c ****     RECORD_END();
 677:./SystemView/SEGGER_SYSVIEW.c ****   }
 678:./SystemView/SEGGER_SYSVIEW.c ****   if (_SYSVIEW_Globals.pfSendSysDesc) {
 679:./SystemView/SEGGER_SYSVIEW.c ****     _SYSVIEW_Globals.pfSendSysDesc();
 680:./SystemView/SEGGER_SYSVIEW.c ****   }
 681:./SystemView/SEGGER_SYSVIEW.c ****   SEGGER_SYSVIEW_RecordSystime();
ARM GAS  /var/folders/yl/_q9l42k90g1g4mdhbs226msm0000gn/T//ccxj18A8.s 			page 25


 682:./SystemView/SEGGER_SYSVIEW.c ****   SEGGER_SYSVIEW_SendTaskList();
 683:./SystemView/SEGGER_SYSVIEW.c ****   if (_NumModules > 0) {
 684:./SystemView/SEGGER_SYSVIEW.c ****     int n;
 685:./SystemView/SEGGER_SYSVIEW.c ****     SEGGER_SYSVIEW_SendNumModules();
 686:./SystemView/SEGGER_SYSVIEW.c ****     for (n = 0; n < _NumModules; n++) {
 687:./SystemView/SEGGER_SYSVIEW.c ****       SEGGER_SYSVIEW_SendModule(n);
 688:./SystemView/SEGGER_SYSVIEW.c ****     }
 689:./SystemView/SEGGER_SYSVIEW.c ****   }
 690:./SystemView/SEGGER_SYSVIEW.c **** }
 691:./SystemView/SEGGER_SYSVIEW.c **** #endif  // (SEGGER_SYSVIEW_POST_MORTEM_MODE == 1)
 692:./SystemView/SEGGER_SYSVIEW.c **** 
 693:./SystemView/SEGGER_SYSVIEW.c **** /*********************************************************************
 694:./SystemView/SEGGER_SYSVIEW.c **** *
 695:./SystemView/SEGGER_SYSVIEW.c **** *       _SendPacket()
 696:./SystemView/SEGGER_SYSVIEW.c **** *
 697:./SystemView/SEGGER_SYSVIEW.c **** *  Function description
 698:./SystemView/SEGGER_SYSVIEW.c **** *    Send a SystemView packet over RTT. RTT channel and mode are
 699:./SystemView/SEGGER_SYSVIEW.c **** *    configured by macros when the SystemView component is initialized.
 700:./SystemView/SEGGER_SYSVIEW.c **** *    This function takes care of maintaining the packet drop count
 701:./SystemView/SEGGER_SYSVIEW.c **** *    and sending overflow packets when necessary.
 702:./SystemView/SEGGER_SYSVIEW.c **** *    The packet must be passed without Id and Length because this
 703:./SystemView/SEGGER_SYSVIEW.c **** *    function prepends it to the packet before transmission.
 704:./SystemView/SEGGER_SYSVIEW.c **** *
 705:./SystemView/SEGGER_SYSVIEW.c **** *  Parameters
 706:./SystemView/SEGGER_SYSVIEW.c **** *    pStartPacket - Pointer to start of packet payload.
 707:./SystemView/SEGGER_SYSVIEW.c **** *                   There must be at least 4 bytes free to prepend Id and Length.
 708:./SystemView/SEGGER_SYSVIEW.c **** *    pEndPacket   - Pointer to end of packet payload.
 709:./SystemView/SEGGER_SYSVIEW.c **** *    EventId      - Id of the event to send.
 710:./SystemView/SEGGER_SYSVIEW.c **** *
 711:./SystemView/SEGGER_SYSVIEW.c **** */
 712:./SystemView/SEGGER_SYSVIEW.c **** static void _SendPacket(U8* pStartPacket, U8* pEndPacket, unsigned int EventId) {
 694              		.loc 1 712 81
 695              		.cfi_startproc
 696              		@ args = 0, pretend = 0, frame = 40
 697              		@ frame_needed = 1, uses_anonymous_args = 0
 698 0000 80B5     		push	{r7, lr}
 699              	.LCFI28:
 700              		.cfi_def_cfa_offset 8
 701              		.cfi_offset 7, -8
 702              		.cfi_offset 14, -4
 703 0002 8AB0     		sub	sp, sp, #40
 704              	.LCFI29:
 705              		.cfi_def_cfa_offset 48
 706 0004 00AF     		add	r7, sp, #0
 707              	.LCFI30:
 708              		.cfi_def_cfa_register 7
 709 0006 F860     		str	r0, [r7, #12]
 710 0008 B960     		str	r1, [r7, #8]
 711 000a 7A60     		str	r2, [r7, #4]
 713:./SystemView/SEGGER_SYSVIEW.c ****   unsigned int  NumBytes;
 714:./SystemView/SEGGER_SYSVIEW.c ****   U32           TimeStamp;
 715:./SystemView/SEGGER_SYSVIEW.c ****   U32           Delta;
 716:./SystemView/SEGGER_SYSVIEW.c **** #if (SEGGER_SYSVIEW_POST_MORTEM_MODE != 1)
 717:./SystemView/SEGGER_SYSVIEW.c ****   unsigned int  Status;
 718:./SystemView/SEGGER_SYSVIEW.c **** #endif
 719:./SystemView/SEGGER_SYSVIEW.c **** 
 720:./SystemView/SEGGER_SYSVIEW.c **** #if (SEGGER_SYSVIEW_USE_STATIC_BUFFER == 0)
ARM GAS  /var/folders/yl/_q9l42k90g1g4mdhbs226msm0000gn/T//ccxj18A8.s 			page 26


 721:./SystemView/SEGGER_SYSVIEW.c ****   SEGGER_SYSVIEW_LOCK();
 722:./SystemView/SEGGER_SYSVIEW.c **** #endif
 723:./SystemView/SEGGER_SYSVIEW.c **** 
 724:./SystemView/SEGGER_SYSVIEW.c **** #if (SEGGER_SYSVIEW_POST_MORTEM_MODE == 1)
 725:./SystemView/SEGGER_SYSVIEW.c ****   if (_SYSVIEW_Globals.EnableState == 0) {
 726:./SystemView/SEGGER_SYSVIEW.c ****     goto SendDone;
 727:./SystemView/SEGGER_SYSVIEW.c ****   }
 728:./SystemView/SEGGER_SYSVIEW.c **** #else
 729:./SystemView/SEGGER_SYSVIEW.c ****   if (_SYSVIEW_Globals.EnableState == 1) {  // Enabled, no dropped packets remaining
 712              		.loc 1 729 23
 713 000c 984B     		ldr	r3, .L72
 714 000e 1B78     		ldrb	r3, [r3]	@ zero_extendqisi2
 715              		.loc 1 729 6
 716 0010 012B     		cmp	r3, #1
 717 0012 10D0     		beq	.L66
 730:./SystemView/SEGGER_SYSVIEW.c ****     goto Send;
 731:./SystemView/SEGGER_SYSVIEW.c ****   }
 732:./SystemView/SEGGER_SYSVIEW.c ****   if (_SYSVIEW_Globals.EnableState == 0) {
 718              		.loc 1 732 23
 719 0014 964B     		ldr	r3, .L72
 720 0016 1B78     		ldrb	r3, [r3]	@ zero_extendqisi2
 721              		.loc 1 732 6
 722 0018 002B     		cmp	r3, #0
 723 001a 00F02D81 		beq	.L67
 733:./SystemView/SEGGER_SYSVIEW.c ****     goto SendDone;
 734:./SystemView/SEGGER_SYSVIEW.c ****   }
 735:./SystemView/SEGGER_SYSVIEW.c ****   //
 736:./SystemView/SEGGER_SYSVIEW.c ****   // Handle buffer full situations:
 737:./SystemView/SEGGER_SYSVIEW.c ****   // Have packets been dropped before because buffer was full?
 738:./SystemView/SEGGER_SYSVIEW.c ****   // In this case try to send and overflow packet.
 739:./SystemView/SEGGER_SYSVIEW.c ****   //
 740:./SystemView/SEGGER_SYSVIEW.c ****   if (_SYSVIEW_Globals.EnableState == 2) {
 724              		.loc 1 740 23
 725 001e 944B     		ldr	r3, .L72
 726 0020 1B78     		ldrb	r3, [r3]	@ zero_extendqisi2
 727              		.loc 1 740 6
 728 0022 022B     		cmp	r3, #2
 729 0024 09D1     		bne	.L68
 741:./SystemView/SEGGER_SYSVIEW.c ****     _TrySendOverflowPacket();
 730              		.loc 1 741 5
 731 0026 FFF7FEFF 		bl	_TrySendOverflowPacket
 742:./SystemView/SEGGER_SYSVIEW.c ****     if (_SYSVIEW_Globals.EnableState != 1) {
 732              		.loc 1 742 25
 733 002a 914B     		ldr	r3, .L72
 734 002c 1B78     		ldrb	r3, [r3]	@ zero_extendqisi2
 735              		.loc 1 742 8
 736 002e 012B     		cmp	r3, #1
 737 0030 40F02481 		bne	.L69
 743:./SystemView/SEGGER_SYSVIEW.c ****       goto SendDone;
 744:./SystemView/SEGGER_SYSVIEW.c ****     }
 745:./SystemView/SEGGER_SYSVIEW.c ****   }
 746:./SystemView/SEGGER_SYSVIEW.c **** Send:
 738              		.loc 1 746 1
 739 0034 01E0     		b	.L68
 740              	.L66:
 730:./SystemView/SEGGER_SYSVIEW.c ****   }
 741              		.loc 1 730 5
ARM GAS  /var/folders/yl/_q9l42k90g1g4mdhbs226msm0000gn/T//ccxj18A8.s 			page 27


 742 0036 00BF     		nop
 743 0038 00E0     		b	.L50
 744              	.L68:
 745              		.loc 1 746 1
 746 003a 00BF     		nop
 747              	.L50:
 747:./SystemView/SEGGER_SYSVIEW.c **** #endif
 748:./SystemView/SEGGER_SYSVIEW.c ****   //
 749:./SystemView/SEGGER_SYSVIEW.c ****   // Check if event is disabled from being recorded.
 750:./SystemView/SEGGER_SYSVIEW.c ****   //
 751:./SystemView/SEGGER_SYSVIEW.c ****   if (EventId < 32) {
 748              		.loc 1 751 6
 749 003c 7B68     		ldr	r3, [r7, #4]
 750 003e 1F2B     		cmp	r3, #31
 751 0040 09D8     		bhi	.L53
 752:./SystemView/SEGGER_SYSVIEW.c ****     if (_SYSVIEW_Globals.DisabledEvents & ((U32)1u << EventId)) {
 752              		.loc 1 752 25
 753 0042 8B4B     		ldr	r3, .L72
 754 0044 DA69     		ldr	r2, [r3, #28]
 755              		.loc 1 752 9
 756 0046 7B68     		ldr	r3, [r7, #4]
 757 0048 22FA03F3 		lsr	r3, r2, r3
 758 004c 03F00103 		and	r3, r3, #1
 759              		.loc 1 752 8
 760 0050 002B     		cmp	r3, #0
 761 0052 40F01581 		bne	.L70
 762              	.L53:
 753:./SystemView/SEGGER_SYSVIEW.c ****       goto SendDone;
 754:./SystemView/SEGGER_SYSVIEW.c ****     }
 755:./SystemView/SEGGER_SYSVIEW.c ****   }
 756:./SystemView/SEGGER_SYSVIEW.c ****   //
 757:./SystemView/SEGGER_SYSVIEW.c ****   // Prepare actual packet.
 758:./SystemView/SEGGER_SYSVIEW.c ****   // If it is a known packet, prepend eventId only,
 759:./SystemView/SEGGER_SYSVIEW.c ****   // otherwise prepend packet length and eventId.
 760:./SystemView/SEGGER_SYSVIEW.c ****   //
 761:./SystemView/SEGGER_SYSVIEW.c ****   if (EventId < 24) {
 763              		.loc 1 761 6
 764 0056 7B68     		ldr	r3, [r7, #4]
 765 0058 172B     		cmp	r3, #23
 766 005a 07D8     		bhi	.L54
 762:./SystemView/SEGGER_SYSVIEW.c ****     *--pStartPacket = (U8)EventId;
 767              		.loc 1 762 21
 768 005c FB68     		ldr	r3, [r7, #12]
 769 005e 013B     		subs	r3, r3, #1
 770 0060 FB60     		str	r3, [r7, #12]
 771              		.loc 1 762 23
 772 0062 7B68     		ldr	r3, [r7, #4]
 773 0064 DAB2     		uxtb	r2, r3
 774              		.loc 1 762 21
 775 0066 FB68     		ldr	r3, [r7, #12]
 776 0068 1A70     		strb	r2, [r3]
 777 006a C4E0     		b	.L55
 778              	.L54:
 763:./SystemView/SEGGER_SYSVIEW.c ****   } else {
 764:./SystemView/SEGGER_SYSVIEW.c ****     //
 765:./SystemView/SEGGER_SYSVIEW.c ****     // Get data length and prepend it.
 766:./SystemView/SEGGER_SYSVIEW.c ****     //
ARM GAS  /var/folders/yl/_q9l42k90g1g4mdhbs226msm0000gn/T//ccxj18A8.s 			page 28


 767:./SystemView/SEGGER_SYSVIEW.c ****     NumBytes = (unsigned int)(pEndPacket - pStartPacket);
 779              		.loc 1 767 42
 780 006c BA68     		ldr	r2, [r7, #8]
 781 006e FB68     		ldr	r3, [r7, #12]
 782 0070 D31A     		subs	r3, r2, r3
 783              		.loc 1 767 14
 784 0072 FB61     		str	r3, [r7, #28]
 768:./SystemView/SEGGER_SYSVIEW.c **** #if SEGGER_SYSVIEW_SUPPORT_LONG_DATA
 769:./SystemView/SEGGER_SYSVIEW.c ****     if (NumBytes < 127) {
 770:./SystemView/SEGGER_SYSVIEW.c ****       *--pStartPacket = EventId;
 771:./SystemView/SEGGER_SYSVIEW.c ****     } else {
 772:./SystemView/SEGGER_SYSVIEW.c ****       //
 773:./SystemView/SEGGER_SYSVIEW.c ****       // Backwards U32 encode EventId.
 774:./SystemView/SEGGER_SYSVIEW.c ****       //
 775:./SystemView/SEGGER_SYSVIEW.c ****       if (NumBytes < (1ul << 14)) { // Encodes in 2 bytes
 776:./SystemView/SEGGER_SYSVIEW.c ****         *--pStartPacket = (U8)(NumBytes >>  7);
 777:./SystemView/SEGGER_SYSVIEW.c ****         *--pStartPacket = (U8)(NumBytes | 0x80);
 778:./SystemView/SEGGER_SYSVIEW.c ****       } else if (NumBytes < (1ul << 21)) {    // Encodes in 3 bytes
 779:./SystemView/SEGGER_SYSVIEW.c ****         *--pStartPacket = (U8)(NumBytes >> 14);
 780:./SystemView/SEGGER_SYSVIEW.c ****         *--pStartPacket = (U8)((NumBytes >>  7) | 0x80);
 781:./SystemView/SEGGER_SYSVIEW.c ****         *--pStartPacket = (U8)(NumBytes | 0x80);
 782:./SystemView/SEGGER_SYSVIEW.c ****       } else if (NumBytes < (1ul << 28)) {    // Encodes in 4 bytes
 783:./SystemView/SEGGER_SYSVIEW.c ****         *--pStartPacket = (U8)(NumBytes >> 21);
 784:./SystemView/SEGGER_SYSVIEW.c ****         *--pStartPacket = (U8)((NumBytes >> 14) | 0x80);
 785:./SystemView/SEGGER_SYSVIEW.c ****         *--pStartPacket = (U8)((NumBytes >>  7) | 0x80);
 786:./SystemView/SEGGER_SYSVIEW.c ****         *--pStartPacket = (U8)(NumBytes | 0x80);
 787:./SystemView/SEGGER_SYSVIEW.c ****       } else {                              // Encodes in 5 bytes
 788:./SystemView/SEGGER_SYSVIEW.c ****         *--pStartPacket = (U8)(NumBytes >> 28);
 789:./SystemView/SEGGER_SYSVIEW.c ****         *--pStartPacket = (U8)((NumBytes >> 21) | 0x80);
 790:./SystemView/SEGGER_SYSVIEW.c ****         *--pStartPacket = (U8)((NumBytes >> 14) | 0x80);
 791:./SystemView/SEGGER_SYSVIEW.c ****         *--pStartPacket = (U8)((NumBytes >>  7) | 0x80);
 792:./SystemView/SEGGER_SYSVIEW.c ****         *--pStartPacket = (U8)(NumBytes | 0x80);
 793:./SystemView/SEGGER_SYSVIEW.c ****       }
 794:./SystemView/SEGGER_SYSVIEW.c ****     }
 795:./SystemView/SEGGER_SYSVIEW.c **** #else
 796:./SystemView/SEGGER_SYSVIEW.c ****     if (NumBytes > 127) {
 785              		.loc 1 796 8
 786 0074 FB69     		ldr	r3, [r7, #28]
 787 0076 7F2B     		cmp	r3, #127
 788 0078 12D9     		bls	.L56
 797:./SystemView/SEGGER_SYSVIEW.c ****       *--pStartPacket = (U8)(NumBytes >> 7);
 789              		.loc 1 797 39
 790 007a FB69     		ldr	r3, [r7, #28]
 791 007c DA09     		lsrs	r2, r3, #7
 792              		.loc 1 797 23
 793 007e FB68     		ldr	r3, [r7, #12]
 794 0080 013B     		subs	r3, r3, #1
 795 0082 FB60     		str	r3, [r7, #12]
 796              		.loc 1 797 25
 797 0084 D2B2     		uxtb	r2, r2
 798              		.loc 1 797 23
 799 0086 FB68     		ldr	r3, [r7, #12]
 800 0088 1A70     		strb	r2, [r3]
 798:./SystemView/SEGGER_SYSVIEW.c ****       *--pStartPacket = (U8)(NumBytes | 0x80);
 801              		.loc 1 798 25
 802 008a FB69     		ldr	r3, [r7, #28]
 803 008c DBB2     		uxtb	r3, r3
ARM GAS  /var/folders/yl/_q9l42k90g1g4mdhbs226msm0000gn/T//ccxj18A8.s 			page 29


 804              		.loc 1 798 23
 805 008e FA68     		ldr	r2, [r7, #12]
 806 0090 013A     		subs	r2, r2, #1
 807 0092 FA60     		str	r2, [r7, #12]
 808              		.loc 1 798 25
 809 0094 63F07F03 		orn	r3, r3, #127
 810 0098 DAB2     		uxtb	r2, r3
 811              		.loc 1 798 23
 812 009a FB68     		ldr	r3, [r7, #12]
 813 009c 1A70     		strb	r2, [r3]
 814 009e 06E0     		b	.L57
 815              	.L56:
 799:./SystemView/SEGGER_SYSVIEW.c ****     } else {
 800:./SystemView/SEGGER_SYSVIEW.c ****       *--pStartPacket = (U8)NumBytes;
 816              		.loc 1 800 23
 817 00a0 FB68     		ldr	r3, [r7, #12]
 818 00a2 013B     		subs	r3, r3, #1
 819 00a4 FB60     		str	r3, [r7, #12]
 820              		.loc 1 800 25
 821 00a6 FB69     		ldr	r3, [r7, #28]
 822 00a8 DAB2     		uxtb	r2, r3
 823              		.loc 1 800 23
 824 00aa FB68     		ldr	r3, [r7, #12]
 825 00ac 1A70     		strb	r2, [r3]
 826              	.L57:
 801:./SystemView/SEGGER_SYSVIEW.c ****     }
 802:./SystemView/SEGGER_SYSVIEW.c **** #endif
 803:./SystemView/SEGGER_SYSVIEW.c ****     //
 804:./SystemView/SEGGER_SYSVIEW.c ****     // Prepend EventId.
 805:./SystemView/SEGGER_SYSVIEW.c ****     //
 806:./SystemView/SEGGER_SYSVIEW.c **** #if SEGGER_SYSVIEW_SUPPORT_LONG_ID
 807:./SystemView/SEGGER_SYSVIEW.c ****     if (EventId < 127) {
 827              		.loc 1 807 8
 828 00ae 7B68     		ldr	r3, [r7, #4]
 829 00b0 7E2B     		cmp	r3, #126
 830 00b2 07D8     		bhi	.L58
 808:./SystemView/SEGGER_SYSVIEW.c ****       *--pStartPacket = (U8)EventId;
 831              		.loc 1 808 23
 832 00b4 FB68     		ldr	r3, [r7, #12]
 833 00b6 013B     		subs	r3, r3, #1
 834 00b8 FB60     		str	r3, [r7, #12]
 835              		.loc 1 808 25
 836 00ba 7B68     		ldr	r3, [r7, #4]
 837 00bc DAB2     		uxtb	r2, r3
 838              		.loc 1 808 23
 839 00be FB68     		ldr	r3, [r7, #12]
 840 00c0 1A70     		strb	r2, [r3]
 841 00c2 98E0     		b	.L55
 842              	.L58:
 809:./SystemView/SEGGER_SYSVIEW.c ****     } else {
 810:./SystemView/SEGGER_SYSVIEW.c ****       //
 811:./SystemView/SEGGER_SYSVIEW.c ****       // Backwards U32 encode EventId.
 812:./SystemView/SEGGER_SYSVIEW.c ****       //
 813:./SystemView/SEGGER_SYSVIEW.c ****       if (EventId < (1u << 14)) { // Encodes in 2 bytes
 843              		.loc 1 813 10
 844 00c4 7B68     		ldr	r3, [r7, #4]
 845 00c6 B3F5804F 		cmp	r3, #16384
ARM GAS  /var/folders/yl/_q9l42k90g1g4mdhbs226msm0000gn/T//ccxj18A8.s 			page 30


 846 00ca 12D2     		bcs	.L59
 814:./SystemView/SEGGER_SYSVIEW.c ****         *--pStartPacket = (U8)(EventId >>  7);
 847              		.loc 1 814 40
 848 00cc 7B68     		ldr	r3, [r7, #4]
 849 00ce DA09     		lsrs	r2, r3, #7
 850              		.loc 1 814 25
 851 00d0 FB68     		ldr	r3, [r7, #12]
 852 00d2 013B     		subs	r3, r3, #1
 853 00d4 FB60     		str	r3, [r7, #12]
 854              		.loc 1 814 27
 855 00d6 D2B2     		uxtb	r2, r2
 856              		.loc 1 814 25
 857 00d8 FB68     		ldr	r3, [r7, #12]
 858 00da 1A70     		strb	r2, [r3]
 815:./SystemView/SEGGER_SYSVIEW.c ****         *--pStartPacket = (U8)(EventId | 0x80);
 859              		.loc 1 815 27
 860 00dc 7B68     		ldr	r3, [r7, #4]
 861 00de DBB2     		uxtb	r3, r3
 862              		.loc 1 815 25
 863 00e0 FA68     		ldr	r2, [r7, #12]
 864 00e2 013A     		subs	r2, r2, #1
 865 00e4 FA60     		str	r2, [r7, #12]
 866              		.loc 1 815 27
 867 00e6 63F07F03 		orn	r3, r3, #127
 868 00ea DAB2     		uxtb	r2, r3
 869              		.loc 1 815 25
 870 00ec FB68     		ldr	r3, [r7, #12]
 871 00ee 1A70     		strb	r2, [r3]
 872 00f0 81E0     		b	.L55
 873              	.L59:
 816:./SystemView/SEGGER_SYSVIEW.c ****       } else if (EventId < (1ul << 21)) {    // Encodes in 3 bytes
 874              		.loc 1 816 17
 875 00f2 7B68     		ldr	r3, [r7, #4]
 876 00f4 B3F5001F 		cmp	r3, #2097152
 877 00f8 1DD2     		bcs	.L60
 817:./SystemView/SEGGER_SYSVIEW.c ****         *--pStartPacket = (U8)(EventId >> 14);
 878              		.loc 1 817 40
 879 00fa 7B68     		ldr	r3, [r7, #4]
 880 00fc 9A0B     		lsrs	r2, r3, #14
 881              		.loc 1 817 25
 882 00fe FB68     		ldr	r3, [r7, #12]
 883 0100 013B     		subs	r3, r3, #1
 884 0102 FB60     		str	r3, [r7, #12]
 885              		.loc 1 817 27
 886 0104 D2B2     		uxtb	r2, r2
 887              		.loc 1 817 25
 888 0106 FB68     		ldr	r3, [r7, #12]
 889 0108 1A70     		strb	r2, [r3]
 818:./SystemView/SEGGER_SYSVIEW.c ****         *--pStartPacket = (U8)((EventId >>  7) | 0x80);
 890              		.loc 1 818 41
 891 010a 7B68     		ldr	r3, [r7, #4]
 892 010c DB09     		lsrs	r3, r3, #7
 893              		.loc 1 818 27
 894 010e DBB2     		uxtb	r3, r3
 895              		.loc 1 818 25
 896 0110 FA68     		ldr	r2, [r7, #12]
 897 0112 013A     		subs	r2, r2, #1
ARM GAS  /var/folders/yl/_q9l42k90g1g4mdhbs226msm0000gn/T//ccxj18A8.s 			page 31


 898 0114 FA60     		str	r2, [r7, #12]
 899              		.loc 1 818 27
 900 0116 63F07F03 		orn	r3, r3, #127
 901 011a DAB2     		uxtb	r2, r3
 902              		.loc 1 818 25
 903 011c FB68     		ldr	r3, [r7, #12]
 904 011e 1A70     		strb	r2, [r3]
 819:./SystemView/SEGGER_SYSVIEW.c ****         *--pStartPacket = (U8)(EventId | 0x80);
 905              		.loc 1 819 27
 906 0120 7B68     		ldr	r3, [r7, #4]
 907 0122 DBB2     		uxtb	r3, r3
 908              		.loc 1 819 25
 909 0124 FA68     		ldr	r2, [r7, #12]
 910 0126 013A     		subs	r2, r2, #1
 911 0128 FA60     		str	r2, [r7, #12]
 912              		.loc 1 819 27
 913 012a 63F07F03 		orn	r3, r3, #127
 914 012e DAB2     		uxtb	r2, r3
 915              		.loc 1 819 25
 916 0130 FB68     		ldr	r3, [r7, #12]
 917 0132 1A70     		strb	r2, [r3]
 918 0134 5FE0     		b	.L55
 919              	.L60:
 820:./SystemView/SEGGER_SYSVIEW.c ****       } else if (EventId < (1ul << 28)) {    // Encodes in 4 bytes
 920              		.loc 1 820 17
 921 0136 7B68     		ldr	r3, [r7, #4]
 922 0138 B3F1805F 		cmp	r3, #268435456
 923 013c 28D2     		bcs	.L61
 821:./SystemView/SEGGER_SYSVIEW.c ****         *--pStartPacket = (U8)(EventId >> 21);
 924              		.loc 1 821 40
 925 013e 7B68     		ldr	r3, [r7, #4]
 926 0140 5A0D     		lsrs	r2, r3, #21
 927              		.loc 1 821 25
 928 0142 FB68     		ldr	r3, [r7, #12]
 929 0144 013B     		subs	r3, r3, #1
 930 0146 FB60     		str	r3, [r7, #12]
 931              		.loc 1 821 27
 932 0148 D2B2     		uxtb	r2, r2
 933              		.loc 1 821 25
 934 014a FB68     		ldr	r3, [r7, #12]
 935 014c 1A70     		strb	r2, [r3]
 822:./SystemView/SEGGER_SYSVIEW.c ****         *--pStartPacket = (U8)((EventId >> 14) | 0x80);
 936              		.loc 1 822 41
 937 014e 7B68     		ldr	r3, [r7, #4]
 938 0150 9B0B     		lsrs	r3, r3, #14
 939              		.loc 1 822 27
 940 0152 DBB2     		uxtb	r3, r3
 941              		.loc 1 822 25
 942 0154 FA68     		ldr	r2, [r7, #12]
 943 0156 013A     		subs	r2, r2, #1
 944 0158 FA60     		str	r2, [r7, #12]
 945              		.loc 1 822 27
 946 015a 63F07F03 		orn	r3, r3, #127
 947 015e DAB2     		uxtb	r2, r3
 948              		.loc 1 822 25
 949 0160 FB68     		ldr	r3, [r7, #12]
 950 0162 1A70     		strb	r2, [r3]
ARM GAS  /var/folders/yl/_q9l42k90g1g4mdhbs226msm0000gn/T//ccxj18A8.s 			page 32


 823:./SystemView/SEGGER_SYSVIEW.c ****         *--pStartPacket = (U8)((EventId >>  7) | 0x80);
 951              		.loc 1 823 41
 952 0164 7B68     		ldr	r3, [r7, #4]
 953 0166 DB09     		lsrs	r3, r3, #7
 954              		.loc 1 823 27
 955 0168 DBB2     		uxtb	r3, r3
 956              		.loc 1 823 25
 957 016a FA68     		ldr	r2, [r7, #12]
 958 016c 013A     		subs	r2, r2, #1
 959 016e FA60     		str	r2, [r7, #12]
 960              		.loc 1 823 27
 961 0170 63F07F03 		orn	r3, r3, #127
 962 0174 DAB2     		uxtb	r2, r3
 963              		.loc 1 823 25
 964 0176 FB68     		ldr	r3, [r7, #12]
 965 0178 1A70     		strb	r2, [r3]
 824:./SystemView/SEGGER_SYSVIEW.c ****         *--pStartPacket = (U8)(EventId | 0x80);
 966              		.loc 1 824 27
 967 017a 7B68     		ldr	r3, [r7, #4]
 968 017c DBB2     		uxtb	r3, r3
 969              		.loc 1 824 25
 970 017e FA68     		ldr	r2, [r7, #12]
 971 0180 013A     		subs	r2, r2, #1
 972 0182 FA60     		str	r2, [r7, #12]
 973              		.loc 1 824 27
 974 0184 63F07F03 		orn	r3, r3, #127
 975 0188 DAB2     		uxtb	r2, r3
 976              		.loc 1 824 25
 977 018a FB68     		ldr	r3, [r7, #12]
 978 018c 1A70     		strb	r2, [r3]
 979 018e 32E0     		b	.L55
 980              	.L61:
 825:./SystemView/SEGGER_SYSVIEW.c ****       } else {                              // Encodes in 5 bytes
 826:./SystemView/SEGGER_SYSVIEW.c ****         *--pStartPacket = (U8)(EventId >> 28);
 981              		.loc 1 826 40
 982 0190 7B68     		ldr	r3, [r7, #4]
 983 0192 1A0F     		lsrs	r2, r3, #28
 984              		.loc 1 826 25
 985 0194 FB68     		ldr	r3, [r7, #12]
 986 0196 013B     		subs	r3, r3, #1
 987 0198 FB60     		str	r3, [r7, #12]
 988              		.loc 1 826 27
 989 019a D2B2     		uxtb	r2, r2
 990              		.loc 1 826 25
 991 019c FB68     		ldr	r3, [r7, #12]
 992 019e 1A70     		strb	r2, [r3]
 827:./SystemView/SEGGER_SYSVIEW.c ****         *--pStartPacket = (U8)((EventId >> 21) | 0x80);
 993              		.loc 1 827 41
 994 01a0 7B68     		ldr	r3, [r7, #4]
 995 01a2 5B0D     		lsrs	r3, r3, #21
 996              		.loc 1 827 27
 997 01a4 DBB2     		uxtb	r3, r3
 998              		.loc 1 827 25
 999 01a6 FA68     		ldr	r2, [r7, #12]
 1000 01a8 013A     		subs	r2, r2, #1
 1001 01aa FA60     		str	r2, [r7, #12]
 1002              		.loc 1 827 27
ARM GAS  /var/folders/yl/_q9l42k90g1g4mdhbs226msm0000gn/T//ccxj18A8.s 			page 33


 1003 01ac 63F07F03 		orn	r3, r3, #127
 1004 01b0 DAB2     		uxtb	r2, r3
 1005              		.loc 1 827 25
 1006 01b2 FB68     		ldr	r3, [r7, #12]
 1007 01b4 1A70     		strb	r2, [r3]
 828:./SystemView/SEGGER_SYSVIEW.c ****         *--pStartPacket = (U8)((EventId >> 14) | 0x80);
 1008              		.loc 1 828 41
 1009 01b6 7B68     		ldr	r3, [r7, #4]
 1010 01b8 9B0B     		lsrs	r3, r3, #14
 1011              		.loc 1 828 27
 1012 01ba DBB2     		uxtb	r3, r3
 1013              		.loc 1 828 25
 1014 01bc FA68     		ldr	r2, [r7, #12]
 1015 01be 013A     		subs	r2, r2, #1
 1016 01c0 FA60     		str	r2, [r7, #12]
 1017              		.loc 1 828 27
 1018 01c2 63F07F03 		orn	r3, r3, #127
 1019 01c6 DAB2     		uxtb	r2, r3
 1020              		.loc 1 828 25
 1021 01c8 FB68     		ldr	r3, [r7, #12]
 1022 01ca 1A70     		strb	r2, [r3]
 829:./SystemView/SEGGER_SYSVIEW.c ****         *--pStartPacket = (U8)((EventId >>  7) | 0x80);
 1023              		.loc 1 829 41
 1024 01cc 7B68     		ldr	r3, [r7, #4]
 1025 01ce DB09     		lsrs	r3, r3, #7
 1026              		.loc 1 829 27
 1027 01d0 DBB2     		uxtb	r3, r3
 1028              		.loc 1 829 25
 1029 01d2 FA68     		ldr	r2, [r7, #12]
 1030 01d4 013A     		subs	r2, r2, #1
 1031 01d6 FA60     		str	r2, [r7, #12]
 1032              		.loc 1 829 27
 1033 01d8 63F07F03 		orn	r3, r3, #127
 1034 01dc DAB2     		uxtb	r2, r3
 1035              		.loc 1 829 25
 1036 01de FB68     		ldr	r3, [r7, #12]
 1037 01e0 1A70     		strb	r2, [r3]
 830:./SystemView/SEGGER_SYSVIEW.c ****         *--pStartPacket = (U8)(EventId | 0x80);
 1038              		.loc 1 830 27
 1039 01e2 7B68     		ldr	r3, [r7, #4]
 1040 01e4 DBB2     		uxtb	r3, r3
 1041              		.loc 1 830 25
 1042 01e6 FA68     		ldr	r2, [r7, #12]
 1043 01e8 013A     		subs	r2, r2, #1
 1044 01ea FA60     		str	r2, [r7, #12]
 1045              		.loc 1 830 27
 1046 01ec 63F07F03 		orn	r3, r3, #127
 1047 01f0 DAB2     		uxtb	r2, r3
 1048              		.loc 1 830 25
 1049 01f2 FB68     		ldr	r3, [r7, #12]
 1050 01f4 1A70     		strb	r2, [r3]
 1051              	.L55:
 831:./SystemView/SEGGER_SYSVIEW.c ****       }
 832:./SystemView/SEGGER_SYSVIEW.c ****     }
 833:./SystemView/SEGGER_SYSVIEW.c **** #else
 834:./SystemView/SEGGER_SYSVIEW.c ****     if (EventId > 127) {
 835:./SystemView/SEGGER_SYSVIEW.c ****       *--pStartPacket = (U8)(EventId >> 7);
ARM GAS  /var/folders/yl/_q9l42k90g1g4mdhbs226msm0000gn/T//ccxj18A8.s 			page 34


 836:./SystemView/SEGGER_SYSVIEW.c ****       *--pStartPacket = (U8)(EventId | 0x80);
 837:./SystemView/SEGGER_SYSVIEW.c ****     } else {
 838:./SystemView/SEGGER_SYSVIEW.c ****       *--pStartPacket = (U8)EventId;
 839:./SystemView/SEGGER_SYSVIEW.c ****     }
 840:./SystemView/SEGGER_SYSVIEW.c **** #endif
 841:./SystemView/SEGGER_SYSVIEW.c ****   }
 842:./SystemView/SEGGER_SYSVIEW.c ****   //
 843:./SystemView/SEGGER_SYSVIEW.c ****   // Compute time stamp delta and append it to packet.
 844:./SystemView/SEGGER_SYSVIEW.c ****   //
 845:./SystemView/SEGGER_SYSVIEW.c ****   TimeStamp  = SEGGER_SYSVIEW_GET_TIMESTAMP();
 1052              		.loc 1 845 16
 1053 01f6 1F4B     		ldr	r3, .L72+4
 1054              		.loc 1 845 14
 1055 01f8 1B68     		ldr	r3, [r3]
 1056 01fa BB61     		str	r3, [r7, #24]
 846:./SystemView/SEGGER_SYSVIEW.c ****   Delta = TimeStamp - _SYSVIEW_Globals.LastTxTimeStamp;
 1057              		.loc 1 846 39
 1058 01fc 1C4B     		ldr	r3, .L72
 1059 01fe DB68     		ldr	r3, [r3, #12]
 1060              		.loc 1 846 9
 1061 0200 BA69     		ldr	r2, [r7, #24]
 1062 0202 D31A     		subs	r3, r2, r3
 1063 0204 7B61     		str	r3, [r7, #20]
 1064              	.LBB4:
 847:./SystemView/SEGGER_SYSVIEW.c ****   MAKE_DELTA_32BIT(Delta);
 848:./SystemView/SEGGER_SYSVIEW.c ****   ENCODE_U32(pEndPacket, Delta);
 1065              		.loc 1 848 3
 1066 0206 BB68     		ldr	r3, [r7, #8]
 1067 0208 7B62     		str	r3, [r7, #36]
 1068 020a 7B69     		ldr	r3, [r7, #20]
 1069 020c 3B62     		str	r3, [r7, #32]
 1070 020e 0BE0     		b	.L62
 1071              	.L63:
 1072              		.loc 1 848 3 is_stmt 0 discriminator 3
 1073 0210 3B6A     		ldr	r3, [r7, #32]
 1074 0212 DAB2     		uxtb	r2, r3
 1075 0214 7B6A     		ldr	r3, [r7, #36]
 1076 0216 591C     		adds	r1, r3, #1
 1077 0218 7962     		str	r1, [r7, #36]
 1078 021a 62F07F02 		orn	r2, r2, #127
 1079 021e D2B2     		uxtb	r2, r2
 1080 0220 1A70     		strb	r2, [r3]
 1081 0222 3B6A     		ldr	r3, [r7, #32]
 1082 0224 DB09     		lsrs	r3, r3, #7
 1083 0226 3B62     		str	r3, [r7, #32]
 1084              	.L62:
 1085              		.loc 1 848 3 discriminator 1
 1086 0228 3B6A     		ldr	r3, [r7, #32]
 1087 022a 7F2B     		cmp	r3, #127
 1088 022c F0D8     		bhi	.L63
 1089              		.loc 1 848 3 discriminator 4
 1090 022e 7B6A     		ldr	r3, [r7, #36]
 1091 0230 5A1C     		adds	r2, r3, #1
 1092 0232 7A62     		str	r2, [r7, #36]
 1093 0234 3A6A     		ldr	r2, [r7, #32]
 1094 0236 D2B2     		uxtb	r2, r2
 1095 0238 1A70     		strb	r2, [r3]
ARM GAS  /var/folders/yl/_q9l42k90g1g4mdhbs226msm0000gn/T//ccxj18A8.s 			page 35


 1096 023a 7B6A     		ldr	r3, [r7, #36]
 1097 023c BB60     		str	r3, [r7, #8]
 1098              	.LBE4:
 849:./SystemView/SEGGER_SYSVIEW.c **** #if (SEGGER_SYSVIEW_POST_MORTEM_MODE == 1)
 850:./SystemView/SEGGER_SYSVIEW.c ****   //
 851:./SystemView/SEGGER_SYSVIEW.c ****   // Store packet in RTT buffer by overwriting old data and update time stamp
 852:./SystemView/SEGGER_SYSVIEW.c ****   //
 853:./SystemView/SEGGER_SYSVIEW.c ****   SEGGER_RTT_WriteWithOverwriteNoLock(CHANNEL_ID_UP, pStartPacket, pEndPacket - pStartPacket);
 854:./SystemView/SEGGER_SYSVIEW.c ****   SEGGER_SYSVIEW_ON_EVENT_RECORDED(pEndPacket - pStartPacket);
 855:./SystemView/SEGGER_SYSVIEW.c ****   _SYSVIEW_Globals.LastTxTimeStamp = TimeStamp;
 856:./SystemView/SEGGER_SYSVIEW.c **** #else
 857:./SystemView/SEGGER_SYSVIEW.c ****   //
 858:./SystemView/SEGGER_SYSVIEW.c ****   // Try to store packet in RTT buffer and update time stamp when this was successful
 859:./SystemView/SEGGER_SYSVIEW.c ****   //
 860:./SystemView/SEGGER_SYSVIEW.c ****   Status = SEGGER_RTT_WriteSkipNoLock(CHANNEL_ID_UP, pStartPacket, (unsigned int)(pEndPacket - pSta
 1099              		.loc 1 860 39 is_stmt 1 discriminator 4
 1100 023e 0C4B     		ldr	r3, .L72
 1101 0240 5B78     		ldrb	r3, [r3, #1]	@ zero_extendqisi2
 1102              		.loc 1 860 12 discriminator 4
 1103 0242 1846     		mov	r0, r3
 1104              		.loc 1 860 94 discriminator 4
 1105 0244 BA68     		ldr	r2, [r7, #8]
 1106 0246 FB68     		ldr	r3, [r7, #12]
 1107 0248 D31A     		subs	r3, r2, r3
 1108              		.loc 1 860 12 discriminator 4
 1109 024a 1A46     		mov	r2, r3
 1110 024c F968     		ldr	r1, [r7, #12]
 1111 024e FFF7FEFF 		bl	SEGGER_RTT_ASM_WriteSkipNoLock
 1112 0252 3861     		str	r0, [r7, #16]
 861:./SystemView/SEGGER_SYSVIEW.c ****   SEGGER_SYSVIEW_ON_EVENT_RECORDED(pEndPacket - pStartPacket);
 862:./SystemView/SEGGER_SYSVIEW.c ****   if (Status) {
 1113              		.loc 1 862 6 discriminator 4
 1114 0254 3B69     		ldr	r3, [r7, #16]
 1115 0256 002B     		cmp	r3, #0
 1116 0258 03D0     		beq	.L64
 863:./SystemView/SEGGER_SYSVIEW.c ****     _SYSVIEW_Globals.LastTxTimeStamp = TimeStamp;
 1117              		.loc 1 863 38
 1118 025a 054A     		ldr	r2, .L72
 1119 025c BB69     		ldr	r3, [r7, #24]
 1120 025e D360     		str	r3, [r2, #12]
 1121 0260 0FE0     		b	.L52
 1122              	.L64:
 864:./SystemView/SEGGER_SYSVIEW.c ****   } else {
 865:./SystemView/SEGGER_SYSVIEW.c ****     _SYSVIEW_Globals.EnableState++; // EnableState has been 1, will be 2. Always.
 1123              		.loc 1 865 21
 1124 0262 034B     		ldr	r3, .L72
 1125 0264 1B78     		ldrb	r3, [r3]	@ zero_extendqisi2
 1126              		.loc 1 865 33
 1127 0266 0133     		adds	r3, r3, #1
 1128 0268 DAB2     		uxtb	r2, r3
 1129 026a 014B     		ldr	r3, .L72
 1130 026c 1A70     		strb	r2, [r3]
 1131 026e 08E0     		b	.L52
 1132              	.L73:
 1133              		.align	2
 1134              	.L72:
 1135 0270 00000000 		.word	_SYSVIEW_Globals
ARM GAS  /var/folders/yl/_q9l42k90g1g4mdhbs226msm0000gn/T//ccxj18A8.s 			page 36


 1136 0274 041000E0 		.word	-536866812
 1137              	.L67:
 733:./SystemView/SEGGER_SYSVIEW.c ****   }
 1138              		.loc 1 733 5
 1139 0278 00BF     		nop
 1140 027a 02E0     		b	.L52
 1141              	.L69:
 743:./SystemView/SEGGER_SYSVIEW.c ****     }
 1142              		.loc 1 743 7
 1143 027c 00BF     		nop
 1144 027e 00E0     		b	.L52
 1145              	.L70:
 753:./SystemView/SEGGER_SYSVIEW.c ****     }
 1146              		.loc 1 753 7
 1147 0280 00BF     		nop
 1148              	.L52:
 866:./SystemView/SEGGER_SYSVIEW.c ****   }
 867:./SystemView/SEGGER_SYSVIEW.c **** #endif
 868:./SystemView/SEGGER_SYSVIEW.c **** 
 869:./SystemView/SEGGER_SYSVIEW.c **** #if (SEGGER_SYSVIEW_POST_MORTEM_MODE == 1)
 870:./SystemView/SEGGER_SYSVIEW.c ****   //
 871:./SystemView/SEGGER_SYSVIEW.c ****   // Add sync and system information periodically if we are in post mortem mode
 872:./SystemView/SEGGER_SYSVIEW.c ****   //
 873:./SystemView/SEGGER_SYSVIEW.c ****   if (_SYSVIEW_Globals.RecursionCnt == 0) {   // Avoid uncontrolled nesting. This way, this routine
 874:./SystemView/SEGGER_SYSVIEW.c ****     _SYSVIEW_Globals.RecursionCnt = 1;
 875:./SystemView/SEGGER_SYSVIEW.c ****     if (_SYSVIEW_Globals.PacketCount++ & (1 << SEGGER_SYSVIEW_SYNC_PERIOD_SHIFT)) {
 876:./SystemView/SEGGER_SYSVIEW.c ****       _SendSyncInfo();
 877:./SystemView/SEGGER_SYSVIEW.c ****       _SYSVIEW_Globals.PacketCount = 0;
 878:./SystemView/SEGGER_SYSVIEW.c ****     }
 879:./SystemView/SEGGER_SYSVIEW.c ****     _SYSVIEW_Globals.RecursionCnt = 0;
 880:./SystemView/SEGGER_SYSVIEW.c ****   }
 881:./SystemView/SEGGER_SYSVIEW.c **** SendDone:
 882:./SystemView/SEGGER_SYSVIEW.c ****   ; // Avoid "label at end of compound statement" error when using static buffer
 883:./SystemView/SEGGER_SYSVIEW.c **** #else
 884:./SystemView/SEGGER_SYSVIEW.c **** SendDone:
 885:./SystemView/SEGGER_SYSVIEW.c ****   //
 886:./SystemView/SEGGER_SYSVIEW.c ****   // Check if host is sending data which needs to be processed.
 887:./SystemView/SEGGER_SYSVIEW.c ****   // Note that since this code is called for every packet, it is very time critical, so we do
 888:./SystemView/SEGGER_SYSVIEW.c ****   // only what is really needed here, which is checking if there is any data
 889:./SystemView/SEGGER_SYSVIEW.c ****   //
 890:./SystemView/SEGGER_SYSVIEW.c ****   if (SEGGER_RTT_HASDATA(CHANNEL_ID_DOWN)) {
 1149              		.loc 1 890 7
 1150 0282 144B     		ldr	r3, .L74
 1151 0284 1B7E     		ldrb	r3, [r3, #24]	@ zero_extendqisi2
 1152 0286 1946     		mov	r1, r3
 1153 0288 134A     		ldr	r2, .L74+4
 1154 028a 0B46     		mov	r3, r1
 1155 028c 5B00     		lsls	r3, r3, #1
 1156 028e 0B44     		add	r3, r3, r1
 1157 0290 DB00     		lsls	r3, r3, #3
 1158 0292 1344     		add	r3, r3, r2
 1159 0294 6C33     		adds	r3, r3, #108
 1160 0296 1A68     		ldr	r2, [r3]
 1161 0298 0E4B     		ldr	r3, .L74
 1162 029a 1B7E     		ldrb	r3, [r3, #24]	@ zero_extendqisi2
 1163 029c 1846     		mov	r0, r3
 1164 029e 0E49     		ldr	r1, .L74+4
ARM GAS  /var/folders/yl/_q9l42k90g1g4mdhbs226msm0000gn/T//ccxj18A8.s 			page 37


 1165 02a0 0346     		mov	r3, r0
 1166 02a2 5B00     		lsls	r3, r3, #1
 1167 02a4 0344     		add	r3, r3, r0
 1168 02a6 DB00     		lsls	r3, r3, #3
 1169 02a8 0B44     		add	r3, r3, r1
 1170 02aa 7033     		adds	r3, r3, #112
 1171 02ac 1B68     		ldr	r3, [r3]
 1172              		.loc 1 890 6
 1173 02ae 9A42     		cmp	r2, r3
 1174 02b0 0BD0     		beq	.L71
 891:./SystemView/SEGGER_SYSVIEW.c ****     if (_SYSVIEW_Globals.RecursionCnt == 0) {   // Avoid uncontrolled nesting. This way, this routi
 1175              		.loc 1 891 25
 1176 02b2 084B     		ldr	r3, .L74
 1177 02b4 9B78     		ldrb	r3, [r3, #2]	@ zero_extendqisi2
 1178              		.loc 1 891 8
 1179 02b6 002B     		cmp	r3, #0
 1180 02b8 07D1     		bne	.L71
 892:./SystemView/SEGGER_SYSVIEW.c ****       _SYSVIEW_Globals.RecursionCnt = 1;
 1181              		.loc 1 892 37
 1182 02ba 064B     		ldr	r3, .L74
 1183 02bc 0122     		movs	r2, #1
 1184 02be 9A70     		strb	r2, [r3, #2]
 893:./SystemView/SEGGER_SYSVIEW.c ****       _HandleIncomingPacket();
 1185              		.loc 1 893 7
 1186 02c0 FFF7FEFF 		bl	_HandleIncomingPacket
 894:./SystemView/SEGGER_SYSVIEW.c ****       _SYSVIEW_Globals.RecursionCnt = 0;
 1187              		.loc 1 894 37
 1188 02c4 034B     		ldr	r3, .L74
 1189 02c6 0022     		movs	r2, #0
 1190 02c8 9A70     		strb	r2, [r3, #2]
 1191              	.L71:
 895:./SystemView/SEGGER_SYSVIEW.c ****     }
 896:./SystemView/SEGGER_SYSVIEW.c ****   }
 897:./SystemView/SEGGER_SYSVIEW.c **** #endif
 898:./SystemView/SEGGER_SYSVIEW.c ****   //
 899:./SystemView/SEGGER_SYSVIEW.c **** #if (SEGGER_SYSVIEW_USE_STATIC_BUFFER == 0)
 900:./SystemView/SEGGER_SYSVIEW.c ****   SEGGER_SYSVIEW_UNLOCK();  // We are done. Unlock and return
 901:./SystemView/SEGGER_SYSVIEW.c **** #endif
 902:./SystemView/SEGGER_SYSVIEW.c **** }
 1192              		.loc 1 902 1
 1193 02ca 00BF     		nop
 1194 02cc 2837     		adds	r7, r7, #40
 1195              	.LCFI31:
 1196              		.cfi_def_cfa_offset 8
 1197 02ce BD46     		mov	sp, r7
 1198              	.LCFI32:
 1199              		.cfi_def_cfa_register 13
 1200              		@ sp needed
 1201 02d0 80BD     		pop	{r7, pc}
 1202              	.L75:
 1203 02d2 00BF     		.align	2
 1204              	.L74:
 1205 02d4 00000000 		.word	_SYSVIEW_Globals
 1206 02d8 00000000 		.word	_SEGGER_RTT
 1207              		.cfi_endproc
 1208              	.LFE5:
 1210              		.section	.text._VPrintHost,"ax",%progbits
ARM GAS  /var/folders/yl/_q9l42k90g1g4mdhbs226msm0000gn/T//ccxj18A8.s 			page 38


 1211              		.align	1
 1212              		.syntax unified
 1213              		.thumb
 1214              		.thumb_func
 1216              	_VPrintHost:
 1217              	.LFB6:
 903:./SystemView/SEGGER_SYSVIEW.c **** 
 904:./SystemView/SEGGER_SYSVIEW.c **** #ifndef SEGGER_SYSVIEW_EXCLUDE_PRINTF // Define in project to avoid warnings about variable paramet
 905:./SystemView/SEGGER_SYSVIEW.c **** /*********************************************************************
 906:./SystemView/SEGGER_SYSVIEW.c **** *
 907:./SystemView/SEGGER_SYSVIEW.c **** *       _VPrintHost()
 908:./SystemView/SEGGER_SYSVIEW.c **** *
 909:./SystemView/SEGGER_SYSVIEW.c **** *  Function description
 910:./SystemView/SEGGER_SYSVIEW.c **** *    Send a format string and its parameters to the host.
 911:./SystemView/SEGGER_SYSVIEW.c **** *
 912:./SystemView/SEGGER_SYSVIEW.c **** *  Parameters
 913:./SystemView/SEGGER_SYSVIEW.c **** *    s            Pointer to format string.
 914:./SystemView/SEGGER_SYSVIEW.c **** *    Options      Options to be sent to the host.
 915:./SystemView/SEGGER_SYSVIEW.c **** *    pParamList   Pointer to the list of arguments for the format string.
 916:./SystemView/SEGGER_SYSVIEW.c **** */
 917:./SystemView/SEGGER_SYSVIEW.c **** static int _VPrintHost(const char* s, U32 Options, va_list* pParamList) {
 1218              		.loc 1 917 73
 1219              		.cfi_startproc
 1220              		@ args = 0, pretend = 0, frame = 136
 1221              		@ frame_needed = 1, uses_anonymous_args = 0
 1222 0000 80B5     		push	{r7, lr}
 1223              	.LCFI33:
 1224              		.cfi_def_cfa_offset 8
 1225              		.cfi_offset 7, -8
 1226              		.cfi_offset 14, -4
 1227 0002 A2B0     		sub	sp, sp, #136
 1228              	.LCFI34:
 1229              		.cfi_def_cfa_offset 144
 1230 0004 00AF     		add	r7, sp, #0
 1231              	.LCFI35:
 1232              		.cfi_def_cfa_register 7
 1233 0006 F860     		str	r0, [r7, #12]
 1234 0008 B960     		str	r1, [r7, #8]
 1235 000a 7A60     		str	r2, [r7, #4]
 918:./SystemView/SEGGER_SYSVIEW.c ****   U32         aParas[SEGGER_SYSVIEW_MAX_ARGUMENTS];
 919:./SystemView/SEGGER_SYSVIEW.c ****   U32*        pParas;
 920:./SystemView/SEGGER_SYSVIEW.c ****   U32         NumArguments;
 921:./SystemView/SEGGER_SYSVIEW.c ****   const char* p;
 922:./SystemView/SEGGER_SYSVIEW.c ****   char        c;
 923:./SystemView/SEGGER_SYSVIEW.c ****   U8*         pPayload;
 924:./SystemView/SEGGER_SYSVIEW.c ****   U8*         pPayloadStart;
 925:./SystemView/SEGGER_SYSVIEW.c **** #if SEGGER_SYSVIEW_PRINTF_IMPLICIT_FORMAT
 926:./SystemView/SEGGER_SYSVIEW.c ****   U8 HasNonScalar;
 927:./SystemView/SEGGER_SYSVIEW.c **** 
 928:./SystemView/SEGGER_SYSVIEW.c ****   HasNonScalar = 0;
 929:./SystemView/SEGGER_SYSVIEW.c **** #endif
 930:./SystemView/SEGGER_SYSVIEW.c ****   //
 931:./SystemView/SEGGER_SYSVIEW.c ****   // Count number of arguments by counting '%' characters in string.
 932:./SystemView/SEGGER_SYSVIEW.c ****   // If enabled, check for non-scalar modifier flags to format string on the target.
 933:./SystemView/SEGGER_SYSVIEW.c ****   //
 934:./SystemView/SEGGER_SYSVIEW.c ****   p = s;
 1236              		.loc 1 934 5
ARM GAS  /var/folders/yl/_q9l42k90g1g4mdhbs226msm0000gn/T//ccxj18A8.s 			page 39


 1237 000c FB68     		ldr	r3, [r7, #12]
 1238 000e FB67     		str	r3, [r7, #124]
 935:./SystemView/SEGGER_SYSVIEW.c ****   NumArguments = 0;
 1239              		.loc 1 935 16
 1240 0010 0023     		movs	r3, #0
 1241 0012 C7F88030 		str	r3, [r7, #128]
 1242              	.L80:
 936:./SystemView/SEGGER_SYSVIEW.c ****   for (;;) {
 937:./SystemView/SEGGER_SYSVIEW.c ****     c = *p++;
 1243              		.loc 1 937 11
 1244 0016 FB6F     		ldr	r3, [r7, #124]
 1245 0018 5A1C     		adds	r2, r3, #1
 1246 001a FA67     		str	r2, [r7, #124]
 1247              		.loc 1 937 7
 1248 001c 1B78     		ldrb	r3, [r3]
 1249 001e 87F85F30 		strb	r3, [r7, #95]
 938:./SystemView/SEGGER_SYSVIEW.c ****     if (c == 0) {
 1250              		.loc 1 938 8
 1251 0022 97F85F30 		ldrb	r3, [r7, #95]	@ zero_extendqisi2
 1252 0026 002B     		cmp	r3, #0
 1253 0028 1DD0     		beq	.L90
 939:./SystemView/SEGGER_SYSVIEW.c ****       break;
 940:./SystemView/SEGGER_SYSVIEW.c ****     }
 941:./SystemView/SEGGER_SYSVIEW.c ****     if (c == '%') {
 1254              		.loc 1 941 8
 1255 002a 97F85F30 		ldrb	r3, [r7, #95]	@ zero_extendqisi2
 1256 002e 252B     		cmp	r3, #37
 1257 0030 F1D1     		bne	.L80
 942:./SystemView/SEGGER_SYSVIEW.c ****       c = *p;
 1258              		.loc 1 942 9
 1259 0032 FB6F     		ldr	r3, [r7, #124]
 1260 0034 1B78     		ldrb	r3, [r3]
 1261 0036 87F85F30 		strb	r3, [r7, #95]
 943:./SystemView/SEGGER_SYSVIEW.c **** #if SEGGER_SYSVIEW_PRINTF_IMPLICIT_FORMAT == 0
 944:./SystemView/SEGGER_SYSVIEW.c ****       aParas[NumArguments++] = (U32)(va_arg(*pParamList, int));
 1262              		.loc 1 944 38
 1263 003a 7B68     		ldr	r3, [r7, #4]
 1264 003c 1B68     		ldr	r3, [r3]
 1265 003e 191D     		adds	r1, r3, #4
 1266 0040 7A68     		ldr	r2, [r7, #4]
 1267 0042 1160     		str	r1, [r2]
 1268 0044 1968     		ldr	r1, [r3]
 1269              		.loc 1 944 26
 1270 0046 D7F88030 		ldr	r3, [r7, #128]
 1271 004a 5A1C     		adds	r2, r3, #1
 1272 004c C7F88020 		str	r2, [r7, #128]
 1273              		.loc 1 944 32
 1274 0050 0A46     		mov	r2, r1
 1275              		.loc 1 944 30
 1276 0052 9B00     		lsls	r3, r3, #2
 1277 0054 8833     		adds	r3, r3, #136
 1278 0056 3B44     		add	r3, r3, r7
 1279 0058 43F8742C 		str	r2, [r3, #-116]
 945:./SystemView/SEGGER_SYSVIEW.c ****       if (NumArguments == SEGGER_SYSVIEW_MAX_ARGUMENTS) {
 1280              		.loc 1 945 10
 1281 005c D7F88030 		ldr	r3, [r7, #128]
 1282 0060 102B     		cmp	r3, #16
ARM GAS  /var/folders/yl/_q9l42k90g1g4mdhbs226msm0000gn/T//ccxj18A8.s 			page 40


 1283 0062 02D0     		beq	.L91
 937:./SystemView/SEGGER_SYSVIEW.c ****     if (c == 0) {
 1284              		.loc 1 937 7
 1285 0064 D7E7     		b	.L80
 1286              	.L90:
 939:./SystemView/SEGGER_SYSVIEW.c ****     }
 1287              		.loc 1 939 7
 1288 0066 00BF     		nop
 1289 0068 00E0     		b	.L78
 1290              	.L91:
 946:./SystemView/SEGGER_SYSVIEW.c ****         break;
 1291              		.loc 1 946 9
 1292 006a 00BF     		nop
 1293              	.L78:
 1294              	.LBB5:
 947:./SystemView/SEGGER_SYSVIEW.c ****       }
 948:./SystemView/SEGGER_SYSVIEW.c **** #else
 949:./SystemView/SEGGER_SYSVIEW.c ****       if (c == 's') {
 950:./SystemView/SEGGER_SYSVIEW.c ****         HasNonScalar = 1;
 951:./SystemView/SEGGER_SYSVIEW.c ****         break;
 952:./SystemView/SEGGER_SYSVIEW.c ****       } else {
 953:./SystemView/SEGGER_SYSVIEW.c ****         aParas[NumArguments++] = (U32)(va_arg(*pParamList, int));
 954:./SystemView/SEGGER_SYSVIEW.c ****         if (NumArguments == SEGGER_SYSVIEW_MAX_ARGUMENTS) {
 955:./SystemView/SEGGER_SYSVIEW.c ****           break;
 956:./SystemView/SEGGER_SYSVIEW.c ****         }
 957:./SystemView/SEGGER_SYSVIEW.c ****       }
 958:./SystemView/SEGGER_SYSVIEW.c **** #endif
 959:./SystemView/SEGGER_SYSVIEW.c ****     }
 960:./SystemView/SEGGER_SYSVIEW.c ****   }
 961:./SystemView/SEGGER_SYSVIEW.c **** 
 962:./SystemView/SEGGER_SYSVIEW.c **** #if SEGGER_SYSVIEW_PRINTF_IMPLICIT_FORMAT
 963:./SystemView/SEGGER_SYSVIEW.c ****   if (HasNonScalar) {
 964:./SystemView/SEGGER_SYSVIEW.c ****     return -1;
 965:./SystemView/SEGGER_SYSVIEW.c ****   }
 966:./SystemView/SEGGER_SYSVIEW.c **** #endif
 967:./SystemView/SEGGER_SYSVIEW.c ****   //
 968:./SystemView/SEGGER_SYSVIEW.c ****   // Send string and parameters to host
 969:./SystemView/SEGGER_SYSVIEW.c ****   //
 970:./SystemView/SEGGER_SYSVIEW.c ****   {
 971:./SystemView/SEGGER_SYSVIEW.c ****     RECORD_START(SEGGER_SYSVIEW_INFO_SIZE + SEGGER_SYSVIEW_MAX_STRING_LEN + 2 * SEGGER_SYSVIEW_QUAN
 1295              		.loc 1 971 5
 1296              		.syntax unified
 1297              	@ 971 "./SystemView/SEGGER_SYSVIEW.c" 1
 1298 006c EFF31183 		mrs   r3, basepri  
 1299 0070 4FF02001 		mov   r1, #32       
 1300 0074 81F31188 		msr   basepri, r1  
 1301              		
 1302              	@ 0 "" 2
 1303              		.thumb
 1304              		.syntax unified
 1305 0078 BB65     		str	r3, [r7, #88]
 1306 007a 3F48     		ldr	r0, .L92
 1307 007c FFF7FEFF 		bl	_PreparePacket
 1308 0080 7865     		str	r0, [r7, #84]
 972:./SystemView/SEGGER_SYSVIEW.c ****     pPayload = _EncodeStr(pPayloadStart, s, SEGGER_SYSVIEW_MAX_STRING_LEN);
 1309              		.loc 1 972 16
 1310 0082 8022     		movs	r2, #128
ARM GAS  /var/folders/yl/_q9l42k90g1g4mdhbs226msm0000gn/T//ccxj18A8.s 			page 41


 1311 0084 F968     		ldr	r1, [r7, #12]
 1312 0086 786D     		ldr	r0, [r7, #84]
 1313 0088 FFF7FEFF 		bl	_EncodeStr
 1314 008c B867     		str	r0, [r7, #120]
 1315              	.LBB6:
 973:./SystemView/SEGGER_SYSVIEW.c ****     ENCODE_U32(pPayload, Options);
 1316              		.loc 1 973 5
 1317 008e BB6F     		ldr	r3, [r7, #120]
 1318 0090 7B67     		str	r3, [r7, #116]
 1319 0092 BB68     		ldr	r3, [r7, #8]
 1320 0094 3B67     		str	r3, [r7, #112]
 1321 0096 0BE0     		b	.L81
 1322              	.L82:
 1323              		.loc 1 973 5 is_stmt 0 discriminator 3
 1324 0098 3B6F     		ldr	r3, [r7, #112]
 1325 009a DAB2     		uxtb	r2, r3
 1326 009c 7B6F     		ldr	r3, [r7, #116]
 1327 009e 591C     		adds	r1, r3, #1
 1328 00a0 7967     		str	r1, [r7, #116]
 1329 00a2 62F07F02 		orn	r2, r2, #127
 1330 00a6 D2B2     		uxtb	r2, r2
 1331 00a8 1A70     		strb	r2, [r3]
 1332 00aa 3B6F     		ldr	r3, [r7, #112]
 1333 00ac DB09     		lsrs	r3, r3, #7
 1334 00ae 3B67     		str	r3, [r7, #112]
 1335              	.L81:
 1336              		.loc 1 973 5 discriminator 1
 1337 00b0 3B6F     		ldr	r3, [r7, #112]
 1338 00b2 7F2B     		cmp	r3, #127
 1339 00b4 F0D8     		bhi	.L82
 1340              		.loc 1 973 5 discriminator 4
 1341 00b6 7B6F     		ldr	r3, [r7, #116]
 1342 00b8 5A1C     		adds	r2, r3, #1
 1343 00ba 7A67     		str	r2, [r7, #116]
 1344 00bc 3A6F     		ldr	r2, [r7, #112]
 1345 00be D2B2     		uxtb	r2, r2
 1346 00c0 1A70     		strb	r2, [r3]
 1347 00c2 7B6F     		ldr	r3, [r7, #116]
 1348 00c4 BB67     		str	r3, [r7, #120]
 1349              	.LBE6:
 1350              	.LBB7:
 974:./SystemView/SEGGER_SYSVIEW.c ****     ENCODE_U32(pPayload, NumArguments);
 1351              		.loc 1 974 5 is_stmt 1 discriminator 4
 1352 00c6 BB6F     		ldr	r3, [r7, #120]
 1353 00c8 FB66     		str	r3, [r7, #108]
 1354 00ca D7F88030 		ldr	r3, [r7, #128]
 1355 00ce BB66     		str	r3, [r7, #104]
 1356 00d0 0BE0     		b	.L83
 1357              	.L84:
 1358              		.loc 1 974 5 is_stmt 0 discriminator 3
 1359 00d2 BB6E     		ldr	r3, [r7, #104]
 1360 00d4 DAB2     		uxtb	r2, r3
 1361 00d6 FB6E     		ldr	r3, [r7, #108]
 1362 00d8 591C     		adds	r1, r3, #1
 1363 00da F966     		str	r1, [r7, #108]
 1364 00dc 62F07F02 		orn	r2, r2, #127
 1365 00e0 D2B2     		uxtb	r2, r2
ARM GAS  /var/folders/yl/_q9l42k90g1g4mdhbs226msm0000gn/T//ccxj18A8.s 			page 42


 1366 00e2 1A70     		strb	r2, [r3]
 1367 00e4 BB6E     		ldr	r3, [r7, #104]
 1368 00e6 DB09     		lsrs	r3, r3, #7
 1369 00e8 BB66     		str	r3, [r7, #104]
 1370              	.L83:
 1371              		.loc 1 974 5 discriminator 1
 1372 00ea BB6E     		ldr	r3, [r7, #104]
 1373 00ec 7F2B     		cmp	r3, #127
 1374 00ee F0D8     		bhi	.L84
 1375              		.loc 1 974 5 discriminator 4
 1376 00f0 FB6E     		ldr	r3, [r7, #108]
 1377 00f2 5A1C     		adds	r2, r3, #1
 1378 00f4 FA66     		str	r2, [r7, #108]
 1379 00f6 BA6E     		ldr	r2, [r7, #104]
 1380 00f8 D2B2     		uxtb	r2, r2
 1381 00fa 1A70     		strb	r2, [r3]
 1382 00fc FB6E     		ldr	r3, [r7, #108]
 1383 00fe BB67     		str	r3, [r7, #120]
 1384              	.LBE7:
 975:./SystemView/SEGGER_SYSVIEW.c ****     pParas = aParas;
 1385              		.loc 1 975 12 is_stmt 1 discriminator 4
 1386 0100 07F11403 		add	r3, r7, #20
 1387 0104 C7F88430 		str	r3, [r7, #132]
 976:./SystemView/SEGGER_SYSVIEW.c ****     while (NumArguments--) {
 1388              		.loc 1 976 11 discriminator 4
 1389 0108 22E0     		b	.L85
 1390              	.L88:
 1391              	.LBB8:
 977:./SystemView/SEGGER_SYSVIEW.c ****       ENCODE_U32(pPayload, (*pParas));
 1392              		.loc 1 977 7
 1393 010a BB6F     		ldr	r3, [r7, #120]
 1394 010c 7B66     		str	r3, [r7, #100]
 1395 010e D7F88430 		ldr	r3, [r7, #132]
 1396 0112 1B68     		ldr	r3, [r3]
 1397 0114 3B66     		str	r3, [r7, #96]
 1398 0116 0BE0     		b	.L86
 1399              	.L87:
 1400              		.loc 1 977 7 is_stmt 0 discriminator 3
 1401 0118 3B6E     		ldr	r3, [r7, #96]
 1402 011a DAB2     		uxtb	r2, r3
 1403 011c 7B6E     		ldr	r3, [r7, #100]
 1404 011e 591C     		adds	r1, r3, #1
 1405 0120 7966     		str	r1, [r7, #100]
 1406 0122 62F07F02 		orn	r2, r2, #127
 1407 0126 D2B2     		uxtb	r2, r2
 1408 0128 1A70     		strb	r2, [r3]
 1409 012a 3B6E     		ldr	r3, [r7, #96]
 1410 012c DB09     		lsrs	r3, r3, #7
 1411 012e 3B66     		str	r3, [r7, #96]
 1412              	.L86:
 1413              		.loc 1 977 7 discriminator 1
 1414 0130 3B6E     		ldr	r3, [r7, #96]
 1415 0132 7F2B     		cmp	r3, #127
 1416 0134 F0D8     		bhi	.L87
 1417              		.loc 1 977 7 discriminator 4
 1418 0136 7B6E     		ldr	r3, [r7, #100]
 1419 0138 5A1C     		adds	r2, r3, #1
ARM GAS  /var/folders/yl/_q9l42k90g1g4mdhbs226msm0000gn/T//ccxj18A8.s 			page 43


 1420 013a 7A66     		str	r2, [r7, #100]
 1421 013c 3A6E     		ldr	r2, [r7, #96]
 1422 013e D2B2     		uxtb	r2, r2
 1423 0140 1A70     		strb	r2, [r3]
 1424 0142 7B6E     		ldr	r3, [r7, #100]
 1425 0144 BB67     		str	r3, [r7, #120]
 1426              	.LBE8:
 978:./SystemView/SEGGER_SYSVIEW.c ****       pParas++;
 1427              		.loc 1 978 13 is_stmt 1 discriminator 4
 1428 0146 D7F88430 		ldr	r3, [r7, #132]
 1429 014a 0433     		adds	r3, r3, #4
 1430 014c C7F88430 		str	r3, [r7, #132]
 1431              	.L85:
 976:./SystemView/SEGGER_SYSVIEW.c ****     while (NumArguments--) {
 1432              		.loc 1 976 24
 1433 0150 D7F88030 		ldr	r3, [r7, #128]
 1434 0154 5A1E     		subs	r2, r3, #1
 1435 0156 C7F88020 		str	r2, [r7, #128]
 976:./SystemView/SEGGER_SYSVIEW.c ****     while (NumArguments--) {
 1436              		.loc 1 976 11
 1437 015a 002B     		cmp	r3, #0
 1438 015c D5D1     		bne	.L88
 979:./SystemView/SEGGER_SYSVIEW.c ****     }
 980:./SystemView/SEGGER_SYSVIEW.c ****     _SendPacket(pPayloadStart, pPayload, SYSVIEW_EVTID_PRINT_FORMATTED);
 1439              		.loc 1 980 5
 1440 015e 1A22     		movs	r2, #26
 1441 0160 B96F     		ldr	r1, [r7, #120]
 1442 0162 786D     		ldr	r0, [r7, #84]
 1443 0164 FFF7FEFF 		bl	_SendPacket
 981:./SystemView/SEGGER_SYSVIEW.c ****     RECORD_END();
 1444              		.loc 1 981 5
 1445 0168 BB6D     		ldr	r3, [r7, #88]
 1446              		.syntax unified
 1447              	@ 981 "./SystemView/SEGGER_SYSVIEW.c" 1
 1448 016a 83F31188 		msr   basepri, r3  
 1449              		
 1450              	@ 0 "" 2
 1451              		.thumb
 1452              		.syntax unified
 1453              	.LBE5:
 982:./SystemView/SEGGER_SYSVIEW.c ****   }
 983:./SystemView/SEGGER_SYSVIEW.c ****   return 0;
 1454              		.loc 1 983 10
 1455 016e 0023     		movs	r3, #0
 984:./SystemView/SEGGER_SYSVIEW.c **** }
 1456              		.loc 1 984 1
 1457 0170 1846     		mov	r0, r3
 1458 0172 8837     		adds	r7, r7, #136
 1459              	.LCFI36:
 1460              		.cfi_def_cfa_offset 8
 1461 0174 BD46     		mov	sp, r7
 1462              	.LCFI37:
 1463              		.cfi_def_cfa_register 13
 1464              		@ sp needed
 1465 0176 80BD     		pop	{r7, pc}
 1466              	.L93:
 1467              		.align	2
ARM GAS  /var/folders/yl/_q9l42k90g1g4mdhbs226msm0000gn/T//ccxj18A8.s 			page 44


 1468              	.L92:
 1469 0178 00000000 		.word	_aPacket
 1470              		.cfi_endproc
 1471              	.LFE6:
 1473              		.section	.text._StoreChar,"ax",%progbits
 1474              		.align	1
 1475              		.syntax unified
 1476              		.thumb
 1477              		.thumb_func
 1479              	_StoreChar:
 1480              	.LFB7:
 985:./SystemView/SEGGER_SYSVIEW.c **** 
 986:./SystemView/SEGGER_SYSVIEW.c **** /*********************************************************************
 987:./SystemView/SEGGER_SYSVIEW.c **** *
 988:./SystemView/SEGGER_SYSVIEW.c **** *       _StoreChar()
 989:./SystemView/SEGGER_SYSVIEW.c **** *
 990:./SystemView/SEGGER_SYSVIEW.c **** *  Function description
 991:./SystemView/SEGGER_SYSVIEW.c **** *    Stores a character in the printf-buffer and sends the buffer when
 992:./SystemView/SEGGER_SYSVIEW.c **** *     it is filled.
 993:./SystemView/SEGGER_SYSVIEW.c **** *
 994:./SystemView/SEGGER_SYSVIEW.c **** *  Parameters
 995:./SystemView/SEGGER_SYSVIEW.c **** *    p            Pointer to the buffer description.
 996:./SystemView/SEGGER_SYSVIEW.c **** *    c            Character to be printed.
 997:./SystemView/SEGGER_SYSVIEW.c **** */
 998:./SystemView/SEGGER_SYSVIEW.c **** static void _StoreChar(SEGGER_SYSVIEW_PRINTF_DESC * p, char c) {
 1481              		.loc 1 998 64
 1482              		.cfi_startproc
 1483              		@ args = 0, pretend = 0, frame = 40
 1484              		@ frame_needed = 1, uses_anonymous_args = 0
 1485 0000 80B5     		push	{r7, lr}
 1486              	.LCFI38:
 1487              		.cfi_def_cfa_offset 8
 1488              		.cfi_offset 7, -8
 1489              		.cfi_offset 14, -4
 1490 0002 8AB0     		sub	sp, sp, #40
 1491              	.LCFI39:
 1492              		.cfi_def_cfa_offset 48
 1493 0004 00AF     		add	r7, sp, #0
 1494              	.LCFI40:
 1495              		.cfi_def_cfa_register 7
 1496 0006 7860     		str	r0, [r7, #4]
 1497 0008 0B46     		mov	r3, r1
 1498 000a FB70     		strb	r3, [r7, #3]
 999:./SystemView/SEGGER_SYSVIEW.c ****   unsigned int  Cnt;
1000:./SystemView/SEGGER_SYSVIEW.c ****   U8*           pPayload;
1001:./SystemView/SEGGER_SYSVIEW.c ****   U32           Options;
1002:./SystemView/SEGGER_SYSVIEW.c **** 
1003:./SystemView/SEGGER_SYSVIEW.c ****   Cnt = p->Cnt;
 1499              		.loc 1 1003 7
 1500 000c 7B68     		ldr	r3, [r7, #4]
 1501 000e 1B69     		ldr	r3, [r3, #16]
 1502 0010 7B61     		str	r3, [r7, #20]
1004:./SystemView/SEGGER_SYSVIEW.c ****   if ((Cnt + 1u) <= SEGGER_SYSVIEW_MAX_STRING_LEN) {
 1503              		.loc 1 1004 12
 1504 0012 7B69     		ldr	r3, [r7, #20]
 1505 0014 0133     		adds	r3, r3, #1
 1506              		.loc 1 1004 6
ARM GAS  /var/folders/yl/_q9l42k90g1g4mdhbs226msm0000gn/T//ccxj18A8.s 			page 45


 1507 0016 802B     		cmp	r3, #128
 1508 0018 0AD8     		bhi	.L95
1005:./SystemView/SEGGER_SYSVIEW.c ****     *(p->pPayload++) = (U8)c;
 1509              		.loc 1 1005 8
 1510 001a 7B68     		ldr	r3, [r7, #4]
 1511 001c 5B68     		ldr	r3, [r3, #4]
 1512              		.loc 1 1005 18
 1513 001e 591C     		adds	r1, r3, #1
 1514 0020 7A68     		ldr	r2, [r7, #4]
 1515 0022 5160     		str	r1, [r2, #4]
 1516              		.loc 1 1005 22
 1517 0024 FA78     		ldrb	r2, [r7, #3]
 1518 0026 1A70     		strb	r2, [r3]
1006:./SystemView/SEGGER_SYSVIEW.c ****     p->Cnt = Cnt + 1u;
 1519              		.loc 1 1006 18
 1520 0028 7B69     		ldr	r3, [r7, #20]
 1521 002a 5A1C     		adds	r2, r3, #1
 1522              		.loc 1 1006 12
 1523 002c 7B68     		ldr	r3, [r7, #4]
 1524 002e 1A61     		str	r2, [r3, #16]
 1525              	.L95:
1007:./SystemView/SEGGER_SYSVIEW.c ****   }
1008:./SystemView/SEGGER_SYSVIEW.c ****   //
1009:./SystemView/SEGGER_SYSVIEW.c ****   // Write part of string, when the buffer is full
1010:./SystemView/SEGGER_SYSVIEW.c ****   //
1011:./SystemView/SEGGER_SYSVIEW.c ****   if (p->Cnt == SEGGER_SYSVIEW_MAX_STRING_LEN) {
 1526              		.loc 1 1011 8
 1527 0030 7B68     		ldr	r3, [r7, #4]
 1528 0032 1B69     		ldr	r3, [r3, #16]
 1529              		.loc 1 1011 6
 1530 0034 802B     		cmp	r3, #128
 1531 0036 5AD1     		bne	.L101
1012:./SystemView/SEGGER_SYSVIEW.c ****     *(p->pPayloadStart) = (U8)p->Cnt;
 1532              		.loc 1 1012 32
 1533 0038 7B68     		ldr	r3, [r7, #4]
 1534 003a 1A69     		ldr	r2, [r3, #16]
 1535              		.loc 1 1012 8
 1536 003c 7B68     		ldr	r3, [r7, #4]
 1537 003e 9B68     		ldr	r3, [r3, #8]
 1538              		.loc 1 1012 27
 1539 0040 D2B2     		uxtb	r2, r2
 1540              		.loc 1 1012 25
 1541 0042 1A70     		strb	r2, [r3]
1013:./SystemView/SEGGER_SYSVIEW.c ****     pPayload = p->pPayload;
 1542              		.loc 1 1013 14
 1543 0044 7B68     		ldr	r3, [r7, #4]
 1544 0046 5B68     		ldr	r3, [r3, #4]
 1545 0048 3B61     		str	r3, [r7, #16]
1014:./SystemView/SEGGER_SYSVIEW.c ****     Options = p->Options;
 1546              		.loc 1 1014 13
 1547 004a 7B68     		ldr	r3, [r7, #4]
 1548 004c DB68     		ldr	r3, [r3, #12]
 1549 004e FB60     		str	r3, [r7, #12]
 1550              	.LBB9:
1015:./SystemView/SEGGER_SYSVIEW.c ****     ENCODE_U32(pPayload, Options);
 1551              		.loc 1 1015 5
 1552 0050 3B69     		ldr	r3, [r7, #16]
ARM GAS  /var/folders/yl/_q9l42k90g1g4mdhbs226msm0000gn/T//ccxj18A8.s 			page 46


 1553 0052 7B62     		str	r3, [r7, #36]
 1554 0054 FB68     		ldr	r3, [r7, #12]
 1555 0056 3B62     		str	r3, [r7, #32]
 1556 0058 0BE0     		b	.L97
 1557              	.L98:
 1558              		.loc 1 1015 5 is_stmt 0 discriminator 3
 1559 005a 3B6A     		ldr	r3, [r7, #32]
 1560 005c DAB2     		uxtb	r2, r3
 1561 005e 7B6A     		ldr	r3, [r7, #36]
 1562 0060 591C     		adds	r1, r3, #1
 1563 0062 7962     		str	r1, [r7, #36]
 1564 0064 62F07F02 		orn	r2, r2, #127
 1565 0068 D2B2     		uxtb	r2, r2
 1566 006a 1A70     		strb	r2, [r3]
 1567 006c 3B6A     		ldr	r3, [r7, #32]
 1568 006e DB09     		lsrs	r3, r3, #7
 1569 0070 3B62     		str	r3, [r7, #32]
 1570              	.L97:
 1571              		.loc 1 1015 5 discriminator 1
 1572 0072 3B6A     		ldr	r3, [r7, #32]
 1573 0074 7F2B     		cmp	r3, #127
 1574 0076 F0D8     		bhi	.L98
 1575              		.loc 1 1015 5 discriminator 4
 1576 0078 7B6A     		ldr	r3, [r7, #36]
 1577 007a 5A1C     		adds	r2, r3, #1
 1578 007c 7A62     		str	r2, [r7, #36]
 1579 007e 3A6A     		ldr	r2, [r7, #32]
 1580 0080 D2B2     		uxtb	r2, r2
 1581 0082 1A70     		strb	r2, [r3]
 1582 0084 7B6A     		ldr	r3, [r7, #36]
 1583 0086 3B61     		str	r3, [r7, #16]
 1584              	.LBE9:
 1585              	.LBB10:
1016:./SystemView/SEGGER_SYSVIEW.c ****     ENCODE_U32(pPayload, 0);
 1586              		.loc 1 1016 5 is_stmt 1 discriminator 4
 1587 0088 3B69     		ldr	r3, [r7, #16]
 1588 008a FB61     		str	r3, [r7, #28]
 1589 008c 0023     		movs	r3, #0
 1590 008e BB61     		str	r3, [r7, #24]
 1591 0090 0BE0     		b	.L99
 1592              	.L100:
 1593              		.loc 1 1016 5 is_stmt 0 discriminator 3
 1594 0092 BB69     		ldr	r3, [r7, #24]
 1595 0094 DAB2     		uxtb	r2, r3
 1596 0096 FB69     		ldr	r3, [r7, #28]
 1597 0098 591C     		adds	r1, r3, #1
 1598 009a F961     		str	r1, [r7, #28]
 1599 009c 62F07F02 		orn	r2, r2, #127
 1600 00a0 D2B2     		uxtb	r2, r2
 1601 00a2 1A70     		strb	r2, [r3]
 1602 00a4 BB69     		ldr	r3, [r7, #24]
 1603 00a6 DB09     		lsrs	r3, r3, #7
 1604 00a8 BB61     		str	r3, [r7, #24]
 1605              	.L99:
 1606              		.loc 1 1016 5 discriminator 1
 1607 00aa BB69     		ldr	r3, [r7, #24]
 1608 00ac 7F2B     		cmp	r3, #127
ARM GAS  /var/folders/yl/_q9l42k90g1g4mdhbs226msm0000gn/T//ccxj18A8.s 			page 47


 1609 00ae F0D8     		bhi	.L100
 1610              		.loc 1 1016 5 discriminator 4
 1611 00b0 FB69     		ldr	r3, [r7, #28]
 1612 00b2 5A1C     		adds	r2, r3, #1
 1613 00b4 FA61     		str	r2, [r7, #28]
 1614 00b6 BA69     		ldr	r2, [r7, #24]
 1615 00b8 D2B2     		uxtb	r2, r2
 1616 00ba 1A70     		strb	r2, [r3]
 1617 00bc FB69     		ldr	r3, [r7, #28]
 1618 00be 3B61     		str	r3, [r7, #16]
 1619              	.LBE10:
1017:./SystemView/SEGGER_SYSVIEW.c ****     _SendPacket(p->pPayloadStart, pPayload, SYSVIEW_EVTID_PRINT_FORMATTED);
 1620              		.loc 1 1017 5 is_stmt 1 discriminator 4
 1621 00c0 7B68     		ldr	r3, [r7, #4]
 1622 00c2 9B68     		ldr	r3, [r3, #8]
 1623 00c4 1A22     		movs	r2, #26
 1624 00c6 3969     		ldr	r1, [r7, #16]
 1625 00c8 1846     		mov	r0, r3
 1626 00ca FFF7FEFF 		bl	_SendPacket
1018:./SystemView/SEGGER_SYSVIEW.c ****     p->pPayloadStart = _PreparePacket(p->pBuffer);
 1627              		.loc 1 1018 24 discriminator 4
 1628 00ce 7B68     		ldr	r3, [r7, #4]
 1629 00d0 1B68     		ldr	r3, [r3]
 1630 00d2 1846     		mov	r0, r3
 1631 00d4 FFF7FEFF 		bl	_PreparePacket
 1632 00d8 0246     		mov	r2, r0
 1633              		.loc 1 1018 22 discriminator 4
 1634 00da 7B68     		ldr	r3, [r7, #4]
 1635 00dc 9A60     		str	r2, [r3, #8]
1019:./SystemView/SEGGER_SYSVIEW.c ****     p->pPayload = p->pPayloadStart + 1u;
 1636              		.loc 1 1019 20 discriminator 4
 1637 00de 7B68     		ldr	r3, [r7, #4]
 1638 00e0 9B68     		ldr	r3, [r3, #8]
 1639              		.loc 1 1019 36 discriminator 4
 1640 00e2 5A1C     		adds	r2, r3, #1
 1641              		.loc 1 1019 17 discriminator 4
 1642 00e4 7B68     		ldr	r3, [r7, #4]
 1643 00e6 5A60     		str	r2, [r3, #4]
1020:./SystemView/SEGGER_SYSVIEW.c ****     p->Cnt = 0u;
 1644              		.loc 1 1020 12 discriminator 4
 1645 00e8 7B68     		ldr	r3, [r7, #4]
 1646 00ea 0022     		movs	r2, #0
 1647 00ec 1A61     		str	r2, [r3, #16]
 1648              	.L101:
1021:./SystemView/SEGGER_SYSVIEW.c ****   }
1022:./SystemView/SEGGER_SYSVIEW.c **** }
 1649              		.loc 1 1022 1
 1650 00ee 00BF     		nop
 1651 00f0 2837     		adds	r7, r7, #40
 1652              	.LCFI41:
 1653              		.cfi_def_cfa_offset 8
 1654 00f2 BD46     		mov	sp, r7
 1655              	.LCFI42:
 1656              		.cfi_def_cfa_register 13
 1657              		@ sp needed
 1658 00f4 80BD     		pop	{r7, pc}
 1659              		.cfi_endproc
ARM GAS  /var/folders/yl/_q9l42k90g1g4mdhbs226msm0000gn/T//ccxj18A8.s 			page 48


 1660              	.LFE7:
 1662              		.section	.text._PrintUnsigned,"ax",%progbits
 1663              		.align	1
 1664              		.syntax unified
 1665              		.thumb
 1666              		.thumb_func
 1668              	_PrintUnsigned:
 1669              	.LFB8:
1023:./SystemView/SEGGER_SYSVIEW.c **** 
1024:./SystemView/SEGGER_SYSVIEW.c **** /*********************************************************************
1025:./SystemView/SEGGER_SYSVIEW.c **** *
1026:./SystemView/SEGGER_SYSVIEW.c **** *       _PrintUnsigned()
1027:./SystemView/SEGGER_SYSVIEW.c **** *
1028:./SystemView/SEGGER_SYSVIEW.c **** *  Function description
1029:./SystemView/SEGGER_SYSVIEW.c **** *    Print an unsigned integer with the given formatting into the
1030:./SystemView/SEGGER_SYSVIEW.c **** *     formatted string.
1031:./SystemView/SEGGER_SYSVIEW.c **** *
1032:./SystemView/SEGGER_SYSVIEW.c **** *  Parameters
1033:./SystemView/SEGGER_SYSVIEW.c **** *    pBufferDesc  Pointer to the buffer description.
1034:./SystemView/SEGGER_SYSVIEW.c **** *    v            Value to be printed.
1035:./SystemView/SEGGER_SYSVIEW.c **** *    Base         Base of the value.
1036:./SystemView/SEGGER_SYSVIEW.c **** *    NumDigits    Number of digits to be printed.
1037:./SystemView/SEGGER_SYSVIEW.c **** *    FieldWidth   Width of the printed field.
1038:./SystemView/SEGGER_SYSVIEW.c **** *    FormatFlags  Flags for formatting the value.
1039:./SystemView/SEGGER_SYSVIEW.c **** */
1040:./SystemView/SEGGER_SYSVIEW.c **** static void _PrintUnsigned(SEGGER_SYSVIEW_PRINTF_DESC * pBufferDesc, unsigned int v, unsigned int B
 1670              		.loc 1 1040 180
 1671              		.cfi_startproc
 1672              		@ args = 8, pretend = 0, frame = 40
 1673              		@ frame_needed = 1, uses_anonymous_args = 0
 1674 0000 80B5     		push	{r7, lr}
 1675              	.LCFI43:
 1676              		.cfi_def_cfa_offset 8
 1677              		.cfi_offset 7, -8
 1678              		.cfi_offset 14, -4
 1679 0002 8AB0     		sub	sp, sp, #40
 1680              	.LCFI44:
 1681              		.cfi_def_cfa_offset 48
 1682 0004 00AF     		add	r7, sp, #0
 1683              	.LCFI45:
 1684              		.cfi_def_cfa_register 7
 1685 0006 F860     		str	r0, [r7, #12]
 1686 0008 B960     		str	r1, [r7, #8]
 1687 000a 7A60     		str	r2, [r7, #4]
 1688 000c 3B60     		str	r3, [r7]
1041:./SystemView/SEGGER_SYSVIEW.c ****   static const char _aV2C[16] = {'0', '1', '2', '3', '4', '5', '6', '7', '8', '9', 'A', 'B', 'C', '
1042:./SystemView/SEGGER_SYSVIEW.c ****   unsigned int      Div;
1043:./SystemView/SEGGER_SYSVIEW.c ****   unsigned int      Digit;
1044:./SystemView/SEGGER_SYSVIEW.c ****   unsigned int      Number;
1045:./SystemView/SEGGER_SYSVIEW.c ****   unsigned int      Width;
1046:./SystemView/SEGGER_SYSVIEW.c ****   char              c;
1047:./SystemView/SEGGER_SYSVIEW.c **** 
1048:./SystemView/SEGGER_SYSVIEW.c ****   Number = v;
 1689              		.loc 1 1048 10
 1690 000e BB68     		ldr	r3, [r7, #8]
 1691 0010 3B62     		str	r3, [r7, #32]
1049:./SystemView/SEGGER_SYSVIEW.c ****   Digit = 1u;
ARM GAS  /var/folders/yl/_q9l42k90g1g4mdhbs226msm0000gn/T//ccxj18A8.s 			page 49


 1692              		.loc 1 1049 9
 1693 0012 0123     		movs	r3, #1
 1694 0014 7B62     		str	r3, [r7, #36]
1050:./SystemView/SEGGER_SYSVIEW.c ****   //
1051:./SystemView/SEGGER_SYSVIEW.c ****   // Get actual field width
1052:./SystemView/SEGGER_SYSVIEW.c ****   //
1053:./SystemView/SEGGER_SYSVIEW.c ****   Width = 1u;
 1695              		.loc 1 1053 9
 1696 0016 0123     		movs	r3, #1
 1697 0018 FB61     		str	r3, [r7, #28]
1054:./SystemView/SEGGER_SYSVIEW.c ****   while (Number >= Base) {
 1698              		.loc 1 1054 9
 1699 001a 07E0     		b	.L103
 1700              	.L104:
1055:./SystemView/SEGGER_SYSVIEW.c ****     Number = (Number / Base);
 1701              		.loc 1 1055 12
 1702 001c 3A6A     		ldr	r2, [r7, #32]
 1703 001e 7B68     		ldr	r3, [r7, #4]
 1704 0020 B2FBF3F3 		udiv	r3, r2, r3
 1705 0024 3B62     		str	r3, [r7, #32]
1056:./SystemView/SEGGER_SYSVIEW.c ****     Width++;
 1706              		.loc 1 1056 10
 1707 0026 FB69     		ldr	r3, [r7, #28]
 1708 0028 0133     		adds	r3, r3, #1
 1709 002a FB61     		str	r3, [r7, #28]
 1710              	.L103:
1054:./SystemView/SEGGER_SYSVIEW.c ****   while (Number >= Base) {
 1711              		.loc 1 1054 9
 1712 002c 3A6A     		ldr	r2, [r7, #32]
 1713 002e 7B68     		ldr	r3, [r7, #4]
 1714 0030 9A42     		cmp	r2, r3
 1715 0032 F3D2     		bcs	.L104
1057:./SystemView/SEGGER_SYSVIEW.c ****   }
1058:./SystemView/SEGGER_SYSVIEW.c ****   if (NumDigits > Width) {
 1716              		.loc 1 1058 6
 1717 0034 3A68     		ldr	r2, [r7]
 1718 0036 FB69     		ldr	r3, [r7, #28]
 1719 0038 9A42     		cmp	r2, r3
 1720 003a 01D9     		bls	.L105
1059:./SystemView/SEGGER_SYSVIEW.c ****     Width = NumDigits;
 1721              		.loc 1 1059 11
 1722 003c 3B68     		ldr	r3, [r7]
 1723 003e FB61     		str	r3, [r7, #28]
 1724              	.L105:
1060:./SystemView/SEGGER_SYSVIEW.c ****   }
1061:./SystemView/SEGGER_SYSVIEW.c ****   //
1062:./SystemView/SEGGER_SYSVIEW.c ****   // Print leading chars if necessary
1063:./SystemView/SEGGER_SYSVIEW.c ****   //
1064:./SystemView/SEGGER_SYSVIEW.c ****   if ((FormatFlags & FORMAT_FLAG_LEFT_JUSTIFY) == 0u) {
 1725              		.loc 1 1064 20
 1726 0040 7B6B     		ldr	r3, [r7, #52]
 1727 0042 03F00103 		and	r3, r3, #1
 1728              		.loc 1 1064 6
 1729 0046 002B     		cmp	r3, #0
 1730 0048 1FD1     		bne	.L114
1065:./SystemView/SEGGER_SYSVIEW.c ****     if (FieldWidth != 0u) {
 1731              		.loc 1 1065 8
ARM GAS  /var/folders/yl/_q9l42k90g1g4mdhbs226msm0000gn/T//ccxj18A8.s 			page 50


 1732 004a 3B6B     		ldr	r3, [r7, #48]
 1733 004c 002B     		cmp	r3, #0
 1734 004e 1CD0     		beq	.L114
1066:./SystemView/SEGGER_SYSVIEW.c ****       if (((FormatFlags & FORMAT_FLAG_PAD_ZERO) == FORMAT_FLAG_PAD_ZERO) && (NumDigits == 0u)) {
 1735              		.loc 1 1066 25
 1736 0050 7B6B     		ldr	r3, [r7, #52]
 1737 0052 03F00203 		and	r3, r3, #2
 1738              		.loc 1 1066 10
 1739 0056 002B     		cmp	r3, #0
 1740 0058 05D0     		beq	.L107
 1741              		.loc 1 1066 74 discriminator 1
 1742 005a 3B68     		ldr	r3, [r7]
 1743 005c 002B     		cmp	r3, #0
 1744 005e 02D1     		bne	.L107
1067:./SystemView/SEGGER_SYSVIEW.c ****         c = '0';
 1745              		.loc 1 1067 11
 1746 0060 3023     		movs	r3, #48
 1747 0062 FB76     		strb	r3, [r7, #27]
 1748 0064 01E0     		b	.L108
 1749              	.L107:
1068:./SystemView/SEGGER_SYSVIEW.c ****       } else {
1069:./SystemView/SEGGER_SYSVIEW.c ****         c = ' ';
 1750              		.loc 1 1069 11
 1751 0066 2023     		movs	r3, #32
 1752 0068 FB76     		strb	r3, [r7, #27]
 1753              	.L108:
1070:./SystemView/SEGGER_SYSVIEW.c ****       }
1071:./SystemView/SEGGER_SYSVIEW.c ****       while ((FieldWidth != 0u) && (Width < FieldWidth)) {
 1754              		.loc 1 1071 13
 1755 006a 07E0     		b	.L109
 1756              	.L110:
1072:./SystemView/SEGGER_SYSVIEW.c ****         FieldWidth--;
 1757              		.loc 1 1072 19
 1758 006c 3B6B     		ldr	r3, [r7, #48]
 1759 006e 013B     		subs	r3, r3, #1
 1760 0070 3B63     		str	r3, [r7, #48]
1073:./SystemView/SEGGER_SYSVIEW.c ****         _StoreChar(pBufferDesc, c);
 1761              		.loc 1 1073 9
 1762 0072 FB7E     		ldrb	r3, [r7, #27]	@ zero_extendqisi2
 1763 0074 1946     		mov	r1, r3
 1764 0076 F868     		ldr	r0, [r7, #12]
 1765 0078 FFF7FEFF 		bl	_StoreChar
 1766              	.L109:
1071:./SystemView/SEGGER_SYSVIEW.c ****         FieldWidth--;
 1767              		.loc 1 1071 13
 1768 007c 3B6B     		ldr	r3, [r7, #48]
 1769 007e 002B     		cmp	r3, #0
 1770 0080 03D0     		beq	.L114
1071:./SystemView/SEGGER_SYSVIEW.c ****         FieldWidth--;
 1771              		.loc 1 1071 33 discriminator 1
 1772 0082 FA69     		ldr	r2, [r7, #28]
 1773 0084 3B6B     		ldr	r3, [r7, #48]
 1774 0086 9A42     		cmp	r2, r3
 1775 0088 F0D3     		bcc	.L110
 1776              	.L114:
1074:./SystemView/SEGGER_SYSVIEW.c ****       }
1075:./SystemView/SEGGER_SYSVIEW.c ****     }
ARM GAS  /var/folders/yl/_q9l42k90g1g4mdhbs226msm0000gn/T//ccxj18A8.s 			page 51


1076:./SystemView/SEGGER_SYSVIEW.c ****   }
1077:./SystemView/SEGGER_SYSVIEW.c ****   //
1078:./SystemView/SEGGER_SYSVIEW.c ****   // Compute Digit.
1079:./SystemView/SEGGER_SYSVIEW.c ****   // Loop until Digit has the value of the highest digit required.
1080:./SystemView/SEGGER_SYSVIEW.c ****   // Example: If the output is 345 (Base 10), loop 2 times until Digit is 100.
1081:./SystemView/SEGGER_SYSVIEW.c ****   //
1082:./SystemView/SEGGER_SYSVIEW.c ****   while (1) {
1083:./SystemView/SEGGER_SYSVIEW.c ****     if (NumDigits > 1u) {       // User specified a min number of digits to print? => Make sure we 
 1777              		.loc 1 1083 8
 1778 008a 3B68     		ldr	r3, [r7]
 1779 008c 012B     		cmp	r3, #1
 1780 008e 03D9     		bls	.L111
1084:./SystemView/SEGGER_SYSVIEW.c ****       NumDigits--;
 1781              		.loc 1 1084 16
 1782 0090 3B68     		ldr	r3, [r7]
 1783 0092 013B     		subs	r3, r3, #1
 1784 0094 3B60     		str	r3, [r7]
 1785 0096 09E0     		b	.L112
 1786              	.L111:
1085:./SystemView/SEGGER_SYSVIEW.c ****     } else {
1086:./SystemView/SEGGER_SYSVIEW.c ****       Div = v / Digit;
 1787              		.loc 1 1086 11
 1788 0098 BA68     		ldr	r2, [r7, #8]
 1789 009a 7B6A     		ldr	r3, [r7, #36]
 1790 009c B2FBF3F3 		udiv	r3, r2, r3
 1791 00a0 7B61     		str	r3, [r7, #20]
1087:./SystemView/SEGGER_SYSVIEW.c ****       if (Div < Base) {        // Is our divider big enough to extract the highest digit from value
 1792              		.loc 1 1087 10
 1793 00a2 7A69     		ldr	r2, [r7, #20]
 1794 00a4 7B68     		ldr	r3, [r7, #4]
 1795 00a6 9A42     		cmp	r2, r3
 1796 00a8 00D2     		bcs	.L112
1088:./SystemView/SEGGER_SYSVIEW.c ****         break;
 1797              		.loc 1 1088 9
 1798 00aa 05E0     		b	.L113
 1799              	.L112:
1089:./SystemView/SEGGER_SYSVIEW.c ****       }
1090:./SystemView/SEGGER_SYSVIEW.c ****     }
1091:./SystemView/SEGGER_SYSVIEW.c ****     Digit *= Base;
 1800              		.loc 1 1091 11
 1801 00ac 7B6A     		ldr	r3, [r7, #36]
 1802 00ae 7A68     		ldr	r2, [r7, #4]
 1803 00b0 02FB03F3 		mul	r3, r2, r3
 1804 00b4 7B62     		str	r3, [r7, #36]
1083:./SystemView/SEGGER_SYSVIEW.c ****       NumDigits--;
 1805              		.loc 1 1083 8
 1806 00b6 E8E7     		b	.L114
 1807              	.L113:
1092:./SystemView/SEGGER_SYSVIEW.c ****   }
1093:./SystemView/SEGGER_SYSVIEW.c ****   //
1094:./SystemView/SEGGER_SYSVIEW.c ****   // Output digits
1095:./SystemView/SEGGER_SYSVIEW.c ****   //
1096:./SystemView/SEGGER_SYSVIEW.c ****   do {
1097:./SystemView/SEGGER_SYSVIEW.c ****     Div = v / Digit;
 1808              		.loc 1 1097 9 discriminator 1
 1809 00b8 BA68     		ldr	r2, [r7, #8]
 1810 00ba 7B6A     		ldr	r3, [r7, #36]
ARM GAS  /var/folders/yl/_q9l42k90g1g4mdhbs226msm0000gn/T//ccxj18A8.s 			page 52


 1811 00bc B2FBF3F3 		udiv	r3, r2, r3
 1812 00c0 7B61     		str	r3, [r7, #20]
1098:./SystemView/SEGGER_SYSVIEW.c ****     v -= Div * Digit;
 1813              		.loc 1 1098 14 discriminator 1
 1814 00c2 7B69     		ldr	r3, [r7, #20]
 1815 00c4 7A6A     		ldr	r2, [r7, #36]
 1816 00c6 02FB03F3 		mul	r3, r2, r3
 1817              		.loc 1 1098 7 discriminator 1
 1818 00ca BA68     		ldr	r2, [r7, #8]
 1819 00cc D31A     		subs	r3, r2, r3
 1820 00ce BB60     		str	r3, [r7, #8]
1099:./SystemView/SEGGER_SYSVIEW.c ****     _StoreChar(pBufferDesc, _aV2C[Div]);
 1821              		.loc 1 1099 5 discriminator 1
 1822 00d0 154A     		ldr	r2, .L119
 1823 00d2 7B69     		ldr	r3, [r7, #20]
 1824 00d4 1344     		add	r3, r3, r2
 1825 00d6 1B78     		ldrb	r3, [r3]	@ zero_extendqisi2
 1826 00d8 1946     		mov	r1, r3
 1827 00da F868     		ldr	r0, [r7, #12]
 1828 00dc FFF7FEFF 		bl	_StoreChar
1100:./SystemView/SEGGER_SYSVIEW.c ****     Digit /= Base;
 1829              		.loc 1 1100 11 discriminator 1
 1830 00e0 7A6A     		ldr	r2, [r7, #36]
 1831 00e2 7B68     		ldr	r3, [r7, #4]
 1832 00e4 B2FBF3F3 		udiv	r3, r2, r3
 1833 00e8 7B62     		str	r3, [r7, #36]
1101:./SystemView/SEGGER_SYSVIEW.c ****   } while (Digit);
 1834              		.loc 1 1101 3 discriminator 1
 1835 00ea 7B6A     		ldr	r3, [r7, #36]
 1836 00ec 002B     		cmp	r3, #0
 1837 00ee E3D1     		bne	.L113
1102:./SystemView/SEGGER_SYSVIEW.c ****   //
1103:./SystemView/SEGGER_SYSVIEW.c ****   // Print trailing spaces if necessary
1104:./SystemView/SEGGER_SYSVIEW.c ****   //
1105:./SystemView/SEGGER_SYSVIEW.c ****   if ((FormatFlags & FORMAT_FLAG_LEFT_JUSTIFY) == FORMAT_FLAG_LEFT_JUSTIFY) {
 1838              		.loc 1 1105 20
 1839 00f0 7B6B     		ldr	r3, [r7, #52]
 1840 00f2 03F00103 		and	r3, r3, #1
 1841              		.loc 1 1105 6
 1842 00f6 002B     		cmp	r3, #0
 1843 00f8 11D0     		beq	.L118
1106:./SystemView/SEGGER_SYSVIEW.c ****     if (FieldWidth != 0u) {
 1844              		.loc 1 1106 8
 1845 00fa 3B6B     		ldr	r3, [r7, #48]
 1846 00fc 002B     		cmp	r3, #0
 1847 00fe 0ED0     		beq	.L118
1107:./SystemView/SEGGER_SYSVIEW.c ****       while ((FieldWidth != 0u) && (Width < FieldWidth)) {
 1848              		.loc 1 1107 13
 1849 0100 06E0     		b	.L116
 1850              	.L117:
1108:./SystemView/SEGGER_SYSVIEW.c ****         FieldWidth--;
 1851              		.loc 1 1108 19
 1852 0102 3B6B     		ldr	r3, [r7, #48]
 1853 0104 013B     		subs	r3, r3, #1
 1854 0106 3B63     		str	r3, [r7, #48]
1109:./SystemView/SEGGER_SYSVIEW.c ****         _StoreChar(pBufferDesc, ' ');
 1855              		.loc 1 1109 9
ARM GAS  /var/folders/yl/_q9l42k90g1g4mdhbs226msm0000gn/T//ccxj18A8.s 			page 53


 1856 0108 2021     		movs	r1, #32
 1857 010a F868     		ldr	r0, [r7, #12]
 1858 010c FFF7FEFF 		bl	_StoreChar
 1859              	.L116:
1107:./SystemView/SEGGER_SYSVIEW.c ****       while ((FieldWidth != 0u) && (Width < FieldWidth)) {
 1860              		.loc 1 1107 13
 1861 0110 3B6B     		ldr	r3, [r7, #48]
 1862 0112 002B     		cmp	r3, #0
 1863 0114 03D0     		beq	.L118
1107:./SystemView/SEGGER_SYSVIEW.c ****       while ((FieldWidth != 0u) && (Width < FieldWidth)) {
 1864              		.loc 1 1107 33 discriminator 1
 1865 0116 FA69     		ldr	r2, [r7, #28]
 1866 0118 3B6B     		ldr	r3, [r7, #48]
 1867 011a 9A42     		cmp	r2, r3
 1868 011c F1D3     		bcc	.L117
 1869              	.L118:
1110:./SystemView/SEGGER_SYSVIEW.c ****       }
1111:./SystemView/SEGGER_SYSVIEW.c ****     }
1112:./SystemView/SEGGER_SYSVIEW.c ****   }
1113:./SystemView/SEGGER_SYSVIEW.c **** }
 1870              		.loc 1 1113 1
 1871 011e 00BF     		nop
 1872 0120 2837     		adds	r7, r7, #40
 1873              	.LCFI46:
 1874              		.cfi_def_cfa_offset 8
 1875 0122 BD46     		mov	sp, r7
 1876              	.LCFI47:
 1877              		.cfi_def_cfa_register 13
 1878              		@ sp needed
 1879 0124 80BD     		pop	{r7, pc}
 1880              	.L120:
 1881 0126 00BF     		.align	2
 1882              	.L119:
 1883 0128 00000000 		.word	_aV2C.0
 1884              		.cfi_endproc
 1885              	.LFE8:
 1887              		.section	.text._PrintInt,"ax",%progbits
 1888              		.align	1
 1889              		.syntax unified
 1890              		.thumb
 1891              		.thumb_func
 1893              	_PrintInt:
 1894              	.LFB9:
1114:./SystemView/SEGGER_SYSVIEW.c **** 
1115:./SystemView/SEGGER_SYSVIEW.c **** /*********************************************************************
1116:./SystemView/SEGGER_SYSVIEW.c **** *
1117:./SystemView/SEGGER_SYSVIEW.c **** *       _PrintInt()
1118:./SystemView/SEGGER_SYSVIEW.c **** *
1119:./SystemView/SEGGER_SYSVIEW.c **** *  Function description
1120:./SystemView/SEGGER_SYSVIEW.c **** *    Print a signed integer with the given formatting into the
1121:./SystemView/SEGGER_SYSVIEW.c **** *     formatted string.
1122:./SystemView/SEGGER_SYSVIEW.c **** *
1123:./SystemView/SEGGER_SYSVIEW.c **** *  Parameters
1124:./SystemView/SEGGER_SYSVIEW.c **** *    pBufferDesc  Pointer to the buffer description.
1125:./SystemView/SEGGER_SYSVIEW.c **** *    v            Value to be printed.
1126:./SystemView/SEGGER_SYSVIEW.c **** *    Base         Base of the value.
1127:./SystemView/SEGGER_SYSVIEW.c **** *    NumDigits    Number of digits to be printed.
ARM GAS  /var/folders/yl/_q9l42k90g1g4mdhbs226msm0000gn/T//ccxj18A8.s 			page 54


1128:./SystemView/SEGGER_SYSVIEW.c **** *    FieldWidth   Width of the printed field.
1129:./SystemView/SEGGER_SYSVIEW.c **** *    FormatFlags  Flags for formatting the value.
1130:./SystemView/SEGGER_SYSVIEW.c **** */
1131:./SystemView/SEGGER_SYSVIEW.c **** static void _PrintInt(SEGGER_SYSVIEW_PRINTF_DESC * pBufferDesc, int v, unsigned int Base, unsigned 
 1895              		.loc 1 1131 166
 1896              		.cfi_startproc
 1897              		@ args = 8, pretend = 0, frame = 24
 1898              		@ frame_needed = 1, uses_anonymous_args = 0
 1899 0000 80B5     		push	{r7, lr}
 1900              	.LCFI48:
 1901              		.cfi_def_cfa_offset 8
 1902              		.cfi_offset 7, -8
 1903              		.cfi_offset 14, -4
 1904 0002 88B0     		sub	sp, sp, #32
 1905              	.LCFI49:
 1906              		.cfi_def_cfa_offset 40
 1907 0004 02AF     		add	r7, sp, #8
 1908              	.LCFI50:
 1909              		.cfi_def_cfa 7, 32
 1910 0006 F860     		str	r0, [r7, #12]
 1911 0008 B960     		str	r1, [r7, #8]
 1912 000a 7A60     		str	r2, [r7, #4]
 1913 000c 3B60     		str	r3, [r7]
1132:./SystemView/SEGGER_SYSVIEW.c ****   unsigned int  Width;
1133:./SystemView/SEGGER_SYSVIEW.c ****   int           Number;
1134:./SystemView/SEGGER_SYSVIEW.c **** 
1135:./SystemView/SEGGER_SYSVIEW.c ****   Number = (v < 0) ? -v : v;
 1914              		.loc 1 1135 10
 1915 000e BB68     		ldr	r3, [r7, #8]
 1916 0010 002B     		cmp	r3, #0
 1917 0012 B8BF     		it	lt
 1918 0014 5B42     		rsblt	r3, r3, #0
 1919 0016 3B61     		str	r3, [r7, #16]
1136:./SystemView/SEGGER_SYSVIEW.c **** 
1137:./SystemView/SEGGER_SYSVIEW.c ****   //
1138:./SystemView/SEGGER_SYSVIEW.c ****   // Get actual field width
1139:./SystemView/SEGGER_SYSVIEW.c ****   //
1140:./SystemView/SEGGER_SYSVIEW.c ****   Width = 1u;
 1920              		.loc 1 1140 9
 1921 0018 0123     		movs	r3, #1
 1922 001a 7B61     		str	r3, [r7, #20]
1141:./SystemView/SEGGER_SYSVIEW.c ****   while (Number >= (int)Base) {
 1923              		.loc 1 1141 9
 1924 001c 07E0     		b	.L122
 1925              	.L123:
1142:./SystemView/SEGGER_SYSVIEW.c ****     Number = (Number / (int)Base);
 1926              		.loc 1 1142 24
 1927 001e 7B68     		ldr	r3, [r7, #4]
 1928              		.loc 1 1142 12
 1929 0020 3A69     		ldr	r2, [r7, #16]
 1930 0022 92FBF3F3 		sdiv	r3, r2, r3
 1931 0026 3B61     		str	r3, [r7, #16]
1143:./SystemView/SEGGER_SYSVIEW.c ****     Width++;
 1932              		.loc 1 1143 10
 1933 0028 7B69     		ldr	r3, [r7, #20]
 1934 002a 0133     		adds	r3, r3, #1
 1935 002c 7B61     		str	r3, [r7, #20]
ARM GAS  /var/folders/yl/_q9l42k90g1g4mdhbs226msm0000gn/T//ccxj18A8.s 			page 55


 1936              	.L122:
1141:./SystemView/SEGGER_SYSVIEW.c ****   while (Number >= (int)Base) {
 1937              		.loc 1 1141 20
 1938 002e 7B68     		ldr	r3, [r7, #4]
1141:./SystemView/SEGGER_SYSVIEW.c ****   while (Number >= (int)Base) {
 1939              		.loc 1 1141 9
 1940 0030 3A69     		ldr	r2, [r7, #16]
 1941 0032 9A42     		cmp	r2, r3
 1942 0034 F3DA     		bge	.L123
1144:./SystemView/SEGGER_SYSVIEW.c ****   }
1145:./SystemView/SEGGER_SYSVIEW.c ****   if (NumDigits > Width) {
 1943              		.loc 1 1145 6
 1944 0036 3A68     		ldr	r2, [r7]
 1945 0038 7B69     		ldr	r3, [r7, #20]
 1946 003a 9A42     		cmp	r2, r3
 1947 003c 01D9     		bls	.L124
1146:./SystemView/SEGGER_SYSVIEW.c ****     Width = NumDigits;
 1948              		.loc 1 1146 11
 1949 003e 3B68     		ldr	r3, [r7]
 1950 0040 7B61     		str	r3, [r7, #20]
 1951              	.L124:
1147:./SystemView/SEGGER_SYSVIEW.c ****   }
1148:./SystemView/SEGGER_SYSVIEW.c ****   if ((FieldWidth > 0u) && ((v < 0) || ((FormatFlags & FORMAT_FLAG_PRINT_SIGN) == FORMAT_FLAG_PRINT
 1952              		.loc 1 1148 6
 1953 0042 3B6A     		ldr	r3, [r7, #32]
 1954 0044 002B     		cmp	r3, #0
 1955 0046 0AD0     		beq	.L125
 1956              		.loc 1 1148 25 discriminator 1
 1957 0048 BB68     		ldr	r3, [r7, #8]
 1958 004a 002B     		cmp	r3, #0
 1959 004c 04DB     		blt	.L126
 1960              		.loc 1 1148 54 discriminator 2
 1961 004e 7B6A     		ldr	r3, [r7, #36]
 1962 0050 03F00403 		and	r3, r3, #4
 1963              		.loc 1 1148 37 discriminator 2
 1964 0054 002B     		cmp	r3, #0
 1965 0056 02D0     		beq	.L125
 1966              	.L126:
1149:./SystemView/SEGGER_SYSVIEW.c ****     FieldWidth--;
 1967              		.loc 1 1149 15
 1968 0058 3B6A     		ldr	r3, [r7, #32]
 1969 005a 013B     		subs	r3, r3, #1
 1970 005c 3B62     		str	r3, [r7, #32]
 1971              	.L125:
1150:./SystemView/SEGGER_SYSVIEW.c ****   }
1151:./SystemView/SEGGER_SYSVIEW.c **** 
1152:./SystemView/SEGGER_SYSVIEW.c ****   //
1153:./SystemView/SEGGER_SYSVIEW.c ****   // Print leading spaces if necessary
1154:./SystemView/SEGGER_SYSVIEW.c ****   //
1155:./SystemView/SEGGER_SYSVIEW.c ****   if ((((FormatFlags & FORMAT_FLAG_PAD_ZERO) == 0u) || (NumDigits != 0u)) && ((FormatFlags & FORMAT
 1972              		.loc 1 1155 22
 1973 005e 7B6A     		ldr	r3, [r7, #36]
 1974 0060 03F00203 		and	r3, r3, #2
 1975              		.loc 1 1155 6
 1976 0064 002B     		cmp	r3, #0
 1977 0066 02D0     		beq	.L127
 1978              		.loc 1 1155 53 discriminator 2
ARM GAS  /var/folders/yl/_q9l42k90g1g4mdhbs226msm0000gn/T//ccxj18A8.s 			page 56


 1979 0068 3B68     		ldr	r3, [r7]
 1980 006a 002B     		cmp	r3, #0
 1981 006c 16D0     		beq	.L128
 1982              	.L127:
 1983              		.loc 1 1155 92 discriminator 3
 1984 006e 7B6A     		ldr	r3, [r7, #36]
 1985 0070 03F00103 		and	r3, r3, #1
 1986              		.loc 1 1155 75 discriminator 3
 1987 0074 002B     		cmp	r3, #0
 1988 0076 11D1     		bne	.L128
1156:./SystemView/SEGGER_SYSVIEW.c ****     if (FieldWidth != 0u) {
 1989              		.loc 1 1156 8
 1990 0078 3B6A     		ldr	r3, [r7, #32]
 1991 007a 002B     		cmp	r3, #0
 1992 007c 0ED0     		beq	.L128
1157:./SystemView/SEGGER_SYSVIEW.c ****       while ((FieldWidth != 0u) && (Width < FieldWidth)) {
 1993              		.loc 1 1157 13
 1994 007e 06E0     		b	.L129
 1995              	.L130:
1158:./SystemView/SEGGER_SYSVIEW.c ****         FieldWidth--;
 1996              		.loc 1 1158 19
 1997 0080 3B6A     		ldr	r3, [r7, #32]
 1998 0082 013B     		subs	r3, r3, #1
 1999 0084 3B62     		str	r3, [r7, #32]
1159:./SystemView/SEGGER_SYSVIEW.c ****         _StoreChar(pBufferDesc, ' ');
 2000              		.loc 1 1159 9
 2001 0086 2021     		movs	r1, #32
 2002 0088 F868     		ldr	r0, [r7, #12]
 2003 008a FFF7FEFF 		bl	_StoreChar
 2004              	.L129:
1157:./SystemView/SEGGER_SYSVIEW.c ****       while ((FieldWidth != 0u) && (Width < FieldWidth)) {
 2005              		.loc 1 1157 13
 2006 008e 3B6A     		ldr	r3, [r7, #32]
 2007 0090 002B     		cmp	r3, #0
 2008 0092 03D0     		beq	.L128
1157:./SystemView/SEGGER_SYSVIEW.c ****       while ((FieldWidth != 0u) && (Width < FieldWidth)) {
 2009              		.loc 1 1157 33 discriminator 1
 2010 0094 7A69     		ldr	r2, [r7, #20]
 2011 0096 3B6A     		ldr	r3, [r7, #32]
 2012 0098 9A42     		cmp	r2, r3
 2013 009a F1D3     		bcc	.L130
 2014              	.L128:
1160:./SystemView/SEGGER_SYSVIEW.c ****       }
1161:./SystemView/SEGGER_SYSVIEW.c ****     }
1162:./SystemView/SEGGER_SYSVIEW.c ****   }
1163:./SystemView/SEGGER_SYSVIEW.c ****   //
1164:./SystemView/SEGGER_SYSVIEW.c ****   // Print sign if necessary
1165:./SystemView/SEGGER_SYSVIEW.c ****   //
1166:./SystemView/SEGGER_SYSVIEW.c ****   if (v < 0) {
 2015              		.loc 1 1166 6
 2016 009c BB68     		ldr	r3, [r7, #8]
 2017 009e 002B     		cmp	r3, #0
 2018 00a0 07DA     		bge	.L131
1167:./SystemView/SEGGER_SYSVIEW.c ****     v = -v;
 2019              		.loc 1 1167 7
 2020 00a2 BB68     		ldr	r3, [r7, #8]
 2021 00a4 5B42     		rsbs	r3, r3, #0
ARM GAS  /var/folders/yl/_q9l42k90g1g4mdhbs226msm0000gn/T//ccxj18A8.s 			page 57


 2022 00a6 BB60     		str	r3, [r7, #8]
1168:./SystemView/SEGGER_SYSVIEW.c ****     _StoreChar(pBufferDesc, '-');
 2023              		.loc 1 1168 5
 2024 00a8 2D21     		movs	r1, #45
 2025 00aa F868     		ldr	r0, [r7, #12]
 2026 00ac FFF7FEFF 		bl	_StoreChar
 2027 00b0 08E0     		b	.L132
 2028              	.L131:
1169:./SystemView/SEGGER_SYSVIEW.c ****   } else if ((FormatFlags & FORMAT_FLAG_PRINT_SIGN) == FORMAT_FLAG_PRINT_SIGN) {
 2029              		.loc 1 1169 27
 2030 00b2 7B6A     		ldr	r3, [r7, #36]
 2031 00b4 03F00403 		and	r3, r3, #4
 2032              		.loc 1 1169 13
 2033 00b8 002B     		cmp	r3, #0
 2034 00ba 03D0     		beq	.L132
1170:./SystemView/SEGGER_SYSVIEW.c ****     _StoreChar(pBufferDesc, '+');
 2035              		.loc 1 1170 5
 2036 00bc 2B21     		movs	r1, #43
 2037 00be F868     		ldr	r0, [r7, #12]
 2038 00c0 FFF7FEFF 		bl	_StoreChar
 2039              	.L132:
1171:./SystemView/SEGGER_SYSVIEW.c ****   } else {
1172:./SystemView/SEGGER_SYSVIEW.c **** 
1173:./SystemView/SEGGER_SYSVIEW.c ****   }
1174:./SystemView/SEGGER_SYSVIEW.c ****   //
1175:./SystemView/SEGGER_SYSVIEW.c ****   // Print leading zeros if necessary
1176:./SystemView/SEGGER_SYSVIEW.c ****   //
1177:./SystemView/SEGGER_SYSVIEW.c ****   if (((FormatFlags & FORMAT_FLAG_PAD_ZERO) == FORMAT_FLAG_PAD_ZERO) && ((FormatFlags & FORMAT_FLAG
 2040              		.loc 1 1177 21
 2041 00c4 7B6A     		ldr	r3, [r7, #36]
 2042 00c6 03F00203 		and	r3, r3, #2
 2043              		.loc 1 1177 6
 2044 00ca 002B     		cmp	r3, #0
 2045 00cc 19D0     		beq	.L133
 2046              		.loc 1 1177 87 discriminator 1
 2047 00ce 7B6A     		ldr	r3, [r7, #36]
 2048 00d0 03F00103 		and	r3, r3, #1
 2049              		.loc 1 1177 70 discriminator 1
 2050 00d4 002B     		cmp	r3, #0
 2051 00d6 14D1     		bne	.L133
 2052              		.loc 1 1177 122 discriminator 2
 2053 00d8 3B68     		ldr	r3, [r7]
 2054 00da 002B     		cmp	r3, #0
 2055 00dc 11D1     		bne	.L133
1178:./SystemView/SEGGER_SYSVIEW.c ****     if (FieldWidth != 0u) {
 2056              		.loc 1 1178 8
 2057 00de 3B6A     		ldr	r3, [r7, #32]
 2058 00e0 002B     		cmp	r3, #0
 2059 00e2 0ED0     		beq	.L133
1179:./SystemView/SEGGER_SYSVIEW.c ****       while ((FieldWidth != 0u) && (Width < FieldWidth)) {
 2060              		.loc 1 1179 13
 2061 00e4 06E0     		b	.L134
 2062              	.L135:
1180:./SystemView/SEGGER_SYSVIEW.c ****         FieldWidth--;
 2063              		.loc 1 1180 19
 2064 00e6 3B6A     		ldr	r3, [r7, #32]
 2065 00e8 013B     		subs	r3, r3, #1
ARM GAS  /var/folders/yl/_q9l42k90g1g4mdhbs226msm0000gn/T//ccxj18A8.s 			page 58


 2066 00ea 3B62     		str	r3, [r7, #32]
1181:./SystemView/SEGGER_SYSVIEW.c ****         _StoreChar(pBufferDesc, '0');
 2067              		.loc 1 1181 9
 2068 00ec 3021     		movs	r1, #48
 2069 00ee F868     		ldr	r0, [r7, #12]
 2070 00f0 FFF7FEFF 		bl	_StoreChar
 2071              	.L134:
1179:./SystemView/SEGGER_SYSVIEW.c ****       while ((FieldWidth != 0u) && (Width < FieldWidth)) {
 2072              		.loc 1 1179 13
 2073 00f4 3B6A     		ldr	r3, [r7, #32]
 2074 00f6 002B     		cmp	r3, #0
 2075 00f8 03D0     		beq	.L133
1179:./SystemView/SEGGER_SYSVIEW.c ****       while ((FieldWidth != 0u) && (Width < FieldWidth)) {
 2076              		.loc 1 1179 33 discriminator 1
 2077 00fa 7A69     		ldr	r2, [r7, #20]
 2078 00fc 3B6A     		ldr	r3, [r7, #32]
 2079 00fe 9A42     		cmp	r2, r3
 2080 0100 F1D3     		bcc	.L135
 2081              	.L133:
1182:./SystemView/SEGGER_SYSVIEW.c ****       }
1183:./SystemView/SEGGER_SYSVIEW.c ****     }
1184:./SystemView/SEGGER_SYSVIEW.c ****   }
1185:./SystemView/SEGGER_SYSVIEW.c ****   //
1186:./SystemView/SEGGER_SYSVIEW.c ****   // Print number without sign
1187:./SystemView/SEGGER_SYSVIEW.c ****   //
1188:./SystemView/SEGGER_SYSVIEW.c ****   _PrintUnsigned(pBufferDesc, (unsigned int)v, Base, NumDigits, FieldWidth, FormatFlags);
 2082              		.loc 1 1188 3
 2083 0102 B968     		ldr	r1, [r7, #8]
 2084 0104 7B6A     		ldr	r3, [r7, #36]
 2085 0106 0193     		str	r3, [sp, #4]
 2086 0108 3B6A     		ldr	r3, [r7, #32]
 2087 010a 0093     		str	r3, [sp]
 2088 010c 3B68     		ldr	r3, [r7]
 2089 010e 7A68     		ldr	r2, [r7, #4]
 2090 0110 F868     		ldr	r0, [r7, #12]
 2091 0112 FFF7FEFF 		bl	_PrintUnsigned
1189:./SystemView/SEGGER_SYSVIEW.c **** }
 2092              		.loc 1 1189 1
 2093 0116 00BF     		nop
 2094 0118 1837     		adds	r7, r7, #24
 2095              	.LCFI51:
 2096              		.cfi_def_cfa_offset 8
 2097 011a BD46     		mov	sp, r7
 2098              	.LCFI52:
 2099              		.cfi_def_cfa_register 13
 2100              		@ sp needed
 2101 011c 80BD     		pop	{r7, pc}
 2102              		.cfi_endproc
 2103              	.LFE9:
 2105              		.section	.rodata
 2106              		.align	2
 2107              	.LC0:
 2108 0000 286E756C 		.ascii	"(null)\000"
 2108      6C2900
 2109              		.section	.text._VPrintTarget,"ax",%progbits
 2110              		.align	1
 2111              		.syntax unified
ARM GAS  /var/folders/yl/_q9l42k90g1g4mdhbs226msm0000gn/T//ccxj18A8.s 			page 59


 2112              		.thumb
 2113              		.thumb_func
 2115              	_VPrintTarget:
 2116              	.LFB10:
1190:./SystemView/SEGGER_SYSVIEW.c **** 
1191:./SystemView/SEGGER_SYSVIEW.c **** /*********************************************************************
1192:./SystemView/SEGGER_SYSVIEW.c **** *
1193:./SystemView/SEGGER_SYSVIEW.c **** *       _VPrintTarget()
1194:./SystemView/SEGGER_SYSVIEW.c **** *
1195:./SystemView/SEGGER_SYSVIEW.c **** *  Function description
1196:./SystemView/SEGGER_SYSVIEW.c **** *    Stores a formatted string.
1197:./SystemView/SEGGER_SYSVIEW.c **** *    This data is read by the host.
1198:./SystemView/SEGGER_SYSVIEW.c **** *
1199:./SystemView/SEGGER_SYSVIEW.c **** *  Parameters
1200:./SystemView/SEGGER_SYSVIEW.c **** *    sFormat      Pointer to format string.
1201:./SystemView/SEGGER_SYSVIEW.c **** *    Options      Options to be sent to the host.
1202:./SystemView/SEGGER_SYSVIEW.c **** *    pParamList   Pointer to the list of arguments for the format string.
1203:./SystemView/SEGGER_SYSVIEW.c **** */
1204:./SystemView/SEGGER_SYSVIEW.c **** static void _VPrintTarget(const char* sFormat, U32 Options, va_list* pParamList) {
 2117              		.loc 1 1204 82
 2118              		.cfi_startproc
 2119              		@ args = 0, pretend = 0, frame = 88
 2120              		@ frame_needed = 1, uses_anonymous_args = 0
 2121 0000 80B5     		push	{r7, lr}
 2122              	.LCFI53:
 2123              		.cfi_def_cfa_offset 8
 2124              		.cfi_offset 7, -8
 2125              		.cfi_offset 14, -4
 2126 0002 98B0     		sub	sp, sp, #96
 2127              	.LCFI54:
 2128              		.cfi_def_cfa_offset 104
 2129 0004 02AF     		add	r7, sp, #8
 2130              	.LCFI55:
 2131              		.cfi_def_cfa 7, 96
 2132 0006 F860     		str	r0, [r7, #12]
 2133 0008 B960     		str	r1, [r7, #8]
 2134 000a 7A60     		str	r2, [r7, #4]
 2135              	.LBB11:
1205:./SystemView/SEGGER_SYSVIEW.c ****   SEGGER_SYSVIEW_PRINTF_DESC BufferDesc;
1206:./SystemView/SEGGER_SYSVIEW.c ****   char          c;
1207:./SystemView/SEGGER_SYSVIEW.c ****   int           v;
1208:./SystemView/SEGGER_SYSVIEW.c ****   unsigned int  NumDigits;
1209:./SystemView/SEGGER_SYSVIEW.c ****   unsigned int  FormatFlags;
1210:./SystemView/SEGGER_SYSVIEW.c ****   unsigned int  FieldWidth;
1211:./SystemView/SEGGER_SYSVIEW.c ****   U8*           pPayloadStart;
1212:./SystemView/SEGGER_SYSVIEW.c ****   const char*   s;
1213:./SystemView/SEGGER_SYSVIEW.c **** #if SEGGER_SYSVIEW_USE_STATIC_BUFFER == 0
1214:./SystemView/SEGGER_SYSVIEW.c ****   RECORD_START(SEGGER_SYSVIEW_INFO_SIZE + SEGGER_SYSVIEW_MAX_STRING_LEN + 1 + 2 * SEGGER_SYSVIEW_QU
1215:./SystemView/SEGGER_SYSVIEW.c ****   SEGGER_SYSVIEW_LOCK();
1216:./SystemView/SEGGER_SYSVIEW.c **** #else
1217:./SystemView/SEGGER_SYSVIEW.c ****   RECORD_START(SEGGER_SYSVIEW_INFO_SIZE + SEGGER_SYSVIEW_MAX_STRING_LEN + 1 + 2 * SEGGER_SYSVIEW_QU
 2136              		.loc 1 1217 3
 2137              		.syntax unified
 2138              	@ 1217 "./SystemView/SEGGER_SYSVIEW.c" 1
 2139 000c EFF31183 		mrs   r3, basepri  
 2140 0010 4FF02001 		mov   r1, #32       
 2141 0014 81F31188 		msr   basepri, r1  
ARM GAS  /var/folders/yl/_q9l42k90g1g4mdhbs226msm0000gn/T//ccxj18A8.s 			page 60


 2142              		
 2143              	@ 0 "" 2
 2144              		.thumb
 2145              		.syntax unified
 2146 0018 FB62     		str	r3, [r7, #44]
 2147 001a B748     		ldr	r0, .L180
 2148 001c FFF7FEFF 		bl	_PreparePacket
 2149 0020 B862     		str	r0, [r7, #40]
1218:./SystemView/SEGGER_SYSVIEW.c **** #endif
1219:./SystemView/SEGGER_SYSVIEW.c **** 
1220:./SystemView/SEGGER_SYSVIEW.c **** #if SEGGER_SYSVIEW_USE_STATIC_BUFFER == 0
1221:./SystemView/SEGGER_SYSVIEW.c ****   BufferDesc.pBuffer        = aPacket;
1222:./SystemView/SEGGER_SYSVIEW.c **** #else
1223:./SystemView/SEGGER_SYSVIEW.c ****   BufferDesc.pBuffer        = _aPacket;
 2150              		.loc 1 1223 29
 2151 0022 B54B     		ldr	r3, .L180
 2152 0024 3B61     		str	r3, [r7, #16]
1224:./SystemView/SEGGER_SYSVIEW.c **** #endif
1225:./SystemView/SEGGER_SYSVIEW.c ****   BufferDesc.Cnt            = 0u;
 2153              		.loc 1 1225 29
 2154 0026 0023     		movs	r3, #0
 2155 0028 3B62     		str	r3, [r7, #32]
1226:./SystemView/SEGGER_SYSVIEW.c ****   BufferDesc.pPayloadStart  = pPayloadStart;
 2156              		.loc 1 1226 29
 2157 002a BB6A     		ldr	r3, [r7, #40]
 2158 002c BB61     		str	r3, [r7, #24]
1227:./SystemView/SEGGER_SYSVIEW.c ****   BufferDesc.pPayload       = BufferDesc.pPayloadStart + 1u;
 2159              		.loc 1 1227 41
 2160 002e BB69     		ldr	r3, [r7, #24]
 2161              		.loc 1 1227 56
 2162 0030 0133     		adds	r3, r3, #1
 2163              		.loc 1 1227 29
 2164 0032 7B61     		str	r3, [r7, #20]
1228:./SystemView/SEGGER_SYSVIEW.c ****   BufferDesc.Options        =  Options;
 2165              		.loc 1 1228 29
 2166 0034 BB68     		ldr	r3, [r7, #8]
 2167 0036 FB61     		str	r3, [r7, #28]
 2168              	.L170:
1229:./SystemView/SEGGER_SYSVIEW.c **** 
1230:./SystemView/SEGGER_SYSVIEW.c ****   do {
1231:./SystemView/SEGGER_SYSVIEW.c ****     c = *sFormat;
 2169              		.loc 1 1231 7
 2170 0038 FB68     		ldr	r3, [r7, #12]
 2171 003a 1B78     		ldrb	r3, [r3]
 2172 003c 87F85730 		strb	r3, [r7, #87]
1232:./SystemView/SEGGER_SYSVIEW.c ****     sFormat++;
 2173              		.loc 1 1232 12
 2174 0040 FB68     		ldr	r3, [r7, #12]
 2175 0042 0133     		adds	r3, r3, #1
 2176 0044 FB60     		str	r3, [r7, #12]
1233:./SystemView/SEGGER_SYSVIEW.c ****     if (c == 0u) {
 2177              		.loc 1 1233 8
 2178 0046 97F85730 		ldrb	r3, [r7, #87]	@ zero_extendqisi2
 2179 004a 002B     		cmp	r3, #0
 2180 004c 00F0A881 		beq	.L177
1234:./SystemView/SEGGER_SYSVIEW.c ****       break;
1235:./SystemView/SEGGER_SYSVIEW.c ****     }
ARM GAS  /var/folders/yl/_q9l42k90g1g4mdhbs226msm0000gn/T//ccxj18A8.s 			page 61


1236:./SystemView/SEGGER_SYSVIEW.c ****     if (c == '%') {
 2181              		.loc 1 1236 8
 2182 0050 97F85730 		ldrb	r3, [r7, #87]	@ zero_extendqisi2
 2183 0054 252B     		cmp	r3, #37
 2184 0056 40F09581 		bne	.L139
1237:./SystemView/SEGGER_SYSVIEW.c ****       //
1238:./SystemView/SEGGER_SYSVIEW.c ****       // Filter out flags
1239:./SystemView/SEGGER_SYSVIEW.c ****       //
1240:./SystemView/SEGGER_SYSVIEW.c ****       FormatFlags = 0u;
 2185              		.loc 1 1240 19
 2186 005a 0023     		movs	r3, #0
 2187 005c BB64     		str	r3, [r7, #72]
1241:./SystemView/SEGGER_SYSVIEW.c ****       v = 1;
 2188              		.loc 1 1241 9
 2189 005e 0123     		movs	r3, #1
 2190 0060 3B65     		str	r3, [r7, #80]
 2191              	.L147:
1242:./SystemView/SEGGER_SYSVIEW.c ****       do {
1243:./SystemView/SEGGER_SYSVIEW.c ****         c = *sFormat;
 2192              		.loc 1 1243 11
 2193 0062 FB68     		ldr	r3, [r7, #12]
 2194 0064 1B78     		ldrb	r3, [r3]
 2195 0066 87F85730 		strb	r3, [r7, #87]
1244:./SystemView/SEGGER_SYSVIEW.c ****         switch (c) {
 2196              		.loc 1 1244 9
 2197 006a 97F85730 		ldrb	r3, [r7, #87]	@ zero_extendqisi2
 2198 006e 233B     		subs	r3, r3, #35
 2199 0070 0D2B     		cmp	r3, #13
 2200 0072 3FD8     		bhi	.L140
 2201 0074 01A2     		adr	r2, .L142
 2202 0076 52F823F0 		ldr	pc, [r2, r3, lsl #2]
 2203 007a 00BF     		.p2align 2
 2204              	.L142:
 2205 007c E5000000 		.word	.L145+1
 2206 0080 F5000000 		.word	.L140+1
 2207 0084 F5000000 		.word	.L140+1
 2208 0088 F5000000 		.word	.L140+1
 2209 008c F5000000 		.word	.L140+1
 2210 0090 F5000000 		.word	.L140+1
 2211 0094 F5000000 		.word	.L140+1
 2212 0098 F5000000 		.word	.L140+1
 2213 009c D5000000 		.word	.L144+1
 2214 00a0 F5000000 		.word	.L140+1
 2215 00a4 B5000000 		.word	.L143+1
 2216 00a8 F5000000 		.word	.L140+1
 2217 00ac F5000000 		.word	.L140+1
 2218 00b0 C5000000 		.word	.L141+1
 2219              		.p2align 1
 2220              	.L143:
1245:./SystemView/SEGGER_SYSVIEW.c ****         case '-': FormatFlags |= FORMAT_FLAG_LEFT_JUSTIFY; sFormat++; break;
 2221              		.loc 1 1245 31
 2222 00b4 BB6C     		ldr	r3, [r7, #72]
 2223 00b6 43F00103 		orr	r3, r3, #1
 2224 00ba BB64     		str	r3, [r7, #72]
 2225              		.loc 1 1245 67
 2226 00bc FB68     		ldr	r3, [r7, #12]
 2227 00be 0133     		adds	r3, r3, #1
ARM GAS  /var/folders/yl/_q9l42k90g1g4mdhbs226msm0000gn/T//ccxj18A8.s 			page 62


 2228 00c0 FB60     		str	r3, [r7, #12]
 2229              		.loc 1 1245 9
 2230 00c2 1AE0     		b	.L146
 2231              	.L141:
1246:./SystemView/SEGGER_SYSVIEW.c ****         case '0': FormatFlags |= FORMAT_FLAG_PAD_ZERO;     sFormat++; break;
 2232              		.loc 1 1246 31
 2233 00c4 BB6C     		ldr	r3, [r7, #72]
 2234 00c6 43F00203 		orr	r3, r3, #2
 2235 00ca BB64     		str	r3, [r7, #72]
 2236              		.loc 1 1246 67
 2237 00cc FB68     		ldr	r3, [r7, #12]
 2238 00ce 0133     		adds	r3, r3, #1
 2239 00d0 FB60     		str	r3, [r7, #12]
 2240              		.loc 1 1246 9
 2241 00d2 12E0     		b	.L146
 2242              	.L144:
1247:./SystemView/SEGGER_SYSVIEW.c ****         case '+': FormatFlags |= FORMAT_FLAG_PRINT_SIGN;   sFormat++; break;
 2243              		.loc 1 1247 31
 2244 00d4 BB6C     		ldr	r3, [r7, #72]
 2245 00d6 43F00403 		orr	r3, r3, #4
 2246 00da BB64     		str	r3, [r7, #72]
 2247              		.loc 1 1247 67
 2248 00dc FB68     		ldr	r3, [r7, #12]
 2249 00de 0133     		adds	r3, r3, #1
 2250 00e0 FB60     		str	r3, [r7, #12]
 2251              		.loc 1 1247 9
 2252 00e2 0AE0     		b	.L146
 2253              	.L145:
1248:./SystemView/SEGGER_SYSVIEW.c ****         case '#': FormatFlags |= FORMAT_FLAG_ALTERNATE;    sFormat++; break;
 2254              		.loc 1 1248 31
 2255 00e4 BB6C     		ldr	r3, [r7, #72]
 2256 00e6 43F00803 		orr	r3, r3, #8
 2257 00ea BB64     		str	r3, [r7, #72]
 2258              		.loc 1 1248 67
 2259 00ec FB68     		ldr	r3, [r7, #12]
 2260 00ee 0133     		adds	r3, r3, #1
 2261 00f0 FB60     		str	r3, [r7, #12]
 2262              		.loc 1 1248 9
 2263 00f2 02E0     		b	.L146
 2264              	.L140:
1249:./SystemView/SEGGER_SYSVIEW.c ****         default:  v = 0; break;
 2265              		.loc 1 1249 21
 2266 00f4 0023     		movs	r3, #0
 2267 00f6 3B65     		str	r3, [r7, #80]
 2268              		.loc 1 1249 9
 2269 00f8 00BF     		nop
 2270              	.L146:
1250:./SystemView/SEGGER_SYSVIEW.c ****         }
1251:./SystemView/SEGGER_SYSVIEW.c ****       } while (v);
 2271              		.loc 1 1251 7
 2272 00fa 3B6D     		ldr	r3, [r7, #80]
 2273 00fc 002B     		cmp	r3, #0
 2274 00fe B0D1     		bne	.L147
1252:./SystemView/SEGGER_SYSVIEW.c ****       //
1253:./SystemView/SEGGER_SYSVIEW.c ****       // filter out field with
1254:./SystemView/SEGGER_SYSVIEW.c ****       //
1255:./SystemView/SEGGER_SYSVIEW.c ****       FieldWidth = 0u;
ARM GAS  /var/folders/yl/_q9l42k90g1g4mdhbs226msm0000gn/T//ccxj18A8.s 			page 63


 2275              		.loc 1 1255 18
 2276 0100 0023     		movs	r3, #0
 2277 0102 7B64     		str	r3, [r7, #68]
 2278              	.L149:
1256:./SystemView/SEGGER_SYSVIEW.c ****       do {
1257:./SystemView/SEGGER_SYSVIEW.c ****         c = *sFormat;
 2279              		.loc 1 1257 11
 2280 0104 FB68     		ldr	r3, [r7, #12]
 2281 0106 1B78     		ldrb	r3, [r3]
 2282 0108 87F85730 		strb	r3, [r7, #87]
1258:./SystemView/SEGGER_SYSVIEW.c ****         if ((c < '0') || (c > '9')) {
 2283              		.loc 1 1258 12
 2284 010c 97F85730 		ldrb	r3, [r7, #87]	@ zero_extendqisi2
 2285 0110 2F2B     		cmp	r3, #47
 2286 0112 12D9     		bls	.L148
 2287              		.loc 1 1258 23 discriminator 1
 2288 0114 97F85730 		ldrb	r3, [r7, #87]	@ zero_extendqisi2
 2289 0118 392B     		cmp	r3, #57
 2290 011a 0ED8     		bhi	.L148
1259:./SystemView/SEGGER_SYSVIEW.c ****           break;
1260:./SystemView/SEGGER_SYSVIEW.c ****         }
1261:./SystemView/SEGGER_SYSVIEW.c ****         sFormat++;
 2291              		.loc 1 1261 16
 2292 011c FB68     		ldr	r3, [r7, #12]
 2293 011e 0133     		adds	r3, r3, #1
 2294 0120 FB60     		str	r3, [r7, #12]
1262:./SystemView/SEGGER_SYSVIEW.c ****         FieldWidth = (FieldWidth * 10u) + ((unsigned int)c - '0');
 2295              		.loc 1 1262 34
 2296 0122 7A6C     		ldr	r2, [r7, #68]
 2297 0124 1346     		mov	r3, r2
 2298 0126 9B00     		lsls	r3, r3, #2
 2299 0128 1344     		add	r3, r3, r2
 2300 012a 5B00     		lsls	r3, r3, #1
 2301 012c 1A46     		mov	r2, r3
 2302              		.loc 1 1262 44
 2303 012e 97F85730 		ldrb	r3, [r7, #87]	@ zero_extendqisi2
 2304              		.loc 1 1262 41
 2305 0132 1344     		add	r3, r3, r2
 2306              		.loc 1 1262 20
 2307 0134 303B     		subs	r3, r3, #48
 2308 0136 7B64     		str	r3, [r7, #68]
1257:./SystemView/SEGGER_SYSVIEW.c ****         if ((c < '0') || (c > '9')) {
 2309              		.loc 1 1257 11
 2310 0138 E4E7     		b	.L149
 2311              	.L148:
1263:./SystemView/SEGGER_SYSVIEW.c ****       } while (1);
1264:./SystemView/SEGGER_SYSVIEW.c **** 
1265:./SystemView/SEGGER_SYSVIEW.c ****       //
1266:./SystemView/SEGGER_SYSVIEW.c ****       // Filter out precision (number of digits to display)
1267:./SystemView/SEGGER_SYSVIEW.c ****       //
1268:./SystemView/SEGGER_SYSVIEW.c ****       NumDigits = 0u;
 2312              		.loc 1 1268 17
 2313 013a 0023     		movs	r3, #0
 2314 013c FB64     		str	r3, [r7, #76]
1269:./SystemView/SEGGER_SYSVIEW.c ****       c = *sFormat;
 2315              		.loc 1 1269 9
 2316 013e FB68     		ldr	r3, [r7, #12]
ARM GAS  /var/folders/yl/_q9l42k90g1g4mdhbs226msm0000gn/T//ccxj18A8.s 			page 64


 2317 0140 1B78     		ldrb	r3, [r3]
 2318 0142 87F85730 		strb	r3, [r7, #87]
1270:./SystemView/SEGGER_SYSVIEW.c ****       if (c == '.') {
 2319              		.loc 1 1270 10
 2320 0146 97F85730 		ldrb	r3, [r7, #87]	@ zero_extendqisi2
 2321 014a 2E2B     		cmp	r3, #46
 2322 014c 1DD1     		bne	.L150
1271:./SystemView/SEGGER_SYSVIEW.c ****         sFormat++;
 2323              		.loc 1 1271 16
 2324 014e FB68     		ldr	r3, [r7, #12]
 2325 0150 0133     		adds	r3, r3, #1
 2326 0152 FB60     		str	r3, [r7, #12]
 2327              	.L151:
1272:./SystemView/SEGGER_SYSVIEW.c ****         do {
1273:./SystemView/SEGGER_SYSVIEW.c ****           c = *sFormat;
 2328              		.loc 1 1273 13
 2329 0154 FB68     		ldr	r3, [r7, #12]
 2330 0156 1B78     		ldrb	r3, [r3]
 2331 0158 87F85730 		strb	r3, [r7, #87]
1274:./SystemView/SEGGER_SYSVIEW.c ****           if ((c < '0') || (c > '9')) {
 2332              		.loc 1 1274 14
 2333 015c 97F85730 		ldrb	r3, [r7, #87]	@ zero_extendqisi2
 2334 0160 2F2B     		cmp	r3, #47
 2335 0162 12D9     		bls	.L150
 2336              		.loc 1 1274 25 discriminator 1
 2337 0164 97F85730 		ldrb	r3, [r7, #87]	@ zero_extendqisi2
 2338 0168 392B     		cmp	r3, #57
 2339 016a 0ED8     		bhi	.L150
1275:./SystemView/SEGGER_SYSVIEW.c ****             break;
1276:./SystemView/SEGGER_SYSVIEW.c ****           }
1277:./SystemView/SEGGER_SYSVIEW.c ****           sFormat++;
 2340              		.loc 1 1277 18
 2341 016c FB68     		ldr	r3, [r7, #12]
 2342 016e 0133     		adds	r3, r3, #1
 2343 0170 FB60     		str	r3, [r7, #12]
1278:./SystemView/SEGGER_SYSVIEW.c ****           NumDigits = NumDigits * 10u + ((unsigned int)c - '0');
 2344              		.loc 1 1278 33
 2345 0172 FA6C     		ldr	r2, [r7, #76]
 2346 0174 1346     		mov	r3, r2
 2347 0176 9B00     		lsls	r3, r3, #2
 2348 0178 1344     		add	r3, r3, r2
 2349 017a 5B00     		lsls	r3, r3, #1
 2350 017c 1A46     		mov	r2, r3
 2351              		.loc 1 1278 42
 2352 017e 97F85730 		ldrb	r3, [r7, #87]	@ zero_extendqisi2
 2353              		.loc 1 1278 39
 2354 0182 1344     		add	r3, r3, r2
 2355              		.loc 1 1278 21
 2356 0184 303B     		subs	r3, r3, #48
 2357 0186 FB64     		str	r3, [r7, #76]
1273:./SystemView/SEGGER_SYSVIEW.c ****           if ((c < '0') || (c > '9')) {
 2358              		.loc 1 1273 13
 2359 0188 E4E7     		b	.L151
 2360              	.L150:
1279:./SystemView/SEGGER_SYSVIEW.c ****         } while (1);
1280:./SystemView/SEGGER_SYSVIEW.c ****       }
1281:./SystemView/SEGGER_SYSVIEW.c ****       //
ARM GAS  /var/folders/yl/_q9l42k90g1g4mdhbs226msm0000gn/T//ccxj18A8.s 			page 65


1282:./SystemView/SEGGER_SYSVIEW.c ****       // Filter out length modifier
1283:./SystemView/SEGGER_SYSVIEW.c ****       //
1284:./SystemView/SEGGER_SYSVIEW.c ****       c = *sFormat;
 2361              		.loc 1 1284 9
 2362 018a FB68     		ldr	r3, [r7, #12]
 2363 018c 1B78     		ldrb	r3, [r3]
 2364 018e 87F85730 		strb	r3, [r7, #87]
 2365              	.L154:
1285:./SystemView/SEGGER_SYSVIEW.c ****       do {
1286:./SystemView/SEGGER_SYSVIEW.c ****         if ((c == 'l') || (c == 'h')) {
 2366              		.loc 1 1286 12
 2367 0192 97F85730 		ldrb	r3, [r7, #87]	@ zero_extendqisi2
 2368 0196 6C2B     		cmp	r3, #108
 2369 0198 03D0     		beq	.L152
 2370              		.loc 1 1286 24 discriminator 1
 2371 019a 97F85730 		ldrb	r3, [r7, #87]	@ zero_extendqisi2
 2372 019e 682B     		cmp	r3, #104
 2373 01a0 07D1     		bne	.L153
 2374              	.L152:
1287:./SystemView/SEGGER_SYSVIEW.c ****           c = *sFormat;
 2375              		.loc 1 1287 13
 2376 01a2 FB68     		ldr	r3, [r7, #12]
 2377 01a4 1B78     		ldrb	r3, [r3]
 2378 01a6 87F85730 		strb	r3, [r7, #87]
1288:./SystemView/SEGGER_SYSVIEW.c ****           sFormat++;
 2379              		.loc 1 1288 18
 2380 01aa FB68     		ldr	r3, [r7, #12]
 2381 01ac 0133     		adds	r3, r3, #1
 2382 01ae FB60     		str	r3, [r7, #12]
1286:./SystemView/SEGGER_SYSVIEW.c ****           c = *sFormat;
 2383              		.loc 1 1286 12
 2384 01b0 EFE7     		b	.L154
 2385              	.L153:
1289:./SystemView/SEGGER_SYSVIEW.c ****         } else {
1290:./SystemView/SEGGER_SYSVIEW.c ****           break;
1291:./SystemView/SEGGER_SYSVIEW.c ****         }
1292:./SystemView/SEGGER_SYSVIEW.c ****       } while (1);
1293:./SystemView/SEGGER_SYSVIEW.c ****       //
1294:./SystemView/SEGGER_SYSVIEW.c ****       // Handle specifiers
1295:./SystemView/SEGGER_SYSVIEW.c ****       //
1296:./SystemView/SEGGER_SYSVIEW.c ****       switch (c) {
 2386              		.loc 1 1296 7
 2387 01b2 97F85730 		ldrb	r3, [r7, #87]	@ zero_extendqisi2
 2388 01b6 252B     		cmp	r3, #37
 2389 01b8 00F0D880 		beq	.L155
 2390 01bc 252B     		cmp	r3, #37
 2391 01be C0F2DC80 		blt	.L178
 2392 01c2 782B     		cmp	r3, #120
 2393 01c4 00F3D980 		bgt	.L178
 2394 01c8 582B     		cmp	r3, #88
 2395 01ca C0F2D680 		blt	.L178
 2396 01ce 583B     		subs	r3, r3, #88
 2397 01d0 202B     		cmp	r3, #32
 2398 01d2 00F2D280 		bhi	.L178
 2399 01d6 01A2     		adr	r2, .L158
 2400 01d8 52F823F0 		ldr	pc, [r2, r3, lsl #2]
 2401              		.p2align 2
ARM GAS  /var/folders/yl/_q9l42k90g1g4mdhbs226msm0000gn/T//ccxj18A8.s 			page 66


 2402              	.L158:
 2403 01dc D3020000 		.word	.L157+1
 2404 01e0 7B030000 		.word	.L178+1
 2405 01e4 7B030000 		.word	.L178+1
 2406 01e8 7B030000 		.word	.L178+1
 2407 01ec 7B030000 		.word	.L178+1
 2408 01f0 7B030000 		.word	.L178+1
 2409 01f4 7B030000 		.word	.L178+1
 2410 01f8 7B030000 		.word	.L178+1
 2411 01fc 7B030000 		.word	.L178+1
 2412 0200 7B030000 		.word	.L178+1
 2413 0204 7B030000 		.word	.L178+1
 2414 0208 61020000 		.word	.L163+1
 2415 020c 87020000 		.word	.L162+1
 2416 0210 7B030000 		.word	.L178+1
 2417 0214 7B030000 		.word	.L178+1
 2418 0218 7B030000 		.word	.L178+1
 2419 021c 7B030000 		.word	.L178+1
 2420 0220 7B030000 		.word	.L178+1
 2421 0224 7B030000 		.word	.L178+1
 2422 0228 7B030000 		.word	.L178+1
 2423 022c 7B030000 		.word	.L178+1
 2424 0230 7B030000 		.word	.L178+1
 2425 0234 7B030000 		.word	.L178+1
 2426 0238 7B030000 		.word	.L178+1
 2427 023c 47030000 		.word	.L161+1
 2428 0240 7B030000 		.word	.L178+1
 2429 0244 7B030000 		.word	.L178+1
 2430 0248 FD020000 		.word	.L160+1
 2431 024c 7B030000 		.word	.L178+1
 2432 0250 AD020000 		.word	.L159+1
 2433 0254 7B030000 		.word	.L178+1
 2434 0258 7B030000 		.word	.L178+1
 2435 025c D3020000 		.word	.L157+1
 2436              		.p2align 1
 2437              	.L163:
 2438              	.LBB12:
1297:./SystemView/SEGGER_SYSVIEW.c ****       case 'c': {
1298:./SystemView/SEGGER_SYSVIEW.c ****         char c0;
1299:./SystemView/SEGGER_SYSVIEW.c ****         v = va_arg(*pParamList, int);
 2439              		.loc 1 1299 11
 2440 0260 7B68     		ldr	r3, [r7, #4]
 2441 0262 1B68     		ldr	r3, [r3]
 2442 0264 191D     		adds	r1, r3, #4
 2443 0266 7A68     		ldr	r2, [r7, #4]
 2444 0268 1160     		str	r1, [r2]
 2445 026a 1B68     		ldr	r3, [r3]
 2446 026c 3B65     		str	r3, [r7, #80]
1300:./SystemView/SEGGER_SYSVIEW.c ****         c0 = (char)v;
 2447              		.loc 1 1300 12
 2448 026e 3B6D     		ldr	r3, [r7, #80]
 2449 0270 87F82730 		strb	r3, [r7, #39]
1301:./SystemView/SEGGER_SYSVIEW.c ****         _StoreChar(&BufferDesc, c0);
 2450              		.loc 1 1301 9
 2451 0274 97F82720 		ldrb	r2, [r7, #39]	@ zero_extendqisi2
 2452 0278 07F11003 		add	r3, r7, #16
 2453 027c 1146     		mov	r1, r2
ARM GAS  /var/folders/yl/_q9l42k90g1g4mdhbs226msm0000gn/T//ccxj18A8.s 			page 67


 2454 027e 1846     		mov	r0, r3
 2455 0280 FFF7FEFF 		bl	_StoreChar
1302:./SystemView/SEGGER_SYSVIEW.c ****         break;
 2456              		.loc 1 1302 9
 2457 0284 7AE0     		b	.L164
 2458              	.L162:
 2459              	.LBE12:
1303:./SystemView/SEGGER_SYSVIEW.c ****       }
1304:./SystemView/SEGGER_SYSVIEW.c ****       case 'd':
1305:./SystemView/SEGGER_SYSVIEW.c ****         v = va_arg(*pParamList, int);
 2460              		.loc 1 1305 11
 2461 0286 7B68     		ldr	r3, [r7, #4]
 2462 0288 1B68     		ldr	r3, [r3]
 2463 028a 191D     		adds	r1, r3, #4
 2464 028c 7A68     		ldr	r2, [r7, #4]
 2465 028e 1160     		str	r1, [r2]
 2466 0290 1B68     		ldr	r3, [r3]
 2467 0292 3B65     		str	r3, [r7, #80]
1306:./SystemView/SEGGER_SYSVIEW.c ****         _PrintInt(&BufferDesc, v, 10u, NumDigits, FieldWidth, FormatFlags);
 2468              		.loc 1 1306 9
 2469 0294 07F11000 		add	r0, r7, #16
 2470 0298 BB6C     		ldr	r3, [r7, #72]
 2471 029a 0193     		str	r3, [sp, #4]
 2472 029c 7B6C     		ldr	r3, [r7, #68]
 2473 029e 0093     		str	r3, [sp]
 2474 02a0 FB6C     		ldr	r3, [r7, #76]
 2475 02a2 0A22     		movs	r2, #10
 2476 02a4 396D     		ldr	r1, [r7, #80]
 2477 02a6 FFF7FEFF 		bl	_PrintInt
1307:./SystemView/SEGGER_SYSVIEW.c ****         break;
 2478              		.loc 1 1307 9
 2479 02aa 67E0     		b	.L164
 2480              	.L159:
1308:./SystemView/SEGGER_SYSVIEW.c ****       case 'u':
1309:./SystemView/SEGGER_SYSVIEW.c ****         v = va_arg(*pParamList, int);
 2481              		.loc 1 1309 11
 2482 02ac 7B68     		ldr	r3, [r7, #4]
 2483 02ae 1B68     		ldr	r3, [r3]
 2484 02b0 191D     		adds	r1, r3, #4
 2485 02b2 7A68     		ldr	r2, [r7, #4]
 2486 02b4 1160     		str	r1, [r2]
 2487 02b6 1B68     		ldr	r3, [r3]
 2488 02b8 3B65     		str	r3, [r7, #80]
1310:./SystemView/SEGGER_SYSVIEW.c ****         _PrintUnsigned(&BufferDesc, (unsigned int)v, 10u, NumDigits, FieldWidth, FormatFlags);
 2489              		.loc 1 1310 9
 2490 02ba 396D     		ldr	r1, [r7, #80]
 2491 02bc 07F11000 		add	r0, r7, #16
 2492 02c0 BB6C     		ldr	r3, [r7, #72]
 2493 02c2 0193     		str	r3, [sp, #4]
 2494 02c4 7B6C     		ldr	r3, [r7, #68]
 2495 02c6 0093     		str	r3, [sp]
 2496 02c8 FB6C     		ldr	r3, [r7, #76]
 2497 02ca 0A22     		movs	r2, #10
 2498 02cc FFF7FEFF 		bl	_PrintUnsigned
1311:./SystemView/SEGGER_SYSVIEW.c ****         break;
 2499              		.loc 1 1311 9
 2500 02d0 54E0     		b	.L164
ARM GAS  /var/folders/yl/_q9l42k90g1g4mdhbs226msm0000gn/T//ccxj18A8.s 			page 68


 2501              	.L157:
1312:./SystemView/SEGGER_SYSVIEW.c ****       case 'x':
1313:./SystemView/SEGGER_SYSVIEW.c ****       case 'X':
1314:./SystemView/SEGGER_SYSVIEW.c ****         v = va_arg(*pParamList, int);
 2502              		.loc 1 1314 11
 2503 02d2 7B68     		ldr	r3, [r7, #4]
 2504 02d4 1B68     		ldr	r3, [r3]
 2505 02d6 191D     		adds	r1, r3, #4
 2506 02d8 7A68     		ldr	r2, [r7, #4]
 2507 02da 1160     		str	r1, [r2]
 2508 02dc 1B68     		ldr	r3, [r3]
 2509 02de 3B65     		str	r3, [r7, #80]
1315:./SystemView/SEGGER_SYSVIEW.c ****         _PrintUnsigned(&BufferDesc, (unsigned int)v, 16u, NumDigits, FieldWidth, FormatFlags);
 2510              		.loc 1 1315 9
 2511 02e0 396D     		ldr	r1, [r7, #80]
 2512 02e2 07F11000 		add	r0, r7, #16
 2513 02e6 BB6C     		ldr	r3, [r7, #72]
 2514 02e8 0193     		str	r3, [sp, #4]
 2515 02ea 7B6C     		ldr	r3, [r7, #68]
 2516 02ec 0093     		str	r3, [sp]
 2517 02ee FB6C     		ldr	r3, [r7, #76]
 2518 02f0 1022     		movs	r2, #16
 2519 02f2 FFF7FEFF 		bl	_PrintUnsigned
1316:./SystemView/SEGGER_SYSVIEW.c ****         break;
 2520              		.loc 1 1316 9
 2521 02f6 41E0     		b	.L164
 2522              	.L181:
 2523              		.align	2
 2524              	.L180:
 2525 02f8 00000000 		.word	_aPacket
 2526              	.L160:
1317:./SystemView/SEGGER_SYSVIEW.c ****       case 's':
1318:./SystemView/SEGGER_SYSVIEW.c ****         s = va_arg(*pParamList, const char*);
 2527              		.loc 1 1318 11
 2528 02fc 7B68     		ldr	r3, [r7, #4]
 2529 02fe 1B68     		ldr	r3, [r3]
 2530 0300 191D     		adds	r1, r3, #4
 2531 0302 7A68     		ldr	r2, [r7, #4]
 2532 0304 1160     		str	r1, [r2]
 2533 0306 1B68     		ldr	r3, [r3]
 2534 0308 3B64     		str	r3, [r7, #64]
1319:./SystemView/SEGGER_SYSVIEW.c ****         if (s == NULL) {
 2535              		.loc 1 1319 12
 2536 030a 3B6C     		ldr	r3, [r7, #64]
 2537 030c 002B     		cmp	r3, #0
 2538 030e 01D1     		bne	.L168
1320:./SystemView/SEGGER_SYSVIEW.c ****           s = "(null)";
 2539              		.loc 1 1320 13
 2540 0310 4A4B     		ldr	r3, .L182
 2541 0312 3B64     		str	r3, [r7, #64]
 2542              	.L168:
1321:./SystemView/SEGGER_SYSVIEW.c ****         }
1322:./SystemView/SEGGER_SYSVIEW.c ****         do {
1323:./SystemView/SEGGER_SYSVIEW.c ****           c = *s;
 2543              		.loc 1 1323 13
 2544 0314 3B6C     		ldr	r3, [r7, #64]
 2545 0316 1B78     		ldrb	r3, [r3]
ARM GAS  /var/folders/yl/_q9l42k90g1g4mdhbs226msm0000gn/T//ccxj18A8.s 			page 69


 2546 0318 87F85730 		strb	r3, [r7, #87]
1324:./SystemView/SEGGER_SYSVIEW.c ****           s++;
 2547              		.loc 1 1324 12
 2548 031c 3B6C     		ldr	r3, [r7, #64]
 2549 031e 0133     		adds	r3, r3, #1
 2550 0320 3B64     		str	r3, [r7, #64]
1325:./SystemView/SEGGER_SYSVIEW.c ****           if (c == '\0') {
 2551              		.loc 1 1325 14
 2552 0322 97F85730 		ldrb	r3, [r7, #87]	@ zero_extendqisi2
 2553 0326 002B     		cmp	r3, #0
 2554 0328 0BD0     		beq	.L179
1326:./SystemView/SEGGER_SYSVIEW.c ****             break;
1327:./SystemView/SEGGER_SYSVIEW.c ****           }
1328:./SystemView/SEGGER_SYSVIEW.c ****          _StoreChar(&BufferDesc, c);
 2555              		.loc 1 1328 10
 2556 032a 97F85720 		ldrb	r2, [r7, #87]	@ zero_extendqisi2
 2557 032e 07F11003 		add	r3, r7, #16
 2558 0332 1146     		mov	r1, r2
 2559 0334 1846     		mov	r0, r3
 2560 0336 FFF7FEFF 		bl	_StoreChar
1329:./SystemView/SEGGER_SYSVIEW.c ****         } while (BufferDesc.Cnt < SEGGER_SYSVIEW_MAX_STRING_LEN);
 2561              		.loc 1 1329 28
 2562 033a 3B6A     		ldr	r3, [r7, #32]
 2563              		.loc 1 1329 9
 2564 033c 7F2B     		cmp	r3, #127
 2565 033e E9D9     		bls	.L168
1330:./SystemView/SEGGER_SYSVIEW.c ****         break;
 2566              		.loc 1 1330 9
 2567 0340 1CE0     		b	.L164
 2568              	.L179:
1326:./SystemView/SEGGER_SYSVIEW.c ****             break;
 2569              		.loc 1 1326 13
 2570 0342 00BF     		nop
 2571              		.loc 1 1330 9
 2572 0344 1AE0     		b	.L164
 2573              	.L161:
1331:./SystemView/SEGGER_SYSVIEW.c ****       case 'p':
1332:./SystemView/SEGGER_SYSVIEW.c ****         v = va_arg(*pParamList, int);
 2574              		.loc 1 1332 11
 2575 0346 7B68     		ldr	r3, [r7, #4]
 2576 0348 1B68     		ldr	r3, [r3]
 2577 034a 191D     		adds	r1, r3, #4
 2578 034c 7A68     		ldr	r2, [r7, #4]
 2579 034e 1160     		str	r1, [r2]
 2580 0350 1B68     		ldr	r3, [r3]
 2581 0352 3B65     		str	r3, [r7, #80]
1333:./SystemView/SEGGER_SYSVIEW.c ****         _PrintUnsigned(&BufferDesc, (unsigned int)v, 16u, 8u, 8u, 0u);
 2582              		.loc 1 1333 9
 2583 0354 396D     		ldr	r1, [r7, #80]
 2584 0356 07F11000 		add	r0, r7, #16
 2585 035a 0023     		movs	r3, #0
 2586 035c 0193     		str	r3, [sp, #4]
 2587 035e 0823     		movs	r3, #8
 2588 0360 0093     		str	r3, [sp]
 2589 0362 0823     		movs	r3, #8
 2590 0364 1022     		movs	r2, #16
 2591 0366 FFF7FEFF 		bl	_PrintUnsigned
ARM GAS  /var/folders/yl/_q9l42k90g1g4mdhbs226msm0000gn/T//ccxj18A8.s 			page 70


1334:./SystemView/SEGGER_SYSVIEW.c ****         break;
 2592              		.loc 1 1334 9
 2593 036a 07E0     		b	.L164
 2594              	.L155:
1335:./SystemView/SEGGER_SYSVIEW.c ****       case '%':
1336:./SystemView/SEGGER_SYSVIEW.c ****         _StoreChar(&BufferDesc, '%');
 2595              		.loc 1 1336 9
 2596 036c 07F11003 		add	r3, r7, #16
 2597 0370 2521     		movs	r1, #37
 2598 0372 1846     		mov	r0, r3
 2599 0374 FFF7FEFF 		bl	_StoreChar
1337:./SystemView/SEGGER_SYSVIEW.c ****         break;
 2600              		.loc 1 1337 9
 2601 0378 00E0     		b	.L164
 2602              	.L178:
1338:./SystemView/SEGGER_SYSVIEW.c ****       default:
1339:./SystemView/SEGGER_SYSVIEW.c ****         break;
 2603              		.loc 1 1339 9
 2604 037a 00BF     		nop
 2605              	.L164:
1340:./SystemView/SEGGER_SYSVIEW.c ****       }
1341:./SystemView/SEGGER_SYSVIEW.c ****       sFormat++;
 2606              		.loc 1 1341 14
 2607 037c FB68     		ldr	r3, [r7, #12]
 2608 037e 0133     		adds	r3, r3, #1
 2609 0380 FB60     		str	r3, [r7, #12]
 2610 0382 07E0     		b	.L169
 2611              	.L139:
1342:./SystemView/SEGGER_SYSVIEW.c ****     } else {
1343:./SystemView/SEGGER_SYSVIEW.c ****       _StoreChar(&BufferDesc, c);
 2612              		.loc 1 1343 7
 2613 0384 97F85720 		ldrb	r2, [r7, #87]	@ zero_extendqisi2
 2614 0388 07F11003 		add	r3, r7, #16
 2615 038c 1146     		mov	r1, r2
 2616 038e 1846     		mov	r0, r3
 2617 0390 FFF7FEFF 		bl	_StoreChar
 2618              	.L169:
1344:./SystemView/SEGGER_SYSVIEW.c ****     }
1345:./SystemView/SEGGER_SYSVIEW.c ****   } while (*sFormat);
 2619              		.loc 1 1345 12
 2620 0394 FB68     		ldr	r3, [r7, #12]
 2621 0396 1B78     		ldrb	r3, [r3]	@ zero_extendqisi2
 2622              		.loc 1 1345 3
 2623 0398 002B     		cmp	r3, #0
 2624 039a 7FF44DAE 		bne	.L170
 2625 039e 00E0     		b	.L138
 2626              	.L177:
1234:./SystemView/SEGGER_SYSVIEW.c ****     }
 2627              		.loc 1 1234 7
 2628 03a0 00BF     		nop
 2629              	.L138:
1346:./SystemView/SEGGER_SYSVIEW.c **** 
1347:./SystemView/SEGGER_SYSVIEW.c ****   //
1348:./SystemView/SEGGER_SYSVIEW.c ****   // Write remaining data, if any
1349:./SystemView/SEGGER_SYSVIEW.c ****   //
1350:./SystemView/SEGGER_SYSVIEW.c ****   if (BufferDesc.Cnt != 0u) {
 2630              		.loc 1 1350 17
ARM GAS  /var/folders/yl/_q9l42k90g1g4mdhbs226msm0000gn/T//ccxj18A8.s 			page 71


 2631 03a2 3B6A     		ldr	r3, [r7, #32]
 2632              		.loc 1 1350 6
 2633 03a4 002B     		cmp	r3, #0
 2634 03a6 41D0     		beq	.L171
1351:./SystemView/SEGGER_SYSVIEW.c ****     *(BufferDesc.pPayloadStart) = (U8)BufferDesc.Cnt;
 2635              		.loc 1 1351 49
 2636 03a8 3A6A     		ldr	r2, [r7, #32]
 2637              		.loc 1 1351 17
 2638 03aa BB69     		ldr	r3, [r7, #24]
 2639              		.loc 1 1351 35
 2640 03ac D2B2     		uxtb	r2, r2
 2641              		.loc 1 1351 33
 2642 03ae 1A70     		strb	r2, [r3]
 2643              	.LBB13:
1352:./SystemView/SEGGER_SYSVIEW.c ****     ENCODE_U32(BufferDesc.pPayload, BufferDesc.Options);
 2644              		.loc 1 1352 5
 2645 03b0 7B69     		ldr	r3, [r7, #20]
 2646 03b2 FB63     		str	r3, [r7, #60]
 2647 03b4 FB69     		ldr	r3, [r7, #28]
 2648 03b6 BB63     		str	r3, [r7, #56]
 2649 03b8 0BE0     		b	.L172
 2650              	.L173:
 2651              		.loc 1 1352 5 is_stmt 0 discriminator 3
 2652 03ba BB6B     		ldr	r3, [r7, #56]
 2653 03bc DAB2     		uxtb	r2, r3
 2654 03be FB6B     		ldr	r3, [r7, #60]
 2655 03c0 591C     		adds	r1, r3, #1
 2656 03c2 F963     		str	r1, [r7, #60]
 2657 03c4 62F07F02 		orn	r2, r2, #127
 2658 03c8 D2B2     		uxtb	r2, r2
 2659 03ca 1A70     		strb	r2, [r3]
 2660 03cc BB6B     		ldr	r3, [r7, #56]
 2661 03ce DB09     		lsrs	r3, r3, #7
 2662 03d0 BB63     		str	r3, [r7, #56]
 2663              	.L172:
 2664              		.loc 1 1352 5 discriminator 1
 2665 03d2 BB6B     		ldr	r3, [r7, #56]
 2666 03d4 7F2B     		cmp	r3, #127
 2667 03d6 F0D8     		bhi	.L173
 2668              		.loc 1 1352 5 discriminator 4
 2669 03d8 FB6B     		ldr	r3, [r7, #60]
 2670 03da 5A1C     		adds	r2, r3, #1
 2671 03dc FA63     		str	r2, [r7, #60]
 2672 03de BA6B     		ldr	r2, [r7, #56]
 2673 03e0 D2B2     		uxtb	r2, r2
 2674 03e2 1A70     		strb	r2, [r3]
 2675 03e4 FB6B     		ldr	r3, [r7, #60]
 2676 03e6 7B61     		str	r3, [r7, #20]
 2677              	.LBE13:
 2678              	.LBB14:
1353:./SystemView/SEGGER_SYSVIEW.c ****     ENCODE_U32(BufferDesc.pPayload, 0);
 2679              		.loc 1 1353 5 is_stmt 1 discriminator 4
 2680 03e8 7B69     		ldr	r3, [r7, #20]
 2681 03ea 7B63     		str	r3, [r7, #52]
 2682 03ec 0023     		movs	r3, #0
 2683 03ee 3B63     		str	r3, [r7, #48]
 2684 03f0 0BE0     		b	.L174
ARM GAS  /var/folders/yl/_q9l42k90g1g4mdhbs226msm0000gn/T//ccxj18A8.s 			page 72


 2685              	.L175:
 2686              		.loc 1 1353 5 is_stmt 0 discriminator 3
 2687 03f2 3B6B     		ldr	r3, [r7, #48]
 2688 03f4 DAB2     		uxtb	r2, r3
 2689 03f6 7B6B     		ldr	r3, [r7, #52]
 2690 03f8 591C     		adds	r1, r3, #1
 2691 03fa 7963     		str	r1, [r7, #52]
 2692 03fc 62F07F02 		orn	r2, r2, #127
 2693 0400 D2B2     		uxtb	r2, r2
 2694 0402 1A70     		strb	r2, [r3]
 2695 0404 3B6B     		ldr	r3, [r7, #48]
 2696 0406 DB09     		lsrs	r3, r3, #7
 2697 0408 3B63     		str	r3, [r7, #48]
 2698              	.L174:
 2699              		.loc 1 1353 5 discriminator 1
 2700 040a 3B6B     		ldr	r3, [r7, #48]
 2701 040c 7F2B     		cmp	r3, #127
 2702 040e F0D8     		bhi	.L175
 2703              		.loc 1 1353 5 discriminator 4
 2704 0410 7B6B     		ldr	r3, [r7, #52]
 2705 0412 5A1C     		adds	r2, r3, #1
 2706 0414 7A63     		str	r2, [r7, #52]
 2707 0416 3A6B     		ldr	r2, [r7, #48]
 2708 0418 D2B2     		uxtb	r2, r2
 2709 041a 1A70     		strb	r2, [r3]
 2710 041c 7B6B     		ldr	r3, [r7, #52]
 2711 041e 7B61     		str	r3, [r7, #20]
 2712              	.LBE14:
1354:./SystemView/SEGGER_SYSVIEW.c ****     _SendPacket(BufferDesc.pPayloadStart, BufferDesc.pPayload, SYSVIEW_EVTID_PRINT_FORMATTED);
 2713              		.loc 1 1354 5 is_stmt 1 discriminator 4
 2714 0420 BB69     		ldr	r3, [r7, #24]
 2715 0422 7969     		ldr	r1, [r7, #20]
 2716 0424 1A22     		movs	r2, #26
 2717 0426 1846     		mov	r0, r3
 2718 0428 FFF7FEFF 		bl	_SendPacket
 2719              	.L171:
1355:./SystemView/SEGGER_SYSVIEW.c ****   }
1356:./SystemView/SEGGER_SYSVIEW.c **** #if SEGGER_SYSVIEW_USE_STATIC_BUFFER == 0
1357:./SystemView/SEGGER_SYSVIEW.c ****   SEGGER_SYSVIEW_UNLOCK();
1358:./SystemView/SEGGER_SYSVIEW.c ****   RECORD_END();
1359:./SystemView/SEGGER_SYSVIEW.c **** #else
1360:./SystemView/SEGGER_SYSVIEW.c ****   RECORD_END();
 2720              		.loc 1 1360 3
 2721 042c FB6A     		ldr	r3, [r7, #44]
 2722              		.syntax unified
 2723              	@ 1360 "./SystemView/SEGGER_SYSVIEW.c" 1
 2724 042e 83F31188 		msr   basepri, r3  
 2725              		
 2726              	@ 0 "" 2
 2727              		.thumb
 2728              		.syntax unified
 2729              	.LBE11:
1361:./SystemView/SEGGER_SYSVIEW.c **** #endif
1362:./SystemView/SEGGER_SYSVIEW.c **** }
 2730              		.loc 1 1362 1
 2731 0432 00BF     		nop
 2732 0434 5837     		adds	r7, r7, #88
ARM GAS  /var/folders/yl/_q9l42k90g1g4mdhbs226msm0000gn/T//ccxj18A8.s 			page 73


 2733              	.LCFI56:
 2734              		.cfi_def_cfa_offset 8
 2735 0436 BD46     		mov	sp, r7
 2736              	.LCFI57:
 2737              		.cfi_def_cfa_register 13
 2738              		@ sp needed
 2739 0438 80BD     		pop	{r7, pc}
 2740              	.L183:
 2741 043a 00BF     		.align	2
 2742              	.L182:
 2743 043c 00000000 		.word	.LC0
 2744              		.cfi_endproc
 2745              	.LFE10:
 2747              		.section	.rodata
 2748 0007 00       		.align	2
 2749              	.LC1:
 2750 0008 53797356 		.ascii	"SysView\000"
 2750      69657700 
 2751              		.section	.text.SEGGER_SYSVIEW_Init,"ax",%progbits
 2752              		.align	1
 2753              		.global	SEGGER_SYSVIEW_Init
 2754              		.syntax unified
 2755              		.thumb
 2756              		.thumb_func
 2758              	SEGGER_SYSVIEW_Init:
 2759              	.LFB11:
1363:./SystemView/SEGGER_SYSVIEW.c **** #endif // SEGGER_SYSVIEW_EXCLUDE_PRINTF
1364:./SystemView/SEGGER_SYSVIEW.c **** 
1365:./SystemView/SEGGER_SYSVIEW.c **** /*********************************************************************
1366:./SystemView/SEGGER_SYSVIEW.c **** *
1367:./SystemView/SEGGER_SYSVIEW.c **** *       Public code
1368:./SystemView/SEGGER_SYSVIEW.c **** *
1369:./SystemView/SEGGER_SYSVIEW.c **** **********************************************************************
1370:./SystemView/SEGGER_SYSVIEW.c **** */
1371:./SystemView/SEGGER_SYSVIEW.c **** 
1372:./SystemView/SEGGER_SYSVIEW.c **** /*********************************************************************
1373:./SystemView/SEGGER_SYSVIEW.c **** *
1374:./SystemView/SEGGER_SYSVIEW.c **** *       SEGGER_SYSVIEW_Init()
1375:./SystemView/SEGGER_SYSVIEW.c **** *
1376:./SystemView/SEGGER_SYSVIEW.c **** *  Function description
1377:./SystemView/SEGGER_SYSVIEW.c **** *    Initializes the SYSVIEW module.
1378:./SystemView/SEGGER_SYSVIEW.c **** *    Must be called before the SystemView Application connects to
1379:./SystemView/SEGGER_SYSVIEW.c **** *    the system.
1380:./SystemView/SEGGER_SYSVIEW.c **** *
1381:./SystemView/SEGGER_SYSVIEW.c **** *  Parameters
1382:./SystemView/SEGGER_SYSVIEW.c **** *    SysFreq        - Frequency of timestamp, usually CPU core clock frequency.
1383:./SystemView/SEGGER_SYSVIEW.c **** *    CPUFreq        - CPU core clock frequency.
1384:./SystemView/SEGGER_SYSVIEW.c **** *    pOSAPI         - Pointer to the API structure for OS-specific functions.
1385:./SystemView/SEGGER_SYSVIEW.c **** *    pfSendSysDesc  - Pointer to record system description callback function.
1386:./SystemView/SEGGER_SYSVIEW.c **** *
1387:./SystemView/SEGGER_SYSVIEW.c **** *  Additional information
1388:./SystemView/SEGGER_SYSVIEW.c **** *    This function initializes the RTT channel used to transport
1389:./SystemView/SEGGER_SYSVIEW.c **** *    SEGGER SystemView packets.
1390:./SystemView/SEGGER_SYSVIEW.c **** *    The channel is assigned the label "SysView" for client software
1391:./SystemView/SEGGER_SYSVIEW.c **** *    to identify the SystemView channel.
1392:./SystemView/SEGGER_SYSVIEW.c **** *
1393:./SystemView/SEGGER_SYSVIEW.c **** *    The channel is configured with the macro SEGGER_SYSVIEW_RTT_CHANNEL.
ARM GAS  /var/folders/yl/_q9l42k90g1g4mdhbs226msm0000gn/T//ccxj18A8.s 			page 74


1394:./SystemView/SEGGER_SYSVIEW.c **** */
1395:./SystemView/SEGGER_SYSVIEW.c **** void SEGGER_SYSVIEW_Init(U32 SysFreq, U32 CPUFreq, const SEGGER_SYSVIEW_OS_API *pOSAPI, SEGGER_SYSV
 2760              		.loc 1 1395 138
 2761              		.cfi_startproc
 2762              		@ args = 0, pretend = 0, frame = 16
 2763              		@ frame_needed = 1, uses_anonymous_args = 0
 2764 0000 80B5     		push	{r7, lr}
 2765              	.LCFI58:
 2766              		.cfi_def_cfa_offset 8
 2767              		.cfi_offset 7, -8
 2768              		.cfi_offset 14, -4
 2769 0002 86B0     		sub	sp, sp, #24
 2770              	.LCFI59:
 2771              		.cfi_def_cfa_offset 32
 2772 0004 02AF     		add	r7, sp, #8
 2773              	.LCFI60:
 2774              		.cfi_def_cfa 7, 24
 2775 0006 F860     		str	r0, [r7, #12]
 2776 0008 B960     		str	r1, [r7, #8]
 2777 000a 7A60     		str	r2, [r7, #4]
 2778 000c 3B60     		str	r3, [r7]
1396:./SystemView/SEGGER_SYSVIEW.c **** #ifdef SEGGER_RTT_SECTION
1397:./SystemView/SEGGER_SYSVIEW.c ****   //
1398:./SystemView/SEGGER_SYSVIEW.c ****   // Explicitly initialize the RTT Control Block if it is in its dedicated section.
1399:./SystemView/SEGGER_SYSVIEW.c ****   //
1400:./SystemView/SEGGER_SYSVIEW.c ****   SEGGER_RTT_Init();
1401:./SystemView/SEGGER_SYSVIEW.c **** #endif
1402:./SystemView/SEGGER_SYSVIEW.c **** #if (SEGGER_SYSVIEW_POST_MORTEM_MODE == 1)
1403:./SystemView/SEGGER_SYSVIEW.c **** #if SEGGER_SYSVIEW_RTT_CHANNEL > 0
1404:./SystemView/SEGGER_SYSVIEW.c ****   SEGGER_RTT_ConfigUpBuffer(SEGGER_SYSVIEW_RTT_CHANNEL, "SysView", &_UpBuffer[0],   sizeof(_UpBuffe
1405:./SystemView/SEGGER_SYSVIEW.c **** #else
1406:./SystemView/SEGGER_SYSVIEW.c ****   _SYSVIEW_Globals.UpChannel = (U8)SEGGER_RTT_AllocUpBuffer  ("SysView", &_UpBuffer[0],   sizeof(_U
1407:./SystemView/SEGGER_SYSVIEW.c **** #endif
1408:./SystemView/SEGGER_SYSVIEW.c ****   _SYSVIEW_Globals.RAMBaseAddress   = SEGGER_SYSVIEW_ID_BASE;
1409:./SystemView/SEGGER_SYSVIEW.c ****   _SYSVIEW_Globals.LastTxTimeStamp  = SEGGER_SYSVIEW_GET_TIMESTAMP();
1410:./SystemView/SEGGER_SYSVIEW.c ****   _SYSVIEW_Globals.pOSAPI           = pOSAPI;
1411:./SystemView/SEGGER_SYSVIEW.c ****   _SYSVIEW_Globals.SysFreq          = SysFreq;
1412:./SystemView/SEGGER_SYSVIEW.c ****   _SYSVIEW_Globals.CPUFreq          = CPUFreq;
1413:./SystemView/SEGGER_SYSVIEW.c ****   _SYSVIEW_Globals.pfSendSysDesc    = pfSendSysDesc;
1414:./SystemView/SEGGER_SYSVIEW.c ****   _SYSVIEW_Globals.EnableState      = 0;
1415:./SystemView/SEGGER_SYSVIEW.c ****   _SYSVIEW_Globals.PacketCount      = 0;
1416:./SystemView/SEGGER_SYSVIEW.c **** #else // (SEGGER_SYSVIEW_POST_MORTEM_MODE == 1)
1417:./SystemView/SEGGER_SYSVIEW.c **** #if SEGGER_SYSVIEW_RTT_CHANNEL > 0
1418:./SystemView/SEGGER_SYSVIEW.c ****   SEGGER_RTT_ConfigUpBuffer   (SEGGER_SYSVIEW_RTT_CHANNEL, "SysView", &_UpBuffer[0],   sizeof(_UpBu
1419:./SystemView/SEGGER_SYSVIEW.c ****   SEGGER_RTT_ConfigDownBuffer (SEGGER_SYSVIEW_RTT_CHANNEL, "SysView", &_DownBuffer[0], sizeof(_Down
1420:./SystemView/SEGGER_SYSVIEW.c **** #else
1421:./SystemView/SEGGER_SYSVIEW.c ****   _SYSVIEW_Globals.UpChannel = (U8)SEGGER_RTT_AllocUpBuffer  ("SysView", &_UpBuffer[0],   sizeof(_U
 2779              		.loc 1 1421 36
 2780 000e 0023     		movs	r3, #0
 2781 0010 4FF48062 		mov	r2, #1024
 2782 0014 1749     		ldr	r1, .L185
 2783 0016 1848     		ldr	r0, .L185+4
 2784 0018 FFF7FEFF 		bl	SEGGER_RTT_AllocUpBuffer
 2785 001c 0346     		mov	r3, r0
 2786              		.loc 1 1421 32
 2787 001e DAB2     		uxtb	r2, r3
 2788              		.loc 1 1421 30
ARM GAS  /var/folders/yl/_q9l42k90g1g4mdhbs226msm0000gn/T//ccxj18A8.s 			page 75


 2789 0020 164B     		ldr	r3, .L185+8
 2790 0022 5A70     		strb	r2, [r3, #1]
1422:./SystemView/SEGGER_SYSVIEW.c ****   _SYSVIEW_Globals.DownChannel = _SYSVIEW_Globals.UpChannel;
 2791              		.loc 1 1422 50
 2792 0024 154B     		ldr	r3, .L185+8
 2793 0026 5A78     		ldrb	r2, [r3, #1]	@ zero_extendqisi2
 2794              		.loc 1 1422 32
 2795 0028 144B     		ldr	r3, .L185+8
 2796 002a 1A76     		strb	r2, [r3, #24]
1423:./SystemView/SEGGER_SYSVIEW.c ****   SEGGER_RTT_ConfigDownBuffer (_SYSVIEW_Globals.DownChannel, "SysView", &_DownBuffer[0], sizeof(_Do
 2797              		.loc 1 1423 48
 2798 002c 134B     		ldr	r3, .L185+8
 2799 002e 1B7E     		ldrb	r3, [r3, #24]	@ zero_extendqisi2
 2800              		.loc 1 1423 3
 2801 0030 1846     		mov	r0, r3
 2802 0032 0023     		movs	r3, #0
 2803 0034 0093     		str	r3, [sp]
 2804 0036 0823     		movs	r3, #8
 2805 0038 114A     		ldr	r2, .L185+12
 2806 003a 0F49     		ldr	r1, .L185+4
 2807 003c FFF7FEFF 		bl	SEGGER_RTT_ConfigDownBuffer
1424:./SystemView/SEGGER_SYSVIEW.c **** #endif
1425:./SystemView/SEGGER_SYSVIEW.c ****   _SYSVIEW_Globals.RAMBaseAddress   = SEGGER_SYSVIEW_ID_BASE;
 2808              		.loc 1 1425 37
 2809 0040 0E4B     		ldr	r3, .L185+8
 2810 0042 0022     		movs	r2, #0
 2811 0044 1A61     		str	r2, [r3, #16]
1426:./SystemView/SEGGER_SYSVIEW.c ****   _SYSVIEW_Globals.LastTxTimeStamp  = SEGGER_SYSVIEW_GET_TIMESTAMP();
 2812              		.loc 1 1426 39
 2813 0046 0F4B     		ldr	r3, .L185+16
 2814 0048 1B68     		ldr	r3, [r3]
 2815              		.loc 1 1426 37
 2816 004a 0C4A     		ldr	r2, .L185+8
 2817 004c D360     		str	r3, [r2, #12]
1427:./SystemView/SEGGER_SYSVIEW.c ****   _SYSVIEW_Globals.pOSAPI           = pOSAPI;
 2818              		.loc 1 1427 37
 2819 004e 0B4A     		ldr	r2, .L185+8
 2820 0050 7B68     		ldr	r3, [r7, #4]
 2821 0052 1362     		str	r3, [r2, #32]
1428:./SystemView/SEGGER_SYSVIEW.c ****   _SYSVIEW_Globals.SysFreq          = SysFreq;
 2822              		.loc 1 1428 37
 2823 0054 094A     		ldr	r2, .L185+8
 2824 0056 FB68     		ldr	r3, [r7, #12]
 2825 0058 5360     		str	r3, [r2, #4]
1429:./SystemView/SEGGER_SYSVIEW.c ****   _SYSVIEW_Globals.CPUFreq          = CPUFreq;
 2826              		.loc 1 1429 37
 2827 005a 084A     		ldr	r2, .L185+8
 2828 005c BB68     		ldr	r3, [r7, #8]
 2829 005e 9360     		str	r3, [r2, #8]
1430:./SystemView/SEGGER_SYSVIEW.c ****   _SYSVIEW_Globals.pfSendSysDesc    = pfSendSysDesc;
 2830              		.loc 1 1430 37
 2831 0060 064A     		ldr	r2, .L185+8
 2832 0062 3B68     		ldr	r3, [r7]
 2833 0064 5362     		str	r3, [r2, #36]
1431:./SystemView/SEGGER_SYSVIEW.c ****   _SYSVIEW_Globals.EnableState      = 0;
 2834              		.loc 1 1431 37
 2835 0066 054B     		ldr	r3, .L185+8
ARM GAS  /var/folders/yl/_q9l42k90g1g4mdhbs226msm0000gn/T//ccxj18A8.s 			page 76


 2836 0068 0022     		movs	r2, #0
 2837 006a 1A70     		strb	r2, [r3]
1432:./SystemView/SEGGER_SYSVIEW.c **** #endif  // (SEGGER_SYSVIEW_POST_MORTEM_MODE == 1)
1433:./SystemView/SEGGER_SYSVIEW.c **** }
 2838              		.loc 1 1433 1
 2839 006c 00BF     		nop
 2840 006e 1037     		adds	r7, r7, #16
 2841              	.LCFI61:
 2842              		.cfi_def_cfa_offset 8
 2843 0070 BD46     		mov	sp, r7
 2844              	.LCFI62:
 2845              		.cfi_def_cfa_register 13
 2846              		@ sp needed
 2847 0072 80BD     		pop	{r7, pc}
 2848              	.L186:
 2849              		.align	2
 2850              	.L185:
 2851 0074 00000000 		.word	_UpBuffer
 2852 0078 08000000 		.word	.LC1
 2853 007c 00000000 		.word	_SYSVIEW_Globals
 2854 0080 00000000 		.word	_DownBuffer
 2855 0084 041000E0 		.word	-536866812
 2856              		.cfi_endproc
 2857              	.LFE11:
 2859              		.section	.text.SEGGER_SYSVIEW_SetRAMBase,"ax",%progbits
 2860              		.align	1
 2861              		.global	SEGGER_SYSVIEW_SetRAMBase
 2862              		.syntax unified
 2863              		.thumb
 2864              		.thumb_func
 2866              	SEGGER_SYSVIEW_SetRAMBase:
 2867              	.LFB12:
1434:./SystemView/SEGGER_SYSVIEW.c **** 
1435:./SystemView/SEGGER_SYSVIEW.c **** /*********************************************************************
1436:./SystemView/SEGGER_SYSVIEW.c **** *
1437:./SystemView/SEGGER_SYSVIEW.c **** *       SEGGER_SYSVIEW_SetRAMBase()
1438:./SystemView/SEGGER_SYSVIEW.c **** *
1439:./SystemView/SEGGER_SYSVIEW.c **** *  Function description
1440:./SystemView/SEGGER_SYSVIEW.c **** *    Sets the RAM base address, which is subtracted from IDs in order
1441:./SystemView/SEGGER_SYSVIEW.c **** *     to save bandwidth.
1442:./SystemView/SEGGER_SYSVIEW.c **** *
1443:./SystemView/SEGGER_SYSVIEW.c **** *  Parameters
1444:./SystemView/SEGGER_SYSVIEW.c **** *    RAMBaseAddress - Lowest RAM Address. (i.e. 0x20000000 on most Cortex-M)
1445:./SystemView/SEGGER_SYSVIEW.c **** */
1446:./SystemView/SEGGER_SYSVIEW.c **** void SEGGER_SYSVIEW_SetRAMBase(U32 RAMBaseAddress) {
 2868              		.loc 1 1446 52
 2869              		.cfi_startproc
 2870              		@ args = 0, pretend = 0, frame = 8
 2871              		@ frame_needed = 1, uses_anonymous_args = 0
 2872              		@ link register save eliminated.
 2873 0000 80B4     		push	{r7}
 2874              	.LCFI63:
 2875              		.cfi_def_cfa_offset 4
 2876              		.cfi_offset 7, -4
 2877 0002 83B0     		sub	sp, sp, #12
 2878              	.LCFI64:
 2879              		.cfi_def_cfa_offset 16
ARM GAS  /var/folders/yl/_q9l42k90g1g4mdhbs226msm0000gn/T//ccxj18A8.s 			page 77


 2880 0004 00AF     		add	r7, sp, #0
 2881              	.LCFI65:
 2882              		.cfi_def_cfa_register 7
 2883 0006 7860     		str	r0, [r7, #4]
1447:./SystemView/SEGGER_SYSVIEW.c ****   _SYSVIEW_Globals.RAMBaseAddress = RAMBaseAddress;
 2884              		.loc 1 1447 35
 2885 0008 044A     		ldr	r2, .L188
 2886 000a 7B68     		ldr	r3, [r7, #4]
 2887 000c 1361     		str	r3, [r2, #16]
1448:./SystemView/SEGGER_SYSVIEW.c **** }
 2888              		.loc 1 1448 1
 2889 000e 00BF     		nop
 2890 0010 0C37     		adds	r7, r7, #12
 2891              	.LCFI66:
 2892              		.cfi_def_cfa_offset 4
 2893 0012 BD46     		mov	sp, r7
 2894              	.LCFI67:
 2895              		.cfi_def_cfa_register 13
 2896              		@ sp needed
 2897 0014 5DF8047B 		ldr	r7, [sp], #4
 2898              	.LCFI68:
 2899              		.cfi_restore 7
 2900              		.cfi_def_cfa_offset 0
 2901 0018 7047     		bx	lr
 2902              	.L189:
 2903 001a 00BF     		.align	2
 2904              	.L188:
 2905 001c 00000000 		.word	_SYSVIEW_Globals
 2906              		.cfi_endproc
 2907              	.LFE12:
 2909              		.section	.text.SEGGER_SYSVIEW_RecordVoid,"ax",%progbits
 2910              		.align	1
 2911              		.global	SEGGER_SYSVIEW_RecordVoid
 2912              		.syntax unified
 2913              		.thumb
 2914              		.thumb_func
 2916              	SEGGER_SYSVIEW_RecordVoid:
 2917              	.LFB13:
1449:./SystemView/SEGGER_SYSVIEW.c **** 
1450:./SystemView/SEGGER_SYSVIEW.c **** /*********************************************************************
1451:./SystemView/SEGGER_SYSVIEW.c **** *
1452:./SystemView/SEGGER_SYSVIEW.c **** *       SEGGER_SYSVIEW_RecordVoid()
1453:./SystemView/SEGGER_SYSVIEW.c **** *
1454:./SystemView/SEGGER_SYSVIEW.c **** *  Function description
1455:./SystemView/SEGGER_SYSVIEW.c **** *    Formats and sends a SystemView packet with an empty payload.
1456:./SystemView/SEGGER_SYSVIEW.c **** *
1457:./SystemView/SEGGER_SYSVIEW.c **** *  Parameters
1458:./SystemView/SEGGER_SYSVIEW.c **** *    EventID - SystemView event ID.
1459:./SystemView/SEGGER_SYSVIEW.c **** */
1460:./SystemView/SEGGER_SYSVIEW.c **** void SEGGER_SYSVIEW_RecordVoid(unsigned int EventID) {
 2918              		.loc 1 1460 54
 2919              		.cfi_startproc
 2920              		@ args = 0, pretend = 0, frame = 16
 2921              		@ frame_needed = 1, uses_anonymous_args = 0
 2922 0000 80B5     		push	{r7, lr}
 2923              	.LCFI69:
 2924              		.cfi_def_cfa_offset 8
ARM GAS  /var/folders/yl/_q9l42k90g1g4mdhbs226msm0000gn/T//ccxj18A8.s 			page 78


 2925              		.cfi_offset 7, -8
 2926              		.cfi_offset 14, -4
 2927 0002 84B0     		sub	sp, sp, #16
 2928              	.LCFI70:
 2929              		.cfi_def_cfa_offset 24
 2930 0004 00AF     		add	r7, sp, #0
 2931              	.LCFI71:
 2932              		.cfi_def_cfa_register 7
 2933 0006 7860     		str	r0, [r7, #4]
 2934              	.LBB15:
1461:./SystemView/SEGGER_SYSVIEW.c ****   U8* pPayloadStart;
1462:./SystemView/SEGGER_SYSVIEW.c ****   RECORD_START(SEGGER_SYSVIEW_INFO_SIZE);
 2935              		.loc 1 1462 3
 2936              		.syntax unified
 2937              	@ 1462 "./SystemView/SEGGER_SYSVIEW.c" 1
 2938 0008 EFF31183 		mrs   r3, basepri  
 2939 000c 4FF02001 		mov   r1, #32       
 2940 0010 81F31188 		msr   basepri, r1  
 2941              		
 2942              	@ 0 "" 2
 2943              		.thumb
 2944              		.syntax unified
 2945 0014 FB60     		str	r3, [r7, #12]
 2946 0016 0848     		ldr	r0, .L191
 2947 0018 FFF7FEFF 		bl	_PreparePacket
 2948 001c B860     		str	r0, [r7, #8]
1463:./SystemView/SEGGER_SYSVIEW.c ****   //
1464:./SystemView/SEGGER_SYSVIEW.c ****   _SendPacket(pPayloadStart, pPayloadStart, EventID);
 2949              		.loc 1 1464 3
 2950 001e 7A68     		ldr	r2, [r7, #4]
 2951 0020 B968     		ldr	r1, [r7, #8]
 2952 0022 B868     		ldr	r0, [r7, #8]
 2953 0024 FFF7FEFF 		bl	_SendPacket
1465:./SystemView/SEGGER_SYSVIEW.c ****   RECORD_END();
 2954              		.loc 1 1465 3
 2955 0028 FB68     		ldr	r3, [r7, #12]
 2956              		.syntax unified
 2957              	@ 1465 "./SystemView/SEGGER_SYSVIEW.c" 1
 2958 002a 83F31188 		msr   basepri, r3  
 2959              		
 2960              	@ 0 "" 2
 2961              		.thumb
 2962              		.syntax unified
 2963              	.LBE15:
1466:./SystemView/SEGGER_SYSVIEW.c **** }
 2964              		.loc 1 1466 1
 2965 002e 00BF     		nop
 2966 0030 1037     		adds	r7, r7, #16
 2967              	.LCFI72:
 2968              		.cfi_def_cfa_offset 8
 2969 0032 BD46     		mov	sp, r7
 2970              	.LCFI73:
 2971              		.cfi_def_cfa_register 13
 2972              		@ sp needed
 2973 0034 80BD     		pop	{r7, pc}
 2974              	.L192:
 2975 0036 00BF     		.align	2
ARM GAS  /var/folders/yl/_q9l42k90g1g4mdhbs226msm0000gn/T//ccxj18A8.s 			page 79


 2976              	.L191:
 2977 0038 00000000 		.word	_aPacket
 2978              		.cfi_endproc
 2979              	.LFE13:
 2981              		.section	.text.SEGGER_SYSVIEW_RecordU32,"ax",%progbits
 2982              		.align	1
 2983              		.global	SEGGER_SYSVIEW_RecordU32
 2984              		.syntax unified
 2985              		.thumb
 2986              		.thumb_func
 2988              	SEGGER_SYSVIEW_RecordU32:
 2989              	.LFB14:
1467:./SystemView/SEGGER_SYSVIEW.c **** 
1468:./SystemView/SEGGER_SYSVIEW.c **** /*********************************************************************
1469:./SystemView/SEGGER_SYSVIEW.c **** *
1470:./SystemView/SEGGER_SYSVIEW.c **** *       SEGGER_SYSVIEW_RecordU32()
1471:./SystemView/SEGGER_SYSVIEW.c **** *
1472:./SystemView/SEGGER_SYSVIEW.c **** *  Function description
1473:./SystemView/SEGGER_SYSVIEW.c **** *    Formats and sends a SystemView packet containing a single U32
1474:./SystemView/SEGGER_SYSVIEW.c **** *    parameter payload.
1475:./SystemView/SEGGER_SYSVIEW.c **** *
1476:./SystemView/SEGGER_SYSVIEW.c **** *  Parameters
1477:./SystemView/SEGGER_SYSVIEW.c **** *    EventID - SystemView event ID.
1478:./SystemView/SEGGER_SYSVIEW.c **** *    Value   - The 32-bit parameter encoded to SystemView packet payload.
1479:./SystemView/SEGGER_SYSVIEW.c **** */
1480:./SystemView/SEGGER_SYSVIEW.c **** void SEGGER_SYSVIEW_RecordU32(unsigned int EventID, U32 Value) {
 2990              		.loc 1 1480 64
 2991              		.cfi_startproc
 2992              		@ args = 0, pretend = 0, frame = 32
 2993              		@ frame_needed = 1, uses_anonymous_args = 0
 2994 0000 80B5     		push	{r7, lr}
 2995              	.LCFI74:
 2996              		.cfi_def_cfa_offset 8
 2997              		.cfi_offset 7, -8
 2998              		.cfi_offset 14, -4
 2999 0002 88B0     		sub	sp, sp, #32
 3000              	.LCFI75:
 3001              		.cfi_def_cfa_offset 40
 3002 0004 00AF     		add	r7, sp, #0
 3003              	.LCFI76:
 3004              		.cfi_def_cfa_register 7
 3005 0006 7860     		str	r0, [r7, #4]
 3006 0008 3960     		str	r1, [r7]
 3007              	.LBB16:
1481:./SystemView/SEGGER_SYSVIEW.c ****   U8* pPayload;
1482:./SystemView/SEGGER_SYSVIEW.c ****   U8* pPayloadStart;
1483:./SystemView/SEGGER_SYSVIEW.c ****   RECORD_START(SEGGER_SYSVIEW_INFO_SIZE + SEGGER_SYSVIEW_QUANTA_U32);
 3008              		.loc 1 1483 3
 3009              		.syntax unified
 3010              	@ 1483 "./SystemView/SEGGER_SYSVIEW.c" 1
 3011 000a EFF31183 		mrs   r3, basepri  
 3012 000e 4FF02001 		mov   r1, #32       
 3013 0012 81F31188 		msr   basepri, r1  
 3014              		
 3015              	@ 0 "" 2
 3016              		.thumb
 3017              		.syntax unified
ARM GAS  /var/folders/yl/_q9l42k90g1g4mdhbs226msm0000gn/T//ccxj18A8.s 			page 80


 3018 0016 7B61     		str	r3, [r7, #20]
 3019 0018 1648     		ldr	r0, .L196
 3020 001a FFF7FEFF 		bl	_PreparePacket
 3021 001e 3861     		str	r0, [r7, #16]
1484:./SystemView/SEGGER_SYSVIEW.c ****   //
1485:./SystemView/SEGGER_SYSVIEW.c ****   pPayload = pPayloadStart;
 3022              		.loc 1 1485 12
 3023 0020 3B69     		ldr	r3, [r7, #16]
 3024 0022 FB60     		str	r3, [r7, #12]
 3025              	.LBB17:
1486:./SystemView/SEGGER_SYSVIEW.c ****   ENCODE_U32(pPayload, Value);
 3026              		.loc 1 1486 3
 3027 0024 FB68     		ldr	r3, [r7, #12]
 3028 0026 FB61     		str	r3, [r7, #28]
 3029 0028 3B68     		ldr	r3, [r7]
 3030 002a BB61     		str	r3, [r7, #24]
 3031 002c 0BE0     		b	.L194
 3032              	.L195:
 3033              		.loc 1 1486 3 is_stmt 0 discriminator 3
 3034 002e BB69     		ldr	r3, [r7, #24]
 3035 0030 DAB2     		uxtb	r2, r3
 3036 0032 FB69     		ldr	r3, [r7, #28]
 3037 0034 591C     		adds	r1, r3, #1
 3038 0036 F961     		str	r1, [r7, #28]
 3039 0038 62F07F02 		orn	r2, r2, #127
 3040 003c D2B2     		uxtb	r2, r2
 3041 003e 1A70     		strb	r2, [r3]
 3042 0040 BB69     		ldr	r3, [r7, #24]
 3043 0042 DB09     		lsrs	r3, r3, #7
 3044 0044 BB61     		str	r3, [r7, #24]
 3045              	.L194:
 3046              		.loc 1 1486 3 discriminator 1
 3047 0046 BB69     		ldr	r3, [r7, #24]
 3048 0048 7F2B     		cmp	r3, #127
 3049 004a F0D8     		bhi	.L195
 3050              		.loc 1 1486 3 discriminator 4
 3051 004c FB69     		ldr	r3, [r7, #28]
 3052 004e 5A1C     		adds	r2, r3, #1
 3053 0050 FA61     		str	r2, [r7, #28]
 3054 0052 BA69     		ldr	r2, [r7, #24]
 3055 0054 D2B2     		uxtb	r2, r2
 3056 0056 1A70     		strb	r2, [r3]
 3057 0058 FB69     		ldr	r3, [r7, #28]
 3058 005a FB60     		str	r3, [r7, #12]
 3059              	.LBE17:
1487:./SystemView/SEGGER_SYSVIEW.c ****   _SendPacket(pPayloadStart, pPayload, EventID);
 3060              		.loc 1 1487 3 is_stmt 1 discriminator 4
 3061 005c 7A68     		ldr	r2, [r7, #4]
 3062 005e F968     		ldr	r1, [r7, #12]
 3063 0060 3869     		ldr	r0, [r7, #16]
 3064 0062 FFF7FEFF 		bl	_SendPacket
1488:./SystemView/SEGGER_SYSVIEW.c ****   RECORD_END();
 3065              		.loc 1 1488 3 discriminator 4
 3066 0066 7B69     		ldr	r3, [r7, #20]
 3067              		.syntax unified
 3068              	@ 1488 "./SystemView/SEGGER_SYSVIEW.c" 1
 3069 0068 83F31188 		msr   basepri, r3  
ARM GAS  /var/folders/yl/_q9l42k90g1g4mdhbs226msm0000gn/T//ccxj18A8.s 			page 81


 3070              		
 3071              	@ 0 "" 2
 3072              		.thumb
 3073              		.syntax unified
 3074              	.LBE16:
1489:./SystemView/SEGGER_SYSVIEW.c **** }
 3075              		.loc 1 1489 1 discriminator 4
 3076 006c 00BF     		nop
 3077 006e 2037     		adds	r7, r7, #32
 3078              	.LCFI77:
 3079              		.cfi_def_cfa_offset 8
 3080 0070 BD46     		mov	sp, r7
 3081              	.LCFI78:
 3082              		.cfi_def_cfa_register 13
 3083              		@ sp needed
 3084 0072 80BD     		pop	{r7, pc}
 3085              	.L197:
 3086              		.align	2
 3087              	.L196:
 3088 0074 00000000 		.word	_aPacket
 3089              		.cfi_endproc
 3090              	.LFE14:
 3092              		.section	.text.SEGGER_SYSVIEW_RecordU32x2,"ax",%progbits
 3093              		.align	1
 3094              		.global	SEGGER_SYSVIEW_RecordU32x2
 3095              		.syntax unified
 3096              		.thumb
 3097              		.thumb_func
 3099              	SEGGER_SYSVIEW_RecordU32x2:
 3100              	.LFB15:
1490:./SystemView/SEGGER_SYSVIEW.c **** 
1491:./SystemView/SEGGER_SYSVIEW.c **** /*********************************************************************
1492:./SystemView/SEGGER_SYSVIEW.c **** *
1493:./SystemView/SEGGER_SYSVIEW.c **** *       SEGGER_SYSVIEW_RecordU32x2()
1494:./SystemView/SEGGER_SYSVIEW.c **** *
1495:./SystemView/SEGGER_SYSVIEW.c **** *  Function description
1496:./SystemView/SEGGER_SYSVIEW.c **** *    Formats and sends a SystemView packet containing 2 U32 parameter payload.
1497:./SystemView/SEGGER_SYSVIEW.c **** *
1498:./SystemView/SEGGER_SYSVIEW.c **** *  Parameters
1499:./SystemView/SEGGER_SYSVIEW.c **** *    EventID - SystemView event ID.
1500:./SystemView/SEGGER_SYSVIEW.c **** *    Para0   - The 32-bit parameter encoded to SystemView packet payload.
1501:./SystemView/SEGGER_SYSVIEW.c **** *    Para1   - The 32-bit parameter encoded to SystemView packet payload.
1502:./SystemView/SEGGER_SYSVIEW.c **** */
1503:./SystemView/SEGGER_SYSVIEW.c **** void SEGGER_SYSVIEW_RecordU32x2(unsigned int EventID, U32 Para0, U32 Para1) {
 3101              		.loc 1 1503 77
 3102              		.cfi_startproc
 3103              		@ args = 0, pretend = 0, frame = 48
 3104              		@ frame_needed = 1, uses_anonymous_args = 0
 3105 0000 80B5     		push	{r7, lr}
 3106              	.LCFI79:
 3107              		.cfi_def_cfa_offset 8
 3108              		.cfi_offset 7, -8
 3109              		.cfi_offset 14, -4
 3110 0002 8CB0     		sub	sp, sp, #48
 3111              	.LCFI80:
 3112              		.cfi_def_cfa_offset 56
 3113 0004 00AF     		add	r7, sp, #0
ARM GAS  /var/folders/yl/_q9l42k90g1g4mdhbs226msm0000gn/T//ccxj18A8.s 			page 82


 3114              	.LCFI81:
 3115              		.cfi_def_cfa_register 7
 3116 0006 F860     		str	r0, [r7, #12]
 3117 0008 B960     		str	r1, [r7, #8]
 3118 000a 7A60     		str	r2, [r7, #4]
 3119              	.LBB18:
1504:./SystemView/SEGGER_SYSVIEW.c ****   U8* pPayload;
1505:./SystemView/SEGGER_SYSVIEW.c ****   U8* pPayloadStart;
1506:./SystemView/SEGGER_SYSVIEW.c ****   RECORD_START(SEGGER_SYSVIEW_INFO_SIZE + 2 * SEGGER_SYSVIEW_QUANTA_U32);
 3120              		.loc 1 1506 3
 3121              		.syntax unified
 3122              	@ 1506 "./SystemView/SEGGER_SYSVIEW.c" 1
 3123 000c EFF31183 		mrs   r3, basepri  
 3124 0010 4FF02001 		mov   r1, #32       
 3125 0014 81F31188 		msr   basepri, r1  
 3126              		
 3127              	@ 0 "" 2
 3128              		.thumb
 3129              		.syntax unified
 3130 0018 FB61     		str	r3, [r7, #28]
 3131 001a 2548     		ldr	r0, .L203
 3132 001c FFF7FEFF 		bl	_PreparePacket
 3133 0020 B861     		str	r0, [r7, #24]
1507:./SystemView/SEGGER_SYSVIEW.c ****   //
1508:./SystemView/SEGGER_SYSVIEW.c ****   pPayload = pPayloadStart;
 3134              		.loc 1 1508 12
 3135 0022 BB69     		ldr	r3, [r7, #24]
 3136 0024 7B61     		str	r3, [r7, #20]
 3137              	.LBB19:
1509:./SystemView/SEGGER_SYSVIEW.c ****   ENCODE_U32(pPayload, Para0);
 3138              		.loc 1 1509 3
 3139 0026 7B69     		ldr	r3, [r7, #20]
 3140 0028 FB62     		str	r3, [r7, #44]
 3141 002a BB68     		ldr	r3, [r7, #8]
 3142 002c BB62     		str	r3, [r7, #40]
 3143 002e 0BE0     		b	.L199
 3144              	.L200:
 3145              		.loc 1 1509 3 is_stmt 0 discriminator 3
 3146 0030 BB6A     		ldr	r3, [r7, #40]
 3147 0032 DAB2     		uxtb	r2, r3
 3148 0034 FB6A     		ldr	r3, [r7, #44]
 3149 0036 591C     		adds	r1, r3, #1
 3150 0038 F962     		str	r1, [r7, #44]
 3151 003a 62F07F02 		orn	r2, r2, #127
 3152 003e D2B2     		uxtb	r2, r2
 3153 0040 1A70     		strb	r2, [r3]
 3154 0042 BB6A     		ldr	r3, [r7, #40]
 3155 0044 DB09     		lsrs	r3, r3, #7
 3156 0046 BB62     		str	r3, [r7, #40]
 3157              	.L199:
 3158              		.loc 1 1509 3 discriminator 1
 3159 0048 BB6A     		ldr	r3, [r7, #40]
 3160 004a 7F2B     		cmp	r3, #127
 3161 004c F0D8     		bhi	.L200
 3162              		.loc 1 1509 3 discriminator 4
 3163 004e FB6A     		ldr	r3, [r7, #44]
 3164 0050 5A1C     		adds	r2, r3, #1
ARM GAS  /var/folders/yl/_q9l42k90g1g4mdhbs226msm0000gn/T//ccxj18A8.s 			page 83


 3165 0052 FA62     		str	r2, [r7, #44]
 3166 0054 BA6A     		ldr	r2, [r7, #40]
 3167 0056 D2B2     		uxtb	r2, r2
 3168 0058 1A70     		strb	r2, [r3]
 3169 005a FB6A     		ldr	r3, [r7, #44]
 3170 005c 7B61     		str	r3, [r7, #20]
 3171              	.LBE19:
 3172              	.LBB20:
1510:./SystemView/SEGGER_SYSVIEW.c ****   ENCODE_U32(pPayload, Para1);
 3173              		.loc 1 1510 3 is_stmt 1 discriminator 4
 3174 005e 7B69     		ldr	r3, [r7, #20]
 3175 0060 7B62     		str	r3, [r7, #36]
 3176 0062 7B68     		ldr	r3, [r7, #4]
 3177 0064 3B62     		str	r3, [r7, #32]
 3178 0066 0BE0     		b	.L201
 3179              	.L202:
 3180              		.loc 1 1510 3 is_stmt 0 discriminator 3
 3181 0068 3B6A     		ldr	r3, [r7, #32]
 3182 006a DAB2     		uxtb	r2, r3
 3183 006c 7B6A     		ldr	r3, [r7, #36]
 3184 006e 591C     		adds	r1, r3, #1
 3185 0070 7962     		str	r1, [r7, #36]
 3186 0072 62F07F02 		orn	r2, r2, #127
 3187 0076 D2B2     		uxtb	r2, r2
 3188 0078 1A70     		strb	r2, [r3]
 3189 007a 3B6A     		ldr	r3, [r7, #32]
 3190 007c DB09     		lsrs	r3, r3, #7
 3191 007e 3B62     		str	r3, [r7, #32]
 3192              	.L201:
 3193              		.loc 1 1510 3 discriminator 1
 3194 0080 3B6A     		ldr	r3, [r7, #32]
 3195 0082 7F2B     		cmp	r3, #127
 3196 0084 F0D8     		bhi	.L202
 3197              		.loc 1 1510 3 discriminator 4
 3198 0086 7B6A     		ldr	r3, [r7, #36]
 3199 0088 5A1C     		adds	r2, r3, #1
 3200 008a 7A62     		str	r2, [r7, #36]
 3201 008c 3A6A     		ldr	r2, [r7, #32]
 3202 008e D2B2     		uxtb	r2, r2
 3203 0090 1A70     		strb	r2, [r3]
 3204 0092 7B6A     		ldr	r3, [r7, #36]
 3205 0094 7B61     		str	r3, [r7, #20]
 3206              	.LBE20:
1511:./SystemView/SEGGER_SYSVIEW.c ****   _SendPacket(pPayloadStart, pPayload, EventID);
 3207              		.loc 1 1511 3 is_stmt 1 discriminator 4
 3208 0096 FA68     		ldr	r2, [r7, #12]
 3209 0098 7969     		ldr	r1, [r7, #20]
 3210 009a B869     		ldr	r0, [r7, #24]
 3211 009c FFF7FEFF 		bl	_SendPacket
1512:./SystemView/SEGGER_SYSVIEW.c ****   RECORD_END();
 3212              		.loc 1 1512 3 discriminator 4
 3213 00a0 FB69     		ldr	r3, [r7, #28]
 3214              		.syntax unified
 3215              	@ 1512 "./SystemView/SEGGER_SYSVIEW.c" 1
 3216 00a2 83F31188 		msr   basepri, r3  
 3217              		
 3218              	@ 0 "" 2
ARM GAS  /var/folders/yl/_q9l42k90g1g4mdhbs226msm0000gn/T//ccxj18A8.s 			page 84


 3219              		.thumb
 3220              		.syntax unified
 3221              	.LBE18:
1513:./SystemView/SEGGER_SYSVIEW.c **** }
 3222              		.loc 1 1513 1 discriminator 4
 3223 00a6 00BF     		nop
 3224 00a8 3037     		adds	r7, r7, #48
 3225              	.LCFI82:
 3226              		.cfi_def_cfa_offset 8
 3227 00aa BD46     		mov	sp, r7
 3228              	.LCFI83:
 3229              		.cfi_def_cfa_register 13
 3230              		@ sp needed
 3231 00ac 80BD     		pop	{r7, pc}
 3232              	.L204:
 3233 00ae 00BF     		.align	2
 3234              	.L203:
 3235 00b0 00000000 		.word	_aPacket
 3236              		.cfi_endproc
 3237              	.LFE15:
 3239              		.section	.text.SEGGER_SYSVIEW_RecordU32x3,"ax",%progbits
 3240              		.align	1
 3241              		.global	SEGGER_SYSVIEW_RecordU32x3
 3242              		.syntax unified
 3243              		.thumb
 3244              		.thumb_func
 3246              	SEGGER_SYSVIEW_RecordU32x3:
 3247              	.LFB16:
1514:./SystemView/SEGGER_SYSVIEW.c **** 
1515:./SystemView/SEGGER_SYSVIEW.c **** /*********************************************************************
1516:./SystemView/SEGGER_SYSVIEW.c **** *
1517:./SystemView/SEGGER_SYSVIEW.c **** *       SEGGER_SYSVIEW_RecordU32x3()
1518:./SystemView/SEGGER_SYSVIEW.c **** *
1519:./SystemView/SEGGER_SYSVIEW.c **** *  Function description
1520:./SystemView/SEGGER_SYSVIEW.c **** *    Formats and sends a SystemView packet containing 3 U32 parameter payload.
1521:./SystemView/SEGGER_SYSVIEW.c **** *
1522:./SystemView/SEGGER_SYSVIEW.c **** *  Parameters
1523:./SystemView/SEGGER_SYSVIEW.c **** *    EventID - SystemView event ID.
1524:./SystemView/SEGGER_SYSVIEW.c **** *    Para0   - The 32-bit parameter encoded to SystemView packet payload.
1525:./SystemView/SEGGER_SYSVIEW.c **** *    Para1   - The 32-bit parameter encoded to SystemView packet payload.
1526:./SystemView/SEGGER_SYSVIEW.c **** *    Para2   - The 32-bit parameter encoded to SystemView packet payload.
1527:./SystemView/SEGGER_SYSVIEW.c **** */
1528:./SystemView/SEGGER_SYSVIEW.c **** void SEGGER_SYSVIEW_RecordU32x3(unsigned int EventID, U32 Para0, U32 Para1, U32 Para2) {
 3248              		.loc 1 1528 88
 3249              		.cfi_startproc
 3250              		@ args = 0, pretend = 0, frame = 56
 3251              		@ frame_needed = 1, uses_anonymous_args = 0
 3252 0000 80B5     		push	{r7, lr}
 3253              	.LCFI84:
 3254              		.cfi_def_cfa_offset 8
 3255              		.cfi_offset 7, -8
 3256              		.cfi_offset 14, -4
 3257 0002 8EB0     		sub	sp, sp, #56
 3258              	.LCFI85:
 3259              		.cfi_def_cfa_offset 64
 3260 0004 00AF     		add	r7, sp, #0
 3261              	.LCFI86:
ARM GAS  /var/folders/yl/_q9l42k90g1g4mdhbs226msm0000gn/T//ccxj18A8.s 			page 85


 3262              		.cfi_def_cfa_register 7
 3263 0006 F860     		str	r0, [r7, #12]
 3264 0008 B960     		str	r1, [r7, #8]
 3265 000a 7A60     		str	r2, [r7, #4]
 3266 000c 3B60     		str	r3, [r7]
 3267              	.LBB21:
1529:./SystemView/SEGGER_SYSVIEW.c ****   U8* pPayload;
1530:./SystemView/SEGGER_SYSVIEW.c ****   U8* pPayloadStart;
1531:./SystemView/SEGGER_SYSVIEW.c ****   RECORD_START(SEGGER_SYSVIEW_INFO_SIZE + 3 * SEGGER_SYSVIEW_QUANTA_U32);
 3268              		.loc 1 1531 3
 3269              		.syntax unified
 3270              	@ 1531 "./SystemView/SEGGER_SYSVIEW.c" 1
 3271 000e EFF31183 		mrs   r3, basepri  
 3272 0012 4FF02001 		mov   r1, #32       
 3273 0016 81F31188 		msr   basepri, r1  
 3274              		
 3275              	@ 0 "" 2
 3276              		.thumb
 3277              		.syntax unified
 3278 001a FB61     		str	r3, [r7, #28]
 3279 001c 3248     		ldr	r0, .L212
 3280 001e FFF7FEFF 		bl	_PreparePacket
 3281 0022 B861     		str	r0, [r7, #24]
1532:./SystemView/SEGGER_SYSVIEW.c ****   //
1533:./SystemView/SEGGER_SYSVIEW.c ****   pPayload = pPayloadStart;
 3282              		.loc 1 1533 12
 3283 0024 BB69     		ldr	r3, [r7, #24]
 3284 0026 7B61     		str	r3, [r7, #20]
 3285              	.LBB22:
1534:./SystemView/SEGGER_SYSVIEW.c ****   ENCODE_U32(pPayload, Para0);
 3286              		.loc 1 1534 3
 3287 0028 7B69     		ldr	r3, [r7, #20]
 3288 002a 7B63     		str	r3, [r7, #52]
 3289 002c BB68     		ldr	r3, [r7, #8]
 3290 002e 3B63     		str	r3, [r7, #48]
 3291 0030 0BE0     		b	.L206
 3292              	.L207:
 3293              		.loc 1 1534 3 is_stmt 0 discriminator 3
 3294 0032 3B6B     		ldr	r3, [r7, #48]
 3295 0034 DAB2     		uxtb	r2, r3
 3296 0036 7B6B     		ldr	r3, [r7, #52]
 3297 0038 591C     		adds	r1, r3, #1
 3298 003a 7963     		str	r1, [r7, #52]
 3299 003c 62F07F02 		orn	r2, r2, #127
 3300 0040 D2B2     		uxtb	r2, r2
 3301 0042 1A70     		strb	r2, [r3]
 3302 0044 3B6B     		ldr	r3, [r7, #48]
 3303 0046 DB09     		lsrs	r3, r3, #7
 3304 0048 3B63     		str	r3, [r7, #48]
 3305              	.L206:
 3306              		.loc 1 1534 3 discriminator 1
 3307 004a 3B6B     		ldr	r3, [r7, #48]
 3308 004c 7F2B     		cmp	r3, #127
 3309 004e F0D8     		bhi	.L207
 3310              		.loc 1 1534 3 discriminator 4
 3311 0050 7B6B     		ldr	r3, [r7, #52]
 3312 0052 5A1C     		adds	r2, r3, #1
ARM GAS  /var/folders/yl/_q9l42k90g1g4mdhbs226msm0000gn/T//ccxj18A8.s 			page 86


 3313 0054 7A63     		str	r2, [r7, #52]
 3314 0056 3A6B     		ldr	r2, [r7, #48]
 3315 0058 D2B2     		uxtb	r2, r2
 3316 005a 1A70     		strb	r2, [r3]
 3317 005c 7B6B     		ldr	r3, [r7, #52]
 3318 005e 7B61     		str	r3, [r7, #20]
 3319              	.LBE22:
 3320              	.LBB23:
1535:./SystemView/SEGGER_SYSVIEW.c ****   ENCODE_U32(pPayload, Para1);
 3321              		.loc 1 1535 3 is_stmt 1 discriminator 4
 3322 0060 7B69     		ldr	r3, [r7, #20]
 3323 0062 FB62     		str	r3, [r7, #44]
 3324 0064 7B68     		ldr	r3, [r7, #4]
 3325 0066 BB62     		str	r3, [r7, #40]
 3326 0068 0BE0     		b	.L208
 3327              	.L209:
 3328              		.loc 1 1535 3 is_stmt 0 discriminator 3
 3329 006a BB6A     		ldr	r3, [r7, #40]
 3330 006c DAB2     		uxtb	r2, r3
 3331 006e FB6A     		ldr	r3, [r7, #44]
 3332 0070 591C     		adds	r1, r3, #1
 3333 0072 F962     		str	r1, [r7, #44]
 3334 0074 62F07F02 		orn	r2, r2, #127
 3335 0078 D2B2     		uxtb	r2, r2
 3336 007a 1A70     		strb	r2, [r3]
 3337 007c BB6A     		ldr	r3, [r7, #40]
 3338 007e DB09     		lsrs	r3, r3, #7
 3339 0080 BB62     		str	r3, [r7, #40]
 3340              	.L208:
 3341              		.loc 1 1535 3 discriminator 1
 3342 0082 BB6A     		ldr	r3, [r7, #40]
 3343 0084 7F2B     		cmp	r3, #127
 3344 0086 F0D8     		bhi	.L209
 3345              		.loc 1 1535 3 discriminator 4
 3346 0088 FB6A     		ldr	r3, [r7, #44]
 3347 008a 5A1C     		adds	r2, r3, #1
 3348 008c FA62     		str	r2, [r7, #44]
 3349 008e BA6A     		ldr	r2, [r7, #40]
 3350 0090 D2B2     		uxtb	r2, r2
 3351 0092 1A70     		strb	r2, [r3]
 3352 0094 FB6A     		ldr	r3, [r7, #44]
 3353 0096 7B61     		str	r3, [r7, #20]
 3354              	.LBE23:
 3355              	.LBB24:
1536:./SystemView/SEGGER_SYSVIEW.c ****   ENCODE_U32(pPayload, Para2);
 3356              		.loc 1 1536 3 is_stmt 1 discriminator 4
 3357 0098 7B69     		ldr	r3, [r7, #20]
 3358 009a 7B62     		str	r3, [r7, #36]
 3359 009c 3B68     		ldr	r3, [r7]
 3360 009e 3B62     		str	r3, [r7, #32]
 3361 00a0 0BE0     		b	.L210
 3362              	.L211:
 3363              		.loc 1 1536 3 is_stmt 0 discriminator 3
 3364 00a2 3B6A     		ldr	r3, [r7, #32]
 3365 00a4 DAB2     		uxtb	r2, r3
 3366 00a6 7B6A     		ldr	r3, [r7, #36]
 3367 00a8 591C     		adds	r1, r3, #1
ARM GAS  /var/folders/yl/_q9l42k90g1g4mdhbs226msm0000gn/T//ccxj18A8.s 			page 87


 3368 00aa 7962     		str	r1, [r7, #36]
 3369 00ac 62F07F02 		orn	r2, r2, #127
 3370 00b0 D2B2     		uxtb	r2, r2
 3371 00b2 1A70     		strb	r2, [r3]
 3372 00b4 3B6A     		ldr	r3, [r7, #32]
 3373 00b6 DB09     		lsrs	r3, r3, #7
 3374 00b8 3B62     		str	r3, [r7, #32]
 3375              	.L210:
 3376              		.loc 1 1536 3 discriminator 1
 3377 00ba 3B6A     		ldr	r3, [r7, #32]
 3378 00bc 7F2B     		cmp	r3, #127
 3379 00be F0D8     		bhi	.L211
 3380              		.loc 1 1536 3 discriminator 4
 3381 00c0 7B6A     		ldr	r3, [r7, #36]
 3382 00c2 5A1C     		adds	r2, r3, #1
 3383 00c4 7A62     		str	r2, [r7, #36]
 3384 00c6 3A6A     		ldr	r2, [r7, #32]
 3385 00c8 D2B2     		uxtb	r2, r2
 3386 00ca 1A70     		strb	r2, [r3]
 3387 00cc 7B6A     		ldr	r3, [r7, #36]
 3388 00ce 7B61     		str	r3, [r7, #20]
 3389              	.LBE24:
1537:./SystemView/SEGGER_SYSVIEW.c ****   _SendPacket(pPayloadStart, pPayload, EventID);
 3390              		.loc 1 1537 3 is_stmt 1 discriminator 4
 3391 00d0 FA68     		ldr	r2, [r7, #12]
 3392 00d2 7969     		ldr	r1, [r7, #20]
 3393 00d4 B869     		ldr	r0, [r7, #24]
 3394 00d6 FFF7FEFF 		bl	_SendPacket
1538:./SystemView/SEGGER_SYSVIEW.c ****   RECORD_END();
 3395              		.loc 1 1538 3 discriminator 4
 3396 00da FB69     		ldr	r3, [r7, #28]
 3397              		.syntax unified
 3398              	@ 1538 "./SystemView/SEGGER_SYSVIEW.c" 1
 3399 00dc 83F31188 		msr   basepri, r3  
 3400              		
 3401              	@ 0 "" 2
 3402              		.thumb
 3403              		.syntax unified
 3404              	.LBE21:
1539:./SystemView/SEGGER_SYSVIEW.c **** }
 3405              		.loc 1 1539 1 discriminator 4
 3406 00e0 00BF     		nop
 3407 00e2 3837     		adds	r7, r7, #56
 3408              	.LCFI87:
 3409              		.cfi_def_cfa_offset 8
 3410 00e4 BD46     		mov	sp, r7
 3411              	.LCFI88:
 3412              		.cfi_def_cfa_register 13
 3413              		@ sp needed
 3414 00e6 80BD     		pop	{r7, pc}
 3415              	.L213:
 3416              		.align	2
 3417              	.L212:
 3418 00e8 00000000 		.word	_aPacket
 3419              		.cfi_endproc
 3420              	.LFE16:
 3422              		.section	.text.SEGGER_SYSVIEW_RecordU32x4,"ax",%progbits
ARM GAS  /var/folders/yl/_q9l42k90g1g4mdhbs226msm0000gn/T//ccxj18A8.s 			page 88


 3423              		.align	1
 3424              		.global	SEGGER_SYSVIEW_RecordU32x4
 3425              		.syntax unified
 3426              		.thumb
 3427              		.thumb_func
 3429              	SEGGER_SYSVIEW_RecordU32x4:
 3430              	.LFB17:
1540:./SystemView/SEGGER_SYSVIEW.c **** 
1541:./SystemView/SEGGER_SYSVIEW.c **** /*********************************************************************
1542:./SystemView/SEGGER_SYSVIEW.c **** *
1543:./SystemView/SEGGER_SYSVIEW.c **** *       SEGGER_SYSVIEW_RecordU32x4()
1544:./SystemView/SEGGER_SYSVIEW.c **** *
1545:./SystemView/SEGGER_SYSVIEW.c **** *  Function description
1546:./SystemView/SEGGER_SYSVIEW.c **** *    Formats and sends a SystemView packet containing 4 U32 parameter payload.
1547:./SystemView/SEGGER_SYSVIEW.c **** *
1548:./SystemView/SEGGER_SYSVIEW.c **** *  Parameters
1549:./SystemView/SEGGER_SYSVIEW.c **** *    EventID - SystemView event ID.
1550:./SystemView/SEGGER_SYSVIEW.c **** *    Para0   - The 32-bit parameter encoded to SystemView packet payload.
1551:./SystemView/SEGGER_SYSVIEW.c **** *    Para1   - The 32-bit parameter encoded to SystemView packet payload.
1552:./SystemView/SEGGER_SYSVIEW.c **** *    Para2   - The 32-bit parameter encoded to SystemView packet payload.
1553:./SystemView/SEGGER_SYSVIEW.c **** *    Para3   - The 32-bit parameter encoded to SystemView packet payload.
1554:./SystemView/SEGGER_SYSVIEW.c **** */
1555:./SystemView/SEGGER_SYSVIEW.c **** void SEGGER_SYSVIEW_RecordU32x4(unsigned int EventID, U32 Para0, U32 Para1, U32 Para2, U32 Para3) {
 3431              		.loc 1 1555 99
 3432              		.cfi_startproc
 3433              		@ args = 4, pretend = 0, frame = 64
 3434              		@ frame_needed = 1, uses_anonymous_args = 0
 3435 0000 80B5     		push	{r7, lr}
 3436              	.LCFI89:
 3437              		.cfi_def_cfa_offset 8
 3438              		.cfi_offset 7, -8
 3439              		.cfi_offset 14, -4
 3440 0002 90B0     		sub	sp, sp, #64
 3441              	.LCFI90:
 3442              		.cfi_def_cfa_offset 72
 3443 0004 00AF     		add	r7, sp, #0
 3444              	.LCFI91:
 3445              		.cfi_def_cfa_register 7
 3446 0006 F860     		str	r0, [r7, #12]
 3447 0008 B960     		str	r1, [r7, #8]
 3448 000a 7A60     		str	r2, [r7, #4]
 3449 000c 3B60     		str	r3, [r7]
 3450              	.LBB25:
1556:./SystemView/SEGGER_SYSVIEW.c ****   U8* pPayload;
1557:./SystemView/SEGGER_SYSVIEW.c ****   U8* pPayloadStart;
1558:./SystemView/SEGGER_SYSVIEW.c ****   RECORD_START(SEGGER_SYSVIEW_INFO_SIZE + 4 * SEGGER_SYSVIEW_QUANTA_U32);
 3451              		.loc 1 1558 3
 3452              		.syntax unified
 3453              	@ 1558 "./SystemView/SEGGER_SYSVIEW.c" 1
 3454 000e EFF31183 		mrs   r3, basepri  
 3455 0012 4FF02001 		mov   r1, #32       
 3456 0016 81F31188 		msr   basepri, r1  
 3457              		
 3458              	@ 0 "" 2
 3459              		.thumb
 3460              		.syntax unified
 3461 001a FB61     		str	r3, [r7, #28]
ARM GAS  /var/folders/yl/_q9l42k90g1g4mdhbs226msm0000gn/T//ccxj18A8.s 			page 89


 3462 001c 4048     		ldr	r0, .L223
 3463 001e FFF7FEFF 		bl	_PreparePacket
 3464 0022 B861     		str	r0, [r7, #24]
1559:./SystemView/SEGGER_SYSVIEW.c ****   //
1560:./SystemView/SEGGER_SYSVIEW.c ****   pPayload = pPayloadStart;
 3465              		.loc 1 1560 12
 3466 0024 BB69     		ldr	r3, [r7, #24]
 3467 0026 7B61     		str	r3, [r7, #20]
 3468              	.LBB26:
1561:./SystemView/SEGGER_SYSVIEW.c ****   ENCODE_U32(pPayload, Para0);
 3469              		.loc 1 1561 3
 3470 0028 7B69     		ldr	r3, [r7, #20]
 3471 002a FB63     		str	r3, [r7, #60]
 3472 002c BB68     		ldr	r3, [r7, #8]
 3473 002e BB63     		str	r3, [r7, #56]
 3474 0030 0BE0     		b	.L215
 3475              	.L216:
 3476              		.loc 1 1561 3 is_stmt 0 discriminator 3
 3477 0032 BB6B     		ldr	r3, [r7, #56]
 3478 0034 DAB2     		uxtb	r2, r3
 3479 0036 FB6B     		ldr	r3, [r7, #60]
 3480 0038 591C     		adds	r1, r3, #1
 3481 003a F963     		str	r1, [r7, #60]
 3482 003c 62F07F02 		orn	r2, r2, #127
 3483 0040 D2B2     		uxtb	r2, r2
 3484 0042 1A70     		strb	r2, [r3]
 3485 0044 BB6B     		ldr	r3, [r7, #56]
 3486 0046 DB09     		lsrs	r3, r3, #7
 3487 0048 BB63     		str	r3, [r7, #56]
 3488              	.L215:
 3489              		.loc 1 1561 3 discriminator 1
 3490 004a BB6B     		ldr	r3, [r7, #56]
 3491 004c 7F2B     		cmp	r3, #127
 3492 004e F0D8     		bhi	.L216
 3493              		.loc 1 1561 3 discriminator 4
 3494 0050 FB6B     		ldr	r3, [r7, #60]
 3495 0052 5A1C     		adds	r2, r3, #1
 3496 0054 FA63     		str	r2, [r7, #60]
 3497 0056 BA6B     		ldr	r2, [r7, #56]
 3498 0058 D2B2     		uxtb	r2, r2
 3499 005a 1A70     		strb	r2, [r3]
 3500 005c FB6B     		ldr	r3, [r7, #60]
 3501 005e 7B61     		str	r3, [r7, #20]
 3502              	.LBE26:
 3503              	.LBB27:
1562:./SystemView/SEGGER_SYSVIEW.c ****   ENCODE_U32(pPayload, Para1);
 3504              		.loc 1 1562 3 is_stmt 1 discriminator 4
 3505 0060 7B69     		ldr	r3, [r7, #20]
 3506 0062 7B63     		str	r3, [r7, #52]
 3507 0064 7B68     		ldr	r3, [r7, #4]
 3508 0066 3B63     		str	r3, [r7, #48]
 3509 0068 0BE0     		b	.L217
 3510              	.L218:
 3511              		.loc 1 1562 3 is_stmt 0 discriminator 3
 3512 006a 3B6B     		ldr	r3, [r7, #48]
 3513 006c DAB2     		uxtb	r2, r3
 3514 006e 7B6B     		ldr	r3, [r7, #52]
ARM GAS  /var/folders/yl/_q9l42k90g1g4mdhbs226msm0000gn/T//ccxj18A8.s 			page 90


 3515 0070 591C     		adds	r1, r3, #1
 3516 0072 7963     		str	r1, [r7, #52]
 3517 0074 62F07F02 		orn	r2, r2, #127
 3518 0078 D2B2     		uxtb	r2, r2
 3519 007a 1A70     		strb	r2, [r3]
 3520 007c 3B6B     		ldr	r3, [r7, #48]
 3521 007e DB09     		lsrs	r3, r3, #7
 3522 0080 3B63     		str	r3, [r7, #48]
 3523              	.L217:
 3524              		.loc 1 1562 3 discriminator 1
 3525 0082 3B6B     		ldr	r3, [r7, #48]
 3526 0084 7F2B     		cmp	r3, #127
 3527 0086 F0D8     		bhi	.L218
 3528              		.loc 1 1562 3 discriminator 4
 3529 0088 7B6B     		ldr	r3, [r7, #52]
 3530 008a 5A1C     		adds	r2, r3, #1
 3531 008c 7A63     		str	r2, [r7, #52]
 3532 008e 3A6B     		ldr	r2, [r7, #48]
 3533 0090 D2B2     		uxtb	r2, r2
 3534 0092 1A70     		strb	r2, [r3]
 3535 0094 7B6B     		ldr	r3, [r7, #52]
 3536 0096 7B61     		str	r3, [r7, #20]
 3537              	.LBE27:
 3538              	.LBB28:
1563:./SystemView/SEGGER_SYSVIEW.c ****   ENCODE_U32(pPayload, Para2);
 3539              		.loc 1 1563 3 is_stmt 1 discriminator 4
 3540 0098 7B69     		ldr	r3, [r7, #20]
 3541 009a FB62     		str	r3, [r7, #44]
 3542 009c 3B68     		ldr	r3, [r7]
 3543 009e BB62     		str	r3, [r7, #40]
 3544 00a0 0BE0     		b	.L219
 3545              	.L220:
 3546              		.loc 1 1563 3 is_stmt 0 discriminator 3
 3547 00a2 BB6A     		ldr	r3, [r7, #40]
 3548 00a4 DAB2     		uxtb	r2, r3
 3549 00a6 FB6A     		ldr	r3, [r7, #44]
 3550 00a8 591C     		adds	r1, r3, #1
 3551 00aa F962     		str	r1, [r7, #44]
 3552 00ac 62F07F02 		orn	r2, r2, #127
 3553 00b0 D2B2     		uxtb	r2, r2
 3554 00b2 1A70     		strb	r2, [r3]
 3555 00b4 BB6A     		ldr	r3, [r7, #40]
 3556 00b6 DB09     		lsrs	r3, r3, #7
 3557 00b8 BB62     		str	r3, [r7, #40]
 3558              	.L219:
 3559              		.loc 1 1563 3 discriminator 1
 3560 00ba BB6A     		ldr	r3, [r7, #40]
 3561 00bc 7F2B     		cmp	r3, #127
 3562 00be F0D8     		bhi	.L220
 3563              		.loc 1 1563 3 discriminator 4
 3564 00c0 FB6A     		ldr	r3, [r7, #44]
 3565 00c2 5A1C     		adds	r2, r3, #1
 3566 00c4 FA62     		str	r2, [r7, #44]
 3567 00c6 BA6A     		ldr	r2, [r7, #40]
 3568 00c8 D2B2     		uxtb	r2, r2
 3569 00ca 1A70     		strb	r2, [r3]
 3570 00cc FB6A     		ldr	r3, [r7, #44]
ARM GAS  /var/folders/yl/_q9l42k90g1g4mdhbs226msm0000gn/T//ccxj18A8.s 			page 91


 3571 00ce 7B61     		str	r3, [r7, #20]
 3572              	.LBE28:
 3573              	.LBB29:
1564:./SystemView/SEGGER_SYSVIEW.c ****   ENCODE_U32(pPayload, Para3);
 3574              		.loc 1 1564 3 is_stmt 1 discriminator 4
 3575 00d0 7B69     		ldr	r3, [r7, #20]
 3576 00d2 7B62     		str	r3, [r7, #36]
 3577 00d4 BB6C     		ldr	r3, [r7, #72]
 3578 00d6 3B62     		str	r3, [r7, #32]
 3579 00d8 0BE0     		b	.L221
 3580              	.L222:
 3581              		.loc 1 1564 3 is_stmt 0 discriminator 3
 3582 00da 3B6A     		ldr	r3, [r7, #32]
 3583 00dc DAB2     		uxtb	r2, r3
 3584 00de 7B6A     		ldr	r3, [r7, #36]
 3585 00e0 591C     		adds	r1, r3, #1
 3586 00e2 7962     		str	r1, [r7, #36]
 3587 00e4 62F07F02 		orn	r2, r2, #127
 3588 00e8 D2B2     		uxtb	r2, r2
 3589 00ea 1A70     		strb	r2, [r3]
 3590 00ec 3B6A     		ldr	r3, [r7, #32]
 3591 00ee DB09     		lsrs	r3, r3, #7
 3592 00f0 3B62     		str	r3, [r7, #32]
 3593              	.L221:
 3594              		.loc 1 1564 3 discriminator 1
 3595 00f2 3B6A     		ldr	r3, [r7, #32]
 3596 00f4 7F2B     		cmp	r3, #127
 3597 00f6 F0D8     		bhi	.L222
 3598              		.loc 1 1564 3 discriminator 4
 3599 00f8 7B6A     		ldr	r3, [r7, #36]
 3600 00fa 5A1C     		adds	r2, r3, #1
 3601 00fc 7A62     		str	r2, [r7, #36]
 3602 00fe 3A6A     		ldr	r2, [r7, #32]
 3603 0100 D2B2     		uxtb	r2, r2
 3604 0102 1A70     		strb	r2, [r3]
 3605 0104 7B6A     		ldr	r3, [r7, #36]
 3606 0106 7B61     		str	r3, [r7, #20]
 3607              	.LBE29:
1565:./SystemView/SEGGER_SYSVIEW.c ****   _SendPacket(pPayloadStart, pPayload, EventID);
 3608              		.loc 1 1565 3 is_stmt 1 discriminator 4
 3609 0108 FA68     		ldr	r2, [r7, #12]
 3610 010a 7969     		ldr	r1, [r7, #20]
 3611 010c B869     		ldr	r0, [r7, #24]
 3612 010e FFF7FEFF 		bl	_SendPacket
1566:./SystemView/SEGGER_SYSVIEW.c ****   RECORD_END();
 3613              		.loc 1 1566 3 discriminator 4
 3614 0112 FB69     		ldr	r3, [r7, #28]
 3615              		.syntax unified
 3616              	@ 1566 "./SystemView/SEGGER_SYSVIEW.c" 1
 3617 0114 83F31188 		msr   basepri, r3  
 3618              		
 3619              	@ 0 "" 2
 3620              		.thumb
 3621              		.syntax unified
 3622              	.LBE25:
1567:./SystemView/SEGGER_SYSVIEW.c **** }
 3623              		.loc 1 1567 1 discriminator 4
ARM GAS  /var/folders/yl/_q9l42k90g1g4mdhbs226msm0000gn/T//ccxj18A8.s 			page 92


 3624 0118 00BF     		nop
 3625 011a 4037     		adds	r7, r7, #64
 3626              	.LCFI92:
 3627              		.cfi_def_cfa_offset 8
 3628 011c BD46     		mov	sp, r7
 3629              	.LCFI93:
 3630              		.cfi_def_cfa_register 13
 3631              		@ sp needed
 3632 011e 80BD     		pop	{r7, pc}
 3633              	.L224:
 3634              		.align	2
 3635              	.L223:
 3636 0120 00000000 		.word	_aPacket
 3637              		.cfi_endproc
 3638              	.LFE17:
 3640              		.section	.text.SEGGER_SYSVIEW_RecordU32x5,"ax",%progbits
 3641              		.align	1
 3642              		.global	SEGGER_SYSVIEW_RecordU32x5
 3643              		.syntax unified
 3644              		.thumb
 3645              		.thumb_func
 3647              	SEGGER_SYSVIEW_RecordU32x5:
 3648              	.LFB18:
1568:./SystemView/SEGGER_SYSVIEW.c **** 
1569:./SystemView/SEGGER_SYSVIEW.c **** /*********************************************************************
1570:./SystemView/SEGGER_SYSVIEW.c **** *
1571:./SystemView/SEGGER_SYSVIEW.c **** *       SEGGER_SYSVIEW_RecordU32x5()
1572:./SystemView/SEGGER_SYSVIEW.c **** *
1573:./SystemView/SEGGER_SYSVIEW.c **** *  Function description
1574:./SystemView/SEGGER_SYSVIEW.c **** *    Formats and sends a SystemView packet containing 5 U32 parameter payload.
1575:./SystemView/SEGGER_SYSVIEW.c **** *
1576:./SystemView/SEGGER_SYSVIEW.c **** *  Parameters
1577:./SystemView/SEGGER_SYSVIEW.c **** *    EventID - SystemView event ID.
1578:./SystemView/SEGGER_SYSVIEW.c **** *    Para0   - The 32-bit parameter encoded to SystemView packet payload.
1579:./SystemView/SEGGER_SYSVIEW.c **** *    Para1   - The 32-bit parameter encoded to SystemView packet payload.
1580:./SystemView/SEGGER_SYSVIEW.c **** *    Para2   - The 32-bit parameter encoded to SystemView packet payload.
1581:./SystemView/SEGGER_SYSVIEW.c **** *    Para3   - The 32-bit parameter encoded to SystemView packet payload.
1582:./SystemView/SEGGER_SYSVIEW.c **** *    Para4   - The 32-bit parameter encoded to SystemView packet payload.
1583:./SystemView/SEGGER_SYSVIEW.c **** */
1584:./SystemView/SEGGER_SYSVIEW.c **** void SEGGER_SYSVIEW_RecordU32x5(unsigned int EventID, U32 Para0, U32 Para1, U32 Para2, U32 Para3, U
 3649              		.loc 1 1584 110
 3650              		.cfi_startproc
 3651              		@ args = 8, pretend = 0, frame = 72
 3652              		@ frame_needed = 1, uses_anonymous_args = 0
 3653 0000 80B5     		push	{r7, lr}
 3654              	.LCFI94:
 3655              		.cfi_def_cfa_offset 8
 3656              		.cfi_offset 7, -8
 3657              		.cfi_offset 14, -4
 3658 0002 92B0     		sub	sp, sp, #72
 3659              	.LCFI95:
 3660              		.cfi_def_cfa_offset 80
 3661 0004 00AF     		add	r7, sp, #0
 3662              	.LCFI96:
 3663              		.cfi_def_cfa_register 7
 3664 0006 F860     		str	r0, [r7, #12]
 3665 0008 B960     		str	r1, [r7, #8]
ARM GAS  /var/folders/yl/_q9l42k90g1g4mdhbs226msm0000gn/T//ccxj18A8.s 			page 93


 3666 000a 7A60     		str	r2, [r7, #4]
 3667 000c 3B60     		str	r3, [r7]
 3668              	.LBB30:
1585:./SystemView/SEGGER_SYSVIEW.c ****   U8* pPayload;
1586:./SystemView/SEGGER_SYSVIEW.c ****   U8* pPayloadStart;
1587:./SystemView/SEGGER_SYSVIEW.c ****   RECORD_START(SEGGER_SYSVIEW_INFO_SIZE + 5 * SEGGER_SYSVIEW_QUANTA_U32);
 3669              		.loc 1 1587 3
 3670              		.syntax unified
 3671              	@ 1587 "./SystemView/SEGGER_SYSVIEW.c" 1
 3672 000e EFF31183 		mrs   r3, basepri  
 3673 0012 4FF02001 		mov   r1, #32       
 3674 0016 81F31188 		msr   basepri, r1  
 3675              		
 3676              	@ 0 "" 2
 3677              		.thumb
 3678              		.syntax unified
 3679 001a FB61     		str	r3, [r7, #28]
 3680 001c 4E48     		ldr	r0, .L236
 3681 001e FFF7FEFF 		bl	_PreparePacket
 3682 0022 B861     		str	r0, [r7, #24]
1588:./SystemView/SEGGER_SYSVIEW.c ****   //
1589:./SystemView/SEGGER_SYSVIEW.c ****   pPayload = pPayloadStart;
 3683              		.loc 1 1589 12
 3684 0024 BB69     		ldr	r3, [r7, #24]
 3685 0026 7B61     		str	r3, [r7, #20]
 3686              	.LBB31:
1590:./SystemView/SEGGER_SYSVIEW.c ****   ENCODE_U32(pPayload, Para0);
 3687              		.loc 1 1590 3
 3688 0028 7B69     		ldr	r3, [r7, #20]
 3689 002a 7B64     		str	r3, [r7, #68]
 3690 002c BB68     		ldr	r3, [r7, #8]
 3691 002e 3B64     		str	r3, [r7, #64]
 3692 0030 0BE0     		b	.L226
 3693              	.L227:
 3694              		.loc 1 1590 3 is_stmt 0 discriminator 3
 3695 0032 3B6C     		ldr	r3, [r7, #64]
 3696 0034 DAB2     		uxtb	r2, r3
 3697 0036 7B6C     		ldr	r3, [r7, #68]
 3698 0038 591C     		adds	r1, r3, #1
 3699 003a 7964     		str	r1, [r7, #68]
 3700 003c 62F07F02 		orn	r2, r2, #127
 3701 0040 D2B2     		uxtb	r2, r2
 3702 0042 1A70     		strb	r2, [r3]
 3703 0044 3B6C     		ldr	r3, [r7, #64]
 3704 0046 DB09     		lsrs	r3, r3, #7
 3705 0048 3B64     		str	r3, [r7, #64]
 3706              	.L226:
 3707              		.loc 1 1590 3 discriminator 1
 3708 004a 3B6C     		ldr	r3, [r7, #64]
 3709 004c 7F2B     		cmp	r3, #127
 3710 004e F0D8     		bhi	.L227
 3711              		.loc 1 1590 3 discriminator 4
 3712 0050 7B6C     		ldr	r3, [r7, #68]
 3713 0052 5A1C     		adds	r2, r3, #1
 3714 0054 7A64     		str	r2, [r7, #68]
 3715 0056 3A6C     		ldr	r2, [r7, #64]
 3716 0058 D2B2     		uxtb	r2, r2
ARM GAS  /var/folders/yl/_q9l42k90g1g4mdhbs226msm0000gn/T//ccxj18A8.s 			page 94


 3717 005a 1A70     		strb	r2, [r3]
 3718 005c 7B6C     		ldr	r3, [r7, #68]
 3719 005e 7B61     		str	r3, [r7, #20]
 3720              	.LBE31:
 3721              	.LBB32:
1591:./SystemView/SEGGER_SYSVIEW.c ****   ENCODE_U32(pPayload, Para1);
 3722              		.loc 1 1591 3 is_stmt 1 discriminator 4
 3723 0060 7B69     		ldr	r3, [r7, #20]
 3724 0062 FB63     		str	r3, [r7, #60]
 3725 0064 7B68     		ldr	r3, [r7, #4]
 3726 0066 BB63     		str	r3, [r7, #56]
 3727 0068 0BE0     		b	.L228
 3728              	.L229:
 3729              		.loc 1 1591 3 is_stmt 0 discriminator 3
 3730 006a BB6B     		ldr	r3, [r7, #56]
 3731 006c DAB2     		uxtb	r2, r3
 3732 006e FB6B     		ldr	r3, [r7, #60]
 3733 0070 591C     		adds	r1, r3, #1
 3734 0072 F963     		str	r1, [r7, #60]
 3735 0074 62F07F02 		orn	r2, r2, #127
 3736 0078 D2B2     		uxtb	r2, r2
 3737 007a 1A70     		strb	r2, [r3]
 3738 007c BB6B     		ldr	r3, [r7, #56]
 3739 007e DB09     		lsrs	r3, r3, #7
 3740 0080 BB63     		str	r3, [r7, #56]
 3741              	.L228:
 3742              		.loc 1 1591 3 discriminator 1
 3743 0082 BB6B     		ldr	r3, [r7, #56]
 3744 0084 7F2B     		cmp	r3, #127
 3745 0086 F0D8     		bhi	.L229
 3746              		.loc 1 1591 3 discriminator 4
 3747 0088 FB6B     		ldr	r3, [r7, #60]
 3748 008a 5A1C     		adds	r2, r3, #1
 3749 008c FA63     		str	r2, [r7, #60]
 3750 008e BA6B     		ldr	r2, [r7, #56]
 3751 0090 D2B2     		uxtb	r2, r2
 3752 0092 1A70     		strb	r2, [r3]
 3753 0094 FB6B     		ldr	r3, [r7, #60]
 3754 0096 7B61     		str	r3, [r7, #20]
 3755              	.LBE32:
 3756              	.LBB33:
1592:./SystemView/SEGGER_SYSVIEW.c ****   ENCODE_U32(pPayload, Para2);
 3757              		.loc 1 1592 3 is_stmt 1 discriminator 4
 3758 0098 7B69     		ldr	r3, [r7, #20]
 3759 009a 7B63     		str	r3, [r7, #52]
 3760 009c 3B68     		ldr	r3, [r7]
 3761 009e 3B63     		str	r3, [r7, #48]
 3762 00a0 0BE0     		b	.L230
 3763              	.L231:
 3764              		.loc 1 1592 3 is_stmt 0 discriminator 3
 3765 00a2 3B6B     		ldr	r3, [r7, #48]
 3766 00a4 DAB2     		uxtb	r2, r3
 3767 00a6 7B6B     		ldr	r3, [r7, #52]
 3768 00a8 591C     		adds	r1, r3, #1
 3769 00aa 7963     		str	r1, [r7, #52]
 3770 00ac 62F07F02 		orn	r2, r2, #127
 3771 00b0 D2B2     		uxtb	r2, r2
ARM GAS  /var/folders/yl/_q9l42k90g1g4mdhbs226msm0000gn/T//ccxj18A8.s 			page 95


 3772 00b2 1A70     		strb	r2, [r3]
 3773 00b4 3B6B     		ldr	r3, [r7, #48]
 3774 00b6 DB09     		lsrs	r3, r3, #7
 3775 00b8 3B63     		str	r3, [r7, #48]
 3776              	.L230:
 3777              		.loc 1 1592 3 discriminator 1
 3778 00ba 3B6B     		ldr	r3, [r7, #48]
 3779 00bc 7F2B     		cmp	r3, #127
 3780 00be F0D8     		bhi	.L231
 3781              		.loc 1 1592 3 discriminator 4
 3782 00c0 7B6B     		ldr	r3, [r7, #52]
 3783 00c2 5A1C     		adds	r2, r3, #1
 3784 00c4 7A63     		str	r2, [r7, #52]
 3785 00c6 3A6B     		ldr	r2, [r7, #48]
 3786 00c8 D2B2     		uxtb	r2, r2
 3787 00ca 1A70     		strb	r2, [r3]
 3788 00cc 7B6B     		ldr	r3, [r7, #52]
 3789 00ce 7B61     		str	r3, [r7, #20]
 3790              	.LBE33:
 3791              	.LBB34:
1593:./SystemView/SEGGER_SYSVIEW.c ****   ENCODE_U32(pPayload, Para3);
 3792              		.loc 1 1593 3 is_stmt 1 discriminator 4
 3793 00d0 7B69     		ldr	r3, [r7, #20]
 3794 00d2 FB62     		str	r3, [r7, #44]
 3795 00d4 3B6D     		ldr	r3, [r7, #80]
 3796 00d6 BB62     		str	r3, [r7, #40]
 3797 00d8 0BE0     		b	.L232
 3798              	.L233:
 3799              		.loc 1 1593 3 is_stmt 0 discriminator 3
 3800 00da BB6A     		ldr	r3, [r7, #40]
 3801 00dc DAB2     		uxtb	r2, r3
 3802 00de FB6A     		ldr	r3, [r7, #44]
 3803 00e0 591C     		adds	r1, r3, #1
 3804 00e2 F962     		str	r1, [r7, #44]
 3805 00e4 62F07F02 		orn	r2, r2, #127
 3806 00e8 D2B2     		uxtb	r2, r2
 3807 00ea 1A70     		strb	r2, [r3]
 3808 00ec BB6A     		ldr	r3, [r7, #40]
 3809 00ee DB09     		lsrs	r3, r3, #7
 3810 00f0 BB62     		str	r3, [r7, #40]
 3811              	.L232:
 3812              		.loc 1 1593 3 discriminator 1
 3813 00f2 BB6A     		ldr	r3, [r7, #40]
 3814 00f4 7F2B     		cmp	r3, #127
 3815 00f6 F0D8     		bhi	.L233
 3816              		.loc 1 1593 3 discriminator 4
 3817 00f8 FB6A     		ldr	r3, [r7, #44]
 3818 00fa 5A1C     		adds	r2, r3, #1
 3819 00fc FA62     		str	r2, [r7, #44]
 3820 00fe BA6A     		ldr	r2, [r7, #40]
 3821 0100 D2B2     		uxtb	r2, r2
 3822 0102 1A70     		strb	r2, [r3]
 3823 0104 FB6A     		ldr	r3, [r7, #44]
 3824 0106 7B61     		str	r3, [r7, #20]
 3825              	.LBE34:
 3826              	.LBB35:
1594:./SystemView/SEGGER_SYSVIEW.c ****   ENCODE_U32(pPayload, Para4);
ARM GAS  /var/folders/yl/_q9l42k90g1g4mdhbs226msm0000gn/T//ccxj18A8.s 			page 96


 3827              		.loc 1 1594 3 is_stmt 1 discriminator 4
 3828 0108 7B69     		ldr	r3, [r7, #20]
 3829 010a 7B62     		str	r3, [r7, #36]
 3830 010c 7B6D     		ldr	r3, [r7, #84]
 3831 010e 3B62     		str	r3, [r7, #32]
 3832 0110 0BE0     		b	.L234
 3833              	.L235:
 3834              		.loc 1 1594 3 is_stmt 0 discriminator 3
 3835 0112 3B6A     		ldr	r3, [r7, #32]
 3836 0114 DAB2     		uxtb	r2, r3
 3837 0116 7B6A     		ldr	r3, [r7, #36]
 3838 0118 591C     		adds	r1, r3, #1
 3839 011a 7962     		str	r1, [r7, #36]
 3840 011c 62F07F02 		orn	r2, r2, #127
 3841 0120 D2B2     		uxtb	r2, r2
 3842 0122 1A70     		strb	r2, [r3]
 3843 0124 3B6A     		ldr	r3, [r7, #32]
 3844 0126 DB09     		lsrs	r3, r3, #7
 3845 0128 3B62     		str	r3, [r7, #32]
 3846              	.L234:
 3847              		.loc 1 1594 3 discriminator 1
 3848 012a 3B6A     		ldr	r3, [r7, #32]
 3849 012c 7F2B     		cmp	r3, #127
 3850 012e F0D8     		bhi	.L235
 3851              		.loc 1 1594 3 discriminator 4
 3852 0130 7B6A     		ldr	r3, [r7, #36]
 3853 0132 5A1C     		adds	r2, r3, #1
 3854 0134 7A62     		str	r2, [r7, #36]
 3855 0136 3A6A     		ldr	r2, [r7, #32]
 3856 0138 D2B2     		uxtb	r2, r2
 3857 013a 1A70     		strb	r2, [r3]
 3858 013c 7B6A     		ldr	r3, [r7, #36]
 3859 013e 7B61     		str	r3, [r7, #20]
 3860              	.LBE35:
1595:./SystemView/SEGGER_SYSVIEW.c ****   _SendPacket(pPayloadStart, pPayload, EventID);
 3861              		.loc 1 1595 3 is_stmt 1 discriminator 4
 3862 0140 FA68     		ldr	r2, [r7, #12]
 3863 0142 7969     		ldr	r1, [r7, #20]
 3864 0144 B869     		ldr	r0, [r7, #24]
 3865 0146 FFF7FEFF 		bl	_SendPacket
1596:./SystemView/SEGGER_SYSVIEW.c ****   RECORD_END();
 3866              		.loc 1 1596 3 discriminator 4
 3867 014a FB69     		ldr	r3, [r7, #28]
 3868              		.syntax unified
 3869              	@ 1596 "./SystemView/SEGGER_SYSVIEW.c" 1
 3870 014c 83F31188 		msr   basepri, r3  
 3871              		
 3872              	@ 0 "" 2
 3873              		.thumb
 3874              		.syntax unified
 3875              	.LBE30:
1597:./SystemView/SEGGER_SYSVIEW.c **** }
 3876              		.loc 1 1597 1 discriminator 4
 3877 0150 00BF     		nop
 3878 0152 4837     		adds	r7, r7, #72
 3879              	.LCFI97:
 3880              		.cfi_def_cfa_offset 8
ARM GAS  /var/folders/yl/_q9l42k90g1g4mdhbs226msm0000gn/T//ccxj18A8.s 			page 97


 3881 0154 BD46     		mov	sp, r7
 3882              	.LCFI98:
 3883              		.cfi_def_cfa_register 13
 3884              		@ sp needed
 3885 0156 80BD     		pop	{r7, pc}
 3886              	.L237:
 3887              		.align	2
 3888              	.L236:
 3889 0158 00000000 		.word	_aPacket
 3890              		.cfi_endproc
 3891              	.LFE18:
 3893              		.section	.text.SEGGER_SYSVIEW_RecordU32x6,"ax",%progbits
 3894              		.align	1
 3895              		.global	SEGGER_SYSVIEW_RecordU32x6
 3896              		.syntax unified
 3897              		.thumb
 3898              		.thumb_func
 3900              	SEGGER_SYSVIEW_RecordU32x6:
 3901              	.LFB19:
1598:./SystemView/SEGGER_SYSVIEW.c **** 
1599:./SystemView/SEGGER_SYSVIEW.c **** /*********************************************************************
1600:./SystemView/SEGGER_SYSVIEW.c **** *
1601:./SystemView/SEGGER_SYSVIEW.c **** *       SEGGER_SYSVIEW_RecordU32x6()
1602:./SystemView/SEGGER_SYSVIEW.c **** *
1603:./SystemView/SEGGER_SYSVIEW.c **** *  Function description
1604:./SystemView/SEGGER_SYSVIEW.c **** *    Formats and sends a SystemView packet containing 6 U32 parameter payload.
1605:./SystemView/SEGGER_SYSVIEW.c **** *
1606:./SystemView/SEGGER_SYSVIEW.c **** *  Parameters
1607:./SystemView/SEGGER_SYSVIEW.c **** *    EventID - SystemView event ID.
1608:./SystemView/SEGGER_SYSVIEW.c **** *    Para0   - The 32-bit parameter encoded to SystemView packet payload.
1609:./SystemView/SEGGER_SYSVIEW.c **** *    Para1   - The 32-bit parameter encoded to SystemView packet payload.
1610:./SystemView/SEGGER_SYSVIEW.c **** *    Para2   - The 32-bit parameter encoded to SystemView packet payload.
1611:./SystemView/SEGGER_SYSVIEW.c **** *    Para3   - The 32-bit parameter encoded to SystemView packet payload.
1612:./SystemView/SEGGER_SYSVIEW.c **** *    Para4   - The 32-bit parameter encoded to SystemView packet payload.
1613:./SystemView/SEGGER_SYSVIEW.c **** *    Para5   - The 32-bit parameter encoded to SystemView packet payload.
1614:./SystemView/SEGGER_SYSVIEW.c **** */
1615:./SystemView/SEGGER_SYSVIEW.c **** void SEGGER_SYSVIEW_RecordU32x6(unsigned int EventID, U32 Para0, U32 Para1, U32 Para2, U32 Para3, U
 3902              		.loc 1 1615 121
 3903              		.cfi_startproc
 3904              		@ args = 12, pretend = 0, frame = 80
 3905              		@ frame_needed = 1, uses_anonymous_args = 0
 3906 0000 80B5     		push	{r7, lr}
 3907              	.LCFI99:
 3908              		.cfi_def_cfa_offset 8
 3909              		.cfi_offset 7, -8
 3910              		.cfi_offset 14, -4
 3911 0002 94B0     		sub	sp, sp, #80
 3912              	.LCFI100:
 3913              		.cfi_def_cfa_offset 88
 3914 0004 00AF     		add	r7, sp, #0
 3915              	.LCFI101:
 3916              		.cfi_def_cfa_register 7
 3917 0006 F860     		str	r0, [r7, #12]
 3918 0008 B960     		str	r1, [r7, #8]
 3919 000a 7A60     		str	r2, [r7, #4]
 3920 000c 3B60     		str	r3, [r7]
 3921              	.LBB36:
ARM GAS  /var/folders/yl/_q9l42k90g1g4mdhbs226msm0000gn/T//ccxj18A8.s 			page 98


1616:./SystemView/SEGGER_SYSVIEW.c ****   U8* pPayload;
1617:./SystemView/SEGGER_SYSVIEW.c ****   U8* pPayloadStart;
1618:./SystemView/SEGGER_SYSVIEW.c ****   RECORD_START(SEGGER_SYSVIEW_INFO_SIZE + 6 * SEGGER_SYSVIEW_QUANTA_U32);
 3922              		.loc 1 1618 3
 3923              		.syntax unified
 3924              	@ 1618 "./SystemView/SEGGER_SYSVIEW.c" 1
 3925 000e EFF31183 		mrs   r3, basepri  
 3926 0012 4FF02001 		mov   r1, #32       
 3927 0016 81F31188 		msr   basepri, r1  
 3928              		
 3929              	@ 0 "" 2
 3930              		.thumb
 3931              		.syntax unified
 3932 001a FB61     		str	r3, [r7, #28]
 3933 001c 5C48     		ldr	r0, .L251
 3934 001e FFF7FEFF 		bl	_PreparePacket
 3935 0022 B861     		str	r0, [r7, #24]
1619:./SystemView/SEGGER_SYSVIEW.c ****   //
1620:./SystemView/SEGGER_SYSVIEW.c ****   pPayload = pPayloadStart;
 3936              		.loc 1 1620 12
 3937 0024 BB69     		ldr	r3, [r7, #24]
 3938 0026 7B61     		str	r3, [r7, #20]
 3939              	.LBB37:
1621:./SystemView/SEGGER_SYSVIEW.c ****   ENCODE_U32(pPayload, Para0);
 3940              		.loc 1 1621 3
 3941 0028 7B69     		ldr	r3, [r7, #20]
 3942 002a FB64     		str	r3, [r7, #76]
 3943 002c BB68     		ldr	r3, [r7, #8]
 3944 002e BB64     		str	r3, [r7, #72]
 3945 0030 0BE0     		b	.L239
 3946              	.L240:
 3947              		.loc 1 1621 3 is_stmt 0 discriminator 3
 3948 0032 BB6C     		ldr	r3, [r7, #72]
 3949 0034 DAB2     		uxtb	r2, r3
 3950 0036 FB6C     		ldr	r3, [r7, #76]
 3951 0038 591C     		adds	r1, r3, #1
 3952 003a F964     		str	r1, [r7, #76]
 3953 003c 62F07F02 		orn	r2, r2, #127
 3954 0040 D2B2     		uxtb	r2, r2
 3955 0042 1A70     		strb	r2, [r3]
 3956 0044 BB6C     		ldr	r3, [r7, #72]
 3957 0046 DB09     		lsrs	r3, r3, #7
 3958 0048 BB64     		str	r3, [r7, #72]
 3959              	.L239:
 3960              		.loc 1 1621 3 discriminator 1
 3961 004a BB6C     		ldr	r3, [r7, #72]
 3962 004c 7F2B     		cmp	r3, #127
 3963 004e F0D8     		bhi	.L240
 3964              		.loc 1 1621 3 discriminator 4
 3965 0050 FB6C     		ldr	r3, [r7, #76]
 3966 0052 5A1C     		adds	r2, r3, #1
 3967 0054 FA64     		str	r2, [r7, #76]
 3968 0056 BA6C     		ldr	r2, [r7, #72]
 3969 0058 D2B2     		uxtb	r2, r2
 3970 005a 1A70     		strb	r2, [r3]
 3971 005c FB6C     		ldr	r3, [r7, #76]
 3972 005e 7B61     		str	r3, [r7, #20]
ARM GAS  /var/folders/yl/_q9l42k90g1g4mdhbs226msm0000gn/T//ccxj18A8.s 			page 99


 3973              	.LBE37:
 3974              	.LBB38:
1622:./SystemView/SEGGER_SYSVIEW.c ****   ENCODE_U32(pPayload, Para1);
 3975              		.loc 1 1622 3 is_stmt 1 discriminator 4
 3976 0060 7B69     		ldr	r3, [r7, #20]
 3977 0062 7B64     		str	r3, [r7, #68]
 3978 0064 7B68     		ldr	r3, [r7, #4]
 3979 0066 3B64     		str	r3, [r7, #64]
 3980 0068 0BE0     		b	.L241
 3981              	.L242:
 3982              		.loc 1 1622 3 is_stmt 0 discriminator 3
 3983 006a 3B6C     		ldr	r3, [r7, #64]
 3984 006c DAB2     		uxtb	r2, r3
 3985 006e 7B6C     		ldr	r3, [r7, #68]
 3986 0070 591C     		adds	r1, r3, #1
 3987 0072 7964     		str	r1, [r7, #68]
 3988 0074 62F07F02 		orn	r2, r2, #127
 3989 0078 D2B2     		uxtb	r2, r2
 3990 007a 1A70     		strb	r2, [r3]
 3991 007c 3B6C     		ldr	r3, [r7, #64]
 3992 007e DB09     		lsrs	r3, r3, #7
 3993 0080 3B64     		str	r3, [r7, #64]
 3994              	.L241:
 3995              		.loc 1 1622 3 discriminator 1
 3996 0082 3B6C     		ldr	r3, [r7, #64]
 3997 0084 7F2B     		cmp	r3, #127
 3998 0086 F0D8     		bhi	.L242
 3999              		.loc 1 1622 3 discriminator 4
 4000 0088 7B6C     		ldr	r3, [r7, #68]
 4001 008a 5A1C     		adds	r2, r3, #1
 4002 008c 7A64     		str	r2, [r7, #68]
 4003 008e 3A6C     		ldr	r2, [r7, #64]
 4004 0090 D2B2     		uxtb	r2, r2
 4005 0092 1A70     		strb	r2, [r3]
 4006 0094 7B6C     		ldr	r3, [r7, #68]
 4007 0096 7B61     		str	r3, [r7, #20]
 4008              	.LBE38:
 4009              	.LBB39:
1623:./SystemView/SEGGER_SYSVIEW.c ****   ENCODE_U32(pPayload, Para2);
 4010              		.loc 1 1623 3 is_stmt 1 discriminator 4
 4011 0098 7B69     		ldr	r3, [r7, #20]
 4012 009a FB63     		str	r3, [r7, #60]
 4013 009c 3B68     		ldr	r3, [r7]
 4014 009e BB63     		str	r3, [r7, #56]
 4015 00a0 0BE0     		b	.L243
 4016              	.L244:
 4017              		.loc 1 1623 3 is_stmt 0 discriminator 3
 4018 00a2 BB6B     		ldr	r3, [r7, #56]
 4019 00a4 DAB2     		uxtb	r2, r3
 4020 00a6 FB6B     		ldr	r3, [r7, #60]
 4021 00a8 591C     		adds	r1, r3, #1
 4022 00aa F963     		str	r1, [r7, #60]
 4023 00ac 62F07F02 		orn	r2, r2, #127
 4024 00b0 D2B2     		uxtb	r2, r2
 4025 00b2 1A70     		strb	r2, [r3]
 4026 00b4 BB6B     		ldr	r3, [r7, #56]
 4027 00b6 DB09     		lsrs	r3, r3, #7
ARM GAS  /var/folders/yl/_q9l42k90g1g4mdhbs226msm0000gn/T//ccxj18A8.s 			page 100


 4028 00b8 BB63     		str	r3, [r7, #56]
 4029              	.L243:
 4030              		.loc 1 1623 3 discriminator 1
 4031 00ba BB6B     		ldr	r3, [r7, #56]
 4032 00bc 7F2B     		cmp	r3, #127
 4033 00be F0D8     		bhi	.L244
 4034              		.loc 1 1623 3 discriminator 4
 4035 00c0 FB6B     		ldr	r3, [r7, #60]
 4036 00c2 5A1C     		adds	r2, r3, #1
 4037 00c4 FA63     		str	r2, [r7, #60]
 4038 00c6 BA6B     		ldr	r2, [r7, #56]
 4039 00c8 D2B2     		uxtb	r2, r2
 4040 00ca 1A70     		strb	r2, [r3]
 4041 00cc FB6B     		ldr	r3, [r7, #60]
 4042 00ce 7B61     		str	r3, [r7, #20]
 4043              	.LBE39:
 4044              	.LBB40:
1624:./SystemView/SEGGER_SYSVIEW.c ****   ENCODE_U32(pPayload, Para3);
 4045              		.loc 1 1624 3 is_stmt 1 discriminator 4
 4046 00d0 7B69     		ldr	r3, [r7, #20]
 4047 00d2 7B63     		str	r3, [r7, #52]
 4048 00d4 BB6D     		ldr	r3, [r7, #88]
 4049 00d6 3B63     		str	r3, [r7, #48]
 4050 00d8 0BE0     		b	.L245
 4051              	.L246:
 4052              		.loc 1 1624 3 is_stmt 0 discriminator 3
 4053 00da 3B6B     		ldr	r3, [r7, #48]
 4054 00dc DAB2     		uxtb	r2, r3
 4055 00de 7B6B     		ldr	r3, [r7, #52]
 4056 00e0 591C     		adds	r1, r3, #1
 4057 00e2 7963     		str	r1, [r7, #52]
 4058 00e4 62F07F02 		orn	r2, r2, #127
 4059 00e8 D2B2     		uxtb	r2, r2
 4060 00ea 1A70     		strb	r2, [r3]
 4061 00ec 3B6B     		ldr	r3, [r7, #48]
 4062 00ee DB09     		lsrs	r3, r3, #7
 4063 00f0 3B63     		str	r3, [r7, #48]
 4064              	.L245:
 4065              		.loc 1 1624 3 discriminator 1
 4066 00f2 3B6B     		ldr	r3, [r7, #48]
 4067 00f4 7F2B     		cmp	r3, #127
 4068 00f6 F0D8     		bhi	.L246
 4069              		.loc 1 1624 3 discriminator 4
 4070 00f8 7B6B     		ldr	r3, [r7, #52]
 4071 00fa 5A1C     		adds	r2, r3, #1
 4072 00fc 7A63     		str	r2, [r7, #52]
 4073 00fe 3A6B     		ldr	r2, [r7, #48]
 4074 0100 D2B2     		uxtb	r2, r2
 4075 0102 1A70     		strb	r2, [r3]
 4076 0104 7B6B     		ldr	r3, [r7, #52]
 4077 0106 7B61     		str	r3, [r7, #20]
 4078              	.LBE40:
 4079              	.LBB41:
1625:./SystemView/SEGGER_SYSVIEW.c ****   ENCODE_U32(pPayload, Para4);
 4080              		.loc 1 1625 3 is_stmt 1 discriminator 4
 4081 0108 7B69     		ldr	r3, [r7, #20]
 4082 010a FB62     		str	r3, [r7, #44]
ARM GAS  /var/folders/yl/_q9l42k90g1g4mdhbs226msm0000gn/T//ccxj18A8.s 			page 101


 4083 010c FB6D     		ldr	r3, [r7, #92]
 4084 010e BB62     		str	r3, [r7, #40]
 4085 0110 0BE0     		b	.L247
 4086              	.L248:
 4087              		.loc 1 1625 3 is_stmt 0 discriminator 3
 4088 0112 BB6A     		ldr	r3, [r7, #40]
 4089 0114 DAB2     		uxtb	r2, r3
 4090 0116 FB6A     		ldr	r3, [r7, #44]
 4091 0118 591C     		adds	r1, r3, #1
 4092 011a F962     		str	r1, [r7, #44]
 4093 011c 62F07F02 		orn	r2, r2, #127
 4094 0120 D2B2     		uxtb	r2, r2
 4095 0122 1A70     		strb	r2, [r3]
 4096 0124 BB6A     		ldr	r3, [r7, #40]
 4097 0126 DB09     		lsrs	r3, r3, #7
 4098 0128 BB62     		str	r3, [r7, #40]
 4099              	.L247:
 4100              		.loc 1 1625 3 discriminator 1
 4101 012a BB6A     		ldr	r3, [r7, #40]
 4102 012c 7F2B     		cmp	r3, #127
 4103 012e F0D8     		bhi	.L248
 4104              		.loc 1 1625 3 discriminator 4
 4105 0130 FB6A     		ldr	r3, [r7, #44]
 4106 0132 5A1C     		adds	r2, r3, #1
 4107 0134 FA62     		str	r2, [r7, #44]
 4108 0136 BA6A     		ldr	r2, [r7, #40]
 4109 0138 D2B2     		uxtb	r2, r2
 4110 013a 1A70     		strb	r2, [r3]
 4111 013c FB6A     		ldr	r3, [r7, #44]
 4112 013e 7B61     		str	r3, [r7, #20]
 4113              	.LBE41:
 4114              	.LBB42:
1626:./SystemView/SEGGER_SYSVIEW.c ****   ENCODE_U32(pPayload, Para5);
 4115              		.loc 1 1626 3 is_stmt 1 discriminator 4
 4116 0140 7B69     		ldr	r3, [r7, #20]
 4117 0142 7B62     		str	r3, [r7, #36]
 4118 0144 3B6E     		ldr	r3, [r7, #96]
 4119 0146 3B62     		str	r3, [r7, #32]
 4120 0148 0BE0     		b	.L249
 4121              	.L250:
 4122              		.loc 1 1626 3 is_stmt 0 discriminator 3
 4123 014a 3B6A     		ldr	r3, [r7, #32]
 4124 014c DAB2     		uxtb	r2, r3
 4125 014e 7B6A     		ldr	r3, [r7, #36]
 4126 0150 591C     		adds	r1, r3, #1
 4127 0152 7962     		str	r1, [r7, #36]
 4128 0154 62F07F02 		orn	r2, r2, #127
 4129 0158 D2B2     		uxtb	r2, r2
 4130 015a 1A70     		strb	r2, [r3]
 4131 015c 3B6A     		ldr	r3, [r7, #32]
 4132 015e DB09     		lsrs	r3, r3, #7
 4133 0160 3B62     		str	r3, [r7, #32]
 4134              	.L249:
 4135              		.loc 1 1626 3 discriminator 1
 4136 0162 3B6A     		ldr	r3, [r7, #32]
 4137 0164 7F2B     		cmp	r3, #127
 4138 0166 F0D8     		bhi	.L250
ARM GAS  /var/folders/yl/_q9l42k90g1g4mdhbs226msm0000gn/T//ccxj18A8.s 			page 102


 4139              		.loc 1 1626 3 discriminator 4
 4140 0168 7B6A     		ldr	r3, [r7, #36]
 4141 016a 5A1C     		adds	r2, r3, #1
 4142 016c 7A62     		str	r2, [r7, #36]
 4143 016e 3A6A     		ldr	r2, [r7, #32]
 4144 0170 D2B2     		uxtb	r2, r2
 4145 0172 1A70     		strb	r2, [r3]
 4146 0174 7B6A     		ldr	r3, [r7, #36]
 4147 0176 7B61     		str	r3, [r7, #20]
 4148              	.LBE42:
1627:./SystemView/SEGGER_SYSVIEW.c ****   _SendPacket(pPayloadStart, pPayload, EventID);
 4149              		.loc 1 1627 3 is_stmt 1 discriminator 4
 4150 0178 FA68     		ldr	r2, [r7, #12]
 4151 017a 7969     		ldr	r1, [r7, #20]
 4152 017c B869     		ldr	r0, [r7, #24]
 4153 017e FFF7FEFF 		bl	_SendPacket
1628:./SystemView/SEGGER_SYSVIEW.c ****   RECORD_END();
 4154              		.loc 1 1628 3 discriminator 4
 4155 0182 FB69     		ldr	r3, [r7, #28]
 4156              		.syntax unified
 4157              	@ 1628 "./SystemView/SEGGER_SYSVIEW.c" 1
 4158 0184 83F31188 		msr   basepri, r3  
 4159              		
 4160              	@ 0 "" 2
 4161              		.thumb
 4162              		.syntax unified
 4163              	.LBE36:
1629:./SystemView/SEGGER_SYSVIEW.c **** }
 4164              		.loc 1 1629 1 discriminator 4
 4165 0188 00BF     		nop
 4166 018a 5037     		adds	r7, r7, #80
 4167              	.LCFI102:
 4168              		.cfi_def_cfa_offset 8
 4169 018c BD46     		mov	sp, r7
 4170              	.LCFI103:
 4171              		.cfi_def_cfa_register 13
 4172              		@ sp needed
 4173 018e 80BD     		pop	{r7, pc}
 4174              	.L252:
 4175              		.align	2
 4176              	.L251:
 4177 0190 00000000 		.word	_aPacket
 4178              		.cfi_endproc
 4179              	.LFE19:
 4181              		.section	.text.SEGGER_SYSVIEW_RecordU32x7,"ax",%progbits
 4182              		.align	1
 4183              		.global	SEGGER_SYSVIEW_RecordU32x7
 4184              		.syntax unified
 4185              		.thumb
 4186              		.thumb_func
 4188              	SEGGER_SYSVIEW_RecordU32x7:
 4189              	.LFB20:
1630:./SystemView/SEGGER_SYSVIEW.c **** 
1631:./SystemView/SEGGER_SYSVIEW.c **** /*********************************************************************
1632:./SystemView/SEGGER_SYSVIEW.c **** *
1633:./SystemView/SEGGER_SYSVIEW.c **** *       SEGGER_SYSVIEW_RecordU32x7()
1634:./SystemView/SEGGER_SYSVIEW.c **** *
ARM GAS  /var/folders/yl/_q9l42k90g1g4mdhbs226msm0000gn/T//ccxj18A8.s 			page 103


1635:./SystemView/SEGGER_SYSVIEW.c **** *  Function description
1636:./SystemView/SEGGER_SYSVIEW.c **** *    Formats and sends a SystemView packet containing 7 U32 parameter payload.
1637:./SystemView/SEGGER_SYSVIEW.c **** *
1638:./SystemView/SEGGER_SYSVIEW.c **** *  Parameters
1639:./SystemView/SEGGER_SYSVIEW.c **** *    EventID - SystemView event ID.
1640:./SystemView/SEGGER_SYSVIEW.c **** *    Para0   - The 32-bit parameter encoded to SystemView packet payload.
1641:./SystemView/SEGGER_SYSVIEW.c **** *    Para1   - The 32-bit parameter encoded to SystemView packet payload.
1642:./SystemView/SEGGER_SYSVIEW.c **** *    Para2   - The 32-bit parameter encoded to SystemView packet payload.
1643:./SystemView/SEGGER_SYSVIEW.c **** *    Para3   - The 32-bit parameter encoded to SystemView packet payload.
1644:./SystemView/SEGGER_SYSVIEW.c **** *    Para4   - The 32-bit parameter encoded to SystemView packet payload.
1645:./SystemView/SEGGER_SYSVIEW.c **** *    Para5   - The 32-bit parameter encoded to SystemView packet payload.
1646:./SystemView/SEGGER_SYSVIEW.c **** *    Para6   - The 32-bit parameter encoded to SystemView packet payload.
1647:./SystemView/SEGGER_SYSVIEW.c **** */
1648:./SystemView/SEGGER_SYSVIEW.c **** void SEGGER_SYSVIEW_RecordU32x7(unsigned int EventID, U32 Para0, U32 Para1, U32 Para2, U32 Para3, U
 4190              		.loc 1 1648 132
 4191              		.cfi_startproc
 4192              		@ args = 16, pretend = 0, frame = 88
 4193              		@ frame_needed = 1, uses_anonymous_args = 0
 4194 0000 80B5     		push	{r7, lr}
 4195              	.LCFI104:
 4196              		.cfi_def_cfa_offset 8
 4197              		.cfi_offset 7, -8
 4198              		.cfi_offset 14, -4
 4199 0002 96B0     		sub	sp, sp, #88
 4200              	.LCFI105:
 4201              		.cfi_def_cfa_offset 96
 4202 0004 00AF     		add	r7, sp, #0
 4203              	.LCFI106:
 4204              		.cfi_def_cfa_register 7
 4205 0006 F860     		str	r0, [r7, #12]
 4206 0008 B960     		str	r1, [r7, #8]
 4207 000a 7A60     		str	r2, [r7, #4]
 4208 000c 3B60     		str	r3, [r7]
 4209              	.LBB43:
1649:./SystemView/SEGGER_SYSVIEW.c ****   U8* pPayload;
1650:./SystemView/SEGGER_SYSVIEW.c ****   U8* pPayloadStart;
1651:./SystemView/SEGGER_SYSVIEW.c ****   RECORD_START(SEGGER_SYSVIEW_INFO_SIZE + 7 * SEGGER_SYSVIEW_QUANTA_U32);
 4210              		.loc 1 1651 3
 4211              		.syntax unified
 4212              	@ 1651 "./SystemView/SEGGER_SYSVIEW.c" 1
 4213 000e EFF31183 		mrs   r3, basepri  
 4214 0012 4FF02001 		mov   r1, #32       
 4215 0016 81F31188 		msr   basepri, r1  
 4216              		
 4217              	@ 0 "" 2
 4218              		.thumb
 4219              		.syntax unified
 4220 001a FB61     		str	r3, [r7, #28]
 4221 001c 6A48     		ldr	r0, .L268
 4222 001e FFF7FEFF 		bl	_PreparePacket
 4223 0022 B861     		str	r0, [r7, #24]
1652:./SystemView/SEGGER_SYSVIEW.c ****   //
1653:./SystemView/SEGGER_SYSVIEW.c ****   pPayload = pPayloadStart;
 4224              		.loc 1 1653 12
 4225 0024 BB69     		ldr	r3, [r7, #24]
 4226 0026 7B61     		str	r3, [r7, #20]
 4227              	.LBB44:
ARM GAS  /var/folders/yl/_q9l42k90g1g4mdhbs226msm0000gn/T//ccxj18A8.s 			page 104


1654:./SystemView/SEGGER_SYSVIEW.c ****   ENCODE_U32(pPayload, Para0);
 4228              		.loc 1 1654 3
 4229 0028 7B69     		ldr	r3, [r7, #20]
 4230 002a 7B65     		str	r3, [r7, #84]
 4231 002c BB68     		ldr	r3, [r7, #8]
 4232 002e 3B65     		str	r3, [r7, #80]
 4233 0030 0BE0     		b	.L254
 4234              	.L255:
 4235              		.loc 1 1654 3 is_stmt 0 discriminator 3
 4236 0032 3B6D     		ldr	r3, [r7, #80]
 4237 0034 DAB2     		uxtb	r2, r3
 4238 0036 7B6D     		ldr	r3, [r7, #84]
 4239 0038 591C     		adds	r1, r3, #1
 4240 003a 7965     		str	r1, [r7, #84]
 4241 003c 62F07F02 		orn	r2, r2, #127
 4242 0040 D2B2     		uxtb	r2, r2
 4243 0042 1A70     		strb	r2, [r3]
 4244 0044 3B6D     		ldr	r3, [r7, #80]
 4245 0046 DB09     		lsrs	r3, r3, #7
 4246 0048 3B65     		str	r3, [r7, #80]
 4247              	.L254:
 4248              		.loc 1 1654 3 discriminator 1
 4249 004a 3B6D     		ldr	r3, [r7, #80]
 4250 004c 7F2B     		cmp	r3, #127
 4251 004e F0D8     		bhi	.L255
 4252              		.loc 1 1654 3 discriminator 4
 4253 0050 7B6D     		ldr	r3, [r7, #84]
 4254 0052 5A1C     		adds	r2, r3, #1
 4255 0054 7A65     		str	r2, [r7, #84]
 4256 0056 3A6D     		ldr	r2, [r7, #80]
 4257 0058 D2B2     		uxtb	r2, r2
 4258 005a 1A70     		strb	r2, [r3]
 4259 005c 7B6D     		ldr	r3, [r7, #84]
 4260 005e 7B61     		str	r3, [r7, #20]
 4261              	.LBE44:
 4262              	.LBB45:
1655:./SystemView/SEGGER_SYSVIEW.c ****   ENCODE_U32(pPayload, Para1);
 4263              		.loc 1 1655 3 is_stmt 1 discriminator 4
 4264 0060 7B69     		ldr	r3, [r7, #20]
 4265 0062 FB64     		str	r3, [r7, #76]
 4266 0064 7B68     		ldr	r3, [r7, #4]
 4267 0066 BB64     		str	r3, [r7, #72]
 4268 0068 0BE0     		b	.L256
 4269              	.L257:
 4270              		.loc 1 1655 3 is_stmt 0 discriminator 3
 4271 006a BB6C     		ldr	r3, [r7, #72]
 4272 006c DAB2     		uxtb	r2, r3
 4273 006e FB6C     		ldr	r3, [r7, #76]
 4274 0070 591C     		adds	r1, r3, #1
 4275 0072 F964     		str	r1, [r7, #76]
 4276 0074 62F07F02 		orn	r2, r2, #127
 4277 0078 D2B2     		uxtb	r2, r2
 4278 007a 1A70     		strb	r2, [r3]
 4279 007c BB6C     		ldr	r3, [r7, #72]
 4280 007e DB09     		lsrs	r3, r3, #7
 4281 0080 BB64     		str	r3, [r7, #72]
 4282              	.L256:
ARM GAS  /var/folders/yl/_q9l42k90g1g4mdhbs226msm0000gn/T//ccxj18A8.s 			page 105


 4283              		.loc 1 1655 3 discriminator 1
 4284 0082 BB6C     		ldr	r3, [r7, #72]
 4285 0084 7F2B     		cmp	r3, #127
 4286 0086 F0D8     		bhi	.L257
 4287              		.loc 1 1655 3 discriminator 4
 4288 0088 FB6C     		ldr	r3, [r7, #76]
 4289 008a 5A1C     		adds	r2, r3, #1
 4290 008c FA64     		str	r2, [r7, #76]
 4291 008e BA6C     		ldr	r2, [r7, #72]
 4292 0090 D2B2     		uxtb	r2, r2
 4293 0092 1A70     		strb	r2, [r3]
 4294 0094 FB6C     		ldr	r3, [r7, #76]
 4295 0096 7B61     		str	r3, [r7, #20]
 4296              	.LBE45:
 4297              	.LBB46:
1656:./SystemView/SEGGER_SYSVIEW.c ****   ENCODE_U32(pPayload, Para2);
 4298              		.loc 1 1656 3 is_stmt 1 discriminator 4
 4299 0098 7B69     		ldr	r3, [r7, #20]
 4300 009a 7B64     		str	r3, [r7, #68]
 4301 009c 3B68     		ldr	r3, [r7]
 4302 009e 3B64     		str	r3, [r7, #64]
 4303 00a0 0BE0     		b	.L258
 4304              	.L259:
 4305              		.loc 1 1656 3 is_stmt 0 discriminator 3
 4306 00a2 3B6C     		ldr	r3, [r7, #64]
 4307 00a4 DAB2     		uxtb	r2, r3
 4308 00a6 7B6C     		ldr	r3, [r7, #68]
 4309 00a8 591C     		adds	r1, r3, #1
 4310 00aa 7964     		str	r1, [r7, #68]
 4311 00ac 62F07F02 		orn	r2, r2, #127
 4312 00b0 D2B2     		uxtb	r2, r2
 4313 00b2 1A70     		strb	r2, [r3]
 4314 00b4 3B6C     		ldr	r3, [r7, #64]
 4315 00b6 DB09     		lsrs	r3, r3, #7
 4316 00b8 3B64     		str	r3, [r7, #64]
 4317              	.L258:
 4318              		.loc 1 1656 3 discriminator 1
 4319 00ba 3B6C     		ldr	r3, [r7, #64]
 4320 00bc 7F2B     		cmp	r3, #127
 4321 00be F0D8     		bhi	.L259
 4322              		.loc 1 1656 3 discriminator 4
 4323 00c0 7B6C     		ldr	r3, [r7, #68]
 4324 00c2 5A1C     		adds	r2, r3, #1
 4325 00c4 7A64     		str	r2, [r7, #68]
 4326 00c6 3A6C     		ldr	r2, [r7, #64]
 4327 00c8 D2B2     		uxtb	r2, r2
 4328 00ca 1A70     		strb	r2, [r3]
 4329 00cc 7B6C     		ldr	r3, [r7, #68]
 4330 00ce 7B61     		str	r3, [r7, #20]
 4331              	.LBE46:
 4332              	.LBB47:
1657:./SystemView/SEGGER_SYSVIEW.c ****   ENCODE_U32(pPayload, Para3);
 4333              		.loc 1 1657 3 is_stmt 1 discriminator 4
 4334 00d0 7B69     		ldr	r3, [r7, #20]
 4335 00d2 FB63     		str	r3, [r7, #60]
 4336 00d4 3B6E     		ldr	r3, [r7, #96]
 4337 00d6 BB63     		str	r3, [r7, #56]
ARM GAS  /var/folders/yl/_q9l42k90g1g4mdhbs226msm0000gn/T//ccxj18A8.s 			page 106


 4338 00d8 0BE0     		b	.L260
 4339              	.L261:
 4340              		.loc 1 1657 3 is_stmt 0 discriminator 3
 4341 00da BB6B     		ldr	r3, [r7, #56]
 4342 00dc DAB2     		uxtb	r2, r3
 4343 00de FB6B     		ldr	r3, [r7, #60]
 4344 00e0 591C     		adds	r1, r3, #1
 4345 00e2 F963     		str	r1, [r7, #60]
 4346 00e4 62F07F02 		orn	r2, r2, #127
 4347 00e8 D2B2     		uxtb	r2, r2
 4348 00ea 1A70     		strb	r2, [r3]
 4349 00ec BB6B     		ldr	r3, [r7, #56]
 4350 00ee DB09     		lsrs	r3, r3, #7
 4351 00f0 BB63     		str	r3, [r7, #56]
 4352              	.L260:
 4353              		.loc 1 1657 3 discriminator 1
 4354 00f2 BB6B     		ldr	r3, [r7, #56]
 4355 00f4 7F2B     		cmp	r3, #127
 4356 00f6 F0D8     		bhi	.L261
 4357              		.loc 1 1657 3 discriminator 4
 4358 00f8 FB6B     		ldr	r3, [r7, #60]
 4359 00fa 5A1C     		adds	r2, r3, #1
 4360 00fc FA63     		str	r2, [r7, #60]
 4361 00fe BA6B     		ldr	r2, [r7, #56]
 4362 0100 D2B2     		uxtb	r2, r2
 4363 0102 1A70     		strb	r2, [r3]
 4364 0104 FB6B     		ldr	r3, [r7, #60]
 4365 0106 7B61     		str	r3, [r7, #20]
 4366              	.LBE47:
 4367              	.LBB48:
1658:./SystemView/SEGGER_SYSVIEW.c ****   ENCODE_U32(pPayload, Para4);
 4368              		.loc 1 1658 3 is_stmt 1 discriminator 4
 4369 0108 7B69     		ldr	r3, [r7, #20]
 4370 010a 7B63     		str	r3, [r7, #52]
 4371 010c 7B6E     		ldr	r3, [r7, #100]
 4372 010e 3B63     		str	r3, [r7, #48]
 4373 0110 0BE0     		b	.L262
 4374              	.L263:
 4375              		.loc 1 1658 3 is_stmt 0 discriminator 3
 4376 0112 3B6B     		ldr	r3, [r7, #48]
 4377 0114 DAB2     		uxtb	r2, r3
 4378 0116 7B6B     		ldr	r3, [r7, #52]
 4379 0118 591C     		adds	r1, r3, #1
 4380 011a 7963     		str	r1, [r7, #52]
 4381 011c 62F07F02 		orn	r2, r2, #127
 4382 0120 D2B2     		uxtb	r2, r2
 4383 0122 1A70     		strb	r2, [r3]
 4384 0124 3B6B     		ldr	r3, [r7, #48]
 4385 0126 DB09     		lsrs	r3, r3, #7
 4386 0128 3B63     		str	r3, [r7, #48]
 4387              	.L262:
 4388              		.loc 1 1658 3 discriminator 1
 4389 012a 3B6B     		ldr	r3, [r7, #48]
 4390 012c 7F2B     		cmp	r3, #127
 4391 012e F0D8     		bhi	.L263
 4392              		.loc 1 1658 3 discriminator 4
 4393 0130 7B6B     		ldr	r3, [r7, #52]
ARM GAS  /var/folders/yl/_q9l42k90g1g4mdhbs226msm0000gn/T//ccxj18A8.s 			page 107


 4394 0132 5A1C     		adds	r2, r3, #1
 4395 0134 7A63     		str	r2, [r7, #52]
 4396 0136 3A6B     		ldr	r2, [r7, #48]
 4397 0138 D2B2     		uxtb	r2, r2
 4398 013a 1A70     		strb	r2, [r3]
 4399 013c 7B6B     		ldr	r3, [r7, #52]
 4400 013e 7B61     		str	r3, [r7, #20]
 4401              	.LBE48:
 4402              	.LBB49:
1659:./SystemView/SEGGER_SYSVIEW.c ****   ENCODE_U32(pPayload, Para5);
 4403              		.loc 1 1659 3 is_stmt 1 discriminator 4
 4404 0140 7B69     		ldr	r3, [r7, #20]
 4405 0142 FB62     		str	r3, [r7, #44]
 4406 0144 BB6E     		ldr	r3, [r7, #104]
 4407 0146 BB62     		str	r3, [r7, #40]
 4408 0148 0BE0     		b	.L264
 4409              	.L265:
 4410              		.loc 1 1659 3 is_stmt 0 discriminator 3
 4411 014a BB6A     		ldr	r3, [r7, #40]
 4412 014c DAB2     		uxtb	r2, r3
 4413 014e FB6A     		ldr	r3, [r7, #44]
 4414 0150 591C     		adds	r1, r3, #1
 4415 0152 F962     		str	r1, [r7, #44]
 4416 0154 62F07F02 		orn	r2, r2, #127
 4417 0158 D2B2     		uxtb	r2, r2
 4418 015a 1A70     		strb	r2, [r3]
 4419 015c BB6A     		ldr	r3, [r7, #40]
 4420 015e DB09     		lsrs	r3, r3, #7
 4421 0160 BB62     		str	r3, [r7, #40]
 4422              	.L264:
 4423              		.loc 1 1659 3 discriminator 1
 4424 0162 BB6A     		ldr	r3, [r7, #40]
 4425 0164 7F2B     		cmp	r3, #127
 4426 0166 F0D8     		bhi	.L265
 4427              		.loc 1 1659 3 discriminator 4
 4428 0168 FB6A     		ldr	r3, [r7, #44]
 4429 016a 5A1C     		adds	r2, r3, #1
 4430 016c FA62     		str	r2, [r7, #44]
 4431 016e BA6A     		ldr	r2, [r7, #40]
 4432 0170 D2B2     		uxtb	r2, r2
 4433 0172 1A70     		strb	r2, [r3]
 4434 0174 FB6A     		ldr	r3, [r7, #44]
 4435 0176 7B61     		str	r3, [r7, #20]
 4436              	.LBE49:
 4437              	.LBB50:
1660:./SystemView/SEGGER_SYSVIEW.c ****   ENCODE_U32(pPayload, Para6);
 4438              		.loc 1 1660 3 is_stmt 1 discriminator 4
 4439 0178 7B69     		ldr	r3, [r7, #20]
 4440 017a 7B62     		str	r3, [r7, #36]
 4441 017c FB6E     		ldr	r3, [r7, #108]
 4442 017e 3B62     		str	r3, [r7, #32]
 4443 0180 0BE0     		b	.L266
 4444              	.L267:
 4445              		.loc 1 1660 3 is_stmt 0 discriminator 3
 4446 0182 3B6A     		ldr	r3, [r7, #32]
 4447 0184 DAB2     		uxtb	r2, r3
 4448 0186 7B6A     		ldr	r3, [r7, #36]
ARM GAS  /var/folders/yl/_q9l42k90g1g4mdhbs226msm0000gn/T//ccxj18A8.s 			page 108


 4449 0188 591C     		adds	r1, r3, #1
 4450 018a 7962     		str	r1, [r7, #36]
 4451 018c 62F07F02 		orn	r2, r2, #127
 4452 0190 D2B2     		uxtb	r2, r2
 4453 0192 1A70     		strb	r2, [r3]
 4454 0194 3B6A     		ldr	r3, [r7, #32]
 4455 0196 DB09     		lsrs	r3, r3, #7
 4456 0198 3B62     		str	r3, [r7, #32]
 4457              	.L266:
 4458              		.loc 1 1660 3 discriminator 1
 4459 019a 3B6A     		ldr	r3, [r7, #32]
 4460 019c 7F2B     		cmp	r3, #127
 4461 019e F0D8     		bhi	.L267
 4462              		.loc 1 1660 3 discriminator 4
 4463 01a0 7B6A     		ldr	r3, [r7, #36]
 4464 01a2 5A1C     		adds	r2, r3, #1
 4465 01a4 7A62     		str	r2, [r7, #36]
 4466 01a6 3A6A     		ldr	r2, [r7, #32]
 4467 01a8 D2B2     		uxtb	r2, r2
 4468 01aa 1A70     		strb	r2, [r3]
 4469 01ac 7B6A     		ldr	r3, [r7, #36]
 4470 01ae 7B61     		str	r3, [r7, #20]
 4471              	.LBE50:
1661:./SystemView/SEGGER_SYSVIEW.c ****   _SendPacket(pPayloadStart, pPayload, EventID);
 4472              		.loc 1 1661 3 is_stmt 1 discriminator 4
 4473 01b0 FA68     		ldr	r2, [r7, #12]
 4474 01b2 7969     		ldr	r1, [r7, #20]
 4475 01b4 B869     		ldr	r0, [r7, #24]
 4476 01b6 FFF7FEFF 		bl	_SendPacket
1662:./SystemView/SEGGER_SYSVIEW.c ****   RECORD_END();
 4477              		.loc 1 1662 3 discriminator 4
 4478 01ba FB69     		ldr	r3, [r7, #28]
 4479              		.syntax unified
 4480              	@ 1662 "./SystemView/SEGGER_SYSVIEW.c" 1
 4481 01bc 83F31188 		msr   basepri, r3  
 4482              		
 4483              	@ 0 "" 2
 4484              		.thumb
 4485              		.syntax unified
 4486              	.LBE43:
1663:./SystemView/SEGGER_SYSVIEW.c **** }
 4487              		.loc 1 1663 1 discriminator 4
 4488 01c0 00BF     		nop
 4489 01c2 5837     		adds	r7, r7, #88
 4490              	.LCFI107:
 4491              		.cfi_def_cfa_offset 8
 4492 01c4 BD46     		mov	sp, r7
 4493              	.LCFI108:
 4494              		.cfi_def_cfa_register 13
 4495              		@ sp needed
 4496 01c6 80BD     		pop	{r7, pc}
 4497              	.L269:
 4498              		.align	2
 4499              	.L268:
 4500 01c8 00000000 		.word	_aPacket
 4501              		.cfi_endproc
 4502              	.LFE20:
ARM GAS  /var/folders/yl/_q9l42k90g1g4mdhbs226msm0000gn/T//ccxj18A8.s 			page 109


 4504              		.section	.text.SEGGER_SYSVIEW_RecordU32x8,"ax",%progbits
 4505              		.align	1
 4506              		.global	SEGGER_SYSVIEW_RecordU32x8
 4507              		.syntax unified
 4508              		.thumb
 4509              		.thumb_func
 4511              	SEGGER_SYSVIEW_RecordU32x8:
 4512              	.LFB21:
1664:./SystemView/SEGGER_SYSVIEW.c **** 
1665:./SystemView/SEGGER_SYSVIEW.c **** /*********************************************************************
1666:./SystemView/SEGGER_SYSVIEW.c **** *
1667:./SystemView/SEGGER_SYSVIEW.c **** *       SEGGER_SYSVIEW_RecordU32x8()
1668:./SystemView/SEGGER_SYSVIEW.c **** *
1669:./SystemView/SEGGER_SYSVIEW.c **** *  Function description
1670:./SystemView/SEGGER_SYSVIEW.c **** *    Formats and sends a SystemView packet containing 8 U32 parameter payload.
1671:./SystemView/SEGGER_SYSVIEW.c **** *
1672:./SystemView/SEGGER_SYSVIEW.c **** *  Parameters
1673:./SystemView/SEGGER_SYSVIEW.c **** *    EventID - SystemView event ID.
1674:./SystemView/SEGGER_SYSVIEW.c **** *    Para0   - The 32-bit parameter encoded to SystemView packet payload.
1675:./SystemView/SEGGER_SYSVIEW.c **** *    Para1   - The 32-bit parameter encoded to SystemView packet payload.
1676:./SystemView/SEGGER_SYSVIEW.c **** *    Para2   - The 32-bit parameter encoded to SystemView packet payload.
1677:./SystemView/SEGGER_SYSVIEW.c **** *    Para3   - The 32-bit parameter encoded to SystemView packet payload.
1678:./SystemView/SEGGER_SYSVIEW.c **** *    Para4   - The 32-bit parameter encoded to SystemView packet payload.
1679:./SystemView/SEGGER_SYSVIEW.c **** *    Para5   - The 32-bit parameter encoded to SystemView packet payload.
1680:./SystemView/SEGGER_SYSVIEW.c **** *    Para6   - The 32-bit parameter encoded to SystemView packet payload.
1681:./SystemView/SEGGER_SYSVIEW.c **** *    Para7   - The 32-bit parameter encoded to SystemView packet payload.
1682:./SystemView/SEGGER_SYSVIEW.c **** */
1683:./SystemView/SEGGER_SYSVIEW.c **** void SEGGER_SYSVIEW_RecordU32x8(unsigned int EventID, U32 Para0, U32 Para1, U32 Para2, U32 Para3, U
 4513              		.loc 1 1683 143
 4514              		.cfi_startproc
 4515              		@ args = 20, pretend = 0, frame = 96
 4516              		@ frame_needed = 1, uses_anonymous_args = 0
 4517 0000 80B5     		push	{r7, lr}
 4518              	.LCFI109:
 4519              		.cfi_def_cfa_offset 8
 4520              		.cfi_offset 7, -8
 4521              		.cfi_offset 14, -4
 4522 0002 98B0     		sub	sp, sp, #96
 4523              	.LCFI110:
 4524              		.cfi_def_cfa_offset 104
 4525 0004 00AF     		add	r7, sp, #0
 4526              	.LCFI111:
 4527              		.cfi_def_cfa_register 7
 4528 0006 F860     		str	r0, [r7, #12]
 4529 0008 B960     		str	r1, [r7, #8]
 4530 000a 7A60     		str	r2, [r7, #4]
 4531 000c 3B60     		str	r3, [r7]
 4532              	.LBB51:
1684:./SystemView/SEGGER_SYSVIEW.c ****   U8* pPayload;
1685:./SystemView/SEGGER_SYSVIEW.c ****   U8* pPayloadStart;
1686:./SystemView/SEGGER_SYSVIEW.c ****   RECORD_START(SEGGER_SYSVIEW_INFO_SIZE + 8 * SEGGER_SYSVIEW_QUANTA_U32);
 4533              		.loc 1 1686 3
 4534              		.syntax unified
 4535              	@ 1686 "./SystemView/SEGGER_SYSVIEW.c" 1
 4536 000e EFF31183 		mrs   r3, basepri  
 4537 0012 4FF02001 		mov   r1, #32       
 4538 0016 81F31188 		msr   basepri, r1  
ARM GAS  /var/folders/yl/_q9l42k90g1g4mdhbs226msm0000gn/T//ccxj18A8.s 			page 110


 4539              		
 4540              	@ 0 "" 2
 4541              		.thumb
 4542              		.syntax unified
 4543 001a FB61     		str	r3, [r7, #28]
 4544 001c 7848     		ldr	r0, .L287
 4545 001e FFF7FEFF 		bl	_PreparePacket
 4546 0022 B861     		str	r0, [r7, #24]
1687:./SystemView/SEGGER_SYSVIEW.c ****   //
1688:./SystemView/SEGGER_SYSVIEW.c ****   pPayload = pPayloadStart;
 4547              		.loc 1 1688 12
 4548 0024 BB69     		ldr	r3, [r7, #24]
 4549 0026 7B61     		str	r3, [r7, #20]
 4550              	.LBB52:
1689:./SystemView/SEGGER_SYSVIEW.c ****   ENCODE_U32(pPayload, Para0);
 4551              		.loc 1 1689 3
 4552 0028 7B69     		ldr	r3, [r7, #20]
 4553 002a FB65     		str	r3, [r7, #92]
 4554 002c BB68     		ldr	r3, [r7, #8]
 4555 002e BB65     		str	r3, [r7, #88]
 4556 0030 0BE0     		b	.L271
 4557              	.L272:
 4558              		.loc 1 1689 3 is_stmt 0 discriminator 3
 4559 0032 BB6D     		ldr	r3, [r7, #88]
 4560 0034 DAB2     		uxtb	r2, r3
 4561 0036 FB6D     		ldr	r3, [r7, #92]
 4562 0038 591C     		adds	r1, r3, #1
 4563 003a F965     		str	r1, [r7, #92]
 4564 003c 62F07F02 		orn	r2, r2, #127
 4565 0040 D2B2     		uxtb	r2, r2
 4566 0042 1A70     		strb	r2, [r3]
 4567 0044 BB6D     		ldr	r3, [r7, #88]
 4568 0046 DB09     		lsrs	r3, r3, #7
 4569 0048 BB65     		str	r3, [r7, #88]
 4570              	.L271:
 4571              		.loc 1 1689 3 discriminator 1
 4572 004a BB6D     		ldr	r3, [r7, #88]
 4573 004c 7F2B     		cmp	r3, #127
 4574 004e F0D8     		bhi	.L272
 4575              		.loc 1 1689 3 discriminator 4
 4576 0050 FB6D     		ldr	r3, [r7, #92]
 4577 0052 5A1C     		adds	r2, r3, #1
 4578 0054 FA65     		str	r2, [r7, #92]
 4579 0056 BA6D     		ldr	r2, [r7, #88]
 4580 0058 D2B2     		uxtb	r2, r2
 4581 005a 1A70     		strb	r2, [r3]
 4582 005c FB6D     		ldr	r3, [r7, #92]
 4583 005e 7B61     		str	r3, [r7, #20]
 4584              	.LBE52:
 4585              	.LBB53:
1690:./SystemView/SEGGER_SYSVIEW.c ****   ENCODE_U32(pPayload, Para1);
 4586              		.loc 1 1690 3 is_stmt 1 discriminator 4
 4587 0060 7B69     		ldr	r3, [r7, #20]
 4588 0062 7B65     		str	r3, [r7, #84]
 4589 0064 7B68     		ldr	r3, [r7, #4]
 4590 0066 3B65     		str	r3, [r7, #80]
 4591 0068 0BE0     		b	.L273
ARM GAS  /var/folders/yl/_q9l42k90g1g4mdhbs226msm0000gn/T//ccxj18A8.s 			page 111


 4592              	.L274:
 4593              		.loc 1 1690 3 is_stmt 0 discriminator 3
 4594 006a 3B6D     		ldr	r3, [r7, #80]
 4595 006c DAB2     		uxtb	r2, r3
 4596 006e 7B6D     		ldr	r3, [r7, #84]
 4597 0070 591C     		adds	r1, r3, #1
 4598 0072 7965     		str	r1, [r7, #84]
 4599 0074 62F07F02 		orn	r2, r2, #127
 4600 0078 D2B2     		uxtb	r2, r2
 4601 007a 1A70     		strb	r2, [r3]
 4602 007c 3B6D     		ldr	r3, [r7, #80]
 4603 007e DB09     		lsrs	r3, r3, #7
 4604 0080 3B65     		str	r3, [r7, #80]
 4605              	.L273:
 4606              		.loc 1 1690 3 discriminator 1
 4607 0082 3B6D     		ldr	r3, [r7, #80]
 4608 0084 7F2B     		cmp	r3, #127
 4609 0086 F0D8     		bhi	.L274
 4610              		.loc 1 1690 3 discriminator 4
 4611 0088 7B6D     		ldr	r3, [r7, #84]
 4612 008a 5A1C     		adds	r2, r3, #1
 4613 008c 7A65     		str	r2, [r7, #84]
 4614 008e 3A6D     		ldr	r2, [r7, #80]
 4615 0090 D2B2     		uxtb	r2, r2
 4616 0092 1A70     		strb	r2, [r3]
 4617 0094 7B6D     		ldr	r3, [r7, #84]
 4618 0096 7B61     		str	r3, [r7, #20]
 4619              	.LBE53:
 4620              	.LBB54:
1691:./SystemView/SEGGER_SYSVIEW.c ****   ENCODE_U32(pPayload, Para2);
 4621              		.loc 1 1691 3 is_stmt 1 discriminator 4
 4622 0098 7B69     		ldr	r3, [r7, #20]
 4623 009a FB64     		str	r3, [r7, #76]
 4624 009c 3B68     		ldr	r3, [r7]
 4625 009e BB64     		str	r3, [r7, #72]
 4626 00a0 0BE0     		b	.L275
 4627              	.L276:
 4628              		.loc 1 1691 3 is_stmt 0 discriminator 3
 4629 00a2 BB6C     		ldr	r3, [r7, #72]
 4630 00a4 DAB2     		uxtb	r2, r3
 4631 00a6 FB6C     		ldr	r3, [r7, #76]
 4632 00a8 591C     		adds	r1, r3, #1
 4633 00aa F964     		str	r1, [r7, #76]
 4634 00ac 62F07F02 		orn	r2, r2, #127
 4635 00b0 D2B2     		uxtb	r2, r2
 4636 00b2 1A70     		strb	r2, [r3]
 4637 00b4 BB6C     		ldr	r3, [r7, #72]
 4638 00b6 DB09     		lsrs	r3, r3, #7
 4639 00b8 BB64     		str	r3, [r7, #72]
 4640              	.L275:
 4641              		.loc 1 1691 3 discriminator 1
 4642 00ba BB6C     		ldr	r3, [r7, #72]
 4643 00bc 7F2B     		cmp	r3, #127
 4644 00be F0D8     		bhi	.L276
 4645              		.loc 1 1691 3 discriminator 4
 4646 00c0 FB6C     		ldr	r3, [r7, #76]
 4647 00c2 5A1C     		adds	r2, r3, #1
ARM GAS  /var/folders/yl/_q9l42k90g1g4mdhbs226msm0000gn/T//ccxj18A8.s 			page 112


 4648 00c4 FA64     		str	r2, [r7, #76]
 4649 00c6 BA6C     		ldr	r2, [r7, #72]
 4650 00c8 D2B2     		uxtb	r2, r2
 4651 00ca 1A70     		strb	r2, [r3]
 4652 00cc FB6C     		ldr	r3, [r7, #76]
 4653 00ce 7B61     		str	r3, [r7, #20]
 4654              	.LBE54:
 4655              	.LBB55:
1692:./SystemView/SEGGER_SYSVIEW.c ****   ENCODE_U32(pPayload, Para3);
 4656              		.loc 1 1692 3 is_stmt 1 discriminator 4
 4657 00d0 7B69     		ldr	r3, [r7, #20]
 4658 00d2 7B64     		str	r3, [r7, #68]
 4659 00d4 BB6E     		ldr	r3, [r7, #104]
 4660 00d6 3B64     		str	r3, [r7, #64]
 4661 00d8 0BE0     		b	.L277
 4662              	.L278:
 4663              		.loc 1 1692 3 is_stmt 0 discriminator 3
 4664 00da 3B6C     		ldr	r3, [r7, #64]
 4665 00dc DAB2     		uxtb	r2, r3
 4666 00de 7B6C     		ldr	r3, [r7, #68]
 4667 00e0 591C     		adds	r1, r3, #1
 4668 00e2 7964     		str	r1, [r7, #68]
 4669 00e4 62F07F02 		orn	r2, r2, #127
 4670 00e8 D2B2     		uxtb	r2, r2
 4671 00ea 1A70     		strb	r2, [r3]
 4672 00ec 3B6C     		ldr	r3, [r7, #64]
 4673 00ee DB09     		lsrs	r3, r3, #7
 4674 00f0 3B64     		str	r3, [r7, #64]
 4675              	.L277:
 4676              		.loc 1 1692 3 discriminator 1
 4677 00f2 3B6C     		ldr	r3, [r7, #64]
 4678 00f4 7F2B     		cmp	r3, #127
 4679 00f6 F0D8     		bhi	.L278
 4680              		.loc 1 1692 3 discriminator 4
 4681 00f8 7B6C     		ldr	r3, [r7, #68]
 4682 00fa 5A1C     		adds	r2, r3, #1
 4683 00fc 7A64     		str	r2, [r7, #68]
 4684 00fe 3A6C     		ldr	r2, [r7, #64]
 4685 0100 D2B2     		uxtb	r2, r2
 4686 0102 1A70     		strb	r2, [r3]
 4687 0104 7B6C     		ldr	r3, [r7, #68]
 4688 0106 7B61     		str	r3, [r7, #20]
 4689              	.LBE55:
 4690              	.LBB56:
1693:./SystemView/SEGGER_SYSVIEW.c ****   ENCODE_U32(pPayload, Para4);
 4691              		.loc 1 1693 3 is_stmt 1 discriminator 4
 4692 0108 7B69     		ldr	r3, [r7, #20]
 4693 010a FB63     		str	r3, [r7, #60]
 4694 010c FB6E     		ldr	r3, [r7, #108]
 4695 010e BB63     		str	r3, [r7, #56]
 4696 0110 0BE0     		b	.L279
 4697              	.L280:
 4698              		.loc 1 1693 3 is_stmt 0 discriminator 3
 4699 0112 BB6B     		ldr	r3, [r7, #56]
 4700 0114 DAB2     		uxtb	r2, r3
 4701 0116 FB6B     		ldr	r3, [r7, #60]
 4702 0118 591C     		adds	r1, r3, #1
ARM GAS  /var/folders/yl/_q9l42k90g1g4mdhbs226msm0000gn/T//ccxj18A8.s 			page 113


 4703 011a F963     		str	r1, [r7, #60]
 4704 011c 62F07F02 		orn	r2, r2, #127
 4705 0120 D2B2     		uxtb	r2, r2
 4706 0122 1A70     		strb	r2, [r3]
 4707 0124 BB6B     		ldr	r3, [r7, #56]
 4708 0126 DB09     		lsrs	r3, r3, #7
 4709 0128 BB63     		str	r3, [r7, #56]
 4710              	.L279:
 4711              		.loc 1 1693 3 discriminator 1
 4712 012a BB6B     		ldr	r3, [r7, #56]
 4713 012c 7F2B     		cmp	r3, #127
 4714 012e F0D8     		bhi	.L280
 4715              		.loc 1 1693 3 discriminator 4
 4716 0130 FB6B     		ldr	r3, [r7, #60]
 4717 0132 5A1C     		adds	r2, r3, #1
 4718 0134 FA63     		str	r2, [r7, #60]
 4719 0136 BA6B     		ldr	r2, [r7, #56]
 4720 0138 D2B2     		uxtb	r2, r2
 4721 013a 1A70     		strb	r2, [r3]
 4722 013c FB6B     		ldr	r3, [r7, #60]
 4723 013e 7B61     		str	r3, [r7, #20]
 4724              	.LBE56:
 4725              	.LBB57:
1694:./SystemView/SEGGER_SYSVIEW.c ****   ENCODE_U32(pPayload, Para5);
 4726              		.loc 1 1694 3 is_stmt 1 discriminator 4
 4727 0140 7B69     		ldr	r3, [r7, #20]
 4728 0142 7B63     		str	r3, [r7, #52]
 4729 0144 3B6F     		ldr	r3, [r7, #112]
 4730 0146 3B63     		str	r3, [r7, #48]
 4731 0148 0BE0     		b	.L281
 4732              	.L282:
 4733              		.loc 1 1694 3 is_stmt 0 discriminator 3
 4734 014a 3B6B     		ldr	r3, [r7, #48]
 4735 014c DAB2     		uxtb	r2, r3
 4736 014e 7B6B     		ldr	r3, [r7, #52]
 4737 0150 591C     		adds	r1, r3, #1
 4738 0152 7963     		str	r1, [r7, #52]
 4739 0154 62F07F02 		orn	r2, r2, #127
 4740 0158 D2B2     		uxtb	r2, r2
 4741 015a 1A70     		strb	r2, [r3]
 4742 015c 3B6B     		ldr	r3, [r7, #48]
 4743 015e DB09     		lsrs	r3, r3, #7
 4744 0160 3B63     		str	r3, [r7, #48]
 4745              	.L281:
 4746              		.loc 1 1694 3 discriminator 1
 4747 0162 3B6B     		ldr	r3, [r7, #48]
 4748 0164 7F2B     		cmp	r3, #127
 4749 0166 F0D8     		bhi	.L282
 4750              		.loc 1 1694 3 discriminator 4
 4751 0168 7B6B     		ldr	r3, [r7, #52]
 4752 016a 5A1C     		adds	r2, r3, #1
 4753 016c 7A63     		str	r2, [r7, #52]
 4754 016e 3A6B     		ldr	r2, [r7, #48]
 4755 0170 D2B2     		uxtb	r2, r2
 4756 0172 1A70     		strb	r2, [r3]
 4757 0174 7B6B     		ldr	r3, [r7, #52]
 4758 0176 7B61     		str	r3, [r7, #20]
ARM GAS  /var/folders/yl/_q9l42k90g1g4mdhbs226msm0000gn/T//ccxj18A8.s 			page 114


 4759              	.LBE57:
 4760              	.LBB58:
1695:./SystemView/SEGGER_SYSVIEW.c ****   ENCODE_U32(pPayload, Para6);
 4761              		.loc 1 1695 3 is_stmt 1 discriminator 4
 4762 0178 7B69     		ldr	r3, [r7, #20]
 4763 017a FB62     		str	r3, [r7, #44]
 4764 017c 7B6F     		ldr	r3, [r7, #116]
 4765 017e BB62     		str	r3, [r7, #40]
 4766 0180 0BE0     		b	.L283
 4767              	.L284:
 4768              		.loc 1 1695 3 is_stmt 0 discriminator 3
 4769 0182 BB6A     		ldr	r3, [r7, #40]
 4770 0184 DAB2     		uxtb	r2, r3
 4771 0186 FB6A     		ldr	r3, [r7, #44]
 4772 0188 591C     		adds	r1, r3, #1
 4773 018a F962     		str	r1, [r7, #44]
 4774 018c 62F07F02 		orn	r2, r2, #127
 4775 0190 D2B2     		uxtb	r2, r2
 4776 0192 1A70     		strb	r2, [r3]
 4777 0194 BB6A     		ldr	r3, [r7, #40]
 4778 0196 DB09     		lsrs	r3, r3, #7
 4779 0198 BB62     		str	r3, [r7, #40]
 4780              	.L283:
 4781              		.loc 1 1695 3 discriminator 1
 4782 019a BB6A     		ldr	r3, [r7, #40]
 4783 019c 7F2B     		cmp	r3, #127
 4784 019e F0D8     		bhi	.L284
 4785              		.loc 1 1695 3 discriminator 4
 4786 01a0 FB6A     		ldr	r3, [r7, #44]
 4787 01a2 5A1C     		adds	r2, r3, #1
 4788 01a4 FA62     		str	r2, [r7, #44]
 4789 01a6 BA6A     		ldr	r2, [r7, #40]
 4790 01a8 D2B2     		uxtb	r2, r2
 4791 01aa 1A70     		strb	r2, [r3]
 4792 01ac FB6A     		ldr	r3, [r7, #44]
 4793 01ae 7B61     		str	r3, [r7, #20]
 4794              	.LBE58:
 4795              	.LBB59:
1696:./SystemView/SEGGER_SYSVIEW.c ****   ENCODE_U32(pPayload, Para7);
 4796              		.loc 1 1696 3 is_stmt 1 discriminator 4
 4797 01b0 7B69     		ldr	r3, [r7, #20]
 4798 01b2 7B62     		str	r3, [r7, #36]
 4799 01b4 BB6F     		ldr	r3, [r7, #120]
 4800 01b6 3B62     		str	r3, [r7, #32]
 4801 01b8 0BE0     		b	.L285
 4802              	.L286:
 4803              		.loc 1 1696 3 is_stmt 0 discriminator 3
 4804 01ba 3B6A     		ldr	r3, [r7, #32]
 4805 01bc DAB2     		uxtb	r2, r3
 4806 01be 7B6A     		ldr	r3, [r7, #36]
 4807 01c0 591C     		adds	r1, r3, #1
 4808 01c2 7962     		str	r1, [r7, #36]
 4809 01c4 62F07F02 		orn	r2, r2, #127
 4810 01c8 D2B2     		uxtb	r2, r2
 4811 01ca 1A70     		strb	r2, [r3]
 4812 01cc 3B6A     		ldr	r3, [r7, #32]
 4813 01ce DB09     		lsrs	r3, r3, #7
ARM GAS  /var/folders/yl/_q9l42k90g1g4mdhbs226msm0000gn/T//ccxj18A8.s 			page 115


 4814 01d0 3B62     		str	r3, [r7, #32]
 4815              	.L285:
 4816              		.loc 1 1696 3 discriminator 1
 4817 01d2 3B6A     		ldr	r3, [r7, #32]
 4818 01d4 7F2B     		cmp	r3, #127
 4819 01d6 F0D8     		bhi	.L286
 4820              		.loc 1 1696 3 discriminator 4
 4821 01d8 7B6A     		ldr	r3, [r7, #36]
 4822 01da 5A1C     		adds	r2, r3, #1
 4823 01dc 7A62     		str	r2, [r7, #36]
 4824 01de 3A6A     		ldr	r2, [r7, #32]
 4825 01e0 D2B2     		uxtb	r2, r2
 4826 01e2 1A70     		strb	r2, [r3]
 4827 01e4 7B6A     		ldr	r3, [r7, #36]
 4828 01e6 7B61     		str	r3, [r7, #20]
 4829              	.LBE59:
1697:./SystemView/SEGGER_SYSVIEW.c ****   _SendPacket(pPayloadStart, pPayload, EventID);
 4830              		.loc 1 1697 3 is_stmt 1 discriminator 4
 4831 01e8 FA68     		ldr	r2, [r7, #12]
 4832 01ea 7969     		ldr	r1, [r7, #20]
 4833 01ec B869     		ldr	r0, [r7, #24]
 4834 01ee FFF7FEFF 		bl	_SendPacket
1698:./SystemView/SEGGER_SYSVIEW.c ****   RECORD_END();
 4835              		.loc 1 1698 3 discriminator 4
 4836 01f2 FB69     		ldr	r3, [r7, #28]
 4837              		.syntax unified
 4838              	@ 1698 "./SystemView/SEGGER_SYSVIEW.c" 1
 4839 01f4 83F31188 		msr   basepri, r3  
 4840              		
 4841              	@ 0 "" 2
 4842              		.thumb
 4843              		.syntax unified
 4844              	.LBE51:
1699:./SystemView/SEGGER_SYSVIEW.c **** }
 4845              		.loc 1 1699 1 discriminator 4
 4846 01f8 00BF     		nop
 4847 01fa 6037     		adds	r7, r7, #96
 4848              	.LCFI112:
 4849              		.cfi_def_cfa_offset 8
 4850 01fc BD46     		mov	sp, r7
 4851              	.LCFI113:
 4852              		.cfi_def_cfa_register 13
 4853              		@ sp needed
 4854 01fe 80BD     		pop	{r7, pc}
 4855              	.L288:
 4856              		.align	2
 4857              	.L287:
 4858 0200 00000000 		.word	_aPacket
 4859              		.cfi_endproc
 4860              	.LFE21:
 4862              		.section	.text.SEGGER_SYSVIEW_RecordU32x9,"ax",%progbits
 4863              		.align	1
 4864              		.global	SEGGER_SYSVIEW_RecordU32x9
 4865              		.syntax unified
 4866              		.thumb
 4867              		.thumb_func
 4869              	SEGGER_SYSVIEW_RecordU32x9:
ARM GAS  /var/folders/yl/_q9l42k90g1g4mdhbs226msm0000gn/T//ccxj18A8.s 			page 116


 4870              	.LFB22:
1700:./SystemView/SEGGER_SYSVIEW.c **** 
1701:./SystemView/SEGGER_SYSVIEW.c **** /*********************************************************************
1702:./SystemView/SEGGER_SYSVIEW.c **** *
1703:./SystemView/SEGGER_SYSVIEW.c **** *       SEGGER_SYSVIEW_RecordU32x9()
1704:./SystemView/SEGGER_SYSVIEW.c **** *
1705:./SystemView/SEGGER_SYSVIEW.c **** *  Function description
1706:./SystemView/SEGGER_SYSVIEW.c **** *    Formats and sends a SystemView packet containing 9 U32 parameter payload.
1707:./SystemView/SEGGER_SYSVIEW.c **** *
1708:./SystemView/SEGGER_SYSVIEW.c **** *  Parameters
1709:./SystemView/SEGGER_SYSVIEW.c **** *    EventID - SystemView event ID.
1710:./SystemView/SEGGER_SYSVIEW.c **** *    Para0   - The 32-bit parameter encoded to SystemView packet payload.
1711:./SystemView/SEGGER_SYSVIEW.c **** *    Para1   - The 32-bit parameter encoded to SystemView packet payload.
1712:./SystemView/SEGGER_SYSVIEW.c **** *    Para2   - The 32-bit parameter encoded to SystemView packet payload.
1713:./SystemView/SEGGER_SYSVIEW.c **** *    Para3   - The 32-bit parameter encoded to SystemView packet payload.
1714:./SystemView/SEGGER_SYSVIEW.c **** *    Para4   - The 32-bit parameter encoded to SystemView packet payload.
1715:./SystemView/SEGGER_SYSVIEW.c **** *    Para5   - The 32-bit parameter encoded to SystemView packet payload.
1716:./SystemView/SEGGER_SYSVIEW.c **** *    Para6   - The 32-bit parameter encoded to SystemView packet payload.
1717:./SystemView/SEGGER_SYSVIEW.c **** *    Para7   - The 32-bit parameter encoded to SystemView packet payload.
1718:./SystemView/SEGGER_SYSVIEW.c **** *    Para8   - The 32-bit parameter encoded to SystemView packet payload.
1719:./SystemView/SEGGER_SYSVIEW.c **** */
1720:./SystemView/SEGGER_SYSVIEW.c **** void SEGGER_SYSVIEW_RecordU32x9(unsigned int EventID, U32 Para0, U32 Para1, U32 Para2, U32 Para3, U
 4871              		.loc 1 1720 154
 4872              		.cfi_startproc
 4873              		@ args = 24, pretend = 0, frame = 104
 4874              		@ frame_needed = 1, uses_anonymous_args = 0
 4875 0000 80B5     		push	{r7, lr}
 4876              	.LCFI114:
 4877              		.cfi_def_cfa_offset 8
 4878              		.cfi_offset 7, -8
 4879              		.cfi_offset 14, -4
 4880 0002 9AB0     		sub	sp, sp, #104
 4881              	.LCFI115:
 4882              		.cfi_def_cfa_offset 112
 4883 0004 00AF     		add	r7, sp, #0
 4884              	.LCFI116:
 4885              		.cfi_def_cfa_register 7
 4886 0006 F860     		str	r0, [r7, #12]
 4887 0008 B960     		str	r1, [r7, #8]
 4888 000a 7A60     		str	r2, [r7, #4]
 4889 000c 3B60     		str	r3, [r7]
 4890              	.LBB60:
1721:./SystemView/SEGGER_SYSVIEW.c ****   U8* pPayload;
1722:./SystemView/SEGGER_SYSVIEW.c ****   U8* pPayloadStart;
1723:./SystemView/SEGGER_SYSVIEW.c ****   RECORD_START(SEGGER_SYSVIEW_INFO_SIZE + 9 * SEGGER_SYSVIEW_QUANTA_U32);
 4891              		.loc 1 1723 3
 4892              		.syntax unified
 4893              	@ 1723 "./SystemView/SEGGER_SYSVIEW.c" 1
 4894 000e EFF31183 		mrs   r3, basepri  
 4895 0012 4FF02001 		mov   r1, #32       
 4896 0016 81F31188 		msr   basepri, r1  
 4897              		
 4898              	@ 0 "" 2
 4899              		.thumb
 4900              		.syntax unified
 4901 001a FB61     		str	r3, [r7, #28]
 4902 001c 8748     		ldr	r0, .L308
ARM GAS  /var/folders/yl/_q9l42k90g1g4mdhbs226msm0000gn/T//ccxj18A8.s 			page 117


 4903 001e FFF7FEFF 		bl	_PreparePacket
 4904 0022 B861     		str	r0, [r7, #24]
1724:./SystemView/SEGGER_SYSVIEW.c ****   //
1725:./SystemView/SEGGER_SYSVIEW.c ****   pPayload = pPayloadStart;
 4905              		.loc 1 1725 12
 4906 0024 BB69     		ldr	r3, [r7, #24]
 4907 0026 7B61     		str	r3, [r7, #20]
 4908              	.LBB61:
1726:./SystemView/SEGGER_SYSVIEW.c ****   ENCODE_U32(pPayload, Para0);
 4909              		.loc 1 1726 3
 4910 0028 7B69     		ldr	r3, [r7, #20]
 4911 002a 7B66     		str	r3, [r7, #100]
 4912 002c BB68     		ldr	r3, [r7, #8]
 4913 002e 3B66     		str	r3, [r7, #96]
 4914 0030 0BE0     		b	.L290
 4915              	.L291:
 4916              		.loc 1 1726 3 is_stmt 0 discriminator 3
 4917 0032 3B6E     		ldr	r3, [r7, #96]
 4918 0034 DAB2     		uxtb	r2, r3
 4919 0036 7B6E     		ldr	r3, [r7, #100]
 4920 0038 591C     		adds	r1, r3, #1
 4921 003a 7966     		str	r1, [r7, #100]
 4922 003c 62F07F02 		orn	r2, r2, #127
 4923 0040 D2B2     		uxtb	r2, r2
 4924 0042 1A70     		strb	r2, [r3]
 4925 0044 3B6E     		ldr	r3, [r7, #96]
 4926 0046 DB09     		lsrs	r3, r3, #7
 4927 0048 3B66     		str	r3, [r7, #96]
 4928              	.L290:
 4929              		.loc 1 1726 3 discriminator 1
 4930 004a 3B6E     		ldr	r3, [r7, #96]
 4931 004c 7F2B     		cmp	r3, #127
 4932 004e F0D8     		bhi	.L291
 4933              		.loc 1 1726 3 discriminator 4
 4934 0050 7B6E     		ldr	r3, [r7, #100]
 4935 0052 5A1C     		adds	r2, r3, #1
 4936 0054 7A66     		str	r2, [r7, #100]
 4937 0056 3A6E     		ldr	r2, [r7, #96]
 4938 0058 D2B2     		uxtb	r2, r2
 4939 005a 1A70     		strb	r2, [r3]
 4940 005c 7B6E     		ldr	r3, [r7, #100]
 4941 005e 7B61     		str	r3, [r7, #20]
 4942              	.LBE61:
 4943              	.LBB62:
1727:./SystemView/SEGGER_SYSVIEW.c ****   ENCODE_U32(pPayload, Para1);
 4944              		.loc 1 1727 3 is_stmt 1 discriminator 4
 4945 0060 7B69     		ldr	r3, [r7, #20]
 4946 0062 FB65     		str	r3, [r7, #92]
 4947 0064 7B68     		ldr	r3, [r7, #4]
 4948 0066 BB65     		str	r3, [r7, #88]
 4949 0068 0BE0     		b	.L292
 4950              	.L293:
 4951              		.loc 1 1727 3 is_stmt 0 discriminator 3
 4952 006a BB6D     		ldr	r3, [r7, #88]
 4953 006c DAB2     		uxtb	r2, r3
 4954 006e FB6D     		ldr	r3, [r7, #92]
 4955 0070 591C     		adds	r1, r3, #1
ARM GAS  /var/folders/yl/_q9l42k90g1g4mdhbs226msm0000gn/T//ccxj18A8.s 			page 118


 4956 0072 F965     		str	r1, [r7, #92]
 4957 0074 62F07F02 		orn	r2, r2, #127
 4958 0078 D2B2     		uxtb	r2, r2
 4959 007a 1A70     		strb	r2, [r3]
 4960 007c BB6D     		ldr	r3, [r7, #88]
 4961 007e DB09     		lsrs	r3, r3, #7
 4962 0080 BB65     		str	r3, [r7, #88]
 4963              	.L292:
 4964              		.loc 1 1727 3 discriminator 1
 4965 0082 BB6D     		ldr	r3, [r7, #88]
 4966 0084 7F2B     		cmp	r3, #127
 4967 0086 F0D8     		bhi	.L293
 4968              		.loc 1 1727 3 discriminator 4
 4969 0088 FB6D     		ldr	r3, [r7, #92]
 4970 008a 5A1C     		adds	r2, r3, #1
 4971 008c FA65     		str	r2, [r7, #92]
 4972 008e BA6D     		ldr	r2, [r7, #88]
 4973 0090 D2B2     		uxtb	r2, r2
 4974 0092 1A70     		strb	r2, [r3]
 4975 0094 FB6D     		ldr	r3, [r7, #92]
 4976 0096 7B61     		str	r3, [r7, #20]
 4977              	.LBE62:
 4978              	.LBB63:
1728:./SystemView/SEGGER_SYSVIEW.c ****   ENCODE_U32(pPayload, Para2);
 4979              		.loc 1 1728 3 is_stmt 1 discriminator 4
 4980 0098 7B69     		ldr	r3, [r7, #20]
 4981 009a 7B65     		str	r3, [r7, #84]
 4982 009c 3B68     		ldr	r3, [r7]
 4983 009e 3B65     		str	r3, [r7, #80]
 4984 00a0 0BE0     		b	.L294
 4985              	.L295:
 4986              		.loc 1 1728 3 is_stmt 0 discriminator 3
 4987 00a2 3B6D     		ldr	r3, [r7, #80]
 4988 00a4 DAB2     		uxtb	r2, r3
 4989 00a6 7B6D     		ldr	r3, [r7, #84]
 4990 00a8 591C     		adds	r1, r3, #1
 4991 00aa 7965     		str	r1, [r7, #84]
 4992 00ac 62F07F02 		orn	r2, r2, #127
 4993 00b0 D2B2     		uxtb	r2, r2
 4994 00b2 1A70     		strb	r2, [r3]
 4995 00b4 3B6D     		ldr	r3, [r7, #80]
 4996 00b6 DB09     		lsrs	r3, r3, #7
 4997 00b8 3B65     		str	r3, [r7, #80]
 4998              	.L294:
 4999              		.loc 1 1728 3 discriminator 1
 5000 00ba 3B6D     		ldr	r3, [r7, #80]
 5001 00bc 7F2B     		cmp	r3, #127
 5002 00be F0D8     		bhi	.L295
 5003              		.loc 1 1728 3 discriminator 4
 5004 00c0 7B6D     		ldr	r3, [r7, #84]
 5005 00c2 5A1C     		adds	r2, r3, #1
 5006 00c4 7A65     		str	r2, [r7, #84]
 5007 00c6 3A6D     		ldr	r2, [r7, #80]
 5008 00c8 D2B2     		uxtb	r2, r2
 5009 00ca 1A70     		strb	r2, [r3]
 5010 00cc 7B6D     		ldr	r3, [r7, #84]
 5011 00ce 7B61     		str	r3, [r7, #20]
ARM GAS  /var/folders/yl/_q9l42k90g1g4mdhbs226msm0000gn/T//ccxj18A8.s 			page 119


 5012              	.LBE63:
 5013              	.LBB64:
1729:./SystemView/SEGGER_SYSVIEW.c ****   ENCODE_U32(pPayload, Para3);
 5014              		.loc 1 1729 3 is_stmt 1 discriminator 4
 5015 00d0 7B69     		ldr	r3, [r7, #20]
 5016 00d2 FB64     		str	r3, [r7, #76]
 5017 00d4 3B6F     		ldr	r3, [r7, #112]
 5018 00d6 BB64     		str	r3, [r7, #72]
 5019 00d8 0BE0     		b	.L296
 5020              	.L297:
 5021              		.loc 1 1729 3 is_stmt 0 discriminator 3
 5022 00da BB6C     		ldr	r3, [r7, #72]
 5023 00dc DAB2     		uxtb	r2, r3
 5024 00de FB6C     		ldr	r3, [r7, #76]
 5025 00e0 591C     		adds	r1, r3, #1
 5026 00e2 F964     		str	r1, [r7, #76]
 5027 00e4 62F07F02 		orn	r2, r2, #127
 5028 00e8 D2B2     		uxtb	r2, r2
 5029 00ea 1A70     		strb	r2, [r3]
 5030 00ec BB6C     		ldr	r3, [r7, #72]
 5031 00ee DB09     		lsrs	r3, r3, #7
 5032 00f0 BB64     		str	r3, [r7, #72]
 5033              	.L296:
 5034              		.loc 1 1729 3 discriminator 1
 5035 00f2 BB6C     		ldr	r3, [r7, #72]
 5036 00f4 7F2B     		cmp	r3, #127
 5037 00f6 F0D8     		bhi	.L297
 5038              		.loc 1 1729 3 discriminator 4
 5039 00f8 FB6C     		ldr	r3, [r7, #76]
 5040 00fa 5A1C     		adds	r2, r3, #1
 5041 00fc FA64     		str	r2, [r7, #76]
 5042 00fe BA6C     		ldr	r2, [r7, #72]
 5043 0100 D2B2     		uxtb	r2, r2
 5044 0102 1A70     		strb	r2, [r3]
 5045 0104 FB6C     		ldr	r3, [r7, #76]
 5046 0106 7B61     		str	r3, [r7, #20]
 5047              	.LBE64:
 5048              	.LBB65:
1730:./SystemView/SEGGER_SYSVIEW.c ****   ENCODE_U32(pPayload, Para4);
 5049              		.loc 1 1730 3 is_stmt 1 discriminator 4
 5050 0108 7B69     		ldr	r3, [r7, #20]
 5051 010a 7B64     		str	r3, [r7, #68]
 5052 010c 7B6F     		ldr	r3, [r7, #116]
 5053 010e 3B64     		str	r3, [r7, #64]
 5054 0110 0BE0     		b	.L298
 5055              	.L299:
 5056              		.loc 1 1730 3 is_stmt 0 discriminator 3
 5057 0112 3B6C     		ldr	r3, [r7, #64]
 5058 0114 DAB2     		uxtb	r2, r3
 5059 0116 7B6C     		ldr	r3, [r7, #68]
 5060 0118 591C     		adds	r1, r3, #1
 5061 011a 7964     		str	r1, [r7, #68]
 5062 011c 62F07F02 		orn	r2, r2, #127
 5063 0120 D2B2     		uxtb	r2, r2
 5064 0122 1A70     		strb	r2, [r3]
 5065 0124 3B6C     		ldr	r3, [r7, #64]
 5066 0126 DB09     		lsrs	r3, r3, #7
ARM GAS  /var/folders/yl/_q9l42k90g1g4mdhbs226msm0000gn/T//ccxj18A8.s 			page 120


 5067 0128 3B64     		str	r3, [r7, #64]
 5068              	.L298:
 5069              		.loc 1 1730 3 discriminator 1
 5070 012a 3B6C     		ldr	r3, [r7, #64]
 5071 012c 7F2B     		cmp	r3, #127
 5072 012e F0D8     		bhi	.L299
 5073              		.loc 1 1730 3 discriminator 4
 5074 0130 7B6C     		ldr	r3, [r7, #68]
 5075 0132 5A1C     		adds	r2, r3, #1
 5076 0134 7A64     		str	r2, [r7, #68]
 5077 0136 3A6C     		ldr	r2, [r7, #64]
 5078 0138 D2B2     		uxtb	r2, r2
 5079 013a 1A70     		strb	r2, [r3]
 5080 013c 7B6C     		ldr	r3, [r7, #68]
 5081 013e 7B61     		str	r3, [r7, #20]
 5082              	.LBE65:
 5083              	.LBB66:
1731:./SystemView/SEGGER_SYSVIEW.c ****   ENCODE_U32(pPayload, Para5);
 5084              		.loc 1 1731 3 is_stmt 1 discriminator 4
 5085 0140 7B69     		ldr	r3, [r7, #20]
 5086 0142 FB63     		str	r3, [r7, #60]
 5087 0144 BB6F     		ldr	r3, [r7, #120]
 5088 0146 BB63     		str	r3, [r7, #56]
 5089 0148 0BE0     		b	.L300
 5090              	.L301:
 5091              		.loc 1 1731 3 is_stmt 0 discriminator 3
 5092 014a BB6B     		ldr	r3, [r7, #56]
 5093 014c DAB2     		uxtb	r2, r3
 5094 014e FB6B     		ldr	r3, [r7, #60]
 5095 0150 591C     		adds	r1, r3, #1
 5096 0152 F963     		str	r1, [r7, #60]
 5097 0154 62F07F02 		orn	r2, r2, #127
 5098 0158 D2B2     		uxtb	r2, r2
 5099 015a 1A70     		strb	r2, [r3]
 5100 015c BB6B     		ldr	r3, [r7, #56]
 5101 015e DB09     		lsrs	r3, r3, #7
 5102 0160 BB63     		str	r3, [r7, #56]
 5103              	.L300:
 5104              		.loc 1 1731 3 discriminator 1
 5105 0162 BB6B     		ldr	r3, [r7, #56]
 5106 0164 7F2B     		cmp	r3, #127
 5107 0166 F0D8     		bhi	.L301
 5108              		.loc 1 1731 3 discriminator 4
 5109 0168 FB6B     		ldr	r3, [r7, #60]
 5110 016a 5A1C     		adds	r2, r3, #1
 5111 016c FA63     		str	r2, [r7, #60]
 5112 016e BA6B     		ldr	r2, [r7, #56]
 5113 0170 D2B2     		uxtb	r2, r2
 5114 0172 1A70     		strb	r2, [r3]
 5115 0174 FB6B     		ldr	r3, [r7, #60]
 5116 0176 7B61     		str	r3, [r7, #20]
 5117              	.LBE66:
 5118              	.LBB67:
1732:./SystemView/SEGGER_SYSVIEW.c ****   ENCODE_U32(pPayload, Para6);
 5119              		.loc 1 1732 3 is_stmt 1 discriminator 4
 5120 0178 7B69     		ldr	r3, [r7, #20]
 5121 017a 7B63     		str	r3, [r7, #52]
ARM GAS  /var/folders/yl/_q9l42k90g1g4mdhbs226msm0000gn/T//ccxj18A8.s 			page 121


 5122 017c FB6F     		ldr	r3, [r7, #124]
 5123 017e 3B63     		str	r3, [r7, #48]
 5124 0180 0BE0     		b	.L302
 5125              	.L303:
 5126              		.loc 1 1732 3 is_stmt 0 discriminator 3
 5127 0182 3B6B     		ldr	r3, [r7, #48]
 5128 0184 DAB2     		uxtb	r2, r3
 5129 0186 7B6B     		ldr	r3, [r7, #52]
 5130 0188 591C     		adds	r1, r3, #1
 5131 018a 7963     		str	r1, [r7, #52]
 5132 018c 62F07F02 		orn	r2, r2, #127
 5133 0190 D2B2     		uxtb	r2, r2
 5134 0192 1A70     		strb	r2, [r3]
 5135 0194 3B6B     		ldr	r3, [r7, #48]
 5136 0196 DB09     		lsrs	r3, r3, #7
 5137 0198 3B63     		str	r3, [r7, #48]
 5138              	.L302:
 5139              		.loc 1 1732 3 discriminator 1
 5140 019a 3B6B     		ldr	r3, [r7, #48]
 5141 019c 7F2B     		cmp	r3, #127
 5142 019e F0D8     		bhi	.L303
 5143              		.loc 1 1732 3 discriminator 4
 5144 01a0 7B6B     		ldr	r3, [r7, #52]
 5145 01a2 5A1C     		adds	r2, r3, #1
 5146 01a4 7A63     		str	r2, [r7, #52]
 5147 01a6 3A6B     		ldr	r2, [r7, #48]
 5148 01a8 D2B2     		uxtb	r2, r2
 5149 01aa 1A70     		strb	r2, [r3]
 5150 01ac 7B6B     		ldr	r3, [r7, #52]
 5151 01ae 7B61     		str	r3, [r7, #20]
 5152              	.LBE67:
 5153              	.LBB68:
1733:./SystemView/SEGGER_SYSVIEW.c ****   ENCODE_U32(pPayload, Para7);
 5154              		.loc 1 1733 3 is_stmt 1 discriminator 4
 5155 01b0 7B69     		ldr	r3, [r7, #20]
 5156 01b2 FB62     		str	r3, [r7, #44]
 5157 01b4 D7F88030 		ldr	r3, [r7, #128]
 5158 01b8 BB62     		str	r3, [r7, #40]
 5159 01ba 0BE0     		b	.L304
 5160              	.L305:
 5161              		.loc 1 1733 3 is_stmt 0 discriminator 3
 5162 01bc BB6A     		ldr	r3, [r7, #40]
 5163 01be DAB2     		uxtb	r2, r3
 5164 01c0 FB6A     		ldr	r3, [r7, #44]
 5165 01c2 591C     		adds	r1, r3, #1
 5166 01c4 F962     		str	r1, [r7, #44]
 5167 01c6 62F07F02 		orn	r2, r2, #127
 5168 01ca D2B2     		uxtb	r2, r2
 5169 01cc 1A70     		strb	r2, [r3]
 5170 01ce BB6A     		ldr	r3, [r7, #40]
 5171 01d0 DB09     		lsrs	r3, r3, #7
 5172 01d2 BB62     		str	r3, [r7, #40]
 5173              	.L304:
 5174              		.loc 1 1733 3 discriminator 1
 5175 01d4 BB6A     		ldr	r3, [r7, #40]
 5176 01d6 7F2B     		cmp	r3, #127
 5177 01d8 F0D8     		bhi	.L305
ARM GAS  /var/folders/yl/_q9l42k90g1g4mdhbs226msm0000gn/T//ccxj18A8.s 			page 122


 5178              		.loc 1 1733 3 discriminator 4
 5179 01da FB6A     		ldr	r3, [r7, #44]
 5180 01dc 5A1C     		adds	r2, r3, #1
 5181 01de FA62     		str	r2, [r7, #44]
 5182 01e0 BA6A     		ldr	r2, [r7, #40]
 5183 01e2 D2B2     		uxtb	r2, r2
 5184 01e4 1A70     		strb	r2, [r3]
 5185 01e6 FB6A     		ldr	r3, [r7, #44]
 5186 01e8 7B61     		str	r3, [r7, #20]
 5187              	.LBE68:
 5188              	.LBB69:
1734:./SystemView/SEGGER_SYSVIEW.c ****   ENCODE_U32(pPayload, Para8);
 5189              		.loc 1 1734 3 is_stmt 1 discriminator 4
 5190 01ea 7B69     		ldr	r3, [r7, #20]
 5191 01ec 7B62     		str	r3, [r7, #36]
 5192 01ee D7F88430 		ldr	r3, [r7, #132]
 5193 01f2 3B62     		str	r3, [r7, #32]
 5194 01f4 0BE0     		b	.L306
 5195              	.L307:
 5196              		.loc 1 1734 3 is_stmt 0 discriminator 3
 5197 01f6 3B6A     		ldr	r3, [r7, #32]
 5198 01f8 DAB2     		uxtb	r2, r3
 5199 01fa 7B6A     		ldr	r3, [r7, #36]
 5200 01fc 591C     		adds	r1, r3, #1
 5201 01fe 7962     		str	r1, [r7, #36]
 5202 0200 62F07F02 		orn	r2, r2, #127
 5203 0204 D2B2     		uxtb	r2, r2
 5204 0206 1A70     		strb	r2, [r3]
 5205 0208 3B6A     		ldr	r3, [r7, #32]
 5206 020a DB09     		lsrs	r3, r3, #7
 5207 020c 3B62     		str	r3, [r7, #32]
 5208              	.L306:
 5209              		.loc 1 1734 3 discriminator 1
 5210 020e 3B6A     		ldr	r3, [r7, #32]
 5211 0210 7F2B     		cmp	r3, #127
 5212 0212 F0D8     		bhi	.L307
 5213              		.loc 1 1734 3 discriminator 4
 5214 0214 7B6A     		ldr	r3, [r7, #36]
 5215 0216 5A1C     		adds	r2, r3, #1
 5216 0218 7A62     		str	r2, [r7, #36]
 5217 021a 3A6A     		ldr	r2, [r7, #32]
 5218 021c D2B2     		uxtb	r2, r2
 5219 021e 1A70     		strb	r2, [r3]
 5220 0220 7B6A     		ldr	r3, [r7, #36]
 5221 0222 7B61     		str	r3, [r7, #20]
 5222              	.LBE69:
1735:./SystemView/SEGGER_SYSVIEW.c ****   _SendPacket(pPayloadStart, pPayload, EventID);
 5223              		.loc 1 1735 3 is_stmt 1 discriminator 4
 5224 0224 FA68     		ldr	r2, [r7, #12]
 5225 0226 7969     		ldr	r1, [r7, #20]
 5226 0228 B869     		ldr	r0, [r7, #24]
 5227 022a FFF7FEFF 		bl	_SendPacket
1736:./SystemView/SEGGER_SYSVIEW.c ****   RECORD_END();
 5228              		.loc 1 1736 3 discriminator 4
 5229 022e FB69     		ldr	r3, [r7, #28]
 5230              		.syntax unified
 5231              	@ 1736 "./SystemView/SEGGER_SYSVIEW.c" 1
ARM GAS  /var/folders/yl/_q9l42k90g1g4mdhbs226msm0000gn/T//ccxj18A8.s 			page 123


 5232 0230 83F31188 		msr   basepri, r3  
 5233              		
 5234              	@ 0 "" 2
 5235              		.thumb
 5236              		.syntax unified
 5237              	.LBE60:
1737:./SystemView/SEGGER_SYSVIEW.c **** }
 5238              		.loc 1 1737 1 discriminator 4
 5239 0234 00BF     		nop
 5240 0236 6837     		adds	r7, r7, #104
 5241              	.LCFI117:
 5242              		.cfi_def_cfa_offset 8
 5243 0238 BD46     		mov	sp, r7
 5244              	.LCFI118:
 5245              		.cfi_def_cfa_register 13
 5246              		@ sp needed
 5247 023a 80BD     		pop	{r7, pc}
 5248              	.L309:
 5249              		.align	2
 5250              	.L308:
 5251 023c 00000000 		.word	_aPacket
 5252              		.cfi_endproc
 5253              	.LFE22:
 5255              		.section	.text.SEGGER_SYSVIEW_RecordU32x10,"ax",%progbits
 5256              		.align	1
 5257              		.global	SEGGER_SYSVIEW_RecordU32x10
 5258              		.syntax unified
 5259              		.thumb
 5260              		.thumb_func
 5262              	SEGGER_SYSVIEW_RecordU32x10:
 5263              	.LFB23:
1738:./SystemView/SEGGER_SYSVIEW.c **** 
1739:./SystemView/SEGGER_SYSVIEW.c **** /*********************************************************************
1740:./SystemView/SEGGER_SYSVIEW.c **** *
1741:./SystemView/SEGGER_SYSVIEW.c **** *       SEGGER_SYSVIEW_RecordU32x10()
1742:./SystemView/SEGGER_SYSVIEW.c **** *
1743:./SystemView/SEGGER_SYSVIEW.c **** *  Function description
1744:./SystemView/SEGGER_SYSVIEW.c **** *    Formats and sends a SystemView packet containing 10 U32 parameter payload.
1745:./SystemView/SEGGER_SYSVIEW.c **** *
1746:./SystemView/SEGGER_SYSVIEW.c **** *  Parameters
1747:./SystemView/SEGGER_SYSVIEW.c **** *    EventID - SystemView event ID.
1748:./SystemView/SEGGER_SYSVIEW.c **** *    Para0   - The 32-bit parameter encoded to SystemView packet payload.
1749:./SystemView/SEGGER_SYSVIEW.c **** *    Para1   - The 32-bit parameter encoded to SystemView packet payload.
1750:./SystemView/SEGGER_SYSVIEW.c **** *    Para2   - The 32-bit parameter encoded to SystemView packet payload.
1751:./SystemView/SEGGER_SYSVIEW.c **** *    Para3   - The 32-bit parameter encoded to SystemView packet payload.
1752:./SystemView/SEGGER_SYSVIEW.c **** *    Para4   - The 32-bit parameter encoded to SystemView packet payload.
1753:./SystemView/SEGGER_SYSVIEW.c **** *    Para5   - The 32-bit parameter encoded to SystemView packet payload.
1754:./SystemView/SEGGER_SYSVIEW.c **** *    Para6   - The 32-bit parameter encoded to SystemView packet payload.
1755:./SystemView/SEGGER_SYSVIEW.c **** *    Para7   - The 32-bit parameter encoded to SystemView packet payload.
1756:./SystemView/SEGGER_SYSVIEW.c **** *    Para8   - The 32-bit parameter encoded to SystemView packet payload.
1757:./SystemView/SEGGER_SYSVIEW.c **** *    Para9   - The 32-bit parameter encoded to SystemView packet payload.
1758:./SystemView/SEGGER_SYSVIEW.c **** */
1759:./SystemView/SEGGER_SYSVIEW.c **** void SEGGER_SYSVIEW_RecordU32x10(unsigned int EventID, U32 Para0, U32 Para1, U32 Para2, U32 Para3, 
 5264              		.loc 1 1759 166
 5265              		.cfi_startproc
 5266              		@ args = 28, pretend = 0, frame = 112
 5267              		@ frame_needed = 1, uses_anonymous_args = 0
ARM GAS  /var/folders/yl/_q9l42k90g1g4mdhbs226msm0000gn/T//ccxj18A8.s 			page 124


 5268 0000 80B5     		push	{r7, lr}
 5269              	.LCFI119:
 5270              		.cfi_def_cfa_offset 8
 5271              		.cfi_offset 7, -8
 5272              		.cfi_offset 14, -4
 5273 0002 9CB0     		sub	sp, sp, #112
 5274              	.LCFI120:
 5275              		.cfi_def_cfa_offset 120
 5276 0004 00AF     		add	r7, sp, #0
 5277              	.LCFI121:
 5278              		.cfi_def_cfa_register 7
 5279 0006 F860     		str	r0, [r7, #12]
 5280 0008 B960     		str	r1, [r7, #8]
 5281 000a 7A60     		str	r2, [r7, #4]
 5282 000c 3B60     		str	r3, [r7]
 5283              	.LBB70:
1760:./SystemView/SEGGER_SYSVIEW.c ****   U8* pPayload;
1761:./SystemView/SEGGER_SYSVIEW.c ****   U8* pPayloadStart;
1762:./SystemView/SEGGER_SYSVIEW.c ****   RECORD_START(SEGGER_SYSVIEW_INFO_SIZE + 10 * SEGGER_SYSVIEW_QUANTA_U32);
 5284              		.loc 1 1762 3
 5285              		.syntax unified
 5286              	@ 1762 "./SystemView/SEGGER_SYSVIEW.c" 1
 5287 000e EFF31183 		mrs   r3, basepri  
 5288 0012 4FF02001 		mov   r1, #32       
 5289 0016 81F31188 		msr   basepri, r1  
 5290              		
 5291              	@ 0 "" 2
 5292              		.thumb
 5293              		.syntax unified
 5294 001a FB61     		str	r3, [r7, #28]
 5295 001c 8548     		ldr	r0, .L331
 5296 001e FFF7FEFF 		bl	_PreparePacket
 5297 0022 B861     		str	r0, [r7, #24]
1763:./SystemView/SEGGER_SYSVIEW.c ****   //
1764:./SystemView/SEGGER_SYSVIEW.c ****   pPayload = pPayloadStart;
 5298              		.loc 1 1764 12
 5299 0024 BB69     		ldr	r3, [r7, #24]
 5300 0026 7B61     		str	r3, [r7, #20]
 5301              	.LBB71:
1765:./SystemView/SEGGER_SYSVIEW.c ****   ENCODE_U32(pPayload, Para0);
 5302              		.loc 1 1765 3
 5303 0028 7B69     		ldr	r3, [r7, #20]
 5304 002a FB66     		str	r3, [r7, #108]
 5305 002c BB68     		ldr	r3, [r7, #8]
 5306 002e BB66     		str	r3, [r7, #104]
 5307 0030 0BE0     		b	.L311
 5308              	.L312:
 5309              		.loc 1 1765 3 is_stmt 0 discriminator 3
 5310 0032 BB6E     		ldr	r3, [r7, #104]
 5311 0034 DAB2     		uxtb	r2, r3
 5312 0036 FB6E     		ldr	r3, [r7, #108]
 5313 0038 591C     		adds	r1, r3, #1
 5314 003a F966     		str	r1, [r7, #108]
 5315 003c 62F07F02 		orn	r2, r2, #127
 5316 0040 D2B2     		uxtb	r2, r2
 5317 0042 1A70     		strb	r2, [r3]
 5318 0044 BB6E     		ldr	r3, [r7, #104]
ARM GAS  /var/folders/yl/_q9l42k90g1g4mdhbs226msm0000gn/T//ccxj18A8.s 			page 125


 5319 0046 DB09     		lsrs	r3, r3, #7
 5320 0048 BB66     		str	r3, [r7, #104]
 5321              	.L311:
 5322              		.loc 1 1765 3 discriminator 1
 5323 004a BB6E     		ldr	r3, [r7, #104]
 5324 004c 7F2B     		cmp	r3, #127
 5325 004e F0D8     		bhi	.L312
 5326              		.loc 1 1765 3 discriminator 4
 5327 0050 FB6E     		ldr	r3, [r7, #108]
 5328 0052 5A1C     		adds	r2, r3, #1
 5329 0054 FA66     		str	r2, [r7, #108]
 5330 0056 BA6E     		ldr	r2, [r7, #104]
 5331 0058 D2B2     		uxtb	r2, r2
 5332 005a 1A70     		strb	r2, [r3]
 5333 005c FB6E     		ldr	r3, [r7, #108]
 5334 005e 7B61     		str	r3, [r7, #20]
 5335              	.LBE71:
 5336              	.LBB72:
1766:./SystemView/SEGGER_SYSVIEW.c ****   ENCODE_U32(pPayload, Para1);
 5337              		.loc 1 1766 3 is_stmt 1 discriminator 4
 5338 0060 7B69     		ldr	r3, [r7, #20]
 5339 0062 7B66     		str	r3, [r7, #100]
 5340 0064 7B68     		ldr	r3, [r7, #4]
 5341 0066 3B66     		str	r3, [r7, #96]
 5342 0068 0BE0     		b	.L313
 5343              	.L314:
 5344              		.loc 1 1766 3 is_stmt 0 discriminator 3
 5345 006a 3B6E     		ldr	r3, [r7, #96]
 5346 006c DAB2     		uxtb	r2, r3
 5347 006e 7B6E     		ldr	r3, [r7, #100]
 5348 0070 591C     		adds	r1, r3, #1
 5349 0072 7966     		str	r1, [r7, #100]
 5350 0074 62F07F02 		orn	r2, r2, #127
 5351 0078 D2B2     		uxtb	r2, r2
 5352 007a 1A70     		strb	r2, [r3]
 5353 007c 3B6E     		ldr	r3, [r7, #96]
 5354 007e DB09     		lsrs	r3, r3, #7
 5355 0080 3B66     		str	r3, [r7, #96]
 5356              	.L313:
 5357              		.loc 1 1766 3 discriminator 1
 5358 0082 3B6E     		ldr	r3, [r7, #96]
 5359 0084 7F2B     		cmp	r3, #127
 5360 0086 F0D8     		bhi	.L314
 5361              		.loc 1 1766 3 discriminator 4
 5362 0088 7B6E     		ldr	r3, [r7, #100]
 5363 008a 5A1C     		adds	r2, r3, #1
 5364 008c 7A66     		str	r2, [r7, #100]
 5365 008e 3A6E     		ldr	r2, [r7, #96]
 5366 0090 D2B2     		uxtb	r2, r2
 5367 0092 1A70     		strb	r2, [r3]
 5368 0094 7B6E     		ldr	r3, [r7, #100]
 5369 0096 7B61     		str	r3, [r7, #20]
 5370              	.LBE72:
 5371              	.LBB73:
1767:./SystemView/SEGGER_SYSVIEW.c ****   ENCODE_U32(pPayload, Para2);
 5372              		.loc 1 1767 3 is_stmt 1 discriminator 4
 5373 0098 7B69     		ldr	r3, [r7, #20]
ARM GAS  /var/folders/yl/_q9l42k90g1g4mdhbs226msm0000gn/T//ccxj18A8.s 			page 126


 5374 009a FB65     		str	r3, [r7, #92]
 5375 009c 3B68     		ldr	r3, [r7]
 5376 009e BB65     		str	r3, [r7, #88]
 5377 00a0 0BE0     		b	.L315
 5378              	.L316:
 5379              		.loc 1 1767 3 is_stmt 0 discriminator 3
 5380 00a2 BB6D     		ldr	r3, [r7, #88]
 5381 00a4 DAB2     		uxtb	r2, r3
 5382 00a6 FB6D     		ldr	r3, [r7, #92]
 5383 00a8 591C     		adds	r1, r3, #1
 5384 00aa F965     		str	r1, [r7, #92]
 5385 00ac 62F07F02 		orn	r2, r2, #127
 5386 00b0 D2B2     		uxtb	r2, r2
 5387 00b2 1A70     		strb	r2, [r3]
 5388 00b4 BB6D     		ldr	r3, [r7, #88]
 5389 00b6 DB09     		lsrs	r3, r3, #7
 5390 00b8 BB65     		str	r3, [r7, #88]
 5391              	.L315:
 5392              		.loc 1 1767 3 discriminator 1
 5393 00ba BB6D     		ldr	r3, [r7, #88]
 5394 00bc 7F2B     		cmp	r3, #127
 5395 00be F0D8     		bhi	.L316
 5396              		.loc 1 1767 3 discriminator 4
 5397 00c0 FB6D     		ldr	r3, [r7, #92]
 5398 00c2 5A1C     		adds	r2, r3, #1
 5399 00c4 FA65     		str	r2, [r7, #92]
 5400 00c6 BA6D     		ldr	r2, [r7, #88]
 5401 00c8 D2B2     		uxtb	r2, r2
 5402 00ca 1A70     		strb	r2, [r3]
 5403 00cc FB6D     		ldr	r3, [r7, #92]
 5404 00ce 7B61     		str	r3, [r7, #20]
 5405              	.LBE73:
 5406              	.LBB74:
1768:./SystemView/SEGGER_SYSVIEW.c ****   ENCODE_U32(pPayload, Para3);
 5407              		.loc 1 1768 3 is_stmt 1 discriminator 4
 5408 00d0 7B69     		ldr	r3, [r7, #20]
 5409 00d2 7B65     		str	r3, [r7, #84]
 5410 00d4 BB6F     		ldr	r3, [r7, #120]
 5411 00d6 3B65     		str	r3, [r7, #80]
 5412 00d8 0BE0     		b	.L317
 5413              	.L318:
 5414              		.loc 1 1768 3 is_stmt 0 discriminator 3
 5415 00da 3B6D     		ldr	r3, [r7, #80]
 5416 00dc DAB2     		uxtb	r2, r3
 5417 00de 7B6D     		ldr	r3, [r7, #84]
 5418 00e0 591C     		adds	r1, r3, #1
 5419 00e2 7965     		str	r1, [r7, #84]
 5420 00e4 62F07F02 		orn	r2, r2, #127
 5421 00e8 D2B2     		uxtb	r2, r2
 5422 00ea 1A70     		strb	r2, [r3]
 5423 00ec 3B6D     		ldr	r3, [r7, #80]
 5424 00ee DB09     		lsrs	r3, r3, #7
 5425 00f0 3B65     		str	r3, [r7, #80]
 5426              	.L317:
 5427              		.loc 1 1768 3 discriminator 1
 5428 00f2 3B6D     		ldr	r3, [r7, #80]
 5429 00f4 7F2B     		cmp	r3, #127
ARM GAS  /var/folders/yl/_q9l42k90g1g4mdhbs226msm0000gn/T//ccxj18A8.s 			page 127


 5430 00f6 F0D8     		bhi	.L318
 5431              		.loc 1 1768 3 discriminator 4
 5432 00f8 7B6D     		ldr	r3, [r7, #84]
 5433 00fa 5A1C     		adds	r2, r3, #1
 5434 00fc 7A65     		str	r2, [r7, #84]
 5435 00fe 3A6D     		ldr	r2, [r7, #80]
 5436 0100 D2B2     		uxtb	r2, r2
 5437 0102 1A70     		strb	r2, [r3]
 5438 0104 7B6D     		ldr	r3, [r7, #84]
 5439 0106 7B61     		str	r3, [r7, #20]
 5440              	.LBE74:
 5441              	.LBB75:
1769:./SystemView/SEGGER_SYSVIEW.c ****   ENCODE_U32(pPayload, Para4);
 5442              		.loc 1 1769 3 is_stmt 1 discriminator 4
 5443 0108 7B69     		ldr	r3, [r7, #20]
 5444 010a FB64     		str	r3, [r7, #76]
 5445 010c FB6F     		ldr	r3, [r7, #124]
 5446 010e BB64     		str	r3, [r7, #72]
 5447 0110 0BE0     		b	.L319
 5448              	.L320:
 5449              		.loc 1 1769 3 is_stmt 0 discriminator 3
 5450 0112 BB6C     		ldr	r3, [r7, #72]
 5451 0114 DAB2     		uxtb	r2, r3
 5452 0116 FB6C     		ldr	r3, [r7, #76]
 5453 0118 591C     		adds	r1, r3, #1
 5454 011a F964     		str	r1, [r7, #76]
 5455 011c 62F07F02 		orn	r2, r2, #127
 5456 0120 D2B2     		uxtb	r2, r2
 5457 0122 1A70     		strb	r2, [r3]
 5458 0124 BB6C     		ldr	r3, [r7, #72]
 5459 0126 DB09     		lsrs	r3, r3, #7
 5460 0128 BB64     		str	r3, [r7, #72]
 5461              	.L319:
 5462              		.loc 1 1769 3 discriminator 1
 5463 012a BB6C     		ldr	r3, [r7, #72]
 5464 012c 7F2B     		cmp	r3, #127
 5465 012e F0D8     		bhi	.L320
 5466              		.loc 1 1769 3 discriminator 4
 5467 0130 FB6C     		ldr	r3, [r7, #76]
 5468 0132 5A1C     		adds	r2, r3, #1
 5469 0134 FA64     		str	r2, [r7, #76]
 5470 0136 BA6C     		ldr	r2, [r7, #72]
 5471 0138 D2B2     		uxtb	r2, r2
 5472 013a 1A70     		strb	r2, [r3]
 5473 013c FB6C     		ldr	r3, [r7, #76]
 5474 013e 7B61     		str	r3, [r7, #20]
 5475              	.LBE75:
 5476              	.LBB76:
1770:./SystemView/SEGGER_SYSVIEW.c ****   ENCODE_U32(pPayload, Para5);
 5477              		.loc 1 1770 3 is_stmt 1 discriminator 4
 5478 0140 7B69     		ldr	r3, [r7, #20]
 5479 0142 7B64     		str	r3, [r7, #68]
 5480 0144 D7F88030 		ldr	r3, [r7, #128]
 5481 0148 3B64     		str	r3, [r7, #64]
 5482 014a 0BE0     		b	.L321
 5483              	.L322:
 5484              		.loc 1 1770 3 is_stmt 0 discriminator 3
ARM GAS  /var/folders/yl/_q9l42k90g1g4mdhbs226msm0000gn/T//ccxj18A8.s 			page 128


 5485 014c 3B6C     		ldr	r3, [r7, #64]
 5486 014e DAB2     		uxtb	r2, r3
 5487 0150 7B6C     		ldr	r3, [r7, #68]
 5488 0152 591C     		adds	r1, r3, #1
 5489 0154 7964     		str	r1, [r7, #68]
 5490 0156 62F07F02 		orn	r2, r2, #127
 5491 015a D2B2     		uxtb	r2, r2
 5492 015c 1A70     		strb	r2, [r3]
 5493 015e 3B6C     		ldr	r3, [r7, #64]
 5494 0160 DB09     		lsrs	r3, r3, #7
 5495 0162 3B64     		str	r3, [r7, #64]
 5496              	.L321:
 5497              		.loc 1 1770 3 discriminator 1
 5498 0164 3B6C     		ldr	r3, [r7, #64]
 5499 0166 7F2B     		cmp	r3, #127
 5500 0168 F0D8     		bhi	.L322
 5501              		.loc 1 1770 3 discriminator 4
 5502 016a 7B6C     		ldr	r3, [r7, #68]
 5503 016c 5A1C     		adds	r2, r3, #1
 5504 016e 7A64     		str	r2, [r7, #68]
 5505 0170 3A6C     		ldr	r2, [r7, #64]
 5506 0172 D2B2     		uxtb	r2, r2
 5507 0174 1A70     		strb	r2, [r3]
 5508 0176 7B6C     		ldr	r3, [r7, #68]
 5509 0178 7B61     		str	r3, [r7, #20]
 5510              	.LBE76:
 5511              	.LBB77:
1771:./SystemView/SEGGER_SYSVIEW.c ****   ENCODE_U32(pPayload, Para6);
 5512              		.loc 1 1771 3 is_stmt 1 discriminator 4
 5513 017a 7B69     		ldr	r3, [r7, #20]
 5514 017c FB63     		str	r3, [r7, #60]
 5515 017e D7F88430 		ldr	r3, [r7, #132]
 5516 0182 BB63     		str	r3, [r7, #56]
 5517 0184 0BE0     		b	.L323
 5518              	.L324:
 5519              		.loc 1 1771 3 is_stmt 0 discriminator 3
 5520 0186 BB6B     		ldr	r3, [r7, #56]
 5521 0188 DAB2     		uxtb	r2, r3
 5522 018a FB6B     		ldr	r3, [r7, #60]
 5523 018c 591C     		adds	r1, r3, #1
 5524 018e F963     		str	r1, [r7, #60]
 5525 0190 62F07F02 		orn	r2, r2, #127
 5526 0194 D2B2     		uxtb	r2, r2
 5527 0196 1A70     		strb	r2, [r3]
 5528 0198 BB6B     		ldr	r3, [r7, #56]
 5529 019a DB09     		lsrs	r3, r3, #7
 5530 019c BB63     		str	r3, [r7, #56]
 5531              	.L323:
 5532              		.loc 1 1771 3 discriminator 1
 5533 019e BB6B     		ldr	r3, [r7, #56]
 5534 01a0 7F2B     		cmp	r3, #127
 5535 01a2 F0D8     		bhi	.L324
 5536              		.loc 1 1771 3 discriminator 4
 5537 01a4 FB6B     		ldr	r3, [r7, #60]
 5538 01a6 5A1C     		adds	r2, r3, #1
 5539 01a8 FA63     		str	r2, [r7, #60]
 5540 01aa BA6B     		ldr	r2, [r7, #56]
ARM GAS  /var/folders/yl/_q9l42k90g1g4mdhbs226msm0000gn/T//ccxj18A8.s 			page 129


 5541 01ac D2B2     		uxtb	r2, r2
 5542 01ae 1A70     		strb	r2, [r3]
 5543 01b0 FB6B     		ldr	r3, [r7, #60]
 5544 01b2 7B61     		str	r3, [r7, #20]
 5545              	.LBE77:
 5546              	.LBB78:
1772:./SystemView/SEGGER_SYSVIEW.c ****   ENCODE_U32(pPayload, Para7);
 5547              		.loc 1 1772 3 is_stmt 1 discriminator 4
 5548 01b4 7B69     		ldr	r3, [r7, #20]
 5549 01b6 7B63     		str	r3, [r7, #52]
 5550 01b8 D7F88830 		ldr	r3, [r7, #136]
 5551 01bc 3B63     		str	r3, [r7, #48]
 5552 01be 0BE0     		b	.L325
 5553              	.L326:
 5554              		.loc 1 1772 3 is_stmt 0 discriminator 3
 5555 01c0 3B6B     		ldr	r3, [r7, #48]
 5556 01c2 DAB2     		uxtb	r2, r3
 5557 01c4 7B6B     		ldr	r3, [r7, #52]
 5558 01c6 591C     		adds	r1, r3, #1
 5559 01c8 7963     		str	r1, [r7, #52]
 5560 01ca 62F07F02 		orn	r2, r2, #127
 5561 01ce D2B2     		uxtb	r2, r2
 5562 01d0 1A70     		strb	r2, [r3]
 5563 01d2 3B6B     		ldr	r3, [r7, #48]
 5564 01d4 DB09     		lsrs	r3, r3, #7
 5565 01d6 3B63     		str	r3, [r7, #48]
 5566              	.L325:
 5567              		.loc 1 1772 3 discriminator 1
 5568 01d8 3B6B     		ldr	r3, [r7, #48]
 5569 01da 7F2B     		cmp	r3, #127
 5570 01dc F0D8     		bhi	.L326
 5571              		.loc 1 1772 3 discriminator 4
 5572 01de 7B6B     		ldr	r3, [r7, #52]
 5573 01e0 5A1C     		adds	r2, r3, #1
 5574 01e2 7A63     		str	r2, [r7, #52]
 5575 01e4 3A6B     		ldr	r2, [r7, #48]
 5576 01e6 D2B2     		uxtb	r2, r2
 5577 01e8 1A70     		strb	r2, [r3]
 5578 01ea 7B6B     		ldr	r3, [r7, #52]
 5579 01ec 7B61     		str	r3, [r7, #20]
 5580              	.LBE78:
 5581              	.LBB79:
1773:./SystemView/SEGGER_SYSVIEW.c ****   ENCODE_U32(pPayload, Para8);
 5582              		.loc 1 1773 3 is_stmt 1 discriminator 4
 5583 01ee 7B69     		ldr	r3, [r7, #20]
 5584 01f0 FB62     		str	r3, [r7, #44]
 5585 01f2 D7F88C30 		ldr	r3, [r7, #140]
 5586 01f6 BB62     		str	r3, [r7, #40]
 5587 01f8 0BE0     		b	.L327
 5588              	.L328:
 5589              		.loc 1 1773 3 is_stmt 0 discriminator 3
 5590 01fa BB6A     		ldr	r3, [r7, #40]
 5591 01fc DAB2     		uxtb	r2, r3
 5592 01fe FB6A     		ldr	r3, [r7, #44]
 5593 0200 591C     		adds	r1, r3, #1
 5594 0202 F962     		str	r1, [r7, #44]
 5595 0204 62F07F02 		orn	r2, r2, #127
ARM GAS  /var/folders/yl/_q9l42k90g1g4mdhbs226msm0000gn/T//ccxj18A8.s 			page 130


 5596 0208 D2B2     		uxtb	r2, r2
 5597 020a 1A70     		strb	r2, [r3]
 5598 020c BB6A     		ldr	r3, [r7, #40]
 5599 020e DB09     		lsrs	r3, r3, #7
 5600 0210 BB62     		str	r3, [r7, #40]
 5601              	.L327:
 5602              		.loc 1 1773 3 discriminator 1
 5603 0212 BB6A     		ldr	r3, [r7, #40]
 5604 0214 7F2B     		cmp	r3, #127
 5605 0216 F0D8     		bhi	.L328
 5606              		.loc 1 1773 3 discriminator 4
 5607 0218 FB6A     		ldr	r3, [r7, #44]
 5608 021a 5A1C     		adds	r2, r3, #1
 5609 021c FA62     		str	r2, [r7, #44]
 5610 021e BA6A     		ldr	r2, [r7, #40]
 5611 0220 D2B2     		uxtb	r2, r2
 5612 0222 1A70     		strb	r2, [r3]
 5613 0224 FB6A     		ldr	r3, [r7, #44]
 5614 0226 7B61     		str	r3, [r7, #20]
 5615              	.LBE79:
 5616              	.LBB80:
1774:./SystemView/SEGGER_SYSVIEW.c ****   ENCODE_U32(pPayload, Para9);
 5617              		.loc 1 1774 3 is_stmt 1 discriminator 4
 5618 0228 7B69     		ldr	r3, [r7, #20]
 5619 022a 7B62     		str	r3, [r7, #36]
 5620 022c D7F89030 		ldr	r3, [r7, #144]
 5621 0230 3B62     		str	r3, [r7, #32]
 5622 0232 0DE0     		b	.L329
 5623              	.L332:
 5624              		.align	2
 5625              	.L331:
 5626 0234 00000000 		.word	_aPacket
 5627              	.L330:
 5628              		.loc 1 1774 3 is_stmt 0 discriminator 3
 5629 0238 3B6A     		ldr	r3, [r7, #32]
 5630 023a DAB2     		uxtb	r2, r3
 5631 023c 7B6A     		ldr	r3, [r7, #36]
 5632 023e 591C     		adds	r1, r3, #1
 5633 0240 7962     		str	r1, [r7, #36]
 5634 0242 62F07F02 		orn	r2, r2, #127
 5635 0246 D2B2     		uxtb	r2, r2
 5636 0248 1A70     		strb	r2, [r3]
 5637 024a 3B6A     		ldr	r3, [r7, #32]
 5638 024c DB09     		lsrs	r3, r3, #7
 5639 024e 3B62     		str	r3, [r7, #32]
 5640              	.L329:
 5641              		.loc 1 1774 3 discriminator 1
 5642 0250 3B6A     		ldr	r3, [r7, #32]
 5643 0252 7F2B     		cmp	r3, #127
 5644 0254 F0D8     		bhi	.L330
 5645              		.loc 1 1774 3 discriminator 4
 5646 0256 7B6A     		ldr	r3, [r7, #36]
 5647 0258 5A1C     		adds	r2, r3, #1
 5648 025a 7A62     		str	r2, [r7, #36]
 5649 025c 3A6A     		ldr	r2, [r7, #32]
 5650 025e D2B2     		uxtb	r2, r2
 5651 0260 1A70     		strb	r2, [r3]
ARM GAS  /var/folders/yl/_q9l42k90g1g4mdhbs226msm0000gn/T//ccxj18A8.s 			page 131


 5652 0262 7B6A     		ldr	r3, [r7, #36]
 5653 0264 7B61     		str	r3, [r7, #20]
 5654              	.LBE80:
1775:./SystemView/SEGGER_SYSVIEW.c ****   _SendPacket(pPayloadStart, pPayload, EventID);
 5655              		.loc 1 1775 3 is_stmt 1 discriminator 4
 5656 0266 FA68     		ldr	r2, [r7, #12]
 5657 0268 7969     		ldr	r1, [r7, #20]
 5658 026a B869     		ldr	r0, [r7, #24]
 5659 026c FFF7FEFF 		bl	_SendPacket
1776:./SystemView/SEGGER_SYSVIEW.c ****   RECORD_END();
 5660              		.loc 1 1776 3 discriminator 4
 5661 0270 FB69     		ldr	r3, [r7, #28]
 5662              		.syntax unified
 5663              	@ 1776 "./SystemView/SEGGER_SYSVIEW.c" 1
 5664 0272 83F31188 		msr   basepri, r3  
 5665              		
 5666              	@ 0 "" 2
 5667              		.thumb
 5668              		.syntax unified
 5669              	.LBE70:
1777:./SystemView/SEGGER_SYSVIEW.c **** }
 5670              		.loc 1 1777 1 discriminator 4
 5671 0276 00BF     		nop
 5672 0278 7037     		adds	r7, r7, #112
 5673              	.LCFI122:
 5674              		.cfi_def_cfa_offset 8
 5675 027a BD46     		mov	sp, r7
 5676              	.LCFI123:
 5677              		.cfi_def_cfa_register 13
 5678              		@ sp needed
 5679 027c 80BD     		pop	{r7, pc}
 5680              		.cfi_endproc
 5681              	.LFE23:
 5683 027e 00BF     		.section	.text.SEGGER_SYSVIEW_RecordString,"ax",%progbits
 5684              		.align	1
 5685              		.global	SEGGER_SYSVIEW_RecordString
 5686              		.syntax unified
 5687              		.thumb
 5688              		.thumb_func
 5690              	SEGGER_SYSVIEW_RecordString:
 5691              	.LFB24:
1778:./SystemView/SEGGER_SYSVIEW.c **** /*********************************************************************
1779:./SystemView/SEGGER_SYSVIEW.c **** *
1780:./SystemView/SEGGER_SYSVIEW.c **** *       SEGGER_SYSVIEW_RecordString()
1781:./SystemView/SEGGER_SYSVIEW.c **** *
1782:./SystemView/SEGGER_SYSVIEW.c **** *  Function description
1783:./SystemView/SEGGER_SYSVIEW.c **** *    Formats and sends a SystemView packet containing a string.
1784:./SystemView/SEGGER_SYSVIEW.c **** *
1785:./SystemView/SEGGER_SYSVIEW.c **** *  Parameters
1786:./SystemView/SEGGER_SYSVIEW.c **** *    EventID - SystemView event ID.
1787:./SystemView/SEGGER_SYSVIEW.c **** *    pString - The string to be sent in the SystemView packet payload.
1788:./SystemView/SEGGER_SYSVIEW.c **** *
1789:./SystemView/SEGGER_SYSVIEW.c **** *  Additional information
1790:./SystemView/SEGGER_SYSVIEW.c **** *    The string is encoded as a count byte followed by the contents
1791:./SystemView/SEGGER_SYSVIEW.c **** *    of the string.
1792:./SystemView/SEGGER_SYSVIEW.c **** *    No more than SEGGER_SYSVIEW_MAX_STRING_LEN bytes will be encoded to the payload.
1793:./SystemView/SEGGER_SYSVIEW.c **** */
ARM GAS  /var/folders/yl/_q9l42k90g1g4mdhbs226msm0000gn/T//ccxj18A8.s 			page 132


1794:./SystemView/SEGGER_SYSVIEW.c **** void SEGGER_SYSVIEW_RecordString(unsigned int EventID, const char* pString) {
 5692              		.loc 1 1794 77
 5693              		.cfi_startproc
 5694              		@ args = 0, pretend = 0, frame = 24
 5695              		@ frame_needed = 1, uses_anonymous_args = 0
 5696 0000 80B5     		push	{r7, lr}
 5697              	.LCFI124:
 5698              		.cfi_def_cfa_offset 8
 5699              		.cfi_offset 7, -8
 5700              		.cfi_offset 14, -4
 5701 0002 86B0     		sub	sp, sp, #24
 5702              	.LCFI125:
 5703              		.cfi_def_cfa_offset 32
 5704 0004 00AF     		add	r7, sp, #0
 5705              	.LCFI126:
 5706              		.cfi_def_cfa_register 7
 5707 0006 7860     		str	r0, [r7, #4]
 5708 0008 3960     		str	r1, [r7]
 5709              	.LBB81:
1795:./SystemView/SEGGER_SYSVIEW.c ****   U8* pPayload;
1796:./SystemView/SEGGER_SYSVIEW.c ****   U8* pPayloadStart;
1797:./SystemView/SEGGER_SYSVIEW.c ****   RECORD_START(SEGGER_SYSVIEW_INFO_SIZE + 1 + SEGGER_SYSVIEW_MAX_STRING_LEN);
 5710              		.loc 1 1797 3
 5711              		.syntax unified
 5712              	@ 1797 "./SystemView/SEGGER_SYSVIEW.c" 1
 5713 000a EFF31183 		mrs   r3, basepri  
 5714 000e 4FF02001 		mov   r1, #32       
 5715 0012 81F31188 		msr   basepri, r1  
 5716              		
 5717              	@ 0 "" 2
 5718              		.thumb
 5719              		.syntax unified
 5720 0016 7B61     		str	r3, [r7, #20]
 5721 0018 0A48     		ldr	r0, .L334
 5722 001a FFF7FEFF 		bl	_PreparePacket
 5723 001e 3861     		str	r0, [r7, #16]
1798:./SystemView/SEGGER_SYSVIEW.c ****   //
1799:./SystemView/SEGGER_SYSVIEW.c ****   pPayload = _EncodeStr(pPayloadStart, pString, SEGGER_SYSVIEW_MAX_STRING_LEN);
 5724              		.loc 1 1799 14
 5725 0020 8022     		movs	r2, #128
 5726 0022 3968     		ldr	r1, [r7]
 5727 0024 3869     		ldr	r0, [r7, #16]
 5728 0026 FFF7FEFF 		bl	_EncodeStr
 5729 002a F860     		str	r0, [r7, #12]
1800:./SystemView/SEGGER_SYSVIEW.c ****   _SendPacket(pPayloadStart, pPayload, EventID);
 5730              		.loc 1 1800 3
 5731 002c 7A68     		ldr	r2, [r7, #4]
 5732 002e F968     		ldr	r1, [r7, #12]
 5733 0030 3869     		ldr	r0, [r7, #16]
 5734 0032 FFF7FEFF 		bl	_SendPacket
1801:./SystemView/SEGGER_SYSVIEW.c ****   RECORD_END();
 5735              		.loc 1 1801 3
 5736 0036 7B69     		ldr	r3, [r7, #20]
 5737              		.syntax unified
 5738              	@ 1801 "./SystemView/SEGGER_SYSVIEW.c" 1
 5739 0038 83F31188 		msr   basepri, r3  
 5740              		
ARM GAS  /var/folders/yl/_q9l42k90g1g4mdhbs226msm0000gn/T//ccxj18A8.s 			page 133


 5741              	@ 0 "" 2
 5742              		.thumb
 5743              		.syntax unified
 5744              	.LBE81:
1802:./SystemView/SEGGER_SYSVIEW.c **** }
 5745              		.loc 1 1802 1
 5746 003c 00BF     		nop
 5747 003e 1837     		adds	r7, r7, #24
 5748              	.LCFI127:
 5749              		.cfi_def_cfa_offset 8
 5750 0040 BD46     		mov	sp, r7
 5751              	.LCFI128:
 5752              		.cfi_def_cfa_register 13
 5753              		@ sp needed
 5754 0042 80BD     		pop	{r7, pc}
 5755              	.L335:
 5756              		.align	2
 5757              	.L334:
 5758 0044 00000000 		.word	_aPacket
 5759              		.cfi_endproc
 5760              	.LFE24:
 5762              		.section	.text.SEGGER_SYSVIEW_Start,"ax",%progbits
 5763              		.align	1
 5764              		.global	SEGGER_SYSVIEW_Start
 5765              		.syntax unified
 5766              		.thumb
 5767              		.thumb_func
 5769              	SEGGER_SYSVIEW_Start:
 5770              	.LFB25:
1803:./SystemView/SEGGER_SYSVIEW.c **** 
1804:./SystemView/SEGGER_SYSVIEW.c **** /*********************************************************************
1805:./SystemView/SEGGER_SYSVIEW.c **** *
1806:./SystemView/SEGGER_SYSVIEW.c **** *       SEGGER_SYSVIEW_Start()
1807:./SystemView/SEGGER_SYSVIEW.c **** *
1808:./SystemView/SEGGER_SYSVIEW.c **** *  Function description
1809:./SystemView/SEGGER_SYSVIEW.c **** *    Start recording SystemView events.
1810:./SystemView/SEGGER_SYSVIEW.c **** *
1811:./SystemView/SEGGER_SYSVIEW.c **** *    This function is triggered by the SystemView Application on connect.
1812:./SystemView/SEGGER_SYSVIEW.c **** *    For single-shot or post-mortem mode recording, it needs to be called
1813:./SystemView/SEGGER_SYSVIEW.c **** *    by the application.
1814:./SystemView/SEGGER_SYSVIEW.c **** *
1815:./SystemView/SEGGER_SYSVIEW.c **** *  Additional information
1816:./SystemView/SEGGER_SYSVIEW.c **** *    This function enables transmission of SystemView packets recorded
1817:./SystemView/SEGGER_SYSVIEW.c **** *    by subsequent trace calls and records a SystemView Start event.
1818:./SystemView/SEGGER_SYSVIEW.c **** *
1819:./SystemView/SEGGER_SYSVIEW.c **** *    As part of start, a SystemView Init packet is sent, containing the system
1820:./SystemView/SEGGER_SYSVIEW.c **** *    frequency. The list of current tasks, the current system time and the
1821:./SystemView/SEGGER_SYSVIEW.c **** *    system description string is sent, too.
1822:./SystemView/SEGGER_SYSVIEW.c **** *
1823:./SystemView/SEGGER_SYSVIEW.c **** *  Notes
1824:./SystemView/SEGGER_SYSVIEW.c **** *    SEGGER_SYSVIEW_Start and SEGGER_SYSVIEW_Stop do not nest.
1825:./SystemView/SEGGER_SYSVIEW.c **** *    When SEGGER_SYSVIEW_CAN_RESTART is 1, each received start command
1826:./SystemView/SEGGER_SYSVIEW.c **** *    records the system information. This is required to enable restart
1827:./SystemView/SEGGER_SYSVIEW.c **** *    of recordings when SystemView unexpectedly disconnects without sending
1828:./SystemView/SEGGER_SYSVIEW.c **** *    a stop command before.
1829:./SystemView/SEGGER_SYSVIEW.c **** */
1830:./SystemView/SEGGER_SYSVIEW.c **** void SEGGER_SYSVIEW_Start(void) {
ARM GAS  /var/folders/yl/_q9l42k90g1g4mdhbs226msm0000gn/T//ccxj18A8.s 			page 134


 5771              		.loc 1 1830 33
 5772              		.cfi_startproc
 5773              		@ args = 0, pretend = 0, frame = 48
 5774              		@ frame_needed = 1, uses_anonymous_args = 0
 5775 0000 80B5     		push	{r7, lr}
 5776              	.LCFI129:
 5777              		.cfi_def_cfa_offset 8
 5778              		.cfi_offset 7, -8
 5779              		.cfi_offset 14, -4
 5780 0002 8CB0     		sub	sp, sp, #48
 5781              	.LCFI130:
 5782              		.cfi_def_cfa_offset 56
 5783 0004 00AF     		add	r7, sp, #0
 5784              	.LCFI131:
 5785              		.cfi_def_cfa_register 7
1831:./SystemView/SEGGER_SYSVIEW.c **** #if (SEGGER_SYSVIEW_CAN_RESTART == 0)
1832:./SystemView/SEGGER_SYSVIEW.c ****   if (_SYSVIEW_Globals.EnableState == 0) {
1833:./SystemView/SEGGER_SYSVIEW.c **** #endif
1834:./SystemView/SEGGER_SYSVIEW.c ****     _SYSVIEW_Globals.EnableState = 1;
 5786              		.loc 1 1834 34
 5787 0006 584B     		ldr	r3, .L346
 5788 0008 0122     		movs	r2, #1
 5789 000a 1A70     		strb	r2, [r3]
 5790              	.LBB82:
1835:./SystemView/SEGGER_SYSVIEW.c **** #if (SEGGER_SYSVIEW_POST_MORTEM_MODE == 1)
1836:./SystemView/SEGGER_SYSVIEW.c ****     _SendSyncInfo();
1837:./SystemView/SEGGER_SYSVIEW.c **** #else
1838:./SystemView/SEGGER_SYSVIEW.c ****     SEGGER_SYSVIEW_LOCK();
 5791              		.loc 1 1838 5
 5792              		.syntax unified
 5793              	@ 1838 "./SystemView/SEGGER_SYSVIEW.c" 1
 5794 000c EFF31183 		mrs   r3, basepri  
 5795 0010 4FF02001 		mov   r1, #32       
 5796 0014 81F31188 		msr   basepri, r1  
 5797              		
 5798              	@ 0 "" 2
 5799              		.thumb
 5800              		.syntax unified
 5801 0018 FB60     		str	r3, [r7, #12]
1839:./SystemView/SEGGER_SYSVIEW.c ****     SEGGER_RTT_WriteSkipNoLock(CHANNEL_ID_UP, _abSync, 10);
 5802              		.loc 1 1839 32
 5803 001a 534B     		ldr	r3, .L346
 5804 001c 5B78     		ldrb	r3, [r3, #1]	@ zero_extendqisi2
 5805              		.loc 1 1839 5
 5806 001e 0A22     		movs	r2, #10
 5807 0020 5249     		ldr	r1, .L346+4
 5808 0022 1846     		mov	r0, r3
 5809 0024 FFF7FEFF 		bl	SEGGER_RTT_ASM_WriteSkipNoLock
1840:./SystemView/SEGGER_SYSVIEW.c ****     SEGGER_SYSVIEW_UNLOCK();
 5810              		.loc 1 1840 5
 5811 0028 FB68     		ldr	r3, [r7, #12]
 5812              		.syntax unified
 5813              	@ 1840 "./SystemView/SEGGER_SYSVIEW.c" 1
 5814 002a 83F31188 		msr   basepri, r3  
 5815              		
 5816              	@ 0 "" 2
 5817              		.thumb
ARM GAS  /var/folders/yl/_q9l42k90g1g4mdhbs226msm0000gn/T//ccxj18A8.s 			page 135


 5818              		.syntax unified
 5819              	.LBE82:
1841:./SystemView/SEGGER_SYSVIEW.c ****     SEGGER_SYSVIEW_ON_EVENT_RECORDED(10);
1842:./SystemView/SEGGER_SYSVIEW.c ****     SEGGER_SYSVIEW_RecordVoid(SYSVIEW_EVTID_TRACE_START);
 5820              		.loc 1 1842 5
 5821 002e 0A20     		movs	r0, #10
 5822 0030 FFF7FEFF 		bl	SEGGER_SYSVIEW_RecordVoid
 5823              	.LBB83:
 5824              	.LBB84:
1843:./SystemView/SEGGER_SYSVIEW.c ****     {
1844:./SystemView/SEGGER_SYSVIEW.c ****       U8* pPayload;
1845:./SystemView/SEGGER_SYSVIEW.c ****       U8* pPayloadStart;
1846:./SystemView/SEGGER_SYSVIEW.c ****       RECORD_START(SEGGER_SYSVIEW_INFO_SIZE + 4 * SEGGER_SYSVIEW_QUANTA_U32);
 5825              		.loc 1 1846 7
 5826              		.syntax unified
 5827              	@ 1846 "./SystemView/SEGGER_SYSVIEW.c" 1
 5828 0034 EFF31183 		mrs   r3, basepri  
 5829 0038 4FF02001 		mov   r1, #32       
 5830 003c 81F31188 		msr   basepri, r1  
 5831              		
 5832              	@ 0 "" 2
 5833              		.thumb
 5834              		.syntax unified
 5835 0040 BB60     		str	r3, [r7, #8]
 5836 0042 4B48     		ldr	r0, .L346+8
 5837 0044 FFF7FEFF 		bl	_PreparePacket
 5838 0048 7860     		str	r0, [r7, #4]
1847:./SystemView/SEGGER_SYSVIEW.c ****       //
1848:./SystemView/SEGGER_SYSVIEW.c ****       pPayload = pPayloadStart;
 5839              		.loc 1 1848 16
 5840 004a 7B68     		ldr	r3, [r7, #4]
 5841 004c 3B60     		str	r3, [r7]
 5842              	.LBB85:
1849:./SystemView/SEGGER_SYSVIEW.c ****       ENCODE_U32(pPayload, _SYSVIEW_Globals.SysFreq);
 5843              		.loc 1 1849 7
 5844 004e 3B68     		ldr	r3, [r7]
 5845 0050 FB62     		str	r3, [r7, #44]
 5846 0052 454B     		ldr	r3, .L346
 5847 0054 5B68     		ldr	r3, [r3, #4]
 5848 0056 BB62     		str	r3, [r7, #40]
 5849 0058 0BE0     		b	.L337
 5850              	.L338:
 5851              		.loc 1 1849 7 is_stmt 0 discriminator 3
 5852 005a BB6A     		ldr	r3, [r7, #40]
 5853 005c DAB2     		uxtb	r2, r3
 5854 005e FB6A     		ldr	r3, [r7, #44]
 5855 0060 591C     		adds	r1, r3, #1
 5856 0062 F962     		str	r1, [r7, #44]
 5857 0064 62F07F02 		orn	r2, r2, #127
 5858 0068 D2B2     		uxtb	r2, r2
 5859 006a 1A70     		strb	r2, [r3]
 5860 006c BB6A     		ldr	r3, [r7, #40]
 5861 006e DB09     		lsrs	r3, r3, #7
 5862 0070 BB62     		str	r3, [r7, #40]
 5863              	.L337:
 5864              		.loc 1 1849 7 discriminator 1
 5865 0072 BB6A     		ldr	r3, [r7, #40]
ARM GAS  /var/folders/yl/_q9l42k90g1g4mdhbs226msm0000gn/T//ccxj18A8.s 			page 136


 5866 0074 7F2B     		cmp	r3, #127
 5867 0076 F0D8     		bhi	.L338
 5868              		.loc 1 1849 7 discriminator 4
 5869 0078 FB6A     		ldr	r3, [r7, #44]
 5870 007a 5A1C     		adds	r2, r3, #1
 5871 007c FA62     		str	r2, [r7, #44]
 5872 007e BA6A     		ldr	r2, [r7, #40]
 5873 0080 D2B2     		uxtb	r2, r2
 5874 0082 1A70     		strb	r2, [r3]
 5875 0084 FB6A     		ldr	r3, [r7, #44]
 5876 0086 3B60     		str	r3, [r7]
 5877              	.LBE85:
 5878              	.LBB86:
1850:./SystemView/SEGGER_SYSVIEW.c ****       ENCODE_U32(pPayload, _SYSVIEW_Globals.CPUFreq);
 5879              		.loc 1 1850 7 is_stmt 1 discriminator 4
 5880 0088 3B68     		ldr	r3, [r7]
 5881 008a 7B62     		str	r3, [r7, #36]
 5882 008c 364B     		ldr	r3, .L346
 5883 008e 9B68     		ldr	r3, [r3, #8]
 5884 0090 3B62     		str	r3, [r7, #32]
 5885 0092 0BE0     		b	.L339
 5886              	.L340:
 5887              		.loc 1 1850 7 is_stmt 0 discriminator 3
 5888 0094 3B6A     		ldr	r3, [r7, #32]
 5889 0096 DAB2     		uxtb	r2, r3
 5890 0098 7B6A     		ldr	r3, [r7, #36]
 5891 009a 591C     		adds	r1, r3, #1
 5892 009c 7962     		str	r1, [r7, #36]
 5893 009e 62F07F02 		orn	r2, r2, #127
 5894 00a2 D2B2     		uxtb	r2, r2
 5895 00a4 1A70     		strb	r2, [r3]
 5896 00a6 3B6A     		ldr	r3, [r7, #32]
 5897 00a8 DB09     		lsrs	r3, r3, #7
 5898 00aa 3B62     		str	r3, [r7, #32]
 5899              	.L339:
 5900              		.loc 1 1850 7 discriminator 1
 5901 00ac 3B6A     		ldr	r3, [r7, #32]
 5902 00ae 7F2B     		cmp	r3, #127
 5903 00b0 F0D8     		bhi	.L340
 5904              		.loc 1 1850 7 discriminator 4
 5905 00b2 7B6A     		ldr	r3, [r7, #36]
 5906 00b4 5A1C     		adds	r2, r3, #1
 5907 00b6 7A62     		str	r2, [r7, #36]
 5908 00b8 3A6A     		ldr	r2, [r7, #32]
 5909 00ba D2B2     		uxtb	r2, r2
 5910 00bc 1A70     		strb	r2, [r3]
 5911 00be 7B6A     		ldr	r3, [r7, #36]
 5912 00c0 3B60     		str	r3, [r7]
 5913              	.LBE86:
 5914              	.LBB87:
1851:./SystemView/SEGGER_SYSVIEW.c ****       ENCODE_U32(pPayload, _SYSVIEW_Globals.RAMBaseAddress);
 5915              		.loc 1 1851 7 is_stmt 1 discriminator 4
 5916 00c2 3B68     		ldr	r3, [r7]
 5917 00c4 FB61     		str	r3, [r7, #28]
 5918 00c6 284B     		ldr	r3, .L346
 5919 00c8 1B69     		ldr	r3, [r3, #16]
 5920 00ca BB61     		str	r3, [r7, #24]
ARM GAS  /var/folders/yl/_q9l42k90g1g4mdhbs226msm0000gn/T//ccxj18A8.s 			page 137


 5921 00cc 0BE0     		b	.L341
 5922              	.L342:
 5923              		.loc 1 1851 7 is_stmt 0 discriminator 3
 5924 00ce BB69     		ldr	r3, [r7, #24]
 5925 00d0 DAB2     		uxtb	r2, r3
 5926 00d2 FB69     		ldr	r3, [r7, #28]
 5927 00d4 591C     		adds	r1, r3, #1
 5928 00d6 F961     		str	r1, [r7, #28]
 5929 00d8 62F07F02 		orn	r2, r2, #127
 5930 00dc D2B2     		uxtb	r2, r2
 5931 00de 1A70     		strb	r2, [r3]
 5932 00e0 BB69     		ldr	r3, [r7, #24]
 5933 00e2 DB09     		lsrs	r3, r3, #7
 5934 00e4 BB61     		str	r3, [r7, #24]
 5935              	.L341:
 5936              		.loc 1 1851 7 discriminator 1
 5937 00e6 BB69     		ldr	r3, [r7, #24]
 5938 00e8 7F2B     		cmp	r3, #127
 5939 00ea F0D8     		bhi	.L342
 5940              		.loc 1 1851 7 discriminator 4
 5941 00ec FB69     		ldr	r3, [r7, #28]
 5942 00ee 5A1C     		adds	r2, r3, #1
 5943 00f0 FA61     		str	r2, [r7, #28]
 5944 00f2 BA69     		ldr	r2, [r7, #24]
 5945 00f4 D2B2     		uxtb	r2, r2
 5946 00f6 1A70     		strb	r2, [r3]
 5947 00f8 FB69     		ldr	r3, [r7, #28]
 5948 00fa 3B60     		str	r3, [r7]
 5949              	.LBE87:
 5950              	.LBB88:
1852:./SystemView/SEGGER_SYSVIEW.c ****       ENCODE_U32(pPayload, SEGGER_SYSVIEW_ID_SHIFT);
 5951              		.loc 1 1852 7 is_stmt 1 discriminator 4
 5952 00fc 3B68     		ldr	r3, [r7]
 5953 00fe 7B61     		str	r3, [r7, #20]
 5954 0100 0023     		movs	r3, #0
 5955 0102 3B61     		str	r3, [r7, #16]
 5956 0104 0BE0     		b	.L343
 5957              	.L344:
 5958              		.loc 1 1852 7 is_stmt 0 discriminator 3
 5959 0106 3B69     		ldr	r3, [r7, #16]
 5960 0108 DAB2     		uxtb	r2, r3
 5961 010a 7B69     		ldr	r3, [r7, #20]
 5962 010c 591C     		adds	r1, r3, #1
 5963 010e 7961     		str	r1, [r7, #20]
 5964 0110 62F07F02 		orn	r2, r2, #127
 5965 0114 D2B2     		uxtb	r2, r2
 5966 0116 1A70     		strb	r2, [r3]
 5967 0118 3B69     		ldr	r3, [r7, #16]
 5968 011a DB09     		lsrs	r3, r3, #7
 5969 011c 3B61     		str	r3, [r7, #16]
 5970              	.L343:
 5971              		.loc 1 1852 7 discriminator 1
 5972 011e 3B69     		ldr	r3, [r7, #16]
 5973 0120 7F2B     		cmp	r3, #127
 5974 0122 F0D8     		bhi	.L344
 5975              		.loc 1 1852 7 discriminator 4
 5976 0124 7B69     		ldr	r3, [r7, #20]
ARM GAS  /var/folders/yl/_q9l42k90g1g4mdhbs226msm0000gn/T//ccxj18A8.s 			page 138


 5977 0126 5A1C     		adds	r2, r3, #1
 5978 0128 7A61     		str	r2, [r7, #20]
 5979 012a 3A69     		ldr	r2, [r7, #16]
 5980 012c D2B2     		uxtb	r2, r2
 5981 012e 1A70     		strb	r2, [r3]
 5982 0130 7B69     		ldr	r3, [r7, #20]
 5983 0132 3B60     		str	r3, [r7]
 5984              	.LBE88:
1853:./SystemView/SEGGER_SYSVIEW.c ****       _SendPacket(pPayloadStart, pPayload, SYSVIEW_EVTID_INIT);
 5985              		.loc 1 1853 7 is_stmt 1 discriminator 4
 5986 0134 1822     		movs	r2, #24
 5987 0136 3968     		ldr	r1, [r7]
 5988 0138 7868     		ldr	r0, [r7, #4]
 5989 013a FFF7FEFF 		bl	_SendPacket
1854:./SystemView/SEGGER_SYSVIEW.c ****       RECORD_END();
 5990              		.loc 1 1854 7 discriminator 4
 5991 013e BB68     		ldr	r3, [r7, #8]
 5992              		.syntax unified
 5993              	@ 1854 "./SystemView/SEGGER_SYSVIEW.c" 1
 5994 0140 83F31188 		msr   basepri, r3  
 5995              		
 5996              	@ 0 "" 2
 5997              		.thumb
 5998              		.syntax unified
 5999              	.LBE84:
 6000              	.LBE83:
1855:./SystemView/SEGGER_SYSVIEW.c ****     }
1856:./SystemView/SEGGER_SYSVIEW.c ****     if (_SYSVIEW_Globals.pfSendSysDesc) {
 6001              		.loc 1 1856 25 discriminator 4
 6002 0144 084B     		ldr	r3, .L346
 6003 0146 5B6A     		ldr	r3, [r3, #36]
 6004              		.loc 1 1856 8 discriminator 4
 6005 0148 002B     		cmp	r3, #0
 6006 014a 02D0     		beq	.L345
1857:./SystemView/SEGGER_SYSVIEW.c ****       _SYSVIEW_Globals.pfSendSysDesc();
 6007              		.loc 1 1857 23
 6008 014c 064B     		ldr	r3, .L346
 6009 014e 5B6A     		ldr	r3, [r3, #36]
 6010              		.loc 1 1857 7
 6011 0150 9847     		blx	r3
 6012              	.LVL0:
 6013              	.L345:
1858:./SystemView/SEGGER_SYSVIEW.c ****     }
1859:./SystemView/SEGGER_SYSVIEW.c ****     SEGGER_SYSVIEW_RecordSystime();
 6014              		.loc 1 1859 5
 6015 0152 FFF7FEFF 		bl	SEGGER_SYSVIEW_RecordSystime
1860:./SystemView/SEGGER_SYSVIEW.c ****     SEGGER_SYSVIEW_SendTaskList();
 6016              		.loc 1 1860 5
 6017 0156 FFF7FEFF 		bl	SEGGER_SYSVIEW_SendTaskList
1861:./SystemView/SEGGER_SYSVIEW.c ****     SEGGER_SYSVIEW_SendNumModules();
 6018              		.loc 1 1861 5
 6019 015a FFF7FEFF 		bl	SEGGER_SYSVIEW_SendNumModules
1862:./SystemView/SEGGER_SYSVIEW.c **** #endif
1863:./SystemView/SEGGER_SYSVIEW.c **** #if (SEGGER_SYSVIEW_CAN_RESTART == 0)
1864:./SystemView/SEGGER_SYSVIEW.c ****   }
1865:./SystemView/SEGGER_SYSVIEW.c **** #endif
1866:./SystemView/SEGGER_SYSVIEW.c **** }
ARM GAS  /var/folders/yl/_q9l42k90g1g4mdhbs226msm0000gn/T//ccxj18A8.s 			page 139


 6020              		.loc 1 1866 1
 6021 015e 00BF     		nop
 6022 0160 3037     		adds	r7, r7, #48
 6023              	.LCFI132:
 6024              		.cfi_def_cfa_offset 8
 6025 0162 BD46     		mov	sp, r7
 6026              	.LCFI133:
 6027              		.cfi_def_cfa_register 13
 6028              		@ sp needed
 6029 0164 80BD     		pop	{r7, pc}
 6030              	.L347:
 6031 0166 00BF     		.align	2
 6032              	.L346:
 6033 0168 00000000 		.word	_SYSVIEW_Globals
 6034 016c 00000000 		.word	_abSync
 6035 0170 00000000 		.word	_aPacket
 6036              		.cfi_endproc
 6037              	.LFE25:
 6039              		.section	.text.SEGGER_SYSVIEW_Stop,"ax",%progbits
 6040              		.align	1
 6041              		.global	SEGGER_SYSVIEW_Stop
 6042              		.syntax unified
 6043              		.thumb
 6044              		.thumb_func
 6046              	SEGGER_SYSVIEW_Stop:
 6047              	.LFB26:
1867:./SystemView/SEGGER_SYSVIEW.c **** 
1868:./SystemView/SEGGER_SYSVIEW.c **** /*********************************************************************
1869:./SystemView/SEGGER_SYSVIEW.c **** *
1870:./SystemView/SEGGER_SYSVIEW.c **** *       SEGGER_SYSVIEW_Stop()
1871:./SystemView/SEGGER_SYSVIEW.c **** *
1872:./SystemView/SEGGER_SYSVIEW.c **** *  Function description
1873:./SystemView/SEGGER_SYSVIEW.c **** *    Stop recording SystemView events.
1874:./SystemView/SEGGER_SYSVIEW.c **** *
1875:./SystemView/SEGGER_SYSVIEW.c **** *    This function is triggered by the SystemView Application on disconnect.
1876:./SystemView/SEGGER_SYSVIEW.c **** *    For single-shot or postmortem mode recording, it can be called
1877:./SystemView/SEGGER_SYSVIEW.c **** *    by the application.
1878:./SystemView/SEGGER_SYSVIEW.c **** *
1879:./SystemView/SEGGER_SYSVIEW.c **** *  Additional information
1880:./SystemView/SEGGER_SYSVIEW.c **** *    This function disables transmission of SystemView packets recorded
1881:./SystemView/SEGGER_SYSVIEW.c **** *    by subsequent trace calls.  If transmission is enabled when
1882:./SystemView/SEGGER_SYSVIEW.c **** *    this function is called, a single SystemView Stop event is recorded
1883:./SystemView/SEGGER_SYSVIEW.c **** *    to the trace, send, and then trace transmission is halted.
1884:./SystemView/SEGGER_SYSVIEW.c **** */
1885:./SystemView/SEGGER_SYSVIEW.c **** void SEGGER_SYSVIEW_Stop(void) {
 6048              		.loc 1 1885 32
 6049              		.cfi_startproc
 6050              		@ args = 0, pretend = 0, frame = 8
 6051              		@ frame_needed = 1, uses_anonymous_args = 0
 6052 0000 80B5     		push	{r7, lr}
 6053              	.LCFI134:
 6054              		.cfi_def_cfa_offset 8
 6055              		.cfi_offset 7, -8
 6056              		.cfi_offset 14, -4
 6057 0002 82B0     		sub	sp, sp, #8
 6058              	.LCFI135:
 6059              		.cfi_def_cfa_offset 16
ARM GAS  /var/folders/yl/_q9l42k90g1g4mdhbs226msm0000gn/T//ccxj18A8.s 			page 140


 6060 0004 00AF     		add	r7, sp, #0
 6061              	.LCFI136:
 6062              		.cfi_def_cfa_register 7
 6063              	.LBB89:
1886:./SystemView/SEGGER_SYSVIEW.c ****   U8* pPayloadStart;
1887:./SystemView/SEGGER_SYSVIEW.c ****   RECORD_START(SEGGER_SYSVIEW_INFO_SIZE);
 6064              		.loc 1 1887 3
 6065              		.syntax unified
 6066              	@ 1887 "./SystemView/SEGGER_SYSVIEW.c" 1
 6067 0006 EFF31183 		mrs   r3, basepri  
 6068 000a 4FF02001 		mov   r1, #32       
 6069 000e 81F31188 		msr   basepri, r1  
 6070              		
 6071              	@ 0 "" 2
 6072              		.thumb
 6073              		.syntax unified
 6074 0012 7B60     		str	r3, [r7, #4]
 6075 0014 0B48     		ldr	r0, .L350
 6076 0016 FFF7FEFF 		bl	_PreparePacket
 6077 001a 3860     		str	r0, [r7]
1888:./SystemView/SEGGER_SYSVIEW.c ****   //
1889:./SystemView/SEGGER_SYSVIEW.c ****   if (_SYSVIEW_Globals.EnableState) {
 6078              		.loc 1 1889 23
 6079 001c 0A4B     		ldr	r3, .L350+4
 6080 001e 1B78     		ldrb	r3, [r3]	@ zero_extendqisi2
 6081              		.loc 1 1889 6
 6082 0020 002B     		cmp	r3, #0
 6083 0022 07D0     		beq	.L349
1890:./SystemView/SEGGER_SYSVIEW.c ****     _SendPacket(pPayloadStart, pPayloadStart, SYSVIEW_EVTID_TRACE_STOP);
 6084              		.loc 1 1890 5
 6085 0024 0B22     		movs	r2, #11
 6086 0026 3968     		ldr	r1, [r7]
 6087 0028 3868     		ldr	r0, [r7]
 6088 002a FFF7FEFF 		bl	_SendPacket
1891:./SystemView/SEGGER_SYSVIEW.c ****     _SYSVIEW_Globals.EnableState = 0;
 6089              		.loc 1 1891 34
 6090 002e 064B     		ldr	r3, .L350+4
 6091 0030 0022     		movs	r2, #0
 6092 0032 1A70     		strb	r2, [r3]
 6093              	.L349:
1892:./SystemView/SEGGER_SYSVIEW.c ****   }
1893:./SystemView/SEGGER_SYSVIEW.c ****   RECORD_END();
 6094              		.loc 1 1893 3
 6095 0034 7B68     		ldr	r3, [r7, #4]
 6096              		.syntax unified
 6097              	@ 1893 "./SystemView/SEGGER_SYSVIEW.c" 1
 6098 0036 83F31188 		msr   basepri, r3  
 6099              		
 6100              	@ 0 "" 2
 6101              		.thumb
 6102              		.syntax unified
 6103              	.LBE89:
1894:./SystemView/SEGGER_SYSVIEW.c **** }
 6104              		.loc 1 1894 1
 6105 003a 00BF     		nop
 6106 003c 0837     		adds	r7, r7, #8
 6107              	.LCFI137:
ARM GAS  /var/folders/yl/_q9l42k90g1g4mdhbs226msm0000gn/T//ccxj18A8.s 			page 141


 6108              		.cfi_def_cfa_offset 8
 6109 003e BD46     		mov	sp, r7
 6110              	.LCFI138:
 6111              		.cfi_def_cfa_register 13
 6112              		@ sp needed
 6113 0040 80BD     		pop	{r7, pc}
 6114              	.L351:
 6115 0042 00BF     		.align	2
 6116              	.L350:
 6117 0044 00000000 		.word	_aPacket
 6118 0048 00000000 		.word	_SYSVIEW_Globals
 6119              		.cfi_endproc
 6120              	.LFE26:
 6122              		.section	.text.SEGGER_SYSVIEW_GetChannelID,"ax",%progbits
 6123              		.align	1
 6124              		.global	SEGGER_SYSVIEW_GetChannelID
 6125              		.syntax unified
 6126              		.thumb
 6127              		.thumb_func
 6129              	SEGGER_SYSVIEW_GetChannelID:
 6130              	.LFB27:
1895:./SystemView/SEGGER_SYSVIEW.c **** 
1896:./SystemView/SEGGER_SYSVIEW.c **** /*********************************************************************
1897:./SystemView/SEGGER_SYSVIEW.c **** *
1898:./SystemView/SEGGER_SYSVIEW.c **** *       SEGGER_SYSVIEW_GetChannelID()
1899:./SystemView/SEGGER_SYSVIEW.c **** *
1900:./SystemView/SEGGER_SYSVIEW.c **** *  Function description
1901:./SystemView/SEGGER_SYSVIEW.c **** *    Returns the RTT <Up> / <Down> channel ID used by SystemView.
1902:./SystemView/SEGGER_SYSVIEW.c **** */
1903:./SystemView/SEGGER_SYSVIEW.c **** int SEGGER_SYSVIEW_GetChannelID(void) {
 6131              		.loc 1 1903 39
 6132              		.cfi_startproc
 6133              		@ args = 0, pretend = 0, frame = 0
 6134              		@ frame_needed = 1, uses_anonymous_args = 0
 6135              		@ link register save eliminated.
 6136 0000 80B4     		push	{r7}
 6137              	.LCFI139:
 6138              		.cfi_def_cfa_offset 4
 6139              		.cfi_offset 7, -4
 6140 0002 00AF     		add	r7, sp, #0
 6141              	.LCFI140:
 6142              		.cfi_def_cfa_register 7
1904:./SystemView/SEGGER_SYSVIEW.c ****   return CHANNEL_ID_UP;
 6143              		.loc 1 1904 10
 6144 0004 034B     		ldr	r3, .L354
 6145 0006 5B78     		ldrb	r3, [r3, #1]	@ zero_extendqisi2
1905:./SystemView/SEGGER_SYSVIEW.c **** }
 6146              		.loc 1 1905 1
 6147 0008 1846     		mov	r0, r3
 6148 000a BD46     		mov	sp, r7
 6149              	.LCFI141:
 6150              		.cfi_def_cfa_register 13
 6151              		@ sp needed
 6152 000c 5DF8047B 		ldr	r7, [sp], #4
 6153              	.LCFI142:
 6154              		.cfi_restore 7
 6155              		.cfi_def_cfa_offset 0
ARM GAS  /var/folders/yl/_q9l42k90g1g4mdhbs226msm0000gn/T//ccxj18A8.s 			page 142


 6156 0010 7047     		bx	lr
 6157              	.L355:
 6158 0012 00BF     		.align	2
 6159              	.L354:
 6160 0014 00000000 		.word	_SYSVIEW_Globals
 6161              		.cfi_endproc
 6162              	.LFE27:
 6164              		.section	.text.SEGGER_SYSVIEW_GetSysDesc,"ax",%progbits
 6165              		.align	1
 6166              		.global	SEGGER_SYSVIEW_GetSysDesc
 6167              		.syntax unified
 6168              		.thumb
 6169              		.thumb_func
 6171              	SEGGER_SYSVIEW_GetSysDesc:
 6172              	.LFB28:
1906:./SystemView/SEGGER_SYSVIEW.c **** 
1907:./SystemView/SEGGER_SYSVIEW.c **** /*********************************************************************
1908:./SystemView/SEGGER_SYSVIEW.c **** *
1909:./SystemView/SEGGER_SYSVIEW.c **** *       SEGGER_SYSVIEW_GetSysDesc()
1910:./SystemView/SEGGER_SYSVIEW.c **** *
1911:./SystemView/SEGGER_SYSVIEW.c **** *  Function description
1912:./SystemView/SEGGER_SYSVIEW.c **** *    Triggers a send of the system information and description.
1913:./SystemView/SEGGER_SYSVIEW.c **** *
1914:./SystemView/SEGGER_SYSVIEW.c **** */
1915:./SystemView/SEGGER_SYSVIEW.c **** void SEGGER_SYSVIEW_GetSysDesc(void) {
 6173              		.loc 1 1915 38
 6174              		.cfi_startproc
 6175              		@ args = 0, pretend = 0, frame = 48
 6176              		@ frame_needed = 1, uses_anonymous_args = 0
 6177 0000 80B5     		push	{r7, lr}
 6178              	.LCFI143:
 6179              		.cfi_def_cfa_offset 8
 6180              		.cfi_offset 7, -8
 6181              		.cfi_offset 14, -4
 6182 0002 8CB0     		sub	sp, sp, #48
 6183              	.LCFI144:
 6184              		.cfi_def_cfa_offset 56
 6185 0004 00AF     		add	r7, sp, #0
 6186              	.LCFI145:
 6187              		.cfi_def_cfa_register 7
 6188              	.LBB90:
1916:./SystemView/SEGGER_SYSVIEW.c ****   U8* pPayload;
1917:./SystemView/SEGGER_SYSVIEW.c ****   U8* pPayloadStart;
1918:./SystemView/SEGGER_SYSVIEW.c ****   RECORD_START(SEGGER_SYSVIEW_INFO_SIZE + 4 * SEGGER_SYSVIEW_QUANTA_U32);
 6189              		.loc 1 1918 3
 6190              		.syntax unified
 6191              	@ 1918 "./SystemView/SEGGER_SYSVIEW.c" 1
 6192 0006 EFF31183 		mrs   r3, basepri  
 6193 000a 4FF02001 		mov   r1, #32       
 6194 000e 81F31188 		msr   basepri, r1  
 6195              		
 6196              	@ 0 "" 2
 6197              		.thumb
 6198              		.syntax unified
 6199 0012 FB60     		str	r3, [r7, #12]
 6200 0014 4548     		ldr	r0, .L367
 6201 0016 FFF7FEFF 		bl	_PreparePacket
ARM GAS  /var/folders/yl/_q9l42k90g1g4mdhbs226msm0000gn/T//ccxj18A8.s 			page 143


 6202 001a B860     		str	r0, [r7, #8]
1919:./SystemView/SEGGER_SYSVIEW.c ****   //
1920:./SystemView/SEGGER_SYSVIEW.c ****   pPayload = pPayloadStart;
 6203              		.loc 1 1920 12
 6204 001c BB68     		ldr	r3, [r7, #8]
 6205 001e 7B60     		str	r3, [r7, #4]
 6206              	.LBB91:
1921:./SystemView/SEGGER_SYSVIEW.c ****   ENCODE_U32(pPayload, _SYSVIEW_Globals.SysFreq);
 6207              		.loc 1 1921 3
 6208 0020 7B68     		ldr	r3, [r7, #4]
 6209 0022 FB62     		str	r3, [r7, #44]
 6210 0024 424B     		ldr	r3, .L367+4
 6211 0026 5B68     		ldr	r3, [r3, #4]
 6212 0028 BB62     		str	r3, [r7, #40]
 6213 002a 0BE0     		b	.L357
 6214              	.L358:
 6215              		.loc 1 1921 3 is_stmt 0 discriminator 3
 6216 002c BB6A     		ldr	r3, [r7, #40]
 6217 002e DAB2     		uxtb	r2, r3
 6218 0030 FB6A     		ldr	r3, [r7, #44]
 6219 0032 591C     		adds	r1, r3, #1
 6220 0034 F962     		str	r1, [r7, #44]
 6221 0036 62F07F02 		orn	r2, r2, #127
 6222 003a D2B2     		uxtb	r2, r2
 6223 003c 1A70     		strb	r2, [r3]
 6224 003e BB6A     		ldr	r3, [r7, #40]
 6225 0040 DB09     		lsrs	r3, r3, #7
 6226 0042 BB62     		str	r3, [r7, #40]
 6227              	.L357:
 6228              		.loc 1 1921 3 discriminator 1
 6229 0044 BB6A     		ldr	r3, [r7, #40]
 6230 0046 7F2B     		cmp	r3, #127
 6231 0048 F0D8     		bhi	.L358
 6232              		.loc 1 1921 3 discriminator 4
 6233 004a FB6A     		ldr	r3, [r7, #44]
 6234 004c 5A1C     		adds	r2, r3, #1
 6235 004e FA62     		str	r2, [r7, #44]
 6236 0050 BA6A     		ldr	r2, [r7, #40]
 6237 0052 D2B2     		uxtb	r2, r2
 6238 0054 1A70     		strb	r2, [r3]
 6239 0056 FB6A     		ldr	r3, [r7, #44]
 6240 0058 7B60     		str	r3, [r7, #4]
 6241              	.LBE91:
 6242              	.LBB92:
1922:./SystemView/SEGGER_SYSVIEW.c ****   ENCODE_U32(pPayload, _SYSVIEW_Globals.CPUFreq);
 6243              		.loc 1 1922 3 is_stmt 1 discriminator 4
 6244 005a 7B68     		ldr	r3, [r7, #4]
 6245 005c 7B62     		str	r3, [r7, #36]
 6246 005e 344B     		ldr	r3, .L367+4
 6247 0060 9B68     		ldr	r3, [r3, #8]
 6248 0062 3B62     		str	r3, [r7, #32]
 6249 0064 0BE0     		b	.L359
 6250              	.L360:
 6251              		.loc 1 1922 3 is_stmt 0 discriminator 3
 6252 0066 3B6A     		ldr	r3, [r7, #32]
 6253 0068 DAB2     		uxtb	r2, r3
 6254 006a 7B6A     		ldr	r3, [r7, #36]
ARM GAS  /var/folders/yl/_q9l42k90g1g4mdhbs226msm0000gn/T//ccxj18A8.s 			page 144


 6255 006c 591C     		adds	r1, r3, #1
 6256 006e 7962     		str	r1, [r7, #36]
 6257 0070 62F07F02 		orn	r2, r2, #127
 6258 0074 D2B2     		uxtb	r2, r2
 6259 0076 1A70     		strb	r2, [r3]
 6260 0078 3B6A     		ldr	r3, [r7, #32]
 6261 007a DB09     		lsrs	r3, r3, #7
 6262 007c 3B62     		str	r3, [r7, #32]
 6263              	.L359:
 6264              		.loc 1 1922 3 discriminator 1
 6265 007e 3B6A     		ldr	r3, [r7, #32]
 6266 0080 7F2B     		cmp	r3, #127
 6267 0082 F0D8     		bhi	.L360
 6268              		.loc 1 1922 3 discriminator 4
 6269 0084 7B6A     		ldr	r3, [r7, #36]
 6270 0086 5A1C     		adds	r2, r3, #1
 6271 0088 7A62     		str	r2, [r7, #36]
 6272 008a 3A6A     		ldr	r2, [r7, #32]
 6273 008c D2B2     		uxtb	r2, r2
 6274 008e 1A70     		strb	r2, [r3]
 6275 0090 7B6A     		ldr	r3, [r7, #36]
 6276 0092 7B60     		str	r3, [r7, #4]
 6277              	.LBE92:
 6278              	.LBB93:
1923:./SystemView/SEGGER_SYSVIEW.c ****   ENCODE_U32(pPayload, _SYSVIEW_Globals.RAMBaseAddress);
 6279              		.loc 1 1923 3 is_stmt 1 discriminator 4
 6280 0094 7B68     		ldr	r3, [r7, #4]
 6281 0096 FB61     		str	r3, [r7, #28]
 6282 0098 254B     		ldr	r3, .L367+4
 6283 009a 1B69     		ldr	r3, [r3, #16]
 6284 009c BB61     		str	r3, [r7, #24]
 6285 009e 0BE0     		b	.L361
 6286              	.L362:
 6287              		.loc 1 1923 3 is_stmt 0 discriminator 3
 6288 00a0 BB69     		ldr	r3, [r7, #24]
 6289 00a2 DAB2     		uxtb	r2, r3
 6290 00a4 FB69     		ldr	r3, [r7, #28]
 6291 00a6 591C     		adds	r1, r3, #1
 6292 00a8 F961     		str	r1, [r7, #28]
 6293 00aa 62F07F02 		orn	r2, r2, #127
 6294 00ae D2B2     		uxtb	r2, r2
 6295 00b0 1A70     		strb	r2, [r3]
 6296 00b2 BB69     		ldr	r3, [r7, #24]
 6297 00b4 DB09     		lsrs	r3, r3, #7
 6298 00b6 BB61     		str	r3, [r7, #24]
 6299              	.L361:
 6300              		.loc 1 1923 3 discriminator 1
 6301 00b8 BB69     		ldr	r3, [r7, #24]
 6302 00ba 7F2B     		cmp	r3, #127
 6303 00bc F0D8     		bhi	.L362
 6304              		.loc 1 1923 3 discriminator 4
 6305 00be FB69     		ldr	r3, [r7, #28]
 6306 00c0 5A1C     		adds	r2, r3, #1
 6307 00c2 FA61     		str	r2, [r7, #28]
 6308 00c4 BA69     		ldr	r2, [r7, #24]
 6309 00c6 D2B2     		uxtb	r2, r2
 6310 00c8 1A70     		strb	r2, [r3]
ARM GAS  /var/folders/yl/_q9l42k90g1g4mdhbs226msm0000gn/T//ccxj18A8.s 			page 145


 6311 00ca FB69     		ldr	r3, [r7, #28]
 6312 00cc 7B60     		str	r3, [r7, #4]
 6313              	.LBE93:
 6314              	.LBB94:
1924:./SystemView/SEGGER_SYSVIEW.c ****   ENCODE_U32(pPayload, SEGGER_SYSVIEW_ID_SHIFT);
 6315              		.loc 1 1924 3 is_stmt 1 discriminator 4
 6316 00ce 7B68     		ldr	r3, [r7, #4]
 6317 00d0 7B61     		str	r3, [r7, #20]
 6318 00d2 0023     		movs	r3, #0
 6319 00d4 3B61     		str	r3, [r7, #16]
 6320 00d6 0BE0     		b	.L363
 6321              	.L364:
 6322              		.loc 1 1924 3 is_stmt 0 discriminator 3
 6323 00d8 3B69     		ldr	r3, [r7, #16]
 6324 00da DAB2     		uxtb	r2, r3
 6325 00dc 7B69     		ldr	r3, [r7, #20]
 6326 00de 591C     		adds	r1, r3, #1
 6327 00e0 7961     		str	r1, [r7, #20]
 6328 00e2 62F07F02 		orn	r2, r2, #127
 6329 00e6 D2B2     		uxtb	r2, r2
 6330 00e8 1A70     		strb	r2, [r3]
 6331 00ea 3B69     		ldr	r3, [r7, #16]
 6332 00ec DB09     		lsrs	r3, r3, #7
 6333 00ee 3B61     		str	r3, [r7, #16]
 6334              	.L363:
 6335              		.loc 1 1924 3 discriminator 1
 6336 00f0 3B69     		ldr	r3, [r7, #16]
 6337 00f2 7F2B     		cmp	r3, #127
 6338 00f4 F0D8     		bhi	.L364
 6339              		.loc 1 1924 3 discriminator 4
 6340 00f6 7B69     		ldr	r3, [r7, #20]
 6341 00f8 5A1C     		adds	r2, r3, #1
 6342 00fa 7A61     		str	r2, [r7, #20]
 6343 00fc 3A69     		ldr	r2, [r7, #16]
 6344 00fe D2B2     		uxtb	r2, r2
 6345 0100 1A70     		strb	r2, [r3]
 6346 0102 7B69     		ldr	r3, [r7, #20]
 6347 0104 7B60     		str	r3, [r7, #4]
 6348              	.LBE94:
1925:./SystemView/SEGGER_SYSVIEW.c ****   _SendPacket(pPayloadStart, pPayload, SYSVIEW_EVTID_INIT);
 6349              		.loc 1 1925 3 is_stmt 1 discriminator 4
 6350 0106 1822     		movs	r2, #24
 6351 0108 7968     		ldr	r1, [r7, #4]
 6352 010a B868     		ldr	r0, [r7, #8]
 6353 010c FFF7FEFF 		bl	_SendPacket
1926:./SystemView/SEGGER_SYSVIEW.c ****   RECORD_END();
 6354              		.loc 1 1926 3 discriminator 4
 6355 0110 FB68     		ldr	r3, [r7, #12]
 6356              		.syntax unified
 6357              	@ 1926 "./SystemView/SEGGER_SYSVIEW.c" 1
 6358 0112 83F31188 		msr   basepri, r3  
 6359              		
 6360              	@ 0 "" 2
 6361              		.thumb
 6362              		.syntax unified
 6363              	.LBE90:
1927:./SystemView/SEGGER_SYSVIEW.c ****   if (_SYSVIEW_Globals.pfSendSysDesc) {
ARM GAS  /var/folders/yl/_q9l42k90g1g4mdhbs226msm0000gn/T//ccxj18A8.s 			page 146


 6364              		.loc 1 1927 23 discriminator 4
 6365 0116 064B     		ldr	r3, .L367+4
 6366 0118 5B6A     		ldr	r3, [r3, #36]
 6367              		.loc 1 1927 6 discriminator 4
 6368 011a 002B     		cmp	r3, #0
 6369 011c 02D0     		beq	.L366
1928:./SystemView/SEGGER_SYSVIEW.c ****     _SYSVIEW_Globals.pfSendSysDesc();
 6370              		.loc 1 1928 21
 6371 011e 044B     		ldr	r3, .L367+4
 6372 0120 5B6A     		ldr	r3, [r3, #36]
 6373              		.loc 1 1928 5
 6374 0122 9847     		blx	r3
 6375              	.LVL1:
 6376              	.L366:
1929:./SystemView/SEGGER_SYSVIEW.c ****   }
1930:./SystemView/SEGGER_SYSVIEW.c **** }
 6377              		.loc 1 1930 1
 6378 0124 00BF     		nop
 6379 0126 3037     		adds	r7, r7, #48
 6380              	.LCFI146:
 6381              		.cfi_def_cfa_offset 8
 6382 0128 BD46     		mov	sp, r7
 6383              	.LCFI147:
 6384              		.cfi_def_cfa_register 13
 6385              		@ sp needed
 6386 012a 80BD     		pop	{r7, pc}
 6387              	.L368:
 6388              		.align	2
 6389              	.L367:
 6390 012c 00000000 		.word	_aPacket
 6391 0130 00000000 		.word	_SYSVIEW_Globals
 6392              		.cfi_endproc
 6393              	.LFE28:
 6395              		.section	.text.SEGGER_SYSVIEW_SendTaskInfo,"ax",%progbits
 6396              		.align	1
 6397              		.global	SEGGER_SYSVIEW_SendTaskInfo
 6398              		.syntax unified
 6399              		.thumb
 6400              		.thumb_func
 6402              	SEGGER_SYSVIEW_SendTaskInfo:
 6403              	.LFB29:
1931:./SystemView/SEGGER_SYSVIEW.c **** 
1932:./SystemView/SEGGER_SYSVIEW.c **** /*********************************************************************
1933:./SystemView/SEGGER_SYSVIEW.c **** *
1934:./SystemView/SEGGER_SYSVIEW.c **** *       SEGGER_SYSVIEW_SendTaskInfo()
1935:./SystemView/SEGGER_SYSVIEW.c **** *
1936:./SystemView/SEGGER_SYSVIEW.c **** *  Function description
1937:./SystemView/SEGGER_SYSVIEW.c **** *    Send a Task Info Packet, containing TaskId for identification,
1938:./SystemView/SEGGER_SYSVIEW.c **** *    task priority and task name.
1939:./SystemView/SEGGER_SYSVIEW.c **** *
1940:./SystemView/SEGGER_SYSVIEW.c **** *  Parameters
1941:./SystemView/SEGGER_SYSVIEW.c **** *    pInfo - Pointer to task information to send.
1942:./SystemView/SEGGER_SYSVIEW.c **** */
1943:./SystemView/SEGGER_SYSVIEW.c **** void SEGGER_SYSVIEW_SendTaskInfo(const SEGGER_SYSVIEW_TASKINFO *pInfo) {
 6404              		.loc 1 1943 72
 6405              		.cfi_startproc
 6406              		@ args = 0, pretend = 0, frame = 72
ARM GAS  /var/folders/yl/_q9l42k90g1g4mdhbs226msm0000gn/T//ccxj18A8.s 			page 147


 6407              		@ frame_needed = 1, uses_anonymous_args = 0
 6408 0000 80B5     		push	{r7, lr}
 6409              	.LCFI148:
 6410              		.cfi_def_cfa_offset 8
 6411              		.cfi_offset 7, -8
 6412              		.cfi_offset 14, -4
 6413 0002 92B0     		sub	sp, sp, #72
 6414              	.LCFI149:
 6415              		.cfi_def_cfa_offset 80
 6416 0004 00AF     		add	r7, sp, #0
 6417              	.LCFI150:
 6418              		.cfi_def_cfa_register 7
 6419 0006 7860     		str	r0, [r7, #4]
 6420              	.LBB95:
1944:./SystemView/SEGGER_SYSVIEW.c ****   U8* pPayload;
1945:./SystemView/SEGGER_SYSVIEW.c ****   U8* pPayloadStart;
1946:./SystemView/SEGGER_SYSVIEW.c ****   RECORD_START(SEGGER_SYSVIEW_INFO_SIZE + SEGGER_SYSVIEW_QUANTA_U32 + 1 + 32);
 6421              		.loc 1 1946 3
 6422              		.syntax unified
 6423              	@ 1946 "./SystemView/SEGGER_SYSVIEW.c" 1
 6424 0008 EFF31183 		mrs   r3, basepri  
 6425 000c 4FF02001 		mov   r1, #32       
 6426 0010 81F31188 		msr   basepri, r1  
 6427              		
 6428              	@ 0 "" 2
 6429              		.thumb
 6430              		.syntax unified
 6431 0014 7B61     		str	r3, [r7, #20]
 6432 0016 6A48     		ldr	r0, .L382
 6433 0018 FFF7FEFF 		bl	_PreparePacket
 6434 001c 3861     		str	r0, [r7, #16]
1947:./SystemView/SEGGER_SYSVIEW.c ****   //
1948:./SystemView/SEGGER_SYSVIEW.c ****   pPayload = pPayloadStart;
 6435              		.loc 1 1948 12
 6436 001e 3B69     		ldr	r3, [r7, #16]
 6437 0020 FB60     		str	r3, [r7, #12]
 6438              	.LBB96:
1949:./SystemView/SEGGER_SYSVIEW.c ****   ENCODE_U32(pPayload, SHRINK_ID(pInfo->TaskID));
 6439              		.loc 1 1949 3
 6440 0022 FB68     		ldr	r3, [r7, #12]
 6441 0024 7B64     		str	r3, [r7, #68]
 6442 0026 7B68     		ldr	r3, [r7, #4]
 6443 0028 1A68     		ldr	r2, [r3]
 6444 002a 664B     		ldr	r3, .L382+4
 6445 002c 1B69     		ldr	r3, [r3, #16]
 6446 002e D31A     		subs	r3, r2, r3
 6447 0030 3B64     		str	r3, [r7, #64]
 6448 0032 0BE0     		b	.L370
 6449              	.L371:
 6450              		.loc 1 1949 3 is_stmt 0 discriminator 3
 6451 0034 3B6C     		ldr	r3, [r7, #64]
 6452 0036 DAB2     		uxtb	r2, r3
 6453 0038 7B6C     		ldr	r3, [r7, #68]
 6454 003a 591C     		adds	r1, r3, #1
 6455 003c 7964     		str	r1, [r7, #68]
 6456 003e 62F07F02 		orn	r2, r2, #127
 6457 0042 D2B2     		uxtb	r2, r2
ARM GAS  /var/folders/yl/_q9l42k90g1g4mdhbs226msm0000gn/T//ccxj18A8.s 			page 148


 6458 0044 1A70     		strb	r2, [r3]
 6459 0046 3B6C     		ldr	r3, [r7, #64]
 6460 0048 DB09     		lsrs	r3, r3, #7
 6461 004a 3B64     		str	r3, [r7, #64]
 6462              	.L370:
 6463              		.loc 1 1949 3 discriminator 1
 6464 004c 3B6C     		ldr	r3, [r7, #64]
 6465 004e 7F2B     		cmp	r3, #127
 6466 0050 F0D8     		bhi	.L371
 6467              		.loc 1 1949 3 discriminator 4
 6468 0052 7B6C     		ldr	r3, [r7, #68]
 6469 0054 5A1C     		adds	r2, r3, #1
 6470 0056 7A64     		str	r2, [r7, #68]
 6471 0058 3A6C     		ldr	r2, [r7, #64]
 6472 005a D2B2     		uxtb	r2, r2
 6473 005c 1A70     		strb	r2, [r3]
 6474 005e 7B6C     		ldr	r3, [r7, #68]
 6475 0060 FB60     		str	r3, [r7, #12]
 6476              	.LBE96:
 6477              	.LBB97:
1950:./SystemView/SEGGER_SYSVIEW.c ****   ENCODE_U32(pPayload, pInfo->Prio);
 6478              		.loc 1 1950 3 is_stmt 1 discriminator 4
 6479 0062 FB68     		ldr	r3, [r7, #12]
 6480 0064 FB63     		str	r3, [r7, #60]
 6481 0066 7B68     		ldr	r3, [r7, #4]
 6482 0068 9B68     		ldr	r3, [r3, #8]
 6483 006a BB63     		str	r3, [r7, #56]
 6484 006c 0BE0     		b	.L372
 6485              	.L373:
 6486              		.loc 1 1950 3 is_stmt 0 discriminator 3
 6487 006e BB6B     		ldr	r3, [r7, #56]
 6488 0070 DAB2     		uxtb	r2, r3
 6489 0072 FB6B     		ldr	r3, [r7, #60]
 6490 0074 591C     		adds	r1, r3, #1
 6491 0076 F963     		str	r1, [r7, #60]
 6492 0078 62F07F02 		orn	r2, r2, #127
 6493 007c D2B2     		uxtb	r2, r2
 6494 007e 1A70     		strb	r2, [r3]
 6495 0080 BB6B     		ldr	r3, [r7, #56]
 6496 0082 DB09     		lsrs	r3, r3, #7
 6497 0084 BB63     		str	r3, [r7, #56]
 6498              	.L372:
 6499              		.loc 1 1950 3 discriminator 1
 6500 0086 BB6B     		ldr	r3, [r7, #56]
 6501 0088 7F2B     		cmp	r3, #127
 6502 008a F0D8     		bhi	.L373
 6503              		.loc 1 1950 3 discriminator 4
 6504 008c FB6B     		ldr	r3, [r7, #60]
 6505 008e 5A1C     		adds	r2, r3, #1
 6506 0090 FA63     		str	r2, [r7, #60]
 6507 0092 BA6B     		ldr	r2, [r7, #56]
 6508 0094 D2B2     		uxtb	r2, r2
 6509 0096 1A70     		strb	r2, [r3]
 6510 0098 FB6B     		ldr	r3, [r7, #60]
 6511 009a FB60     		str	r3, [r7, #12]
 6512              	.LBE97:
1951:./SystemView/SEGGER_SYSVIEW.c ****   pPayload = _EncodeStr(pPayload, pInfo->sName, 32);
ARM GAS  /var/folders/yl/_q9l42k90g1g4mdhbs226msm0000gn/T//ccxj18A8.s 			page 149


 6513              		.loc 1 1951 14 is_stmt 1 discriminator 4
 6514 009c 7B68     		ldr	r3, [r7, #4]
 6515 009e 5B68     		ldr	r3, [r3, #4]
 6516 00a0 2022     		movs	r2, #32
 6517 00a2 1946     		mov	r1, r3
 6518 00a4 F868     		ldr	r0, [r7, #12]
 6519 00a6 FFF7FEFF 		bl	_EncodeStr
 6520 00aa F860     		str	r0, [r7, #12]
1952:./SystemView/SEGGER_SYSVIEW.c ****   _SendPacket(pPayloadStart, pPayload, SYSVIEW_EVTID_TASK_INFO);
 6521              		.loc 1 1952 3 discriminator 4
 6522 00ac 0922     		movs	r2, #9
 6523 00ae F968     		ldr	r1, [r7, #12]
 6524 00b0 3869     		ldr	r0, [r7, #16]
 6525 00b2 FFF7FEFF 		bl	_SendPacket
1953:./SystemView/SEGGER_SYSVIEW.c ****   //
1954:./SystemView/SEGGER_SYSVIEW.c ****   pPayload = pPayloadStart;
 6526              		.loc 1 1954 12 discriminator 4
 6527 00b6 3B69     		ldr	r3, [r7, #16]
 6528 00b8 FB60     		str	r3, [r7, #12]
 6529              	.LBB98:
1955:./SystemView/SEGGER_SYSVIEW.c ****   ENCODE_U32(pPayload, SHRINK_ID(pInfo->TaskID));
 6530              		.loc 1 1955 3 discriminator 4
 6531 00ba FB68     		ldr	r3, [r7, #12]
 6532 00bc 7B63     		str	r3, [r7, #52]
 6533 00be 7B68     		ldr	r3, [r7, #4]
 6534 00c0 1A68     		ldr	r2, [r3]
 6535 00c2 404B     		ldr	r3, .L382+4
 6536 00c4 1B69     		ldr	r3, [r3, #16]
 6537 00c6 D31A     		subs	r3, r2, r3
 6538 00c8 3B63     		str	r3, [r7, #48]
 6539 00ca 0BE0     		b	.L374
 6540              	.L375:
 6541              		.loc 1 1955 3 is_stmt 0 discriminator 3
 6542 00cc 3B6B     		ldr	r3, [r7, #48]
 6543 00ce DAB2     		uxtb	r2, r3
 6544 00d0 7B6B     		ldr	r3, [r7, #52]
 6545 00d2 591C     		adds	r1, r3, #1
 6546 00d4 7963     		str	r1, [r7, #52]
 6547 00d6 62F07F02 		orn	r2, r2, #127
 6548 00da D2B2     		uxtb	r2, r2
 6549 00dc 1A70     		strb	r2, [r3]
 6550 00de 3B6B     		ldr	r3, [r7, #48]
 6551 00e0 DB09     		lsrs	r3, r3, #7
 6552 00e2 3B63     		str	r3, [r7, #48]
 6553              	.L374:
 6554              		.loc 1 1955 3 discriminator 1
 6555 00e4 3B6B     		ldr	r3, [r7, #48]
 6556 00e6 7F2B     		cmp	r3, #127
 6557 00e8 F0D8     		bhi	.L375
 6558              		.loc 1 1955 3 discriminator 4
 6559 00ea 7B6B     		ldr	r3, [r7, #52]
 6560 00ec 5A1C     		adds	r2, r3, #1
 6561 00ee 7A63     		str	r2, [r7, #52]
 6562 00f0 3A6B     		ldr	r2, [r7, #48]
 6563 00f2 D2B2     		uxtb	r2, r2
 6564 00f4 1A70     		strb	r2, [r3]
 6565 00f6 7B6B     		ldr	r3, [r7, #52]
ARM GAS  /var/folders/yl/_q9l42k90g1g4mdhbs226msm0000gn/T//ccxj18A8.s 			page 150


 6566 00f8 FB60     		str	r3, [r7, #12]
 6567              	.LBE98:
 6568              	.LBB99:
1956:./SystemView/SEGGER_SYSVIEW.c ****   ENCODE_U32(pPayload, pInfo->StackBase);
 6569              		.loc 1 1956 3 is_stmt 1 discriminator 4
 6570 00fa FB68     		ldr	r3, [r7, #12]
 6571 00fc FB62     		str	r3, [r7, #44]
 6572 00fe 7B68     		ldr	r3, [r7, #4]
 6573 0100 DB68     		ldr	r3, [r3, #12]
 6574 0102 BB62     		str	r3, [r7, #40]
 6575 0104 0BE0     		b	.L376
 6576              	.L377:
 6577              		.loc 1 1956 3 is_stmt 0 discriminator 3
 6578 0106 BB6A     		ldr	r3, [r7, #40]
 6579 0108 DAB2     		uxtb	r2, r3
 6580 010a FB6A     		ldr	r3, [r7, #44]
 6581 010c 591C     		adds	r1, r3, #1
 6582 010e F962     		str	r1, [r7, #44]
 6583 0110 62F07F02 		orn	r2, r2, #127
 6584 0114 D2B2     		uxtb	r2, r2
 6585 0116 1A70     		strb	r2, [r3]
 6586 0118 BB6A     		ldr	r3, [r7, #40]
 6587 011a DB09     		lsrs	r3, r3, #7
 6588 011c BB62     		str	r3, [r7, #40]
 6589              	.L376:
 6590              		.loc 1 1956 3 discriminator 1
 6591 011e BB6A     		ldr	r3, [r7, #40]
 6592 0120 7F2B     		cmp	r3, #127
 6593 0122 F0D8     		bhi	.L377
 6594              		.loc 1 1956 3 discriminator 4
 6595 0124 FB6A     		ldr	r3, [r7, #44]
 6596 0126 5A1C     		adds	r2, r3, #1
 6597 0128 FA62     		str	r2, [r7, #44]
 6598 012a BA6A     		ldr	r2, [r7, #40]
 6599 012c D2B2     		uxtb	r2, r2
 6600 012e 1A70     		strb	r2, [r3]
 6601 0130 FB6A     		ldr	r3, [r7, #44]
 6602 0132 FB60     		str	r3, [r7, #12]
 6603              	.LBE99:
 6604              	.LBB100:
1957:./SystemView/SEGGER_SYSVIEW.c ****   ENCODE_U32(pPayload, pInfo->StackSize);
 6605              		.loc 1 1957 3 is_stmt 1 discriminator 4
 6606 0134 FB68     		ldr	r3, [r7, #12]
 6607 0136 7B62     		str	r3, [r7, #36]
 6608 0138 7B68     		ldr	r3, [r7, #4]
 6609 013a 1B69     		ldr	r3, [r3, #16]
 6610 013c 3B62     		str	r3, [r7, #32]
 6611 013e 0BE0     		b	.L378
 6612              	.L379:
 6613              		.loc 1 1957 3 is_stmt 0 discriminator 3
 6614 0140 3B6A     		ldr	r3, [r7, #32]
 6615 0142 DAB2     		uxtb	r2, r3
 6616 0144 7B6A     		ldr	r3, [r7, #36]
 6617 0146 591C     		adds	r1, r3, #1
 6618 0148 7962     		str	r1, [r7, #36]
 6619 014a 62F07F02 		orn	r2, r2, #127
 6620 014e D2B2     		uxtb	r2, r2
ARM GAS  /var/folders/yl/_q9l42k90g1g4mdhbs226msm0000gn/T//ccxj18A8.s 			page 151


 6621 0150 1A70     		strb	r2, [r3]
 6622 0152 3B6A     		ldr	r3, [r7, #32]
 6623 0154 DB09     		lsrs	r3, r3, #7
 6624 0156 3B62     		str	r3, [r7, #32]
 6625              	.L378:
 6626              		.loc 1 1957 3 discriminator 1
 6627 0158 3B6A     		ldr	r3, [r7, #32]
 6628 015a 7F2B     		cmp	r3, #127
 6629 015c F0D8     		bhi	.L379
 6630              		.loc 1 1957 3 discriminator 4
 6631 015e 7B6A     		ldr	r3, [r7, #36]
 6632 0160 5A1C     		adds	r2, r3, #1
 6633 0162 7A62     		str	r2, [r7, #36]
 6634 0164 3A6A     		ldr	r2, [r7, #32]
 6635 0166 D2B2     		uxtb	r2, r2
 6636 0168 1A70     		strb	r2, [r3]
 6637 016a 7B6A     		ldr	r3, [r7, #36]
 6638 016c FB60     		str	r3, [r7, #12]
 6639              	.LBE100:
 6640              	.LBB101:
1958:./SystemView/SEGGER_SYSVIEW.c ****   ENCODE_U32(pPayload, pInfo->StackUsage);
 6641              		.loc 1 1958 3 is_stmt 1 discriminator 4
 6642 016e FB68     		ldr	r3, [r7, #12]
 6643 0170 FB61     		str	r3, [r7, #28]
 6644 0172 7B68     		ldr	r3, [r7, #4]
 6645 0174 5B69     		ldr	r3, [r3, #20]
 6646 0176 BB61     		str	r3, [r7, #24]
 6647 0178 0BE0     		b	.L380
 6648              	.L381:
 6649              		.loc 1 1958 3 is_stmt 0 discriminator 3
 6650 017a BB69     		ldr	r3, [r7, #24]
 6651 017c DAB2     		uxtb	r2, r3
 6652 017e FB69     		ldr	r3, [r7, #28]
 6653 0180 591C     		adds	r1, r3, #1
 6654 0182 F961     		str	r1, [r7, #28]
 6655 0184 62F07F02 		orn	r2, r2, #127
 6656 0188 D2B2     		uxtb	r2, r2
 6657 018a 1A70     		strb	r2, [r3]
 6658 018c BB69     		ldr	r3, [r7, #24]
 6659 018e DB09     		lsrs	r3, r3, #7
 6660 0190 BB61     		str	r3, [r7, #24]
 6661              	.L380:
 6662              		.loc 1 1958 3 discriminator 1
 6663 0192 BB69     		ldr	r3, [r7, #24]
 6664 0194 7F2B     		cmp	r3, #127
 6665 0196 F0D8     		bhi	.L381
 6666              		.loc 1 1958 3 discriminator 4
 6667 0198 FB69     		ldr	r3, [r7, #28]
 6668 019a 5A1C     		adds	r2, r3, #1
 6669 019c FA61     		str	r2, [r7, #28]
 6670 019e BA69     		ldr	r2, [r7, #24]
 6671 01a0 D2B2     		uxtb	r2, r2
 6672 01a2 1A70     		strb	r2, [r3]
 6673 01a4 FB69     		ldr	r3, [r7, #28]
 6674 01a6 FB60     		str	r3, [r7, #12]
 6675              	.LBE101:
1959:./SystemView/SEGGER_SYSVIEW.c ****   _SendPacket(pPayloadStart, pPayload, SYSVIEW_EVTID_STACK_INFO);
ARM GAS  /var/folders/yl/_q9l42k90g1g4mdhbs226msm0000gn/T//ccxj18A8.s 			page 152


 6676              		.loc 1 1959 3 is_stmt 1 discriminator 4
 6677 01a8 1522     		movs	r2, #21
 6678 01aa F968     		ldr	r1, [r7, #12]
 6679 01ac 3869     		ldr	r0, [r7, #16]
 6680 01ae FFF7FEFF 		bl	_SendPacket
1960:./SystemView/SEGGER_SYSVIEW.c ****   RECORD_END();
 6681              		.loc 1 1960 3 discriminator 4
 6682 01b2 7B69     		ldr	r3, [r7, #20]
 6683              		.syntax unified
 6684              	@ 1960 "./SystemView/SEGGER_SYSVIEW.c" 1
 6685 01b4 83F31188 		msr   basepri, r3  
 6686              		
 6687              	@ 0 "" 2
 6688              		.thumb
 6689              		.syntax unified
 6690              	.LBE95:
1961:./SystemView/SEGGER_SYSVIEW.c **** }
 6691              		.loc 1 1961 1 discriminator 4
 6692 01b8 00BF     		nop
 6693 01ba 4837     		adds	r7, r7, #72
 6694              	.LCFI151:
 6695              		.cfi_def_cfa_offset 8
 6696 01bc BD46     		mov	sp, r7
 6697              	.LCFI152:
 6698              		.cfi_def_cfa_register 13
 6699              		@ sp needed
 6700 01be 80BD     		pop	{r7, pc}
 6701              	.L383:
 6702              		.align	2
 6703              	.L382:
 6704 01c0 00000000 		.word	_aPacket
 6705 01c4 00000000 		.word	_SYSVIEW_Globals
 6706              		.cfi_endproc
 6707              	.LFE29:
 6709              		.section	.text.SEGGER_SYSVIEW_SendStackInfo,"ax",%progbits
 6710              		.align	1
 6711              		.global	SEGGER_SYSVIEW_SendStackInfo
 6712              		.syntax unified
 6713              		.thumb
 6714              		.thumb_func
 6716              	SEGGER_SYSVIEW_SendStackInfo:
 6717              	.LFB30:
1962:./SystemView/SEGGER_SYSVIEW.c **** 
1963:./SystemView/SEGGER_SYSVIEW.c **** /*********************************************************************
1964:./SystemView/SEGGER_SYSVIEW.c **** *
1965:./SystemView/SEGGER_SYSVIEW.c **** *       SEGGER_SYSVIEW_SendStackInfo()
1966:./SystemView/SEGGER_SYSVIEW.c **** *
1967:./SystemView/SEGGER_SYSVIEW.c **** *  Function description
1968:./SystemView/SEGGER_SYSVIEW.c **** *    Send a Stack Info Packet, containing TaskId for identification,
1969:./SystemView/SEGGER_SYSVIEW.c **** *    stack base, stack size and stack usage. 
1970:./SystemView/SEGGER_SYSVIEW.c **** *    
1971:./SystemView/SEGGER_SYSVIEW.c **** *
1972:./SystemView/SEGGER_SYSVIEW.c **** *  Parameters
1973:./SystemView/SEGGER_SYSVIEW.c **** *    pInfo - Pointer to stack information to send.
1974:./SystemView/SEGGER_SYSVIEW.c **** */
1975:./SystemView/SEGGER_SYSVIEW.c **** void SEGGER_SYSVIEW_SendStackInfo(const SEGGER_SYSVIEW_STACKINFO *pInfo) {
 6718              		.loc 1 1975 74
ARM GAS  /var/folders/yl/_q9l42k90g1g4mdhbs226msm0000gn/T//ccxj18A8.s 			page 153


 6719              		.cfi_startproc
 6720              		@ args = 0, pretend = 0, frame = 56
 6721              		@ frame_needed = 1, uses_anonymous_args = 0
 6722 0000 80B5     		push	{r7, lr}
 6723              	.LCFI153:
 6724              		.cfi_def_cfa_offset 8
 6725              		.cfi_offset 7, -8
 6726              		.cfi_offset 14, -4
 6727 0002 8EB0     		sub	sp, sp, #56
 6728              	.LCFI154:
 6729              		.cfi_def_cfa_offset 64
 6730 0004 00AF     		add	r7, sp, #0
 6731              	.LCFI155:
 6732              		.cfi_def_cfa_register 7
 6733 0006 7860     		str	r0, [r7, #4]
 6734              	.LBB102:
1976:./SystemView/SEGGER_SYSVIEW.c ****   U8* pPayload;
1977:./SystemView/SEGGER_SYSVIEW.c ****   U8* pPayloadStart;
1978:./SystemView/SEGGER_SYSVIEW.c ****   RECORD_START(SEGGER_SYSVIEW_INFO_SIZE + 4 * SEGGER_SYSVIEW_QUANTA_U32);
 6735              		.loc 1 1978 3
 6736              		.syntax unified
 6737              	@ 1978 "./SystemView/SEGGER_SYSVIEW.c" 1
 6738 0008 EFF31183 		mrs   r3, basepri  
 6739 000c 4FF02001 		mov   r1, #32       
 6740 0010 81F31188 		msr   basepri, r1  
 6741              		
 6742              	@ 0 "" 2
 6743              		.thumb
 6744              		.syntax unified
 6745 0014 7B61     		str	r3, [r7, #20]
 6746 0016 4448     		ldr	r0, .L393
 6747 0018 FFF7FEFF 		bl	_PreparePacket
 6748 001c 3861     		str	r0, [r7, #16]
1979:./SystemView/SEGGER_SYSVIEW.c ****   //
1980:./SystemView/SEGGER_SYSVIEW.c ****   pPayload = pPayloadStart;
 6749              		.loc 1 1980 12
 6750 001e 3B69     		ldr	r3, [r7, #16]
 6751 0020 FB60     		str	r3, [r7, #12]
 6752              	.LBB103:
1981:./SystemView/SEGGER_SYSVIEW.c ****   ENCODE_U32(pPayload, SHRINK_ID(pInfo->TaskID));
 6753              		.loc 1 1981 3
 6754 0022 FB68     		ldr	r3, [r7, #12]
 6755 0024 7B63     		str	r3, [r7, #52]
 6756 0026 7B68     		ldr	r3, [r7, #4]
 6757 0028 1A68     		ldr	r2, [r3]
 6758 002a 404B     		ldr	r3, .L393+4
 6759 002c 1B69     		ldr	r3, [r3, #16]
 6760 002e D31A     		subs	r3, r2, r3
 6761 0030 3B63     		str	r3, [r7, #48]
 6762 0032 0BE0     		b	.L385
 6763              	.L386:
 6764              		.loc 1 1981 3 is_stmt 0 discriminator 3
 6765 0034 3B6B     		ldr	r3, [r7, #48]
 6766 0036 DAB2     		uxtb	r2, r3
 6767 0038 7B6B     		ldr	r3, [r7, #52]
 6768 003a 591C     		adds	r1, r3, #1
 6769 003c 7963     		str	r1, [r7, #52]
ARM GAS  /var/folders/yl/_q9l42k90g1g4mdhbs226msm0000gn/T//ccxj18A8.s 			page 154


 6770 003e 62F07F02 		orn	r2, r2, #127
 6771 0042 D2B2     		uxtb	r2, r2
 6772 0044 1A70     		strb	r2, [r3]
 6773 0046 3B6B     		ldr	r3, [r7, #48]
 6774 0048 DB09     		lsrs	r3, r3, #7
 6775 004a 3B63     		str	r3, [r7, #48]
 6776              	.L385:
 6777              		.loc 1 1981 3 discriminator 1
 6778 004c 3B6B     		ldr	r3, [r7, #48]
 6779 004e 7F2B     		cmp	r3, #127
 6780 0050 F0D8     		bhi	.L386
 6781              		.loc 1 1981 3 discriminator 4
 6782 0052 7B6B     		ldr	r3, [r7, #52]
 6783 0054 5A1C     		adds	r2, r3, #1
 6784 0056 7A63     		str	r2, [r7, #52]
 6785 0058 3A6B     		ldr	r2, [r7, #48]
 6786 005a D2B2     		uxtb	r2, r2
 6787 005c 1A70     		strb	r2, [r3]
 6788 005e 7B6B     		ldr	r3, [r7, #52]
 6789 0060 FB60     		str	r3, [r7, #12]
 6790              	.LBE103:
 6791              	.LBB104:
1982:./SystemView/SEGGER_SYSVIEW.c ****   ENCODE_U32(pPayload, pInfo->StackBase);
 6792              		.loc 1 1982 3 is_stmt 1 discriminator 4
 6793 0062 FB68     		ldr	r3, [r7, #12]
 6794 0064 FB62     		str	r3, [r7, #44]
 6795 0066 7B68     		ldr	r3, [r7, #4]
 6796 0068 5B68     		ldr	r3, [r3, #4]
 6797 006a BB62     		str	r3, [r7, #40]
 6798 006c 0BE0     		b	.L387
 6799              	.L388:
 6800              		.loc 1 1982 3 is_stmt 0 discriminator 3
 6801 006e BB6A     		ldr	r3, [r7, #40]
 6802 0070 DAB2     		uxtb	r2, r3
 6803 0072 FB6A     		ldr	r3, [r7, #44]
 6804 0074 591C     		adds	r1, r3, #1
 6805 0076 F962     		str	r1, [r7, #44]
 6806 0078 62F07F02 		orn	r2, r2, #127
 6807 007c D2B2     		uxtb	r2, r2
 6808 007e 1A70     		strb	r2, [r3]
 6809 0080 BB6A     		ldr	r3, [r7, #40]
 6810 0082 DB09     		lsrs	r3, r3, #7
 6811 0084 BB62     		str	r3, [r7, #40]
 6812              	.L387:
 6813              		.loc 1 1982 3 discriminator 1
 6814 0086 BB6A     		ldr	r3, [r7, #40]
 6815 0088 7F2B     		cmp	r3, #127
 6816 008a F0D8     		bhi	.L388
 6817              		.loc 1 1982 3 discriminator 4
 6818 008c FB6A     		ldr	r3, [r7, #44]
 6819 008e 5A1C     		adds	r2, r3, #1
 6820 0090 FA62     		str	r2, [r7, #44]
 6821 0092 BA6A     		ldr	r2, [r7, #40]
 6822 0094 D2B2     		uxtb	r2, r2
 6823 0096 1A70     		strb	r2, [r3]
 6824 0098 FB6A     		ldr	r3, [r7, #44]
 6825 009a FB60     		str	r3, [r7, #12]
ARM GAS  /var/folders/yl/_q9l42k90g1g4mdhbs226msm0000gn/T//ccxj18A8.s 			page 155


 6826              	.LBE104:
 6827              	.LBB105:
1983:./SystemView/SEGGER_SYSVIEW.c ****   ENCODE_U32(pPayload, pInfo->StackSize);
 6828              		.loc 1 1983 3 is_stmt 1 discriminator 4
 6829 009c FB68     		ldr	r3, [r7, #12]
 6830 009e 7B62     		str	r3, [r7, #36]
 6831 00a0 7B68     		ldr	r3, [r7, #4]
 6832 00a2 9B68     		ldr	r3, [r3, #8]
 6833 00a4 3B62     		str	r3, [r7, #32]
 6834 00a6 0BE0     		b	.L389
 6835              	.L390:
 6836              		.loc 1 1983 3 is_stmt 0 discriminator 3
 6837 00a8 3B6A     		ldr	r3, [r7, #32]
 6838 00aa DAB2     		uxtb	r2, r3
 6839 00ac 7B6A     		ldr	r3, [r7, #36]
 6840 00ae 591C     		adds	r1, r3, #1
 6841 00b0 7962     		str	r1, [r7, #36]
 6842 00b2 62F07F02 		orn	r2, r2, #127
 6843 00b6 D2B2     		uxtb	r2, r2
 6844 00b8 1A70     		strb	r2, [r3]
 6845 00ba 3B6A     		ldr	r3, [r7, #32]
 6846 00bc DB09     		lsrs	r3, r3, #7
 6847 00be 3B62     		str	r3, [r7, #32]
 6848              	.L389:
 6849              		.loc 1 1983 3 discriminator 1
 6850 00c0 3B6A     		ldr	r3, [r7, #32]
 6851 00c2 7F2B     		cmp	r3, #127
 6852 00c4 F0D8     		bhi	.L390
 6853              		.loc 1 1983 3 discriminator 4
 6854 00c6 7B6A     		ldr	r3, [r7, #36]
 6855 00c8 5A1C     		adds	r2, r3, #1
 6856 00ca 7A62     		str	r2, [r7, #36]
 6857 00cc 3A6A     		ldr	r2, [r7, #32]
 6858 00ce D2B2     		uxtb	r2, r2
 6859 00d0 1A70     		strb	r2, [r3]
 6860 00d2 7B6A     		ldr	r3, [r7, #36]
 6861 00d4 FB60     		str	r3, [r7, #12]
 6862              	.LBE105:
 6863              	.LBB106:
1984:./SystemView/SEGGER_SYSVIEW.c ****   ENCODE_U32(pPayload, pInfo->StackUsage);
 6864              		.loc 1 1984 3 is_stmt 1 discriminator 4
 6865 00d6 FB68     		ldr	r3, [r7, #12]
 6866 00d8 FB61     		str	r3, [r7, #28]
 6867 00da 7B68     		ldr	r3, [r7, #4]
 6868 00dc DB68     		ldr	r3, [r3, #12]
 6869 00de BB61     		str	r3, [r7, #24]
 6870 00e0 0BE0     		b	.L391
 6871              	.L392:
 6872              		.loc 1 1984 3 is_stmt 0 discriminator 3
 6873 00e2 BB69     		ldr	r3, [r7, #24]
 6874 00e4 DAB2     		uxtb	r2, r3
 6875 00e6 FB69     		ldr	r3, [r7, #28]
 6876 00e8 591C     		adds	r1, r3, #1
 6877 00ea F961     		str	r1, [r7, #28]
 6878 00ec 62F07F02 		orn	r2, r2, #127
 6879 00f0 D2B2     		uxtb	r2, r2
 6880 00f2 1A70     		strb	r2, [r3]
ARM GAS  /var/folders/yl/_q9l42k90g1g4mdhbs226msm0000gn/T//ccxj18A8.s 			page 156


 6881 00f4 BB69     		ldr	r3, [r7, #24]
 6882 00f6 DB09     		lsrs	r3, r3, #7
 6883 00f8 BB61     		str	r3, [r7, #24]
 6884              	.L391:
 6885              		.loc 1 1984 3 discriminator 1
 6886 00fa BB69     		ldr	r3, [r7, #24]
 6887 00fc 7F2B     		cmp	r3, #127
 6888 00fe F0D8     		bhi	.L392
 6889              		.loc 1 1984 3 discriminator 4
 6890 0100 FB69     		ldr	r3, [r7, #28]
 6891 0102 5A1C     		adds	r2, r3, #1
 6892 0104 FA61     		str	r2, [r7, #28]
 6893 0106 BA69     		ldr	r2, [r7, #24]
 6894 0108 D2B2     		uxtb	r2, r2
 6895 010a 1A70     		strb	r2, [r3]
 6896 010c FB69     		ldr	r3, [r7, #28]
 6897 010e FB60     		str	r3, [r7, #12]
 6898              	.LBE106:
1985:./SystemView/SEGGER_SYSVIEW.c ****   _SendPacket(pPayloadStart, pPayload, SYSVIEW_EVTID_STACK_INFO);
 6899              		.loc 1 1985 3 is_stmt 1 discriminator 4
 6900 0110 1522     		movs	r2, #21
 6901 0112 F968     		ldr	r1, [r7, #12]
 6902 0114 3869     		ldr	r0, [r7, #16]
 6903 0116 FFF7FEFF 		bl	_SendPacket
1986:./SystemView/SEGGER_SYSVIEW.c ****   RECORD_END();
 6904              		.loc 1 1986 3 discriminator 4
 6905 011a 7B69     		ldr	r3, [r7, #20]
 6906              		.syntax unified
 6907              	@ 1986 "./SystemView/SEGGER_SYSVIEW.c" 1
 6908 011c 83F31188 		msr   basepri, r3  
 6909              		
 6910              	@ 0 "" 2
 6911              		.thumb
 6912              		.syntax unified
 6913              	.LBE102:
1987:./SystemView/SEGGER_SYSVIEW.c **** }
 6914              		.loc 1 1987 1 discriminator 4
 6915 0120 00BF     		nop
 6916 0122 3837     		adds	r7, r7, #56
 6917              	.LCFI156:
 6918              		.cfi_def_cfa_offset 8
 6919 0124 BD46     		mov	sp, r7
 6920              	.LCFI157:
 6921              		.cfi_def_cfa_register 13
 6922              		@ sp needed
 6923 0126 80BD     		pop	{r7, pc}
 6924              	.L394:
 6925              		.align	2
 6926              	.L393:
 6927 0128 00000000 		.word	_aPacket
 6928 012c 00000000 		.word	_SYSVIEW_Globals
 6929              		.cfi_endproc
 6930              	.LFE30:
 6932              		.section	.text.SEGGER_SYSVIEW_SendTaskList,"ax",%progbits
 6933              		.align	1
 6934              		.global	SEGGER_SYSVIEW_SendTaskList
 6935              		.syntax unified
ARM GAS  /var/folders/yl/_q9l42k90g1g4mdhbs226msm0000gn/T//ccxj18A8.s 			page 157


 6936              		.thumb
 6937              		.thumb_func
 6939              	SEGGER_SYSVIEW_SendTaskList:
 6940              	.LFB31:
1988:./SystemView/SEGGER_SYSVIEW.c **** 
1989:./SystemView/SEGGER_SYSVIEW.c **** /*********************************************************************
1990:./SystemView/SEGGER_SYSVIEW.c **** *
1991:./SystemView/SEGGER_SYSVIEW.c **** *       SEGGER_SYSVIEW_SendTaskList()
1992:./SystemView/SEGGER_SYSVIEW.c **** *
1993:./SystemView/SEGGER_SYSVIEW.c **** *  Function description
1994:./SystemView/SEGGER_SYSVIEW.c **** *    Send all tasks descriptors to the host.
1995:./SystemView/SEGGER_SYSVIEW.c **** */
1996:./SystemView/SEGGER_SYSVIEW.c **** void SEGGER_SYSVIEW_SendTaskList(void) {
 6941              		.loc 1 1996 40
 6942              		.cfi_startproc
 6943              		@ args = 0, pretend = 0, frame = 0
 6944              		@ frame_needed = 1, uses_anonymous_args = 0
 6945 0000 80B5     		push	{r7, lr}
 6946              	.LCFI158:
 6947              		.cfi_def_cfa_offset 8
 6948              		.cfi_offset 7, -8
 6949              		.cfi_offset 14, -4
 6950 0002 00AF     		add	r7, sp, #0
 6951              	.LCFI159:
 6952              		.cfi_def_cfa_register 7
1997:./SystemView/SEGGER_SYSVIEW.c ****   if (_SYSVIEW_Globals.pOSAPI && _SYSVIEW_Globals.pOSAPI->pfSendTaskList) {
 6953              		.loc 1 1997 23
 6954 0004 074B     		ldr	r3, .L398
 6955 0006 1B6A     		ldr	r3, [r3, #32]
 6956              		.loc 1 1997 6
 6957 0008 002B     		cmp	r3, #0
 6958 000a 08D0     		beq	.L397
 6959              		.loc 1 1997 50 discriminator 1
 6960 000c 054B     		ldr	r3, .L398
 6961 000e 1B6A     		ldr	r3, [r3, #32]
 6962              		.loc 1 1997 57 discriminator 1
 6963 0010 5B68     		ldr	r3, [r3, #4]
 6964              		.loc 1 1997 31 discriminator 1
 6965 0012 002B     		cmp	r3, #0
 6966 0014 03D0     		beq	.L397
1998:./SystemView/SEGGER_SYSVIEW.c ****     _SYSVIEW_Globals.pOSAPI->pfSendTaskList();
 6967              		.loc 1 1998 21
 6968 0016 034B     		ldr	r3, .L398
 6969 0018 1B6A     		ldr	r3, [r3, #32]
 6970              		.loc 1 1998 28
 6971 001a 5B68     		ldr	r3, [r3, #4]
 6972              		.loc 1 1998 5
 6973 001c 9847     		blx	r3
 6974              	.LVL2:
 6975              	.L397:
1999:./SystemView/SEGGER_SYSVIEW.c ****   }
2000:./SystemView/SEGGER_SYSVIEW.c **** }
 6976              		.loc 1 2000 1
 6977 001e 00BF     		nop
 6978 0020 80BD     		pop	{r7, pc}
 6979              	.L399:
 6980 0022 00BF     		.align	2
ARM GAS  /var/folders/yl/_q9l42k90g1g4mdhbs226msm0000gn/T//ccxj18A8.s 			page 158


 6981              	.L398:
 6982 0024 00000000 		.word	_SYSVIEW_Globals
 6983              		.cfi_endproc
 6984              	.LFE31:
 6986              		.section	.text.SEGGER_SYSVIEW_SendSysDesc,"ax",%progbits
 6987              		.align	1
 6988              		.global	SEGGER_SYSVIEW_SendSysDesc
 6989              		.syntax unified
 6990              		.thumb
 6991              		.thumb_func
 6993              	SEGGER_SYSVIEW_SendSysDesc:
 6994              	.LFB32:
2001:./SystemView/SEGGER_SYSVIEW.c **** 
2002:./SystemView/SEGGER_SYSVIEW.c **** /*********************************************************************
2003:./SystemView/SEGGER_SYSVIEW.c **** *
2004:./SystemView/SEGGER_SYSVIEW.c **** *       SEGGER_SYSVIEW_SendSysDesc()
2005:./SystemView/SEGGER_SYSVIEW.c **** *
2006:./SystemView/SEGGER_SYSVIEW.c **** *  Function description
2007:./SystemView/SEGGER_SYSVIEW.c **** *    Send the system description string to the host.
2008:./SystemView/SEGGER_SYSVIEW.c **** *    The system description is used by the SystemView Application
2009:./SystemView/SEGGER_SYSVIEW.c **** *    to identify the current application and handle events accordingly.
2010:./SystemView/SEGGER_SYSVIEW.c **** *
2011:./SystemView/SEGGER_SYSVIEW.c **** *    The system description is usually called by the system description
2012:./SystemView/SEGGER_SYSVIEW.c **** *    callback, to ensure it is only sent when the SystemView Application
2013:./SystemView/SEGGER_SYSVIEW.c **** *    is connected.
2014:./SystemView/SEGGER_SYSVIEW.c **** *
2015:./SystemView/SEGGER_SYSVIEW.c **** *  Parameters
2016:./SystemView/SEGGER_SYSVIEW.c **** *    sSysDesc - Pointer to the 0-terminated system description string.
2017:./SystemView/SEGGER_SYSVIEW.c **** *
2018:./SystemView/SEGGER_SYSVIEW.c **** *  Additional information
2019:./SystemView/SEGGER_SYSVIEW.c **** *    One system description string may not exceed SEGGER_SYSVIEW_MAX_STRING_LEN characters.
2020:./SystemView/SEGGER_SYSVIEW.c **** *    Multiple description strings can be recorded.
2021:./SystemView/SEGGER_SYSVIEW.c **** *
2022:./SystemView/SEGGER_SYSVIEW.c **** *    The Following items can be described in a system description string.
2023:./SystemView/SEGGER_SYSVIEW.c **** *    Each item is identified by its identifier, followed by '=' and the value.
2024:./SystemView/SEGGER_SYSVIEW.c **** *    Items are separated by ','.
2025:./SystemView/SEGGER_SYSVIEW.c **** */
2026:./SystemView/SEGGER_SYSVIEW.c **** void SEGGER_SYSVIEW_SendSysDesc(const char *sSysDesc) {
 6995              		.loc 1 2026 55
 6996              		.cfi_startproc
 6997              		@ args = 0, pretend = 0, frame = 24
 6998              		@ frame_needed = 1, uses_anonymous_args = 0
 6999 0000 80B5     		push	{r7, lr}
 7000              	.LCFI160:
 7001              		.cfi_def_cfa_offset 8
 7002              		.cfi_offset 7, -8
 7003              		.cfi_offset 14, -4
 7004 0002 86B0     		sub	sp, sp, #24
 7005              	.LCFI161:
 7006              		.cfi_def_cfa_offset 32
 7007 0004 00AF     		add	r7, sp, #0
 7008              	.LCFI162:
 7009              		.cfi_def_cfa_register 7
 7010 0006 7860     		str	r0, [r7, #4]
 7011              	.LBB107:
2027:./SystemView/SEGGER_SYSVIEW.c ****   U8* pPayload;
2028:./SystemView/SEGGER_SYSVIEW.c ****   U8* pPayloadStart;
ARM GAS  /var/folders/yl/_q9l42k90g1g4mdhbs226msm0000gn/T//ccxj18A8.s 			page 159


2029:./SystemView/SEGGER_SYSVIEW.c ****   RECORD_START(SEGGER_SYSVIEW_INFO_SIZE + 1 + SEGGER_SYSVIEW_MAX_STRING_LEN);
 7012              		.loc 1 2029 3
 7013              		.syntax unified
 7014              	@ 2029 "./SystemView/SEGGER_SYSVIEW.c" 1
 7015 0008 EFF31183 		mrs   r3, basepri  
 7016 000c 4FF02001 		mov   r1, #32       
 7017 0010 81F31188 		msr   basepri, r1  
 7018              		
 7019              	@ 0 "" 2
 7020              		.thumb
 7021              		.syntax unified
 7022 0014 7B61     		str	r3, [r7, #20]
 7023 0016 0B48     		ldr	r0, .L401
 7024 0018 FFF7FEFF 		bl	_PreparePacket
 7025 001c 3861     		str	r0, [r7, #16]
2030:./SystemView/SEGGER_SYSVIEW.c ****   //
2031:./SystemView/SEGGER_SYSVIEW.c ****   pPayload = _EncodeStr(pPayloadStart, sSysDesc, SEGGER_SYSVIEW_MAX_STRING_LEN);
 7026              		.loc 1 2031 14
 7027 001e 8022     		movs	r2, #128
 7028 0020 7968     		ldr	r1, [r7, #4]
 7029 0022 3869     		ldr	r0, [r7, #16]
 7030 0024 FFF7FEFF 		bl	_EncodeStr
 7031 0028 F860     		str	r0, [r7, #12]
2032:./SystemView/SEGGER_SYSVIEW.c ****   _SendPacket(pPayloadStart, pPayload, SYSVIEW_EVTID_SYSDESC);
 7032              		.loc 1 2032 3
 7033 002a 0E22     		movs	r2, #14
 7034 002c F968     		ldr	r1, [r7, #12]
 7035 002e 3869     		ldr	r0, [r7, #16]
 7036 0030 FFF7FEFF 		bl	_SendPacket
2033:./SystemView/SEGGER_SYSVIEW.c ****   RECORD_END();
 7037              		.loc 1 2033 3
 7038 0034 7B69     		ldr	r3, [r7, #20]
 7039              		.syntax unified
 7040              	@ 2033 "./SystemView/SEGGER_SYSVIEW.c" 1
 7041 0036 83F31188 		msr   basepri, r3  
 7042              		
 7043              	@ 0 "" 2
 7044              		.thumb
 7045              		.syntax unified
 7046              	.LBE107:
2034:./SystemView/SEGGER_SYSVIEW.c **** }
 7047              		.loc 1 2034 1
 7048 003a 00BF     		nop
 7049 003c 1837     		adds	r7, r7, #24
 7050              	.LCFI163:
 7051              		.cfi_def_cfa_offset 8
 7052 003e BD46     		mov	sp, r7
 7053              	.LCFI164:
 7054              		.cfi_def_cfa_register 13
 7055              		@ sp needed
 7056 0040 80BD     		pop	{r7, pc}
 7057              	.L402:
 7058 0042 00BF     		.align	2
 7059              	.L401:
 7060 0044 00000000 		.word	_aPacket
 7061              		.cfi_endproc
 7062              	.LFE32:
ARM GAS  /var/folders/yl/_q9l42k90g1g4mdhbs226msm0000gn/T//ccxj18A8.s 			page 160


 7064              		.section	.text.SEGGER_SYSVIEW_RecordSystime,"ax",%progbits
 7065              		.align	1
 7066              		.global	SEGGER_SYSVIEW_RecordSystime
 7067              		.syntax unified
 7068              		.thumb
 7069              		.thumb_func
 7071              	SEGGER_SYSVIEW_RecordSystime:
 7072              	.LFB33:
2035:./SystemView/SEGGER_SYSVIEW.c **** 
2036:./SystemView/SEGGER_SYSVIEW.c **** /*********************************************************************
2037:./SystemView/SEGGER_SYSVIEW.c **** *
2038:./SystemView/SEGGER_SYSVIEW.c **** *       SEGGER_SYSVIEW_RecordSystime()
2039:./SystemView/SEGGER_SYSVIEW.c **** *
2040:./SystemView/SEGGER_SYSVIEW.c **** *  Function description
2041:./SystemView/SEGGER_SYSVIEW.c **** *    Formats and sends a SystemView Systime containing a single U64 or U32
2042:./SystemView/SEGGER_SYSVIEW.c **** *    parameter payload.
2043:./SystemView/SEGGER_SYSVIEW.c **** */
2044:./SystemView/SEGGER_SYSVIEW.c **** void SEGGER_SYSVIEW_RecordSystime(void) {
 7073              		.loc 1 2044 41
 7074              		.cfi_startproc
 7075              		@ args = 0, pretend = 0, frame = 8
 7076              		@ frame_needed = 1, uses_anonymous_args = 0
 7077 0000 90B5     		push	{r4, r7, lr}
 7078              	.LCFI165:
 7079              		.cfi_def_cfa_offset 12
 7080              		.cfi_offset 4, -12
 7081              		.cfi_offset 7, -8
 7082              		.cfi_offset 14, -4
 7083 0002 83B0     		sub	sp, sp, #12
 7084              	.LCFI166:
 7085              		.cfi_def_cfa_offset 24
 7086 0004 00AF     		add	r7, sp, #0
 7087              	.LCFI167:
 7088              		.cfi_def_cfa_register 7
2045:./SystemView/SEGGER_SYSVIEW.c ****   U64 Systime;
2046:./SystemView/SEGGER_SYSVIEW.c **** 
2047:./SystemView/SEGGER_SYSVIEW.c ****   if (_SYSVIEW_Globals.pOSAPI && _SYSVIEW_Globals.pOSAPI->pfGetTime) {
 7089              		.loc 1 2047 23
 7090 0006 154B     		ldr	r3, .L406
 7091 0008 1B6A     		ldr	r3, [r3, #32]
 7092              		.loc 1 2047 6
 7093 000a 002B     		cmp	r3, #0
 7094 000c 1AD0     		beq	.L404
 7095              		.loc 1 2047 50 discriminator 1
 7096 000e 134B     		ldr	r3, .L406
 7097 0010 1B6A     		ldr	r3, [r3, #32]
 7098              		.loc 1 2047 57 discriminator 1
 7099 0012 1B68     		ldr	r3, [r3]
 7100              		.loc 1 2047 31 discriminator 1
 7101 0014 002B     		cmp	r3, #0
 7102 0016 15D0     		beq	.L404
2048:./SystemView/SEGGER_SYSVIEW.c ****     Systime = _SYSVIEW_Globals.pOSAPI->pfGetTime();
 7103              		.loc 1 2048 31
 7104 0018 104B     		ldr	r3, .L406
 7105 001a 1B6A     		ldr	r3, [r3, #32]
 7106              		.loc 1 2048 38
 7107 001c 1B68     		ldr	r3, [r3]
ARM GAS  /var/folders/yl/_q9l42k90g1g4mdhbs226msm0000gn/T//ccxj18A8.s 			page 161


 7108              		.loc 1 2048 15
 7109 001e 9847     		blx	r3
 7110              	.LVL3:
 7111 0020 C7E90001 		strd	r0, [r7]
2049:./SystemView/SEGGER_SYSVIEW.c ****     SEGGER_SYSVIEW_RecordU32x2(SYSVIEW_EVTID_SYSTIME_US,
 7112              		.loc 1 2049 5
 7113 0024 3C68     		ldr	r4, [r7]
2050:./SystemView/SEGGER_SYSVIEW.c ****                                (U32)(Systime),
2051:./SystemView/SEGGER_SYSVIEW.c ****                                (U32)(Systime >> 32));
 7114              		.loc 1 2051 46
 7115 0026 D7E90001 		ldrd	r0, [r7]
 7116 002a 4FF00002 		mov	r2, #0
 7117 002e 4FF00003 		mov	r3, #0
 7118 0032 0A00     		movs	r2, r1
 7119 0034 0023     		movs	r3, #0
2049:./SystemView/SEGGER_SYSVIEW.c ****     SEGGER_SYSVIEW_RecordU32x2(SYSVIEW_EVTID_SYSTIME_US,
 7120              		.loc 1 2049 5
 7121 0036 1346     		mov	r3, r2
 7122 0038 1A46     		mov	r2, r3
 7123 003a 2146     		mov	r1, r4
 7124 003c 0D20     		movs	r0, #13
 7125 003e FFF7FEFF 		bl	SEGGER_SYSVIEW_RecordU32x2
 7126 0042 06E0     		b	.L405
 7127              	.L404:
2052:./SystemView/SEGGER_SYSVIEW.c ****   } else {
2053:./SystemView/SEGGER_SYSVIEW.c ****     SEGGER_SYSVIEW_RecordU32(SYSVIEW_EVTID_SYSTIME_CYCLES, SEGGER_SYSVIEW_GET_TIMESTAMP());
 7128              		.loc 1 2053 5
 7129 0044 064B     		ldr	r3, .L406+4
 7130 0046 1B68     		ldr	r3, [r3]
 7131 0048 1946     		mov	r1, r3
 7132 004a 0C20     		movs	r0, #12
 7133 004c FFF7FEFF 		bl	SEGGER_SYSVIEW_RecordU32
2054:./SystemView/SEGGER_SYSVIEW.c ****   }
2055:./SystemView/SEGGER_SYSVIEW.c **** }
 7134              		.loc 1 2055 1
 7135 0050 00BF     		nop
 7136              	.L405:
 7137 0052 00BF     		nop
 7138 0054 0C37     		adds	r7, r7, #12
 7139              	.LCFI168:
 7140              		.cfi_def_cfa_offset 12
 7141 0056 BD46     		mov	sp, r7
 7142              	.LCFI169:
 7143              		.cfi_def_cfa_register 13
 7144              		@ sp needed
 7145 0058 90BD     		pop	{r4, r7, pc}
 7146              	.L407:
 7147 005a 00BF     		.align	2
 7148              	.L406:
 7149 005c 00000000 		.word	_SYSVIEW_Globals
 7150 0060 041000E0 		.word	-536866812
 7151              		.cfi_endproc
 7152              	.LFE33:
 7154              		.section	.text.SEGGER_SYSVIEW_RecordEnterISR,"ax",%progbits
 7155              		.align	1
 7156              		.global	SEGGER_SYSVIEW_RecordEnterISR
 7157              		.syntax unified
ARM GAS  /var/folders/yl/_q9l42k90g1g4mdhbs226msm0000gn/T//ccxj18A8.s 			page 162


 7158              		.thumb
 7159              		.thumb_func
 7161              	SEGGER_SYSVIEW_RecordEnterISR:
 7162              	.LFB34:
2056:./SystemView/SEGGER_SYSVIEW.c **** 
2057:./SystemView/SEGGER_SYSVIEW.c **** /*********************************************************************
2058:./SystemView/SEGGER_SYSVIEW.c **** *
2059:./SystemView/SEGGER_SYSVIEW.c **** *       SEGGER_SYSVIEW_RecordEnterISR()
2060:./SystemView/SEGGER_SYSVIEW.c **** *
2061:./SystemView/SEGGER_SYSVIEW.c **** *  Function description
2062:./SystemView/SEGGER_SYSVIEW.c **** *    Format and send an ISR entry event.
2063:./SystemView/SEGGER_SYSVIEW.c **** *
2064:./SystemView/SEGGER_SYSVIEW.c **** *  Additional information
2065:./SystemView/SEGGER_SYSVIEW.c **** *    Example packets sent
2066:./SystemView/SEGGER_SYSVIEW.c **** *      02 0F 50              // ISR(15) Enter. Timestamp is 80 (0x50)
2067:./SystemView/SEGGER_SYSVIEW.c **** */
2068:./SystemView/SEGGER_SYSVIEW.c **** void SEGGER_SYSVIEW_RecordEnterISR(void) {
 7163              		.loc 1 2068 42
 7164              		.cfi_startproc
 7165              		@ args = 0, pretend = 0, frame = 24
 7166              		@ frame_needed = 1, uses_anonymous_args = 0
 7167 0000 80B5     		push	{r7, lr}
 7168              	.LCFI170:
 7169              		.cfi_def_cfa_offset 8
 7170              		.cfi_offset 7, -8
 7171              		.cfi_offset 14, -4
 7172 0002 86B0     		sub	sp, sp, #24
 7173              	.LCFI171:
 7174              		.cfi_def_cfa_offset 32
 7175 0004 00AF     		add	r7, sp, #0
 7176              	.LCFI172:
 7177              		.cfi_def_cfa_register 7
 7178              	.LBB108:
2069:./SystemView/SEGGER_SYSVIEW.c ****   unsigned v;
2070:./SystemView/SEGGER_SYSVIEW.c ****   U8* pPayload;
2071:./SystemView/SEGGER_SYSVIEW.c ****   U8* pPayloadStart;
2072:./SystemView/SEGGER_SYSVIEW.c ****   RECORD_START(SEGGER_SYSVIEW_INFO_SIZE + SEGGER_SYSVIEW_QUANTA_U32);
 7179              		.loc 1 2072 3
 7180              		.syntax unified
 7181              	@ 2072 "./SystemView/SEGGER_SYSVIEW.c" 1
 7182 0006 EFF31183 		mrs   r3, basepri  
 7183 000a 4FF02001 		mov   r1, #32       
 7184 000e 81F31188 		msr   basepri, r1  
 7185              		
 7186              	@ 0 "" 2
 7187              		.thumb
 7188              		.syntax unified
 7189 0012 FB60     		str	r3, [r7, #12]
 7190 0014 1948     		ldr	r0, .L411
 7191 0016 FFF7FEFF 		bl	_PreparePacket
 7192 001a B860     		str	r0, [r7, #8]
2073:./SystemView/SEGGER_SYSVIEW.c ****   //
2074:./SystemView/SEGGER_SYSVIEW.c ****   pPayload = pPayloadStart;
 7193              		.loc 1 2074 12
 7194 001c BB68     		ldr	r3, [r7, #8]
 7195 001e 7B60     		str	r3, [r7, #4]
2075:./SystemView/SEGGER_SYSVIEW.c ****   v = SEGGER_SYSVIEW_GET_INTERRUPT_ID();
ARM GAS  /var/folders/yl/_q9l42k90g1g4mdhbs226msm0000gn/T//ccxj18A8.s 			page 163


 7196              		.loc 1 2075 7
 7197 0020 174B     		ldr	r3, .L411+4
 7198 0022 1B68     		ldr	r3, [r3]
 7199              		.loc 1 2075 5
 7200 0024 C3F30803 		ubfx	r3, r3, #0, #9
 7201 0028 3B60     		str	r3, [r7]
 7202              	.LBB109:
2076:./SystemView/SEGGER_SYSVIEW.c ****   ENCODE_U32(pPayload, v);
 7203              		.loc 1 2076 3
 7204 002a 7B68     		ldr	r3, [r7, #4]
 7205 002c 7B61     		str	r3, [r7, #20]
 7206 002e 3B68     		ldr	r3, [r7]
 7207 0030 3B61     		str	r3, [r7, #16]
 7208 0032 0BE0     		b	.L409
 7209              	.L410:
 7210              		.loc 1 2076 3 is_stmt 0 discriminator 3
 7211 0034 3B69     		ldr	r3, [r7, #16]
 7212 0036 DAB2     		uxtb	r2, r3
 7213 0038 7B69     		ldr	r3, [r7, #20]
 7214 003a 591C     		adds	r1, r3, #1
 7215 003c 7961     		str	r1, [r7, #20]
 7216 003e 62F07F02 		orn	r2, r2, #127
 7217 0042 D2B2     		uxtb	r2, r2
 7218 0044 1A70     		strb	r2, [r3]
 7219 0046 3B69     		ldr	r3, [r7, #16]
 7220 0048 DB09     		lsrs	r3, r3, #7
 7221 004a 3B61     		str	r3, [r7, #16]
 7222              	.L409:
 7223              		.loc 1 2076 3 discriminator 1
 7224 004c 3B69     		ldr	r3, [r7, #16]
 7225 004e 7F2B     		cmp	r3, #127
 7226 0050 F0D8     		bhi	.L410
 7227              		.loc 1 2076 3 discriminator 4
 7228 0052 7B69     		ldr	r3, [r7, #20]
 7229 0054 5A1C     		adds	r2, r3, #1
 7230 0056 7A61     		str	r2, [r7, #20]
 7231 0058 3A69     		ldr	r2, [r7, #16]
 7232 005a D2B2     		uxtb	r2, r2
 7233 005c 1A70     		strb	r2, [r3]
 7234 005e 7B69     		ldr	r3, [r7, #20]
 7235 0060 7B60     		str	r3, [r7, #4]
 7236              	.LBE109:
2077:./SystemView/SEGGER_SYSVIEW.c ****   _SendPacket(pPayloadStart, pPayload, SYSVIEW_EVTID_ISR_ENTER);
 7237              		.loc 1 2077 3 is_stmt 1 discriminator 4
 7238 0062 0222     		movs	r2, #2
 7239 0064 7968     		ldr	r1, [r7, #4]
 7240 0066 B868     		ldr	r0, [r7, #8]
 7241 0068 FFF7FEFF 		bl	_SendPacket
2078:./SystemView/SEGGER_SYSVIEW.c ****   RECORD_END();
 7242              		.loc 1 2078 3 discriminator 4
 7243 006c FB68     		ldr	r3, [r7, #12]
 7244              		.syntax unified
 7245              	@ 2078 "./SystemView/SEGGER_SYSVIEW.c" 1
 7246 006e 83F31188 		msr   basepri, r3  
 7247              		
 7248              	@ 0 "" 2
 7249              		.thumb
ARM GAS  /var/folders/yl/_q9l42k90g1g4mdhbs226msm0000gn/T//ccxj18A8.s 			page 164


 7250              		.syntax unified
 7251              	.LBE108:
2079:./SystemView/SEGGER_SYSVIEW.c **** }
 7252              		.loc 1 2079 1 discriminator 4
 7253 0072 00BF     		nop
 7254 0074 1837     		adds	r7, r7, #24
 7255              	.LCFI173:
 7256              		.cfi_def_cfa_offset 8
 7257 0076 BD46     		mov	sp, r7
 7258              	.LCFI174:
 7259              		.cfi_def_cfa_register 13
 7260              		@ sp needed
 7261 0078 80BD     		pop	{r7, pc}
 7262              	.L412:
 7263 007a 00BF     		.align	2
 7264              	.L411:
 7265 007c 00000000 		.word	_aPacket
 7266 0080 04ED00E0 		.word	-536810236
 7267              		.cfi_endproc
 7268              	.LFE34:
 7270              		.section	.text.SEGGER_SYSVIEW_RecordExitISR,"ax",%progbits
 7271              		.align	1
 7272              		.global	SEGGER_SYSVIEW_RecordExitISR
 7273              		.syntax unified
 7274              		.thumb
 7275              		.thumb_func
 7277              	SEGGER_SYSVIEW_RecordExitISR:
 7278              	.LFB35:
2080:./SystemView/SEGGER_SYSVIEW.c **** 
2081:./SystemView/SEGGER_SYSVIEW.c **** /*********************************************************************
2082:./SystemView/SEGGER_SYSVIEW.c **** *
2083:./SystemView/SEGGER_SYSVIEW.c **** *       SEGGER_SYSVIEW_RecordExitISR()
2084:./SystemView/SEGGER_SYSVIEW.c **** *
2085:./SystemView/SEGGER_SYSVIEW.c **** *  Function description
2086:./SystemView/SEGGER_SYSVIEW.c **** *    Format and send an ISR exit event.
2087:./SystemView/SEGGER_SYSVIEW.c **** *
2088:./SystemView/SEGGER_SYSVIEW.c **** *  Additional information
2089:./SystemView/SEGGER_SYSVIEW.c **** *    Format as follows:
2090:./SystemView/SEGGER_SYSVIEW.c **** *      03 <TimeStamp>        // Max. packet len is 6
2091:./SystemView/SEGGER_SYSVIEW.c **** *
2092:./SystemView/SEGGER_SYSVIEW.c **** *    Example packets sent
2093:./SystemView/SEGGER_SYSVIEW.c **** *      03 20                // ISR Exit. Timestamp is 32 (0x20)
2094:./SystemView/SEGGER_SYSVIEW.c **** */
2095:./SystemView/SEGGER_SYSVIEW.c **** void SEGGER_SYSVIEW_RecordExitISR(void) {
 7279              		.loc 1 2095 41
 7280              		.cfi_startproc
 7281              		@ args = 0, pretend = 0, frame = 8
 7282              		@ frame_needed = 1, uses_anonymous_args = 0
 7283 0000 80B5     		push	{r7, lr}
 7284              	.LCFI175:
 7285              		.cfi_def_cfa_offset 8
 7286              		.cfi_offset 7, -8
 7287              		.cfi_offset 14, -4
 7288 0002 82B0     		sub	sp, sp, #8
 7289              	.LCFI176:
 7290              		.cfi_def_cfa_offset 16
 7291 0004 00AF     		add	r7, sp, #0
ARM GAS  /var/folders/yl/_q9l42k90g1g4mdhbs226msm0000gn/T//ccxj18A8.s 			page 165


 7292              	.LCFI177:
 7293              		.cfi_def_cfa_register 7
 7294              	.LBB110:
2096:./SystemView/SEGGER_SYSVIEW.c ****   U8* pPayloadStart;
2097:./SystemView/SEGGER_SYSVIEW.c ****   RECORD_START(SEGGER_SYSVIEW_INFO_SIZE);
 7295              		.loc 1 2097 3
 7296              		.syntax unified
 7297              	@ 2097 "./SystemView/SEGGER_SYSVIEW.c" 1
 7298 0006 EFF31183 		mrs   r3, basepri  
 7299 000a 4FF02001 		mov   r1, #32       
 7300 000e 81F31188 		msr   basepri, r1  
 7301              		
 7302              	@ 0 "" 2
 7303              		.thumb
 7304              		.syntax unified
 7305 0012 7B60     		str	r3, [r7, #4]
 7306 0014 0748     		ldr	r0, .L414
 7307 0016 FFF7FEFF 		bl	_PreparePacket
 7308 001a 3860     		str	r0, [r7]
2098:./SystemView/SEGGER_SYSVIEW.c ****   //
2099:./SystemView/SEGGER_SYSVIEW.c ****   _SendPacket(pPayloadStart, pPayloadStart, SYSVIEW_EVTID_ISR_EXIT);
 7309              		.loc 1 2099 3
 7310 001c 0322     		movs	r2, #3
 7311 001e 3968     		ldr	r1, [r7]
 7312 0020 3868     		ldr	r0, [r7]
 7313 0022 FFF7FEFF 		bl	_SendPacket
2100:./SystemView/SEGGER_SYSVIEW.c ****   RECORD_END();
 7314              		.loc 1 2100 3
 7315 0026 7B68     		ldr	r3, [r7, #4]
 7316              		.syntax unified
 7317              	@ 2100 "./SystemView/SEGGER_SYSVIEW.c" 1
 7318 0028 83F31188 		msr   basepri, r3  
 7319              		
 7320              	@ 0 "" 2
 7321              		.thumb
 7322              		.syntax unified
 7323              	.LBE110:
2101:./SystemView/SEGGER_SYSVIEW.c **** }
 7324              		.loc 1 2101 1
 7325 002c 00BF     		nop
 7326 002e 0837     		adds	r7, r7, #8
 7327              	.LCFI178:
 7328              		.cfi_def_cfa_offset 8
 7329 0030 BD46     		mov	sp, r7
 7330              	.LCFI179:
 7331              		.cfi_def_cfa_register 13
 7332              		@ sp needed
 7333 0032 80BD     		pop	{r7, pc}
 7334              	.L415:
 7335              		.align	2
 7336              	.L414:
 7337 0034 00000000 		.word	_aPacket
 7338              		.cfi_endproc
 7339              	.LFE35:
 7341              		.section	.text.SEGGER_SYSVIEW_RecordExitISRToScheduler,"ax",%progbits
 7342              		.align	1
 7343              		.global	SEGGER_SYSVIEW_RecordExitISRToScheduler
ARM GAS  /var/folders/yl/_q9l42k90g1g4mdhbs226msm0000gn/T//ccxj18A8.s 			page 166


 7344              		.syntax unified
 7345              		.thumb
 7346              		.thumb_func
 7348              	SEGGER_SYSVIEW_RecordExitISRToScheduler:
 7349              	.LFB36:
2102:./SystemView/SEGGER_SYSVIEW.c **** 
2103:./SystemView/SEGGER_SYSVIEW.c **** /*********************************************************************
2104:./SystemView/SEGGER_SYSVIEW.c **** *
2105:./SystemView/SEGGER_SYSVIEW.c **** *       SEGGER_SYSVIEW_RecordExitISRToScheduler()
2106:./SystemView/SEGGER_SYSVIEW.c **** *
2107:./SystemView/SEGGER_SYSVIEW.c **** *  Function description
2108:./SystemView/SEGGER_SYSVIEW.c **** *    Format and send an ISR exit into scheduler event.
2109:./SystemView/SEGGER_SYSVIEW.c **** *
2110:./SystemView/SEGGER_SYSVIEW.c **** *  Additional information
2111:./SystemView/SEGGER_SYSVIEW.c **** *    Format as follows:
2112:./SystemView/SEGGER_SYSVIEW.c **** *      18 <TimeStamp>        // Max. packet len is 6
2113:./SystemView/SEGGER_SYSVIEW.c **** *
2114:./SystemView/SEGGER_SYSVIEW.c **** *    Example packets sent
2115:./SystemView/SEGGER_SYSVIEW.c **** *      18 20                // ISR Exit to Scheduler. Timestamp is 32 (0x20)
2116:./SystemView/SEGGER_SYSVIEW.c **** */
2117:./SystemView/SEGGER_SYSVIEW.c **** void SEGGER_SYSVIEW_RecordExitISRToScheduler(void) {
 7350              		.loc 1 2117 52
 7351              		.cfi_startproc
 7352              		@ args = 0, pretend = 0, frame = 8
 7353              		@ frame_needed = 1, uses_anonymous_args = 0
 7354 0000 80B5     		push	{r7, lr}
 7355              	.LCFI180:
 7356              		.cfi_def_cfa_offset 8
 7357              		.cfi_offset 7, -8
 7358              		.cfi_offset 14, -4
 7359 0002 82B0     		sub	sp, sp, #8
 7360              	.LCFI181:
 7361              		.cfi_def_cfa_offset 16
 7362 0004 00AF     		add	r7, sp, #0
 7363              	.LCFI182:
 7364              		.cfi_def_cfa_register 7
 7365              	.LBB111:
2118:./SystemView/SEGGER_SYSVIEW.c ****   U8* pPayloadStart;
2119:./SystemView/SEGGER_SYSVIEW.c ****   RECORD_START(SEGGER_SYSVIEW_INFO_SIZE);
 7366              		.loc 1 2119 3
 7367              		.syntax unified
 7368              	@ 2119 "./SystemView/SEGGER_SYSVIEW.c" 1
 7369 0006 EFF31183 		mrs   r3, basepri  
 7370 000a 4FF02001 		mov   r1, #32       
 7371 000e 81F31188 		msr   basepri, r1  
 7372              		
 7373              	@ 0 "" 2
 7374              		.thumb
 7375              		.syntax unified
 7376 0012 7B60     		str	r3, [r7, #4]
 7377 0014 0748     		ldr	r0, .L417
 7378 0016 FFF7FEFF 		bl	_PreparePacket
 7379 001a 3860     		str	r0, [r7]
2120:./SystemView/SEGGER_SYSVIEW.c ****   //
2121:./SystemView/SEGGER_SYSVIEW.c ****   _SendPacket(pPayloadStart, pPayloadStart, SYSVIEW_EVTID_ISR_TO_SCHEDULER);
 7380              		.loc 1 2121 3
 7381 001c 1222     		movs	r2, #18
ARM GAS  /var/folders/yl/_q9l42k90g1g4mdhbs226msm0000gn/T//ccxj18A8.s 			page 167


 7382 001e 3968     		ldr	r1, [r7]
 7383 0020 3868     		ldr	r0, [r7]
 7384 0022 FFF7FEFF 		bl	_SendPacket
2122:./SystemView/SEGGER_SYSVIEW.c ****   RECORD_END();
 7385              		.loc 1 2122 3
 7386 0026 7B68     		ldr	r3, [r7, #4]
 7387              		.syntax unified
 7388              	@ 2122 "./SystemView/SEGGER_SYSVIEW.c" 1
 7389 0028 83F31188 		msr   basepri, r3  
 7390              		
 7391              	@ 0 "" 2
 7392              		.thumb
 7393              		.syntax unified
 7394              	.LBE111:
2123:./SystemView/SEGGER_SYSVIEW.c **** }
 7395              		.loc 1 2123 1
 7396 002c 00BF     		nop
 7397 002e 0837     		adds	r7, r7, #8
 7398              	.LCFI183:
 7399              		.cfi_def_cfa_offset 8
 7400 0030 BD46     		mov	sp, r7
 7401              	.LCFI184:
 7402              		.cfi_def_cfa_register 13
 7403              		@ sp needed
 7404 0032 80BD     		pop	{r7, pc}
 7405              	.L418:
 7406              		.align	2
 7407              	.L417:
 7408 0034 00000000 		.word	_aPacket
 7409              		.cfi_endproc
 7410              	.LFE36:
 7412              		.section	.text.SEGGER_SYSVIEW_RecordEnterTimer,"ax",%progbits
 7413              		.align	1
 7414              		.global	SEGGER_SYSVIEW_RecordEnterTimer
 7415              		.syntax unified
 7416              		.thumb
 7417              		.thumb_func
 7419              	SEGGER_SYSVIEW_RecordEnterTimer:
 7420              	.LFB37:
2124:./SystemView/SEGGER_SYSVIEW.c **** 
2125:./SystemView/SEGGER_SYSVIEW.c **** /*********************************************************************
2126:./SystemView/SEGGER_SYSVIEW.c **** *
2127:./SystemView/SEGGER_SYSVIEW.c **** *       SEGGER_SYSVIEW_RecordEnterTimer()
2128:./SystemView/SEGGER_SYSVIEW.c **** *
2129:./SystemView/SEGGER_SYSVIEW.c **** *  Function description
2130:./SystemView/SEGGER_SYSVIEW.c **** *    Format and send a Timer entry event.
2131:./SystemView/SEGGER_SYSVIEW.c **** *
2132:./SystemView/SEGGER_SYSVIEW.c **** *  Parameters
2133:./SystemView/SEGGER_SYSVIEW.c **** *    TimerId - Id of the timer which starts.
2134:./SystemView/SEGGER_SYSVIEW.c **** */
2135:./SystemView/SEGGER_SYSVIEW.c **** void SEGGER_SYSVIEW_RecordEnterTimer(U32 TimerId) {
 7421              		.loc 1 2135 51
 7422              		.cfi_startproc
 7423              		@ args = 0, pretend = 0, frame = 32
 7424              		@ frame_needed = 1, uses_anonymous_args = 0
 7425 0000 80B5     		push	{r7, lr}
 7426              	.LCFI185:
ARM GAS  /var/folders/yl/_q9l42k90g1g4mdhbs226msm0000gn/T//ccxj18A8.s 			page 168


 7427              		.cfi_def_cfa_offset 8
 7428              		.cfi_offset 7, -8
 7429              		.cfi_offset 14, -4
 7430 0002 88B0     		sub	sp, sp, #32
 7431              	.LCFI186:
 7432              		.cfi_def_cfa_offset 40
 7433 0004 00AF     		add	r7, sp, #0
 7434              	.LCFI187:
 7435              		.cfi_def_cfa_register 7
 7436 0006 7860     		str	r0, [r7, #4]
 7437              	.LBB112:
2136:./SystemView/SEGGER_SYSVIEW.c ****   U8* pPayload;
2137:./SystemView/SEGGER_SYSVIEW.c ****   U8* pPayloadStart;
2138:./SystemView/SEGGER_SYSVIEW.c ****   RECORD_START(SEGGER_SYSVIEW_INFO_SIZE + SEGGER_SYSVIEW_QUANTA_U32);
 7438              		.loc 1 2138 3
 7439              		.syntax unified
 7440              	@ 2138 "./SystemView/SEGGER_SYSVIEW.c" 1
 7441 0008 EFF31183 		mrs   r3, basepri  
 7442 000c 4FF02001 		mov   r1, #32       
 7443 0010 81F31188 		msr   basepri, r1  
 7444              		
 7445              	@ 0 "" 2
 7446              		.thumb
 7447              		.syntax unified
 7448 0014 7B61     		str	r3, [r7, #20]
 7449 0016 1848     		ldr	r0, .L422
 7450 0018 FFF7FEFF 		bl	_PreparePacket
 7451 001c 3861     		str	r0, [r7, #16]
2139:./SystemView/SEGGER_SYSVIEW.c ****   //
2140:./SystemView/SEGGER_SYSVIEW.c ****   pPayload = pPayloadStart;
 7452              		.loc 1 2140 12
 7453 001e 3B69     		ldr	r3, [r7, #16]
 7454 0020 FB60     		str	r3, [r7, #12]
 7455              	.LBB113:
2141:./SystemView/SEGGER_SYSVIEW.c ****   ENCODE_U32(pPayload, SHRINK_ID(TimerId));
 7456              		.loc 1 2141 3
 7457 0022 FB68     		ldr	r3, [r7, #12]
 7458 0024 FB61     		str	r3, [r7, #28]
 7459 0026 154B     		ldr	r3, .L422+4
 7460 0028 1B69     		ldr	r3, [r3, #16]
 7461 002a 7A68     		ldr	r2, [r7, #4]
 7462 002c D31A     		subs	r3, r2, r3
 7463 002e BB61     		str	r3, [r7, #24]
 7464 0030 0BE0     		b	.L420
 7465              	.L421:
 7466              		.loc 1 2141 3 is_stmt 0 discriminator 3
 7467 0032 BB69     		ldr	r3, [r7, #24]
 7468 0034 DAB2     		uxtb	r2, r3
 7469 0036 FB69     		ldr	r3, [r7, #28]
 7470 0038 591C     		adds	r1, r3, #1
 7471 003a F961     		str	r1, [r7, #28]
 7472 003c 62F07F02 		orn	r2, r2, #127
 7473 0040 D2B2     		uxtb	r2, r2
 7474 0042 1A70     		strb	r2, [r3]
 7475 0044 BB69     		ldr	r3, [r7, #24]
 7476 0046 DB09     		lsrs	r3, r3, #7
 7477 0048 BB61     		str	r3, [r7, #24]
ARM GAS  /var/folders/yl/_q9l42k90g1g4mdhbs226msm0000gn/T//ccxj18A8.s 			page 169


 7478              	.L420:
 7479              		.loc 1 2141 3 discriminator 1
 7480 004a BB69     		ldr	r3, [r7, #24]
 7481 004c 7F2B     		cmp	r3, #127
 7482 004e F0D8     		bhi	.L421
 7483              		.loc 1 2141 3 discriminator 4
 7484 0050 FB69     		ldr	r3, [r7, #28]
 7485 0052 5A1C     		adds	r2, r3, #1
 7486 0054 FA61     		str	r2, [r7, #28]
 7487 0056 BA69     		ldr	r2, [r7, #24]
 7488 0058 D2B2     		uxtb	r2, r2
 7489 005a 1A70     		strb	r2, [r3]
 7490 005c FB69     		ldr	r3, [r7, #28]
 7491 005e FB60     		str	r3, [r7, #12]
 7492              	.LBE113:
2142:./SystemView/SEGGER_SYSVIEW.c ****   _SendPacket(pPayloadStart, pPayload, SYSVIEW_EVTID_TIMER_ENTER);
 7493              		.loc 1 2142 3 is_stmt 1 discriminator 4
 7494 0060 1322     		movs	r2, #19
 7495 0062 F968     		ldr	r1, [r7, #12]
 7496 0064 3869     		ldr	r0, [r7, #16]
 7497 0066 FFF7FEFF 		bl	_SendPacket
2143:./SystemView/SEGGER_SYSVIEW.c ****   RECORD_END();
 7498              		.loc 1 2143 3 discriminator 4
 7499 006a 7B69     		ldr	r3, [r7, #20]
 7500              		.syntax unified
 7501              	@ 2143 "./SystemView/SEGGER_SYSVIEW.c" 1
 7502 006c 83F31188 		msr   basepri, r3  
 7503              		
 7504              	@ 0 "" 2
 7505              		.thumb
 7506              		.syntax unified
 7507              	.LBE112:
2144:./SystemView/SEGGER_SYSVIEW.c **** }
 7508              		.loc 1 2144 1 discriminator 4
 7509 0070 00BF     		nop
 7510 0072 2037     		adds	r7, r7, #32
 7511              	.LCFI188:
 7512              		.cfi_def_cfa_offset 8
 7513 0074 BD46     		mov	sp, r7
 7514              	.LCFI189:
 7515              		.cfi_def_cfa_register 13
 7516              		@ sp needed
 7517 0076 80BD     		pop	{r7, pc}
 7518              	.L423:
 7519              		.align	2
 7520              	.L422:
 7521 0078 00000000 		.word	_aPacket
 7522 007c 00000000 		.word	_SYSVIEW_Globals
 7523              		.cfi_endproc
 7524              	.LFE37:
 7526              		.section	.text.SEGGER_SYSVIEW_RecordExitTimer,"ax",%progbits
 7527              		.align	1
 7528              		.global	SEGGER_SYSVIEW_RecordExitTimer
 7529              		.syntax unified
 7530              		.thumb
 7531              		.thumb_func
 7533              	SEGGER_SYSVIEW_RecordExitTimer:
ARM GAS  /var/folders/yl/_q9l42k90g1g4mdhbs226msm0000gn/T//ccxj18A8.s 			page 170


 7534              	.LFB38:
2145:./SystemView/SEGGER_SYSVIEW.c **** 
2146:./SystemView/SEGGER_SYSVIEW.c **** /*********************************************************************
2147:./SystemView/SEGGER_SYSVIEW.c **** *
2148:./SystemView/SEGGER_SYSVIEW.c **** *       SEGGER_SYSVIEW_RecordExitTimer()
2149:./SystemView/SEGGER_SYSVIEW.c **** *
2150:./SystemView/SEGGER_SYSVIEW.c **** *  Function description
2151:./SystemView/SEGGER_SYSVIEW.c **** *    Format and send a Timer exit event.
2152:./SystemView/SEGGER_SYSVIEW.c **** */
2153:./SystemView/SEGGER_SYSVIEW.c **** void SEGGER_SYSVIEW_RecordExitTimer(void) {
 7535              		.loc 1 2153 43
 7536              		.cfi_startproc
 7537              		@ args = 0, pretend = 0, frame = 8
 7538              		@ frame_needed = 1, uses_anonymous_args = 0
 7539 0000 80B5     		push	{r7, lr}
 7540              	.LCFI190:
 7541              		.cfi_def_cfa_offset 8
 7542              		.cfi_offset 7, -8
 7543              		.cfi_offset 14, -4
 7544 0002 82B0     		sub	sp, sp, #8
 7545              	.LCFI191:
 7546              		.cfi_def_cfa_offset 16
 7547 0004 00AF     		add	r7, sp, #0
 7548              	.LCFI192:
 7549              		.cfi_def_cfa_register 7
 7550              	.LBB114:
2154:./SystemView/SEGGER_SYSVIEW.c ****   U8* pPayloadStart;
2155:./SystemView/SEGGER_SYSVIEW.c ****   RECORD_START(SEGGER_SYSVIEW_INFO_SIZE);
 7551              		.loc 1 2155 3
 7552              		.syntax unified
 7553              	@ 2155 "./SystemView/SEGGER_SYSVIEW.c" 1
 7554 0006 EFF31183 		mrs   r3, basepri  
 7555 000a 4FF02001 		mov   r1, #32       
 7556 000e 81F31188 		msr   basepri, r1  
 7557              		
 7558              	@ 0 "" 2
 7559              		.thumb
 7560              		.syntax unified
 7561 0012 7B60     		str	r3, [r7, #4]
 7562 0014 0748     		ldr	r0, .L425
 7563 0016 FFF7FEFF 		bl	_PreparePacket
 7564 001a 3860     		str	r0, [r7]
2156:./SystemView/SEGGER_SYSVIEW.c ****   //
2157:./SystemView/SEGGER_SYSVIEW.c ****   _SendPacket(pPayloadStart, pPayloadStart, SYSVIEW_EVTID_TIMER_EXIT);
 7565              		.loc 1 2157 3
 7566 001c 1422     		movs	r2, #20
 7567 001e 3968     		ldr	r1, [r7]
 7568 0020 3868     		ldr	r0, [r7]
 7569 0022 FFF7FEFF 		bl	_SendPacket
2158:./SystemView/SEGGER_SYSVIEW.c ****   RECORD_END();
 7570              		.loc 1 2158 3
 7571 0026 7B68     		ldr	r3, [r7, #4]
 7572              		.syntax unified
 7573              	@ 2158 "./SystemView/SEGGER_SYSVIEW.c" 1
 7574 0028 83F31188 		msr   basepri, r3  
 7575              		
 7576              	@ 0 "" 2
ARM GAS  /var/folders/yl/_q9l42k90g1g4mdhbs226msm0000gn/T//ccxj18A8.s 			page 171


 7577              		.thumb
 7578              		.syntax unified
 7579              	.LBE114:
2159:./SystemView/SEGGER_SYSVIEW.c **** }
 7580              		.loc 1 2159 1
 7581 002c 00BF     		nop
 7582 002e 0837     		adds	r7, r7, #8
 7583              	.LCFI193:
 7584              		.cfi_def_cfa_offset 8
 7585 0030 BD46     		mov	sp, r7
 7586              	.LCFI194:
 7587              		.cfi_def_cfa_register 13
 7588              		@ sp needed
 7589 0032 80BD     		pop	{r7, pc}
 7590              	.L426:
 7591              		.align	2
 7592              	.L425:
 7593 0034 00000000 		.word	_aPacket
 7594              		.cfi_endproc
 7595              	.LFE38:
 7597              		.section	.text.SEGGER_SYSVIEW_RecordEndCall,"ax",%progbits
 7598              		.align	1
 7599              		.global	SEGGER_SYSVIEW_RecordEndCall
 7600              		.syntax unified
 7601              		.thumb
 7602              		.thumb_func
 7604              	SEGGER_SYSVIEW_RecordEndCall:
 7605              	.LFB39:
2160:./SystemView/SEGGER_SYSVIEW.c **** 
2161:./SystemView/SEGGER_SYSVIEW.c **** /*********************************************************************
2162:./SystemView/SEGGER_SYSVIEW.c **** *
2163:./SystemView/SEGGER_SYSVIEW.c **** *       SEGGER_SYSVIEW_RecordEndCall()
2164:./SystemView/SEGGER_SYSVIEW.c **** *
2165:./SystemView/SEGGER_SYSVIEW.c **** *  Function description
2166:./SystemView/SEGGER_SYSVIEW.c **** *    Format and send an End API Call event without return value.
2167:./SystemView/SEGGER_SYSVIEW.c **** *
2168:./SystemView/SEGGER_SYSVIEW.c **** *  Parameters
2169:./SystemView/SEGGER_SYSVIEW.c **** *    EventID - Id of API function which ends.
2170:./SystemView/SEGGER_SYSVIEW.c **** */
2171:./SystemView/SEGGER_SYSVIEW.c **** void SEGGER_SYSVIEW_RecordEndCall(unsigned int EventID) {
 7606              		.loc 1 2171 57
 7607              		.cfi_startproc
 7608              		@ args = 0, pretend = 0, frame = 32
 7609              		@ frame_needed = 1, uses_anonymous_args = 0
 7610 0000 80B5     		push	{r7, lr}
 7611              	.LCFI195:
 7612              		.cfi_def_cfa_offset 8
 7613              		.cfi_offset 7, -8
 7614              		.cfi_offset 14, -4
 7615 0002 88B0     		sub	sp, sp, #32
 7616              	.LCFI196:
 7617              		.cfi_def_cfa_offset 40
 7618 0004 00AF     		add	r7, sp, #0
 7619              	.LCFI197:
 7620              		.cfi_def_cfa_register 7
 7621 0006 7860     		str	r0, [r7, #4]
 7622              	.LBB115:
ARM GAS  /var/folders/yl/_q9l42k90g1g4mdhbs226msm0000gn/T//ccxj18A8.s 			page 172


2172:./SystemView/SEGGER_SYSVIEW.c ****   U8* pPayload;
2173:./SystemView/SEGGER_SYSVIEW.c ****   U8* pPayloadStart;
2174:./SystemView/SEGGER_SYSVIEW.c ****   RECORD_START(SEGGER_SYSVIEW_INFO_SIZE + SEGGER_SYSVIEW_QUANTA_U32);
 7623              		.loc 1 2174 3
 7624              		.syntax unified
 7625              	@ 2174 "./SystemView/SEGGER_SYSVIEW.c" 1
 7626 0008 EFF31183 		mrs   r3, basepri  
 7627 000c 4FF02001 		mov   r1, #32       
 7628 0010 81F31188 		msr   basepri, r1  
 7629              		
 7630              	@ 0 "" 2
 7631              		.thumb
 7632              		.syntax unified
 7633 0014 7B61     		str	r3, [r7, #20]
 7634 0016 1748     		ldr	r0, .L430
 7635 0018 FFF7FEFF 		bl	_PreparePacket
 7636 001c 3861     		str	r0, [r7, #16]
2175:./SystemView/SEGGER_SYSVIEW.c ****   //
2176:./SystemView/SEGGER_SYSVIEW.c ****   pPayload = pPayloadStart;
 7637              		.loc 1 2176 12
 7638 001e 3B69     		ldr	r3, [r7, #16]
 7639 0020 FB60     		str	r3, [r7, #12]
 7640              	.LBB116:
2177:./SystemView/SEGGER_SYSVIEW.c ****   ENCODE_U32(pPayload, EventID);
 7641              		.loc 1 2177 3
 7642 0022 FB68     		ldr	r3, [r7, #12]
 7643 0024 FB61     		str	r3, [r7, #28]
 7644 0026 7B68     		ldr	r3, [r7, #4]
 7645 0028 BB61     		str	r3, [r7, #24]
 7646 002a 0BE0     		b	.L428
 7647              	.L429:
 7648              		.loc 1 2177 3 is_stmt 0 discriminator 3
 7649 002c BB69     		ldr	r3, [r7, #24]
 7650 002e DAB2     		uxtb	r2, r3
 7651 0030 FB69     		ldr	r3, [r7, #28]
 7652 0032 591C     		adds	r1, r3, #1
 7653 0034 F961     		str	r1, [r7, #28]
 7654 0036 62F07F02 		orn	r2, r2, #127
 7655 003a D2B2     		uxtb	r2, r2
 7656 003c 1A70     		strb	r2, [r3]
 7657 003e BB69     		ldr	r3, [r7, #24]
 7658 0040 DB09     		lsrs	r3, r3, #7
 7659 0042 BB61     		str	r3, [r7, #24]
 7660              	.L428:
 7661              		.loc 1 2177 3 discriminator 1
 7662 0044 BB69     		ldr	r3, [r7, #24]
 7663 0046 7F2B     		cmp	r3, #127
 7664 0048 F0D8     		bhi	.L429
 7665              		.loc 1 2177 3 discriminator 4
 7666 004a FB69     		ldr	r3, [r7, #28]
 7667 004c 5A1C     		adds	r2, r3, #1
 7668 004e FA61     		str	r2, [r7, #28]
 7669 0050 BA69     		ldr	r2, [r7, #24]
 7670 0052 D2B2     		uxtb	r2, r2
 7671 0054 1A70     		strb	r2, [r3]
 7672 0056 FB69     		ldr	r3, [r7, #28]
 7673 0058 FB60     		str	r3, [r7, #12]
ARM GAS  /var/folders/yl/_q9l42k90g1g4mdhbs226msm0000gn/T//ccxj18A8.s 			page 173


 7674              	.LBE116:
2178:./SystemView/SEGGER_SYSVIEW.c ****   _SendPacket(pPayloadStart, pPayload, SYSVIEW_EVTID_END_CALL);
 7675              		.loc 1 2178 3 is_stmt 1 discriminator 4
 7676 005a 1C22     		movs	r2, #28
 7677 005c F968     		ldr	r1, [r7, #12]
 7678 005e 3869     		ldr	r0, [r7, #16]
 7679 0060 FFF7FEFF 		bl	_SendPacket
2179:./SystemView/SEGGER_SYSVIEW.c ****   RECORD_END();
 7680              		.loc 1 2179 3 discriminator 4
 7681 0064 7B69     		ldr	r3, [r7, #20]
 7682              		.syntax unified
 7683              	@ 2179 "./SystemView/SEGGER_SYSVIEW.c" 1
 7684 0066 83F31188 		msr   basepri, r3  
 7685              		
 7686              	@ 0 "" 2
 7687              		.thumb
 7688              		.syntax unified
 7689              	.LBE115:
2180:./SystemView/SEGGER_SYSVIEW.c **** }
 7690              		.loc 1 2180 1 discriminator 4
 7691 006a 00BF     		nop
 7692 006c 2037     		adds	r7, r7, #32
 7693              	.LCFI198:
 7694              		.cfi_def_cfa_offset 8
 7695 006e BD46     		mov	sp, r7
 7696              	.LCFI199:
 7697              		.cfi_def_cfa_register 13
 7698              		@ sp needed
 7699 0070 80BD     		pop	{r7, pc}
 7700              	.L431:
 7701 0072 00BF     		.align	2
 7702              	.L430:
 7703 0074 00000000 		.word	_aPacket
 7704              		.cfi_endproc
 7705              	.LFE39:
 7707              		.section	.text.SEGGER_SYSVIEW_RecordEndCallU32,"ax",%progbits
 7708              		.align	1
 7709              		.global	SEGGER_SYSVIEW_RecordEndCallU32
 7710              		.syntax unified
 7711              		.thumb
 7712              		.thumb_func
 7714              	SEGGER_SYSVIEW_RecordEndCallU32:
 7715              	.LFB40:
2181:./SystemView/SEGGER_SYSVIEW.c **** 
2182:./SystemView/SEGGER_SYSVIEW.c **** /*********************************************************************
2183:./SystemView/SEGGER_SYSVIEW.c **** *
2184:./SystemView/SEGGER_SYSVIEW.c **** *       SEGGER_SYSVIEW_RecordEndCallU32()
2185:./SystemView/SEGGER_SYSVIEW.c **** *
2186:./SystemView/SEGGER_SYSVIEW.c **** *  Function description
2187:./SystemView/SEGGER_SYSVIEW.c **** *    Format and send an End API Call event with return value.
2188:./SystemView/SEGGER_SYSVIEW.c **** *
2189:./SystemView/SEGGER_SYSVIEW.c **** *  Parameters
2190:./SystemView/SEGGER_SYSVIEW.c **** *    EventID      - Id of API function which ends.
2191:./SystemView/SEGGER_SYSVIEW.c **** *    Para0        - Return value which will be returned by the API function.
2192:./SystemView/SEGGER_SYSVIEW.c **** */
2193:./SystemView/SEGGER_SYSVIEW.c **** void SEGGER_SYSVIEW_RecordEndCallU32(unsigned int EventID, U32 Para0) {
 7716              		.loc 1 2193 71
ARM GAS  /var/folders/yl/_q9l42k90g1g4mdhbs226msm0000gn/T//ccxj18A8.s 			page 174


 7717              		.cfi_startproc
 7718              		@ args = 0, pretend = 0, frame = 40
 7719              		@ frame_needed = 1, uses_anonymous_args = 0
 7720 0000 80B5     		push	{r7, lr}
 7721              	.LCFI200:
 7722              		.cfi_def_cfa_offset 8
 7723              		.cfi_offset 7, -8
 7724              		.cfi_offset 14, -4
 7725 0002 8AB0     		sub	sp, sp, #40
 7726              	.LCFI201:
 7727              		.cfi_def_cfa_offset 48
 7728 0004 00AF     		add	r7, sp, #0
 7729              	.LCFI202:
 7730              		.cfi_def_cfa_register 7
 7731 0006 7860     		str	r0, [r7, #4]
 7732 0008 3960     		str	r1, [r7]
 7733              	.LBB117:
2194:./SystemView/SEGGER_SYSVIEW.c ****   U8* pPayload;
2195:./SystemView/SEGGER_SYSVIEW.c ****   U8* pPayloadStart;
2196:./SystemView/SEGGER_SYSVIEW.c ****   RECORD_START(SEGGER_SYSVIEW_INFO_SIZE + 2 * SEGGER_SYSVIEW_QUANTA_U32);
 7734              		.loc 1 2196 3
 7735              		.syntax unified
 7736              	@ 2196 "./SystemView/SEGGER_SYSVIEW.c" 1
 7737 000a EFF31183 		mrs   r3, basepri  
 7738 000e 4FF02001 		mov   r1, #32       
 7739 0012 81F31188 		msr   basepri, r1  
 7740              		
 7741              	@ 0 "" 2
 7742              		.thumb
 7743              		.syntax unified
 7744 0016 7B61     		str	r3, [r7, #20]
 7745 0018 2448     		ldr	r0, .L437
 7746 001a FFF7FEFF 		bl	_PreparePacket
 7747 001e 3861     		str	r0, [r7, #16]
2197:./SystemView/SEGGER_SYSVIEW.c ****   //
2198:./SystemView/SEGGER_SYSVIEW.c ****   pPayload = pPayloadStart;
 7748              		.loc 1 2198 12
 7749 0020 3B69     		ldr	r3, [r7, #16]
 7750 0022 FB60     		str	r3, [r7, #12]
 7751              	.LBB118:
2199:./SystemView/SEGGER_SYSVIEW.c ****   ENCODE_U32(pPayload, EventID);
 7752              		.loc 1 2199 3
 7753 0024 FB68     		ldr	r3, [r7, #12]
 7754 0026 7B62     		str	r3, [r7, #36]
 7755 0028 7B68     		ldr	r3, [r7, #4]
 7756 002a 3B62     		str	r3, [r7, #32]
 7757 002c 0BE0     		b	.L433
 7758              	.L434:
 7759              		.loc 1 2199 3 is_stmt 0 discriminator 3
 7760 002e 3B6A     		ldr	r3, [r7, #32]
 7761 0030 DAB2     		uxtb	r2, r3
 7762 0032 7B6A     		ldr	r3, [r7, #36]
 7763 0034 591C     		adds	r1, r3, #1
 7764 0036 7962     		str	r1, [r7, #36]
 7765 0038 62F07F02 		orn	r2, r2, #127
 7766 003c D2B2     		uxtb	r2, r2
 7767 003e 1A70     		strb	r2, [r3]
ARM GAS  /var/folders/yl/_q9l42k90g1g4mdhbs226msm0000gn/T//ccxj18A8.s 			page 175


 7768 0040 3B6A     		ldr	r3, [r7, #32]
 7769 0042 DB09     		lsrs	r3, r3, #7
 7770 0044 3B62     		str	r3, [r7, #32]
 7771              	.L433:
 7772              		.loc 1 2199 3 discriminator 1
 7773 0046 3B6A     		ldr	r3, [r7, #32]
 7774 0048 7F2B     		cmp	r3, #127
 7775 004a F0D8     		bhi	.L434
 7776              		.loc 1 2199 3 discriminator 4
 7777 004c 7B6A     		ldr	r3, [r7, #36]
 7778 004e 5A1C     		adds	r2, r3, #1
 7779 0050 7A62     		str	r2, [r7, #36]
 7780 0052 3A6A     		ldr	r2, [r7, #32]
 7781 0054 D2B2     		uxtb	r2, r2
 7782 0056 1A70     		strb	r2, [r3]
 7783 0058 7B6A     		ldr	r3, [r7, #36]
 7784 005a FB60     		str	r3, [r7, #12]
 7785              	.LBE118:
 7786              	.LBB119:
2200:./SystemView/SEGGER_SYSVIEW.c ****   ENCODE_U32(pPayload, Para0);
 7787              		.loc 1 2200 3 is_stmt 1 discriminator 4
 7788 005c FB68     		ldr	r3, [r7, #12]
 7789 005e FB61     		str	r3, [r7, #28]
 7790 0060 3B68     		ldr	r3, [r7]
 7791 0062 BB61     		str	r3, [r7, #24]
 7792 0064 0BE0     		b	.L435
 7793              	.L436:
 7794              		.loc 1 2200 3 is_stmt 0 discriminator 3
 7795 0066 BB69     		ldr	r3, [r7, #24]
 7796 0068 DAB2     		uxtb	r2, r3
 7797 006a FB69     		ldr	r3, [r7, #28]
 7798 006c 591C     		adds	r1, r3, #1
 7799 006e F961     		str	r1, [r7, #28]
 7800 0070 62F07F02 		orn	r2, r2, #127
 7801 0074 D2B2     		uxtb	r2, r2
 7802 0076 1A70     		strb	r2, [r3]
 7803 0078 BB69     		ldr	r3, [r7, #24]
 7804 007a DB09     		lsrs	r3, r3, #7
 7805 007c BB61     		str	r3, [r7, #24]
 7806              	.L435:
 7807              		.loc 1 2200 3 discriminator 1
 7808 007e BB69     		ldr	r3, [r7, #24]
 7809 0080 7F2B     		cmp	r3, #127
 7810 0082 F0D8     		bhi	.L436
 7811              		.loc 1 2200 3 discriminator 4
 7812 0084 FB69     		ldr	r3, [r7, #28]
 7813 0086 5A1C     		adds	r2, r3, #1
 7814 0088 FA61     		str	r2, [r7, #28]
 7815 008a BA69     		ldr	r2, [r7, #24]
 7816 008c D2B2     		uxtb	r2, r2
 7817 008e 1A70     		strb	r2, [r3]
 7818 0090 FB69     		ldr	r3, [r7, #28]
 7819 0092 FB60     		str	r3, [r7, #12]
 7820              	.LBE119:
2201:./SystemView/SEGGER_SYSVIEW.c ****   _SendPacket(pPayloadStart, pPayload, SYSVIEW_EVTID_END_CALL);
 7821              		.loc 1 2201 3 is_stmt 1 discriminator 4
 7822 0094 1C22     		movs	r2, #28
ARM GAS  /var/folders/yl/_q9l42k90g1g4mdhbs226msm0000gn/T//ccxj18A8.s 			page 176


 7823 0096 F968     		ldr	r1, [r7, #12]
 7824 0098 3869     		ldr	r0, [r7, #16]
 7825 009a FFF7FEFF 		bl	_SendPacket
2202:./SystemView/SEGGER_SYSVIEW.c ****   RECORD_END();
 7826              		.loc 1 2202 3 discriminator 4
 7827 009e 7B69     		ldr	r3, [r7, #20]
 7828              		.syntax unified
 7829              	@ 2202 "./SystemView/SEGGER_SYSVIEW.c" 1
 7830 00a0 83F31188 		msr   basepri, r3  
 7831              		
 7832              	@ 0 "" 2
 7833              		.thumb
 7834              		.syntax unified
 7835              	.LBE117:
2203:./SystemView/SEGGER_SYSVIEW.c **** }
 7836              		.loc 1 2203 1 discriminator 4
 7837 00a4 00BF     		nop
 7838 00a6 2837     		adds	r7, r7, #40
 7839              	.LCFI203:
 7840              		.cfi_def_cfa_offset 8
 7841 00a8 BD46     		mov	sp, r7
 7842              	.LCFI204:
 7843              		.cfi_def_cfa_register 13
 7844              		@ sp needed
 7845 00aa 80BD     		pop	{r7, pc}
 7846              	.L438:
 7847              		.align	2
 7848              	.L437:
 7849 00ac 00000000 		.word	_aPacket
 7850              		.cfi_endproc
 7851              	.LFE40:
 7853              		.section	.text.SEGGER_SYSVIEW_OnIdle,"ax",%progbits
 7854              		.align	1
 7855              		.global	SEGGER_SYSVIEW_OnIdle
 7856              		.syntax unified
 7857              		.thumb
 7858              		.thumb_func
 7860              	SEGGER_SYSVIEW_OnIdle:
 7861              	.LFB41:
2204:./SystemView/SEGGER_SYSVIEW.c **** 
2205:./SystemView/SEGGER_SYSVIEW.c **** /*********************************************************************
2206:./SystemView/SEGGER_SYSVIEW.c **** *
2207:./SystemView/SEGGER_SYSVIEW.c **** *       SEGGER_SYSVIEW_OnIdle()
2208:./SystemView/SEGGER_SYSVIEW.c **** *
2209:./SystemView/SEGGER_SYSVIEW.c **** *  Function description
2210:./SystemView/SEGGER_SYSVIEW.c **** *    Record an Idle event.
2211:./SystemView/SEGGER_SYSVIEW.c **** */
2212:./SystemView/SEGGER_SYSVIEW.c **** void SEGGER_SYSVIEW_OnIdle(void) {
 7862              		.loc 1 2212 34
 7863              		.cfi_startproc
 7864              		@ args = 0, pretend = 0, frame = 8
 7865              		@ frame_needed = 1, uses_anonymous_args = 0
 7866 0000 80B5     		push	{r7, lr}
 7867              	.LCFI205:
 7868              		.cfi_def_cfa_offset 8
 7869              		.cfi_offset 7, -8
 7870              		.cfi_offset 14, -4
ARM GAS  /var/folders/yl/_q9l42k90g1g4mdhbs226msm0000gn/T//ccxj18A8.s 			page 177


 7871 0002 82B0     		sub	sp, sp, #8
 7872              	.LCFI206:
 7873              		.cfi_def_cfa_offset 16
 7874 0004 00AF     		add	r7, sp, #0
 7875              	.LCFI207:
 7876              		.cfi_def_cfa_register 7
 7877              	.LBB120:
2213:./SystemView/SEGGER_SYSVIEW.c ****   U8* pPayloadStart;
2214:./SystemView/SEGGER_SYSVIEW.c ****   RECORD_START(SEGGER_SYSVIEW_INFO_SIZE);
 7878              		.loc 1 2214 3
 7879              		.syntax unified
 7880              	@ 2214 "./SystemView/SEGGER_SYSVIEW.c" 1
 7881 0006 EFF31183 		mrs   r3, basepri  
 7882 000a 4FF02001 		mov   r1, #32       
 7883 000e 81F31188 		msr   basepri, r1  
 7884              		
 7885              	@ 0 "" 2
 7886              		.thumb
 7887              		.syntax unified
 7888 0012 7B60     		str	r3, [r7, #4]
 7889 0014 0748     		ldr	r0, .L440
 7890 0016 FFF7FEFF 		bl	_PreparePacket
 7891 001a 3860     		str	r0, [r7]
2215:./SystemView/SEGGER_SYSVIEW.c ****   //
2216:./SystemView/SEGGER_SYSVIEW.c ****   _SendPacket(pPayloadStart, pPayloadStart, SYSVIEW_EVTID_IDLE);
 7892              		.loc 1 2216 3
 7893 001c 1122     		movs	r2, #17
 7894 001e 3968     		ldr	r1, [r7]
 7895 0020 3868     		ldr	r0, [r7]
 7896 0022 FFF7FEFF 		bl	_SendPacket
2217:./SystemView/SEGGER_SYSVIEW.c ****   RECORD_END();
 7897              		.loc 1 2217 3
 7898 0026 7B68     		ldr	r3, [r7, #4]
 7899              		.syntax unified
 7900              	@ 2217 "./SystemView/SEGGER_SYSVIEW.c" 1
 7901 0028 83F31188 		msr   basepri, r3  
 7902              		
 7903              	@ 0 "" 2
 7904              		.thumb
 7905              		.syntax unified
 7906              	.LBE120:
2218:./SystemView/SEGGER_SYSVIEW.c **** }
 7907              		.loc 1 2218 1
 7908 002c 00BF     		nop
 7909 002e 0837     		adds	r7, r7, #8
 7910              	.LCFI208:
 7911              		.cfi_def_cfa_offset 8
 7912 0030 BD46     		mov	sp, r7
 7913              	.LCFI209:
 7914              		.cfi_def_cfa_register 13
 7915              		@ sp needed
 7916 0032 80BD     		pop	{r7, pc}
 7917              	.L441:
 7918              		.align	2
 7919              	.L440:
 7920 0034 00000000 		.word	_aPacket
 7921              		.cfi_endproc
ARM GAS  /var/folders/yl/_q9l42k90g1g4mdhbs226msm0000gn/T//ccxj18A8.s 			page 178


 7922              	.LFE41:
 7924              		.section	.text.SEGGER_SYSVIEW_OnTaskCreate,"ax",%progbits
 7925              		.align	1
 7926              		.global	SEGGER_SYSVIEW_OnTaskCreate
 7927              		.syntax unified
 7928              		.thumb
 7929              		.thumb_func
 7931              	SEGGER_SYSVIEW_OnTaskCreate:
 7932              	.LFB42:
2219:./SystemView/SEGGER_SYSVIEW.c **** 
2220:./SystemView/SEGGER_SYSVIEW.c **** /*********************************************************************
2221:./SystemView/SEGGER_SYSVIEW.c **** *
2222:./SystemView/SEGGER_SYSVIEW.c **** *       SEGGER_SYSVIEW_OnTaskCreate()
2223:./SystemView/SEGGER_SYSVIEW.c **** *
2224:./SystemView/SEGGER_SYSVIEW.c **** *  Function description
2225:./SystemView/SEGGER_SYSVIEW.c **** *    Record a Task Create event.  The Task Create event corresponds
2226:./SystemView/SEGGER_SYSVIEW.c **** *    to creating a task in the OS.
2227:./SystemView/SEGGER_SYSVIEW.c **** *
2228:./SystemView/SEGGER_SYSVIEW.c **** *  Parameters
2229:./SystemView/SEGGER_SYSVIEW.c **** *    TaskId        - Task ID of created task.
2230:./SystemView/SEGGER_SYSVIEW.c **** */
2231:./SystemView/SEGGER_SYSVIEW.c **** void SEGGER_SYSVIEW_OnTaskCreate(U32 TaskId) {
 7933              		.loc 1 2231 46
 7934              		.cfi_startproc
 7935              		@ args = 0, pretend = 0, frame = 32
 7936              		@ frame_needed = 1, uses_anonymous_args = 0
 7937 0000 80B5     		push	{r7, lr}
 7938              	.LCFI210:
 7939              		.cfi_def_cfa_offset 8
 7940              		.cfi_offset 7, -8
 7941              		.cfi_offset 14, -4
 7942 0002 88B0     		sub	sp, sp, #32
 7943              	.LCFI211:
 7944              		.cfi_def_cfa_offset 40
 7945 0004 00AF     		add	r7, sp, #0
 7946              	.LCFI212:
 7947              		.cfi_def_cfa_register 7
 7948 0006 7860     		str	r0, [r7, #4]
 7949              	.LBB121:
2232:./SystemView/SEGGER_SYSVIEW.c ****   U8* pPayload;
2233:./SystemView/SEGGER_SYSVIEW.c ****   U8* pPayloadStart;
2234:./SystemView/SEGGER_SYSVIEW.c ****   RECORD_START(SEGGER_SYSVIEW_INFO_SIZE + SEGGER_SYSVIEW_QUANTA_U32);
 7950              		.loc 1 2234 3
 7951              		.syntax unified
 7952              	@ 2234 "./SystemView/SEGGER_SYSVIEW.c" 1
 7953 0008 EFF31183 		mrs   r3, basepri  
 7954 000c 4FF02001 		mov   r1, #32       
 7955 0010 81F31188 		msr   basepri, r1  
 7956              		
 7957              	@ 0 "" 2
 7958              		.thumb
 7959              		.syntax unified
 7960 0014 7B61     		str	r3, [r7, #20]
 7961 0016 1948     		ldr	r0, .L445
 7962 0018 FFF7FEFF 		bl	_PreparePacket
 7963 001c 3861     		str	r0, [r7, #16]
2235:./SystemView/SEGGER_SYSVIEW.c ****   //
ARM GAS  /var/folders/yl/_q9l42k90g1g4mdhbs226msm0000gn/T//ccxj18A8.s 			page 179


2236:./SystemView/SEGGER_SYSVIEW.c ****   pPayload = pPayloadStart;
 7964              		.loc 1 2236 12
 7965 001e 3B69     		ldr	r3, [r7, #16]
 7966 0020 FB60     		str	r3, [r7, #12]
2237:./SystemView/SEGGER_SYSVIEW.c ****   TaskId = SHRINK_ID(TaskId);
 7967              		.loc 1 2237 12
 7968 0022 174B     		ldr	r3, .L445+4
 7969 0024 1B69     		ldr	r3, [r3, #16]
 7970              		.loc 1 2237 10
 7971 0026 7A68     		ldr	r2, [r7, #4]
 7972 0028 D31A     		subs	r3, r2, r3
 7973 002a 7B60     		str	r3, [r7, #4]
 7974              	.LBB122:
2238:./SystemView/SEGGER_SYSVIEW.c ****   ENCODE_U32(pPayload, TaskId);
 7975              		.loc 1 2238 3
 7976 002c FB68     		ldr	r3, [r7, #12]
 7977 002e FB61     		str	r3, [r7, #28]
 7978 0030 7B68     		ldr	r3, [r7, #4]
 7979 0032 BB61     		str	r3, [r7, #24]
 7980 0034 0BE0     		b	.L443
 7981              	.L444:
 7982              		.loc 1 2238 3 is_stmt 0 discriminator 3
 7983 0036 BB69     		ldr	r3, [r7, #24]
 7984 0038 DAB2     		uxtb	r2, r3
 7985 003a FB69     		ldr	r3, [r7, #28]
 7986 003c 591C     		adds	r1, r3, #1
 7987 003e F961     		str	r1, [r7, #28]
 7988 0040 62F07F02 		orn	r2, r2, #127
 7989 0044 D2B2     		uxtb	r2, r2
 7990 0046 1A70     		strb	r2, [r3]
 7991 0048 BB69     		ldr	r3, [r7, #24]
 7992 004a DB09     		lsrs	r3, r3, #7
 7993 004c BB61     		str	r3, [r7, #24]
 7994              	.L443:
 7995              		.loc 1 2238 3 discriminator 1
 7996 004e BB69     		ldr	r3, [r7, #24]
 7997 0050 7F2B     		cmp	r3, #127
 7998 0052 F0D8     		bhi	.L444
 7999              		.loc 1 2238 3 discriminator 4
 8000 0054 FB69     		ldr	r3, [r7, #28]
 8001 0056 5A1C     		adds	r2, r3, #1
 8002 0058 FA61     		str	r2, [r7, #28]
 8003 005a BA69     		ldr	r2, [r7, #24]
 8004 005c D2B2     		uxtb	r2, r2
 8005 005e 1A70     		strb	r2, [r3]
 8006 0060 FB69     		ldr	r3, [r7, #28]
 8007 0062 FB60     		str	r3, [r7, #12]
 8008              	.LBE122:
2239:./SystemView/SEGGER_SYSVIEW.c ****   _SendPacket(pPayloadStart, pPayload, SYSVIEW_EVTID_TASK_CREATE);
 8009              		.loc 1 2239 3 is_stmt 1 discriminator 4
 8010 0064 0822     		movs	r2, #8
 8011 0066 F968     		ldr	r1, [r7, #12]
 8012 0068 3869     		ldr	r0, [r7, #16]
 8013 006a FFF7FEFF 		bl	_SendPacket
2240:./SystemView/SEGGER_SYSVIEW.c ****   RECORD_END();
 8014              		.loc 1 2240 3 discriminator 4
 8015 006e 7B69     		ldr	r3, [r7, #20]
ARM GAS  /var/folders/yl/_q9l42k90g1g4mdhbs226msm0000gn/T//ccxj18A8.s 			page 180


 8016              		.syntax unified
 8017              	@ 2240 "./SystemView/SEGGER_SYSVIEW.c" 1
 8018 0070 83F31188 		msr   basepri, r3  
 8019              		
 8020              	@ 0 "" 2
 8021              		.thumb
 8022              		.syntax unified
 8023              	.LBE121:
2241:./SystemView/SEGGER_SYSVIEW.c **** }
 8024              		.loc 1 2241 1 discriminator 4
 8025 0074 00BF     		nop
 8026 0076 2037     		adds	r7, r7, #32
 8027              	.LCFI213:
 8028              		.cfi_def_cfa_offset 8
 8029 0078 BD46     		mov	sp, r7
 8030              	.LCFI214:
 8031              		.cfi_def_cfa_register 13
 8032              		@ sp needed
 8033 007a 80BD     		pop	{r7, pc}
 8034              	.L446:
 8035              		.align	2
 8036              	.L445:
 8037 007c 00000000 		.word	_aPacket
 8038 0080 00000000 		.word	_SYSVIEW_Globals
 8039              		.cfi_endproc
 8040              	.LFE42:
 8042              		.section	.text.SEGGER_SYSVIEW_OnTaskTerminate,"ax",%progbits
 8043              		.align	1
 8044              		.global	SEGGER_SYSVIEW_OnTaskTerminate
 8045              		.syntax unified
 8046              		.thumb
 8047              		.thumb_func
 8049              	SEGGER_SYSVIEW_OnTaskTerminate:
 8050              	.LFB43:
2242:./SystemView/SEGGER_SYSVIEW.c **** 
2243:./SystemView/SEGGER_SYSVIEW.c **** /*********************************************************************
2244:./SystemView/SEGGER_SYSVIEW.c **** *
2245:./SystemView/SEGGER_SYSVIEW.c **** *       SEGGER_SYSVIEW_OnTaskTerminate()
2246:./SystemView/SEGGER_SYSVIEW.c **** *
2247:./SystemView/SEGGER_SYSVIEW.c **** *  Function description
2248:./SystemView/SEGGER_SYSVIEW.c **** *    Record a Task termination event.
2249:./SystemView/SEGGER_SYSVIEW.c **** *    The Task termination event corresponds to terminating a task in
2250:./SystemView/SEGGER_SYSVIEW.c **** *    the OS. If the TaskId is the currently active task,
2251:./SystemView/SEGGER_SYSVIEW.c **** *    SEGGER_SYSVIEW_OnTaskStopExec may be used, either.
2252:./SystemView/SEGGER_SYSVIEW.c **** *
2253:./SystemView/SEGGER_SYSVIEW.c **** *  Parameters
2254:./SystemView/SEGGER_SYSVIEW.c **** *    TaskId        - Task ID of terminated task.
2255:./SystemView/SEGGER_SYSVIEW.c **** */
2256:./SystemView/SEGGER_SYSVIEW.c **** void SEGGER_SYSVIEW_OnTaskTerminate(U32 TaskId) {
 8051              		.loc 1 2256 49
 8052              		.cfi_startproc
 8053              		@ args = 0, pretend = 0, frame = 32
 8054              		@ frame_needed = 1, uses_anonymous_args = 0
 8055 0000 80B5     		push	{r7, lr}
 8056              	.LCFI215:
 8057              		.cfi_def_cfa_offset 8
 8058              		.cfi_offset 7, -8
ARM GAS  /var/folders/yl/_q9l42k90g1g4mdhbs226msm0000gn/T//ccxj18A8.s 			page 181


 8059              		.cfi_offset 14, -4
 8060 0002 88B0     		sub	sp, sp, #32
 8061              	.LCFI216:
 8062              		.cfi_def_cfa_offset 40
 8063 0004 00AF     		add	r7, sp, #0
 8064              	.LCFI217:
 8065              		.cfi_def_cfa_register 7
 8066 0006 7860     		str	r0, [r7, #4]
 8067              	.LBB123:
2257:./SystemView/SEGGER_SYSVIEW.c ****   U8* pPayload;
2258:./SystemView/SEGGER_SYSVIEW.c ****   U8* pPayloadStart;
2259:./SystemView/SEGGER_SYSVIEW.c ****   RECORD_START(SEGGER_SYSVIEW_INFO_SIZE + SEGGER_SYSVIEW_QUANTA_U32);
 8068              		.loc 1 2259 3
 8069              		.syntax unified
 8070              	@ 2259 "./SystemView/SEGGER_SYSVIEW.c" 1
 8071 0008 EFF31183 		mrs   r3, basepri  
 8072 000c 4FF02001 		mov   r1, #32       
 8073 0010 81F31188 		msr   basepri, r1  
 8074              		
 8075              	@ 0 "" 2
 8076              		.thumb
 8077              		.syntax unified
 8078 0014 7B61     		str	r3, [r7, #20]
 8079 0016 1948     		ldr	r0, .L450
 8080 0018 FFF7FEFF 		bl	_PreparePacket
 8081 001c 3861     		str	r0, [r7, #16]
2260:./SystemView/SEGGER_SYSVIEW.c ****   //
2261:./SystemView/SEGGER_SYSVIEW.c ****   pPayload = pPayloadStart;
 8082              		.loc 1 2261 12
 8083 001e 3B69     		ldr	r3, [r7, #16]
 8084 0020 FB60     		str	r3, [r7, #12]
2262:./SystemView/SEGGER_SYSVIEW.c ****   TaskId = SHRINK_ID(TaskId);
 8085              		.loc 1 2262 12
 8086 0022 174B     		ldr	r3, .L450+4
 8087 0024 1B69     		ldr	r3, [r3, #16]
 8088              		.loc 1 2262 10
 8089 0026 7A68     		ldr	r2, [r7, #4]
 8090 0028 D31A     		subs	r3, r2, r3
 8091 002a 7B60     		str	r3, [r7, #4]
 8092              	.LBB124:
2263:./SystemView/SEGGER_SYSVIEW.c ****   ENCODE_U32(pPayload, TaskId);
 8093              		.loc 1 2263 3
 8094 002c FB68     		ldr	r3, [r7, #12]
 8095 002e FB61     		str	r3, [r7, #28]
 8096 0030 7B68     		ldr	r3, [r7, #4]
 8097 0032 BB61     		str	r3, [r7, #24]
 8098 0034 0BE0     		b	.L448
 8099              	.L449:
 8100              		.loc 1 2263 3 is_stmt 0 discriminator 3
 8101 0036 BB69     		ldr	r3, [r7, #24]
 8102 0038 DAB2     		uxtb	r2, r3
 8103 003a FB69     		ldr	r3, [r7, #28]
 8104 003c 591C     		adds	r1, r3, #1
 8105 003e F961     		str	r1, [r7, #28]
 8106 0040 62F07F02 		orn	r2, r2, #127
 8107 0044 D2B2     		uxtb	r2, r2
 8108 0046 1A70     		strb	r2, [r3]
ARM GAS  /var/folders/yl/_q9l42k90g1g4mdhbs226msm0000gn/T//ccxj18A8.s 			page 182


 8109 0048 BB69     		ldr	r3, [r7, #24]
 8110 004a DB09     		lsrs	r3, r3, #7
 8111 004c BB61     		str	r3, [r7, #24]
 8112              	.L448:
 8113              		.loc 1 2263 3 discriminator 1
 8114 004e BB69     		ldr	r3, [r7, #24]
 8115 0050 7F2B     		cmp	r3, #127
 8116 0052 F0D8     		bhi	.L449
 8117              		.loc 1 2263 3 discriminator 4
 8118 0054 FB69     		ldr	r3, [r7, #28]
 8119 0056 5A1C     		adds	r2, r3, #1
 8120 0058 FA61     		str	r2, [r7, #28]
 8121 005a BA69     		ldr	r2, [r7, #24]
 8122 005c D2B2     		uxtb	r2, r2
 8123 005e 1A70     		strb	r2, [r3]
 8124 0060 FB69     		ldr	r3, [r7, #28]
 8125 0062 FB60     		str	r3, [r7, #12]
 8126              	.LBE124:
2264:./SystemView/SEGGER_SYSVIEW.c ****   _SendPacket(pPayloadStart, pPayload, SYSVIEW_EVTID_TASK_TERMINATE);
 8127              		.loc 1 2264 3 is_stmt 1 discriminator 4
 8128 0064 1D22     		movs	r2, #29
 8129 0066 F968     		ldr	r1, [r7, #12]
 8130 0068 3869     		ldr	r0, [r7, #16]
 8131 006a FFF7FEFF 		bl	_SendPacket
2265:./SystemView/SEGGER_SYSVIEW.c ****   RECORD_END();
 8132              		.loc 1 2265 3 discriminator 4
 8133 006e 7B69     		ldr	r3, [r7, #20]
 8134              		.syntax unified
 8135              	@ 2265 "./SystemView/SEGGER_SYSVIEW.c" 1
 8136 0070 83F31188 		msr   basepri, r3  
 8137              		
 8138              	@ 0 "" 2
 8139              		.thumb
 8140              		.syntax unified
 8141              	.LBE123:
2266:./SystemView/SEGGER_SYSVIEW.c **** }
 8142              		.loc 1 2266 1 discriminator 4
 8143 0074 00BF     		nop
 8144 0076 2037     		adds	r7, r7, #32
 8145              	.LCFI218:
 8146              		.cfi_def_cfa_offset 8
 8147 0078 BD46     		mov	sp, r7
 8148              	.LCFI219:
 8149              		.cfi_def_cfa_register 13
 8150              		@ sp needed
 8151 007a 80BD     		pop	{r7, pc}
 8152              	.L451:
 8153              		.align	2
 8154              	.L450:
 8155 007c 00000000 		.word	_aPacket
 8156 0080 00000000 		.word	_SYSVIEW_Globals
 8157              		.cfi_endproc
 8158              	.LFE43:
 8160              		.section	.text.SEGGER_SYSVIEW_OnTaskStartExec,"ax",%progbits
 8161              		.align	1
 8162              		.global	SEGGER_SYSVIEW_OnTaskStartExec
 8163              		.syntax unified
ARM GAS  /var/folders/yl/_q9l42k90g1g4mdhbs226msm0000gn/T//ccxj18A8.s 			page 183


 8164              		.thumb
 8165              		.thumb_func
 8167              	SEGGER_SYSVIEW_OnTaskStartExec:
 8168              	.LFB44:
2267:./SystemView/SEGGER_SYSVIEW.c **** 
2268:./SystemView/SEGGER_SYSVIEW.c **** /*********************************************************************
2269:./SystemView/SEGGER_SYSVIEW.c **** *
2270:./SystemView/SEGGER_SYSVIEW.c **** *       SEGGER_SYSVIEW_OnTaskStartExec()
2271:./SystemView/SEGGER_SYSVIEW.c **** *
2272:./SystemView/SEGGER_SYSVIEW.c **** *  Function description
2273:./SystemView/SEGGER_SYSVIEW.c **** *    Record a Task Start Execution event.  The Task Start event
2274:./SystemView/SEGGER_SYSVIEW.c **** *    corresponds to when a task has started to execute rather than
2275:./SystemView/SEGGER_SYSVIEW.c **** *    when it is ready to execute.
2276:./SystemView/SEGGER_SYSVIEW.c **** *
2277:./SystemView/SEGGER_SYSVIEW.c **** *  Parameters
2278:./SystemView/SEGGER_SYSVIEW.c **** *    TaskId - Task ID of task that started to execute.
2279:./SystemView/SEGGER_SYSVIEW.c **** */
2280:./SystemView/SEGGER_SYSVIEW.c **** void SEGGER_SYSVIEW_OnTaskStartExec(U32 TaskId) {
 8169              		.loc 1 2280 49
 8170              		.cfi_startproc
 8171              		@ args = 0, pretend = 0, frame = 32
 8172              		@ frame_needed = 1, uses_anonymous_args = 0
 8173 0000 80B5     		push	{r7, lr}
 8174              	.LCFI220:
 8175              		.cfi_def_cfa_offset 8
 8176              		.cfi_offset 7, -8
 8177              		.cfi_offset 14, -4
 8178 0002 88B0     		sub	sp, sp, #32
 8179              	.LCFI221:
 8180              		.cfi_def_cfa_offset 40
 8181 0004 00AF     		add	r7, sp, #0
 8182              	.LCFI222:
 8183              		.cfi_def_cfa_register 7
 8184 0006 7860     		str	r0, [r7, #4]
 8185              	.LBB125:
2281:./SystemView/SEGGER_SYSVIEW.c ****   U8* pPayload;
2282:./SystemView/SEGGER_SYSVIEW.c ****   U8* pPayloadStart;
2283:./SystemView/SEGGER_SYSVIEW.c ****   RECORD_START(SEGGER_SYSVIEW_INFO_SIZE + SEGGER_SYSVIEW_QUANTA_U32);
 8186              		.loc 1 2283 3
 8187              		.syntax unified
 8188              	@ 2283 "./SystemView/SEGGER_SYSVIEW.c" 1
 8189 0008 EFF31183 		mrs   r3, basepri  
 8190 000c 4FF02001 		mov   r1, #32       
 8191 0010 81F31188 		msr   basepri, r1  
 8192              		
 8193              	@ 0 "" 2
 8194              		.thumb
 8195              		.syntax unified
 8196 0014 7B61     		str	r3, [r7, #20]
 8197 0016 1948     		ldr	r0, .L455
 8198 0018 FFF7FEFF 		bl	_PreparePacket
 8199 001c 3861     		str	r0, [r7, #16]
2284:./SystemView/SEGGER_SYSVIEW.c ****   //
2285:./SystemView/SEGGER_SYSVIEW.c ****   pPayload = pPayloadStart;
 8200              		.loc 1 2285 12
 8201 001e 3B69     		ldr	r3, [r7, #16]
 8202 0020 FB60     		str	r3, [r7, #12]
ARM GAS  /var/folders/yl/_q9l42k90g1g4mdhbs226msm0000gn/T//ccxj18A8.s 			page 184


2286:./SystemView/SEGGER_SYSVIEW.c ****   TaskId = SHRINK_ID(TaskId);
 8203              		.loc 1 2286 12
 8204 0022 174B     		ldr	r3, .L455+4
 8205 0024 1B69     		ldr	r3, [r3, #16]
 8206              		.loc 1 2286 10
 8207 0026 7A68     		ldr	r2, [r7, #4]
 8208 0028 D31A     		subs	r3, r2, r3
 8209 002a 7B60     		str	r3, [r7, #4]
 8210              	.LBB126:
2287:./SystemView/SEGGER_SYSVIEW.c ****   ENCODE_U32(pPayload, TaskId);
 8211              		.loc 1 2287 3
 8212 002c FB68     		ldr	r3, [r7, #12]
 8213 002e FB61     		str	r3, [r7, #28]
 8214 0030 7B68     		ldr	r3, [r7, #4]
 8215 0032 BB61     		str	r3, [r7, #24]
 8216 0034 0BE0     		b	.L453
 8217              	.L454:
 8218              		.loc 1 2287 3 is_stmt 0 discriminator 3
 8219 0036 BB69     		ldr	r3, [r7, #24]
 8220 0038 DAB2     		uxtb	r2, r3
 8221 003a FB69     		ldr	r3, [r7, #28]
 8222 003c 591C     		adds	r1, r3, #1
 8223 003e F961     		str	r1, [r7, #28]
 8224 0040 62F07F02 		orn	r2, r2, #127
 8225 0044 D2B2     		uxtb	r2, r2
 8226 0046 1A70     		strb	r2, [r3]
 8227 0048 BB69     		ldr	r3, [r7, #24]
 8228 004a DB09     		lsrs	r3, r3, #7
 8229 004c BB61     		str	r3, [r7, #24]
 8230              	.L453:
 8231              		.loc 1 2287 3 discriminator 1
 8232 004e BB69     		ldr	r3, [r7, #24]
 8233 0050 7F2B     		cmp	r3, #127
 8234 0052 F0D8     		bhi	.L454
 8235              		.loc 1 2287 3 discriminator 4
 8236 0054 FB69     		ldr	r3, [r7, #28]
 8237 0056 5A1C     		adds	r2, r3, #1
 8238 0058 FA61     		str	r2, [r7, #28]
 8239 005a BA69     		ldr	r2, [r7, #24]
 8240 005c D2B2     		uxtb	r2, r2
 8241 005e 1A70     		strb	r2, [r3]
 8242 0060 FB69     		ldr	r3, [r7, #28]
 8243 0062 FB60     		str	r3, [r7, #12]
 8244              	.LBE126:
2288:./SystemView/SEGGER_SYSVIEW.c ****   _SendPacket(pPayloadStart, pPayload, SYSVIEW_EVTID_TASK_START_EXEC);
 8245              		.loc 1 2288 3 is_stmt 1 discriminator 4
 8246 0064 0422     		movs	r2, #4
 8247 0066 F968     		ldr	r1, [r7, #12]
 8248 0068 3869     		ldr	r0, [r7, #16]
 8249 006a FFF7FEFF 		bl	_SendPacket
2289:./SystemView/SEGGER_SYSVIEW.c ****   RECORD_END();
 8250              		.loc 1 2289 3 discriminator 4
 8251 006e 7B69     		ldr	r3, [r7, #20]
 8252              		.syntax unified
 8253              	@ 2289 "./SystemView/SEGGER_SYSVIEW.c" 1
 8254 0070 83F31188 		msr   basepri, r3  
 8255              		
ARM GAS  /var/folders/yl/_q9l42k90g1g4mdhbs226msm0000gn/T//ccxj18A8.s 			page 185


 8256              	@ 0 "" 2
 8257              		.thumb
 8258              		.syntax unified
 8259              	.LBE125:
2290:./SystemView/SEGGER_SYSVIEW.c **** }
 8260              		.loc 1 2290 1 discriminator 4
 8261 0074 00BF     		nop
 8262 0076 2037     		adds	r7, r7, #32
 8263              	.LCFI223:
 8264              		.cfi_def_cfa_offset 8
 8265 0078 BD46     		mov	sp, r7
 8266              	.LCFI224:
 8267              		.cfi_def_cfa_register 13
 8268              		@ sp needed
 8269 007a 80BD     		pop	{r7, pc}
 8270              	.L456:
 8271              		.align	2
 8272              	.L455:
 8273 007c 00000000 		.word	_aPacket
 8274 0080 00000000 		.word	_SYSVIEW_Globals
 8275              		.cfi_endproc
 8276              	.LFE44:
 8278              		.section	.text.SEGGER_SYSVIEW_OnTaskStopExec,"ax",%progbits
 8279              		.align	1
 8280              		.global	SEGGER_SYSVIEW_OnTaskStopExec
 8281              		.syntax unified
 8282              		.thumb
 8283              		.thumb_func
 8285              	SEGGER_SYSVIEW_OnTaskStopExec:
 8286              	.LFB45:
2291:./SystemView/SEGGER_SYSVIEW.c **** 
2292:./SystemView/SEGGER_SYSVIEW.c **** /*********************************************************************
2293:./SystemView/SEGGER_SYSVIEW.c **** *
2294:./SystemView/SEGGER_SYSVIEW.c **** *       SEGGER_SYSVIEW_OnTaskStopExec()
2295:./SystemView/SEGGER_SYSVIEW.c **** *
2296:./SystemView/SEGGER_SYSVIEW.c **** *  Function description
2297:./SystemView/SEGGER_SYSVIEW.c **** *    Record a Task Stop Execution event.  The Task Stop event
2298:./SystemView/SEGGER_SYSVIEW.c **** *    corresponds to when a task stops executing and terminates.
2299:./SystemView/SEGGER_SYSVIEW.c **** */
2300:./SystemView/SEGGER_SYSVIEW.c **** void SEGGER_SYSVIEW_OnTaskStopExec(void) {
 8287              		.loc 1 2300 42
 8288              		.cfi_startproc
 8289              		@ args = 0, pretend = 0, frame = 8
 8290              		@ frame_needed = 1, uses_anonymous_args = 0
 8291 0000 80B5     		push	{r7, lr}
 8292              	.LCFI225:
 8293              		.cfi_def_cfa_offset 8
 8294              		.cfi_offset 7, -8
 8295              		.cfi_offset 14, -4
 8296 0002 82B0     		sub	sp, sp, #8
 8297              	.LCFI226:
 8298              		.cfi_def_cfa_offset 16
 8299 0004 00AF     		add	r7, sp, #0
 8300              	.LCFI227:
 8301              		.cfi_def_cfa_register 7
 8302              	.LBB127:
2301:./SystemView/SEGGER_SYSVIEW.c ****   U8* pPayloadStart;
ARM GAS  /var/folders/yl/_q9l42k90g1g4mdhbs226msm0000gn/T//ccxj18A8.s 			page 186


2302:./SystemView/SEGGER_SYSVIEW.c ****   RECORD_START(SEGGER_SYSVIEW_INFO_SIZE);
 8303              		.loc 1 2302 3
 8304              		.syntax unified
 8305              	@ 2302 "./SystemView/SEGGER_SYSVIEW.c" 1
 8306 0006 EFF31183 		mrs   r3, basepri  
 8307 000a 4FF02001 		mov   r1, #32       
 8308 000e 81F31188 		msr   basepri, r1  
 8309              		
 8310              	@ 0 "" 2
 8311              		.thumb
 8312              		.syntax unified
 8313 0012 7B60     		str	r3, [r7, #4]
 8314 0014 0748     		ldr	r0, .L458
 8315 0016 FFF7FEFF 		bl	_PreparePacket
 8316 001a 3860     		str	r0, [r7]
2303:./SystemView/SEGGER_SYSVIEW.c ****   //
2304:./SystemView/SEGGER_SYSVIEW.c ****   _SendPacket(pPayloadStart, pPayloadStart, SYSVIEW_EVTID_TASK_STOP_EXEC);
 8317              		.loc 1 2304 3
 8318 001c 0522     		movs	r2, #5
 8319 001e 3968     		ldr	r1, [r7]
 8320 0020 3868     		ldr	r0, [r7]
 8321 0022 FFF7FEFF 		bl	_SendPacket
2305:./SystemView/SEGGER_SYSVIEW.c ****   RECORD_END();
 8322              		.loc 1 2305 3
 8323 0026 7B68     		ldr	r3, [r7, #4]
 8324              		.syntax unified
 8325              	@ 2305 "./SystemView/SEGGER_SYSVIEW.c" 1
 8326 0028 83F31188 		msr   basepri, r3  
 8327              		
 8328              	@ 0 "" 2
 8329              		.thumb
 8330              		.syntax unified
 8331              	.LBE127:
2306:./SystemView/SEGGER_SYSVIEW.c **** }
 8332              		.loc 1 2306 1
 8333 002c 00BF     		nop
 8334 002e 0837     		adds	r7, r7, #8
 8335              	.LCFI228:
 8336              		.cfi_def_cfa_offset 8
 8337 0030 BD46     		mov	sp, r7
 8338              	.LCFI229:
 8339              		.cfi_def_cfa_register 13
 8340              		@ sp needed
 8341 0032 80BD     		pop	{r7, pc}
 8342              	.L459:
 8343              		.align	2
 8344              	.L458:
 8345 0034 00000000 		.word	_aPacket
 8346              		.cfi_endproc
 8347              	.LFE45:
 8349              		.section	.text.SEGGER_SYSVIEW_OnTaskStartReady,"ax",%progbits
 8350              		.align	1
 8351              		.global	SEGGER_SYSVIEW_OnTaskStartReady
 8352              		.syntax unified
 8353              		.thumb
 8354              		.thumb_func
 8356              	SEGGER_SYSVIEW_OnTaskStartReady:
ARM GAS  /var/folders/yl/_q9l42k90g1g4mdhbs226msm0000gn/T//ccxj18A8.s 			page 187


 8357              	.LFB46:
2307:./SystemView/SEGGER_SYSVIEW.c **** 
2308:./SystemView/SEGGER_SYSVIEW.c **** /*********************************************************************
2309:./SystemView/SEGGER_SYSVIEW.c **** *
2310:./SystemView/SEGGER_SYSVIEW.c **** *       SEGGER_SYSVIEW_OnTaskStartReady()
2311:./SystemView/SEGGER_SYSVIEW.c **** *
2312:./SystemView/SEGGER_SYSVIEW.c **** *  Function description
2313:./SystemView/SEGGER_SYSVIEW.c **** *    Record a Task Start Ready event.
2314:./SystemView/SEGGER_SYSVIEW.c **** *
2315:./SystemView/SEGGER_SYSVIEW.c **** *  Parameters
2316:./SystemView/SEGGER_SYSVIEW.c **** *    TaskId - Task ID of task that started to execute.
2317:./SystemView/SEGGER_SYSVIEW.c **** */
2318:./SystemView/SEGGER_SYSVIEW.c **** void SEGGER_SYSVIEW_OnTaskStartReady(U32 TaskId) {
 8358              		.loc 1 2318 50
 8359              		.cfi_startproc
 8360              		@ args = 0, pretend = 0, frame = 32
 8361              		@ frame_needed = 1, uses_anonymous_args = 0
 8362 0000 80B5     		push	{r7, lr}
 8363              	.LCFI230:
 8364              		.cfi_def_cfa_offset 8
 8365              		.cfi_offset 7, -8
 8366              		.cfi_offset 14, -4
 8367 0002 88B0     		sub	sp, sp, #32
 8368              	.LCFI231:
 8369              		.cfi_def_cfa_offset 40
 8370 0004 00AF     		add	r7, sp, #0
 8371              	.LCFI232:
 8372              		.cfi_def_cfa_register 7
 8373 0006 7860     		str	r0, [r7, #4]
 8374              	.LBB128:
2319:./SystemView/SEGGER_SYSVIEW.c ****   U8* pPayload;
2320:./SystemView/SEGGER_SYSVIEW.c ****   U8* pPayloadStart;
2321:./SystemView/SEGGER_SYSVIEW.c ****   RECORD_START(SEGGER_SYSVIEW_INFO_SIZE + SEGGER_SYSVIEW_QUANTA_U32);
 8375              		.loc 1 2321 3
 8376              		.syntax unified
 8377              	@ 2321 "./SystemView/SEGGER_SYSVIEW.c" 1
 8378 0008 EFF31183 		mrs   r3, basepri  
 8379 000c 4FF02001 		mov   r1, #32       
 8380 0010 81F31188 		msr   basepri, r1  
 8381              		
 8382              	@ 0 "" 2
 8383              		.thumb
 8384              		.syntax unified
 8385 0014 7B61     		str	r3, [r7, #20]
 8386 0016 1948     		ldr	r0, .L463
 8387 0018 FFF7FEFF 		bl	_PreparePacket
 8388 001c 3861     		str	r0, [r7, #16]
2322:./SystemView/SEGGER_SYSVIEW.c ****   //
2323:./SystemView/SEGGER_SYSVIEW.c ****   pPayload = pPayloadStart;
 8389              		.loc 1 2323 12
 8390 001e 3B69     		ldr	r3, [r7, #16]
 8391 0020 FB60     		str	r3, [r7, #12]
2324:./SystemView/SEGGER_SYSVIEW.c ****   TaskId = SHRINK_ID(TaskId);
 8392              		.loc 1 2324 12
 8393 0022 174B     		ldr	r3, .L463+4
 8394 0024 1B69     		ldr	r3, [r3, #16]
 8395              		.loc 1 2324 10
ARM GAS  /var/folders/yl/_q9l42k90g1g4mdhbs226msm0000gn/T//ccxj18A8.s 			page 188


 8396 0026 7A68     		ldr	r2, [r7, #4]
 8397 0028 D31A     		subs	r3, r2, r3
 8398 002a 7B60     		str	r3, [r7, #4]
 8399              	.LBB129:
2325:./SystemView/SEGGER_SYSVIEW.c ****   ENCODE_U32(pPayload, TaskId);
 8400              		.loc 1 2325 3
 8401 002c FB68     		ldr	r3, [r7, #12]
 8402 002e FB61     		str	r3, [r7, #28]
 8403 0030 7B68     		ldr	r3, [r7, #4]
 8404 0032 BB61     		str	r3, [r7, #24]
 8405 0034 0BE0     		b	.L461
 8406              	.L462:
 8407              		.loc 1 2325 3 is_stmt 0 discriminator 3
 8408 0036 BB69     		ldr	r3, [r7, #24]
 8409 0038 DAB2     		uxtb	r2, r3
 8410 003a FB69     		ldr	r3, [r7, #28]
 8411 003c 591C     		adds	r1, r3, #1
 8412 003e F961     		str	r1, [r7, #28]
 8413 0040 62F07F02 		orn	r2, r2, #127
 8414 0044 D2B2     		uxtb	r2, r2
 8415 0046 1A70     		strb	r2, [r3]
 8416 0048 BB69     		ldr	r3, [r7, #24]
 8417 004a DB09     		lsrs	r3, r3, #7
 8418 004c BB61     		str	r3, [r7, #24]
 8419              	.L461:
 8420              		.loc 1 2325 3 discriminator 1
 8421 004e BB69     		ldr	r3, [r7, #24]
 8422 0050 7F2B     		cmp	r3, #127
 8423 0052 F0D8     		bhi	.L462
 8424              		.loc 1 2325 3 discriminator 4
 8425 0054 FB69     		ldr	r3, [r7, #28]
 8426 0056 5A1C     		adds	r2, r3, #1
 8427 0058 FA61     		str	r2, [r7, #28]
 8428 005a BA69     		ldr	r2, [r7, #24]
 8429 005c D2B2     		uxtb	r2, r2
 8430 005e 1A70     		strb	r2, [r3]
 8431 0060 FB69     		ldr	r3, [r7, #28]
 8432 0062 FB60     		str	r3, [r7, #12]
 8433              	.LBE129:
2326:./SystemView/SEGGER_SYSVIEW.c ****   _SendPacket(pPayloadStart, pPayload, SYSVIEW_EVTID_TASK_START_READY);
 8434              		.loc 1 2326 3 is_stmt 1 discriminator 4
 8435 0064 0622     		movs	r2, #6
 8436 0066 F968     		ldr	r1, [r7, #12]
 8437 0068 3869     		ldr	r0, [r7, #16]
 8438 006a FFF7FEFF 		bl	_SendPacket
2327:./SystemView/SEGGER_SYSVIEW.c ****   RECORD_END();
 8439              		.loc 1 2327 3 discriminator 4
 8440 006e 7B69     		ldr	r3, [r7, #20]
 8441              		.syntax unified
 8442              	@ 2327 "./SystemView/SEGGER_SYSVIEW.c" 1
 8443 0070 83F31188 		msr   basepri, r3  
 8444              		
 8445              	@ 0 "" 2
 8446              		.thumb
 8447              		.syntax unified
 8448              	.LBE128:
2328:./SystemView/SEGGER_SYSVIEW.c **** }
ARM GAS  /var/folders/yl/_q9l42k90g1g4mdhbs226msm0000gn/T//ccxj18A8.s 			page 189


 8449              		.loc 1 2328 1 discriminator 4
 8450 0074 00BF     		nop
 8451 0076 2037     		adds	r7, r7, #32
 8452              	.LCFI233:
 8453              		.cfi_def_cfa_offset 8
 8454 0078 BD46     		mov	sp, r7
 8455              	.LCFI234:
 8456              		.cfi_def_cfa_register 13
 8457              		@ sp needed
 8458 007a 80BD     		pop	{r7, pc}
 8459              	.L464:
 8460              		.align	2
 8461              	.L463:
 8462 007c 00000000 		.word	_aPacket
 8463 0080 00000000 		.word	_SYSVIEW_Globals
 8464              		.cfi_endproc
 8465              	.LFE46:
 8467              		.section	.text.SEGGER_SYSVIEW_OnTaskStopReady,"ax",%progbits
 8468              		.align	1
 8469              		.global	SEGGER_SYSVIEW_OnTaskStopReady
 8470              		.syntax unified
 8471              		.thumb
 8472              		.thumb_func
 8474              	SEGGER_SYSVIEW_OnTaskStopReady:
 8475              	.LFB47:
2329:./SystemView/SEGGER_SYSVIEW.c **** 
2330:./SystemView/SEGGER_SYSVIEW.c **** /*********************************************************************
2331:./SystemView/SEGGER_SYSVIEW.c **** *
2332:./SystemView/SEGGER_SYSVIEW.c **** *       SEGGER_SYSVIEW_OnTaskStopReady()
2333:./SystemView/SEGGER_SYSVIEW.c **** *
2334:./SystemView/SEGGER_SYSVIEW.c **** *  Function description
2335:./SystemView/SEGGER_SYSVIEW.c **** *    Record a Task Stop Ready event.
2336:./SystemView/SEGGER_SYSVIEW.c **** *
2337:./SystemView/SEGGER_SYSVIEW.c **** *  Parameters
2338:./SystemView/SEGGER_SYSVIEW.c **** *    TaskId - Task ID of task that completed execution.
2339:./SystemView/SEGGER_SYSVIEW.c **** *    Cause  - Reason for task to stop (i.e. Idle/Sleep)
2340:./SystemView/SEGGER_SYSVIEW.c **** */
2341:./SystemView/SEGGER_SYSVIEW.c **** void SEGGER_SYSVIEW_OnTaskStopReady(U32 TaskId, unsigned int Cause) {
 8476              		.loc 1 2341 69
 8477              		.cfi_startproc
 8478              		@ args = 0, pretend = 0, frame = 40
 8479              		@ frame_needed = 1, uses_anonymous_args = 0
 8480 0000 80B5     		push	{r7, lr}
 8481              	.LCFI235:
 8482              		.cfi_def_cfa_offset 8
 8483              		.cfi_offset 7, -8
 8484              		.cfi_offset 14, -4
 8485 0002 8AB0     		sub	sp, sp, #40
 8486              	.LCFI236:
 8487              		.cfi_def_cfa_offset 48
 8488 0004 00AF     		add	r7, sp, #0
 8489              	.LCFI237:
 8490              		.cfi_def_cfa_register 7
 8491 0006 7860     		str	r0, [r7, #4]
 8492 0008 3960     		str	r1, [r7]
 8493              	.LBB130:
2342:./SystemView/SEGGER_SYSVIEW.c ****   U8* pPayload;
ARM GAS  /var/folders/yl/_q9l42k90g1g4mdhbs226msm0000gn/T//ccxj18A8.s 			page 190


2343:./SystemView/SEGGER_SYSVIEW.c ****   U8* pPayloadStart;
2344:./SystemView/SEGGER_SYSVIEW.c ****   RECORD_START(SEGGER_SYSVIEW_INFO_SIZE + 2 * SEGGER_SYSVIEW_QUANTA_U32);
 8494              		.loc 1 2344 3
 8495              		.syntax unified
 8496              	@ 2344 "./SystemView/SEGGER_SYSVIEW.c" 1
 8497 000a EFF31183 		mrs   r3, basepri  
 8498 000e 4FF02001 		mov   r1, #32       
 8499 0012 81F31188 		msr   basepri, r1  
 8500              		
 8501              	@ 0 "" 2
 8502              		.thumb
 8503              		.syntax unified
 8504 0016 7B61     		str	r3, [r7, #20]
 8505 0018 2748     		ldr	r0, .L470
 8506 001a FFF7FEFF 		bl	_PreparePacket
 8507 001e 3861     		str	r0, [r7, #16]
2345:./SystemView/SEGGER_SYSVIEW.c ****   //
2346:./SystemView/SEGGER_SYSVIEW.c ****   pPayload = pPayloadStart;
 8508              		.loc 1 2346 12
 8509 0020 3B69     		ldr	r3, [r7, #16]
 8510 0022 FB60     		str	r3, [r7, #12]
2347:./SystemView/SEGGER_SYSVIEW.c ****   TaskId = SHRINK_ID(TaskId);
 8511              		.loc 1 2347 12
 8512 0024 254B     		ldr	r3, .L470+4
 8513 0026 1B69     		ldr	r3, [r3, #16]
 8514              		.loc 1 2347 10
 8515 0028 7A68     		ldr	r2, [r7, #4]
 8516 002a D31A     		subs	r3, r2, r3
 8517 002c 7B60     		str	r3, [r7, #4]
 8518              	.LBB131:
2348:./SystemView/SEGGER_SYSVIEW.c ****   ENCODE_U32(pPayload, TaskId);
 8519              		.loc 1 2348 3
 8520 002e FB68     		ldr	r3, [r7, #12]
 8521 0030 7B62     		str	r3, [r7, #36]
 8522 0032 7B68     		ldr	r3, [r7, #4]
 8523 0034 3B62     		str	r3, [r7, #32]
 8524 0036 0BE0     		b	.L466
 8525              	.L467:
 8526              		.loc 1 2348 3 is_stmt 0 discriminator 3
 8527 0038 3B6A     		ldr	r3, [r7, #32]
 8528 003a DAB2     		uxtb	r2, r3
 8529 003c 7B6A     		ldr	r3, [r7, #36]
 8530 003e 591C     		adds	r1, r3, #1
 8531 0040 7962     		str	r1, [r7, #36]
 8532 0042 62F07F02 		orn	r2, r2, #127
 8533 0046 D2B2     		uxtb	r2, r2
 8534 0048 1A70     		strb	r2, [r3]
 8535 004a 3B6A     		ldr	r3, [r7, #32]
 8536 004c DB09     		lsrs	r3, r3, #7
 8537 004e 3B62     		str	r3, [r7, #32]
 8538              	.L466:
 8539              		.loc 1 2348 3 discriminator 1
 8540 0050 3B6A     		ldr	r3, [r7, #32]
 8541 0052 7F2B     		cmp	r3, #127
 8542 0054 F0D8     		bhi	.L467
 8543              		.loc 1 2348 3 discriminator 4
 8544 0056 7B6A     		ldr	r3, [r7, #36]
ARM GAS  /var/folders/yl/_q9l42k90g1g4mdhbs226msm0000gn/T//ccxj18A8.s 			page 191


 8545 0058 5A1C     		adds	r2, r3, #1
 8546 005a 7A62     		str	r2, [r7, #36]
 8547 005c 3A6A     		ldr	r2, [r7, #32]
 8548 005e D2B2     		uxtb	r2, r2
 8549 0060 1A70     		strb	r2, [r3]
 8550 0062 7B6A     		ldr	r3, [r7, #36]
 8551 0064 FB60     		str	r3, [r7, #12]
 8552              	.LBE131:
 8553              	.LBB132:
2349:./SystemView/SEGGER_SYSVIEW.c ****   ENCODE_U32(pPayload, Cause);
 8554              		.loc 1 2349 3 is_stmt 1 discriminator 4
 8555 0066 FB68     		ldr	r3, [r7, #12]
 8556 0068 FB61     		str	r3, [r7, #28]
 8557 006a 3B68     		ldr	r3, [r7]
 8558 006c BB61     		str	r3, [r7, #24]
 8559 006e 0BE0     		b	.L468
 8560              	.L469:
 8561              		.loc 1 2349 3 is_stmt 0 discriminator 3
 8562 0070 BB69     		ldr	r3, [r7, #24]
 8563 0072 DAB2     		uxtb	r2, r3
 8564 0074 FB69     		ldr	r3, [r7, #28]
 8565 0076 591C     		adds	r1, r3, #1
 8566 0078 F961     		str	r1, [r7, #28]
 8567 007a 62F07F02 		orn	r2, r2, #127
 8568 007e D2B2     		uxtb	r2, r2
 8569 0080 1A70     		strb	r2, [r3]
 8570 0082 BB69     		ldr	r3, [r7, #24]
 8571 0084 DB09     		lsrs	r3, r3, #7
 8572 0086 BB61     		str	r3, [r7, #24]
 8573              	.L468:
 8574              		.loc 1 2349 3 discriminator 1
 8575 0088 BB69     		ldr	r3, [r7, #24]
 8576 008a 7F2B     		cmp	r3, #127
 8577 008c F0D8     		bhi	.L469
 8578              		.loc 1 2349 3 discriminator 4
 8579 008e FB69     		ldr	r3, [r7, #28]
 8580 0090 5A1C     		adds	r2, r3, #1
 8581 0092 FA61     		str	r2, [r7, #28]
 8582 0094 BA69     		ldr	r2, [r7, #24]
 8583 0096 D2B2     		uxtb	r2, r2
 8584 0098 1A70     		strb	r2, [r3]
 8585 009a FB69     		ldr	r3, [r7, #28]
 8586 009c FB60     		str	r3, [r7, #12]
 8587              	.LBE132:
2350:./SystemView/SEGGER_SYSVIEW.c ****   _SendPacket(pPayloadStart, pPayload, SYSVIEW_EVTID_TASK_STOP_READY);
 8588              		.loc 1 2350 3 is_stmt 1 discriminator 4
 8589 009e 0722     		movs	r2, #7
 8590 00a0 F968     		ldr	r1, [r7, #12]
 8591 00a2 3869     		ldr	r0, [r7, #16]
 8592 00a4 FFF7FEFF 		bl	_SendPacket
2351:./SystemView/SEGGER_SYSVIEW.c ****   RECORD_END();
 8593              		.loc 1 2351 3 discriminator 4
 8594 00a8 7B69     		ldr	r3, [r7, #20]
 8595              		.syntax unified
 8596              	@ 2351 "./SystemView/SEGGER_SYSVIEW.c" 1
 8597 00aa 83F31188 		msr   basepri, r3  
 8598              		
ARM GAS  /var/folders/yl/_q9l42k90g1g4mdhbs226msm0000gn/T//ccxj18A8.s 			page 192


 8599              	@ 0 "" 2
 8600              		.thumb
 8601              		.syntax unified
 8602              	.LBE130:
2352:./SystemView/SEGGER_SYSVIEW.c **** }
 8603              		.loc 1 2352 1 discriminator 4
 8604 00ae 00BF     		nop
 8605 00b0 2837     		adds	r7, r7, #40
 8606              	.LCFI238:
 8607              		.cfi_def_cfa_offset 8
 8608 00b2 BD46     		mov	sp, r7
 8609              	.LCFI239:
 8610              		.cfi_def_cfa_register 13
 8611              		@ sp needed
 8612 00b4 80BD     		pop	{r7, pc}
 8613              	.L471:
 8614 00b6 00BF     		.align	2
 8615              	.L470:
 8616 00b8 00000000 		.word	_aPacket
 8617 00bc 00000000 		.word	_SYSVIEW_Globals
 8618              		.cfi_endproc
 8619              	.LFE47:
 8621              		.section	.text.SEGGER_SYSVIEW_MarkStart,"ax",%progbits
 8622              		.align	1
 8623              		.global	SEGGER_SYSVIEW_MarkStart
 8624              		.syntax unified
 8625              		.thumb
 8626              		.thumb_func
 8628              	SEGGER_SYSVIEW_MarkStart:
 8629              	.LFB48:
2353:./SystemView/SEGGER_SYSVIEW.c **** 
2354:./SystemView/SEGGER_SYSVIEW.c **** /*********************************************************************
2355:./SystemView/SEGGER_SYSVIEW.c **** *
2356:./SystemView/SEGGER_SYSVIEW.c **** *       SEGGER_SYSVIEW_MarkStart()
2357:./SystemView/SEGGER_SYSVIEW.c **** *
2358:./SystemView/SEGGER_SYSVIEW.c **** *  Function description
2359:./SystemView/SEGGER_SYSVIEW.c **** *    Record a Performance Marker Start event to start measuring runtime.
2360:./SystemView/SEGGER_SYSVIEW.c **** *
2361:./SystemView/SEGGER_SYSVIEW.c **** *  Parameters
2362:./SystemView/SEGGER_SYSVIEW.c **** *    MarkerId  - User defined ID for the marker.
2363:./SystemView/SEGGER_SYSVIEW.c **** */
2364:./SystemView/SEGGER_SYSVIEW.c **** void SEGGER_SYSVIEW_MarkStart(unsigned MarkerId) {
 8630              		.loc 1 2364 50
 8631              		.cfi_startproc
 8632              		@ args = 0, pretend = 0, frame = 32
 8633              		@ frame_needed = 1, uses_anonymous_args = 0
 8634 0000 80B5     		push	{r7, lr}
 8635              	.LCFI240:
 8636              		.cfi_def_cfa_offset 8
 8637              		.cfi_offset 7, -8
 8638              		.cfi_offset 14, -4
 8639 0002 88B0     		sub	sp, sp, #32
 8640              	.LCFI241:
 8641              		.cfi_def_cfa_offset 40
 8642 0004 00AF     		add	r7, sp, #0
 8643              	.LCFI242:
 8644              		.cfi_def_cfa_register 7
ARM GAS  /var/folders/yl/_q9l42k90g1g4mdhbs226msm0000gn/T//ccxj18A8.s 			page 193


 8645 0006 7860     		str	r0, [r7, #4]
 8646              	.LBB133:
2365:./SystemView/SEGGER_SYSVIEW.c ****   U8* pPayload;
2366:./SystemView/SEGGER_SYSVIEW.c ****   U8* pPayloadStart;
2367:./SystemView/SEGGER_SYSVIEW.c ****   RECORD_START(SEGGER_SYSVIEW_INFO_SIZE + SEGGER_SYSVIEW_QUANTA_U32);
 8647              		.loc 1 2367 3
 8648              		.syntax unified
 8649              	@ 2367 "./SystemView/SEGGER_SYSVIEW.c" 1
 8650 0008 EFF31183 		mrs   r3, basepri  
 8651 000c 4FF02001 		mov   r1, #32       
 8652 0010 81F31188 		msr   basepri, r1  
 8653              		
 8654              	@ 0 "" 2
 8655              		.thumb
 8656              		.syntax unified
 8657 0014 7B61     		str	r3, [r7, #20]
 8658 0016 1748     		ldr	r0, .L475
 8659 0018 FFF7FEFF 		bl	_PreparePacket
 8660 001c 3861     		str	r0, [r7, #16]
2368:./SystemView/SEGGER_SYSVIEW.c ****   //
2369:./SystemView/SEGGER_SYSVIEW.c ****   pPayload = pPayloadStart;
 8661              		.loc 1 2369 12
 8662 001e 3B69     		ldr	r3, [r7, #16]
 8663 0020 FB60     		str	r3, [r7, #12]
 8664              	.LBB134:
2370:./SystemView/SEGGER_SYSVIEW.c ****   ENCODE_U32(pPayload, MarkerId);
 8665              		.loc 1 2370 3
 8666 0022 FB68     		ldr	r3, [r7, #12]
 8667 0024 FB61     		str	r3, [r7, #28]
 8668 0026 7B68     		ldr	r3, [r7, #4]
 8669 0028 BB61     		str	r3, [r7, #24]
 8670 002a 0BE0     		b	.L473
 8671              	.L474:
 8672              		.loc 1 2370 3 is_stmt 0 discriminator 3
 8673 002c BB69     		ldr	r3, [r7, #24]
 8674 002e DAB2     		uxtb	r2, r3
 8675 0030 FB69     		ldr	r3, [r7, #28]
 8676 0032 591C     		adds	r1, r3, #1
 8677 0034 F961     		str	r1, [r7, #28]
 8678 0036 62F07F02 		orn	r2, r2, #127
 8679 003a D2B2     		uxtb	r2, r2
 8680 003c 1A70     		strb	r2, [r3]
 8681 003e BB69     		ldr	r3, [r7, #24]
 8682 0040 DB09     		lsrs	r3, r3, #7
 8683 0042 BB61     		str	r3, [r7, #24]
 8684              	.L473:
 8685              		.loc 1 2370 3 discriminator 1
 8686 0044 BB69     		ldr	r3, [r7, #24]
 8687 0046 7F2B     		cmp	r3, #127
 8688 0048 F0D8     		bhi	.L474
 8689              		.loc 1 2370 3 discriminator 4
 8690 004a FB69     		ldr	r3, [r7, #28]
 8691 004c 5A1C     		adds	r2, r3, #1
 8692 004e FA61     		str	r2, [r7, #28]
 8693 0050 BA69     		ldr	r2, [r7, #24]
 8694 0052 D2B2     		uxtb	r2, r2
 8695 0054 1A70     		strb	r2, [r3]
ARM GAS  /var/folders/yl/_q9l42k90g1g4mdhbs226msm0000gn/T//ccxj18A8.s 			page 194


 8696 0056 FB69     		ldr	r3, [r7, #28]
 8697 0058 FB60     		str	r3, [r7, #12]
 8698              	.LBE134:
2371:./SystemView/SEGGER_SYSVIEW.c ****   _SendPacket(pPayloadStart, pPayload, SYSVIEW_EVTID_MARK_START);
 8699              		.loc 1 2371 3 is_stmt 1 discriminator 4
 8700 005a 0F22     		movs	r2, #15
 8701 005c F968     		ldr	r1, [r7, #12]
 8702 005e 3869     		ldr	r0, [r7, #16]
 8703 0060 FFF7FEFF 		bl	_SendPacket
2372:./SystemView/SEGGER_SYSVIEW.c ****   RECORD_END();
 8704              		.loc 1 2372 3 discriminator 4
 8705 0064 7B69     		ldr	r3, [r7, #20]
 8706              		.syntax unified
 8707              	@ 2372 "./SystemView/SEGGER_SYSVIEW.c" 1
 8708 0066 83F31188 		msr   basepri, r3  
 8709              		
 8710              	@ 0 "" 2
 8711              		.thumb
 8712              		.syntax unified
 8713              	.LBE133:
2373:./SystemView/SEGGER_SYSVIEW.c **** }
 8714              		.loc 1 2373 1 discriminator 4
 8715 006a 00BF     		nop
 8716 006c 2037     		adds	r7, r7, #32
 8717              	.LCFI243:
 8718              		.cfi_def_cfa_offset 8
 8719 006e BD46     		mov	sp, r7
 8720              	.LCFI244:
 8721              		.cfi_def_cfa_register 13
 8722              		@ sp needed
 8723 0070 80BD     		pop	{r7, pc}
 8724              	.L476:
 8725 0072 00BF     		.align	2
 8726              	.L475:
 8727 0074 00000000 		.word	_aPacket
 8728              		.cfi_endproc
 8729              	.LFE48:
 8731              		.section	.text.SEGGER_SYSVIEW_MarkStop,"ax",%progbits
 8732              		.align	1
 8733              		.global	SEGGER_SYSVIEW_MarkStop
 8734              		.syntax unified
 8735              		.thumb
 8736              		.thumb_func
 8738              	SEGGER_SYSVIEW_MarkStop:
 8739              	.LFB49:
2374:./SystemView/SEGGER_SYSVIEW.c **** 
2375:./SystemView/SEGGER_SYSVIEW.c **** /*********************************************************************
2376:./SystemView/SEGGER_SYSVIEW.c **** *
2377:./SystemView/SEGGER_SYSVIEW.c **** *       SEGGER_SYSVIEW_MarkStop()
2378:./SystemView/SEGGER_SYSVIEW.c **** *
2379:./SystemView/SEGGER_SYSVIEW.c **** *  Function description
2380:./SystemView/SEGGER_SYSVIEW.c **** *    Record a Performance Marker Stop event to stop measuring runtime.
2381:./SystemView/SEGGER_SYSVIEW.c **** *
2382:./SystemView/SEGGER_SYSVIEW.c **** *  Parameters
2383:./SystemView/SEGGER_SYSVIEW.c **** *    MarkerId  - User defined ID for the marker.
2384:./SystemView/SEGGER_SYSVIEW.c **** */
2385:./SystemView/SEGGER_SYSVIEW.c **** void SEGGER_SYSVIEW_MarkStop(unsigned MarkerId) {
ARM GAS  /var/folders/yl/_q9l42k90g1g4mdhbs226msm0000gn/T//ccxj18A8.s 			page 195


 8740              		.loc 1 2385 49
 8741              		.cfi_startproc
 8742              		@ args = 0, pretend = 0, frame = 32
 8743              		@ frame_needed = 1, uses_anonymous_args = 0
 8744 0000 80B5     		push	{r7, lr}
 8745              	.LCFI245:
 8746              		.cfi_def_cfa_offset 8
 8747              		.cfi_offset 7, -8
 8748              		.cfi_offset 14, -4
 8749 0002 88B0     		sub	sp, sp, #32
 8750              	.LCFI246:
 8751              		.cfi_def_cfa_offset 40
 8752 0004 00AF     		add	r7, sp, #0
 8753              	.LCFI247:
 8754              		.cfi_def_cfa_register 7
 8755 0006 7860     		str	r0, [r7, #4]
 8756              	.LBB135:
2386:./SystemView/SEGGER_SYSVIEW.c ****   U8 * pPayload;
2387:./SystemView/SEGGER_SYSVIEW.c ****   U8 * pPayloadStart;
2388:./SystemView/SEGGER_SYSVIEW.c ****   RECORD_START(SEGGER_SYSVIEW_INFO_SIZE + SEGGER_SYSVIEW_QUANTA_U32);
 8757              		.loc 1 2388 3
 8758              		.syntax unified
 8759              	@ 2388 "./SystemView/SEGGER_SYSVIEW.c" 1
 8760 0008 EFF31183 		mrs   r3, basepri  
 8761 000c 4FF02001 		mov   r1, #32       
 8762 0010 81F31188 		msr   basepri, r1  
 8763              		
 8764              	@ 0 "" 2
 8765              		.thumb
 8766              		.syntax unified
 8767 0014 7B61     		str	r3, [r7, #20]
 8768 0016 1748     		ldr	r0, .L480
 8769 0018 FFF7FEFF 		bl	_PreparePacket
 8770 001c 3861     		str	r0, [r7, #16]
2389:./SystemView/SEGGER_SYSVIEW.c ****   //
2390:./SystemView/SEGGER_SYSVIEW.c ****   pPayload = pPayloadStart;
 8771              		.loc 1 2390 12
 8772 001e 3B69     		ldr	r3, [r7, #16]
 8773 0020 FB60     		str	r3, [r7, #12]
 8774              	.LBB136:
2391:./SystemView/SEGGER_SYSVIEW.c ****   ENCODE_U32(pPayload, MarkerId);
 8775              		.loc 1 2391 3
 8776 0022 FB68     		ldr	r3, [r7, #12]
 8777 0024 FB61     		str	r3, [r7, #28]
 8778 0026 7B68     		ldr	r3, [r7, #4]
 8779 0028 BB61     		str	r3, [r7, #24]
 8780 002a 0BE0     		b	.L478
 8781              	.L479:
 8782              		.loc 1 2391 3 is_stmt 0 discriminator 3
 8783 002c BB69     		ldr	r3, [r7, #24]
 8784 002e DAB2     		uxtb	r2, r3
 8785 0030 FB69     		ldr	r3, [r7, #28]
 8786 0032 591C     		adds	r1, r3, #1
 8787 0034 F961     		str	r1, [r7, #28]
 8788 0036 62F07F02 		orn	r2, r2, #127
 8789 003a D2B2     		uxtb	r2, r2
 8790 003c 1A70     		strb	r2, [r3]
ARM GAS  /var/folders/yl/_q9l42k90g1g4mdhbs226msm0000gn/T//ccxj18A8.s 			page 196


 8791 003e BB69     		ldr	r3, [r7, #24]
 8792 0040 DB09     		lsrs	r3, r3, #7
 8793 0042 BB61     		str	r3, [r7, #24]
 8794              	.L478:
 8795              		.loc 1 2391 3 discriminator 1
 8796 0044 BB69     		ldr	r3, [r7, #24]
 8797 0046 7F2B     		cmp	r3, #127
 8798 0048 F0D8     		bhi	.L479
 8799              		.loc 1 2391 3 discriminator 4
 8800 004a FB69     		ldr	r3, [r7, #28]
 8801 004c 5A1C     		adds	r2, r3, #1
 8802 004e FA61     		str	r2, [r7, #28]
 8803 0050 BA69     		ldr	r2, [r7, #24]
 8804 0052 D2B2     		uxtb	r2, r2
 8805 0054 1A70     		strb	r2, [r3]
 8806 0056 FB69     		ldr	r3, [r7, #28]
 8807 0058 FB60     		str	r3, [r7, #12]
 8808              	.LBE136:
2392:./SystemView/SEGGER_SYSVIEW.c ****   _SendPacket(pPayloadStart, pPayload, SYSVIEW_EVTID_MARK_STOP);
 8809              		.loc 1 2392 3 is_stmt 1 discriminator 4
 8810 005a 1022     		movs	r2, #16
 8811 005c F968     		ldr	r1, [r7, #12]
 8812 005e 3869     		ldr	r0, [r7, #16]
 8813 0060 FFF7FEFF 		bl	_SendPacket
2393:./SystemView/SEGGER_SYSVIEW.c ****   RECORD_END();
 8814              		.loc 1 2393 3 discriminator 4
 8815 0064 7B69     		ldr	r3, [r7, #20]
 8816              		.syntax unified
 8817              	@ 2393 "./SystemView/SEGGER_SYSVIEW.c" 1
 8818 0066 83F31188 		msr   basepri, r3  
 8819              		
 8820              	@ 0 "" 2
 8821              		.thumb
 8822              		.syntax unified
 8823              	.LBE135:
2394:./SystemView/SEGGER_SYSVIEW.c **** }
 8824              		.loc 1 2394 1 discriminator 4
 8825 006a 00BF     		nop
 8826 006c 2037     		adds	r7, r7, #32
 8827              	.LCFI248:
 8828              		.cfi_def_cfa_offset 8
 8829 006e BD46     		mov	sp, r7
 8830              	.LCFI249:
 8831              		.cfi_def_cfa_register 13
 8832              		@ sp needed
 8833 0070 80BD     		pop	{r7, pc}
 8834              	.L481:
 8835 0072 00BF     		.align	2
 8836              	.L480:
 8837 0074 00000000 		.word	_aPacket
 8838              		.cfi_endproc
 8839              	.LFE49:
 8841              		.section	.text.SEGGER_SYSVIEW_Mark,"ax",%progbits
 8842              		.align	1
 8843              		.global	SEGGER_SYSVIEW_Mark
 8844              		.syntax unified
 8845              		.thumb
ARM GAS  /var/folders/yl/_q9l42k90g1g4mdhbs226msm0000gn/T//ccxj18A8.s 			page 197


 8846              		.thumb_func
 8848              	SEGGER_SYSVIEW_Mark:
 8849              	.LFB50:
2395:./SystemView/SEGGER_SYSVIEW.c **** 
2396:./SystemView/SEGGER_SYSVIEW.c **** /*********************************************************************
2397:./SystemView/SEGGER_SYSVIEW.c **** *
2398:./SystemView/SEGGER_SYSVIEW.c **** *       SEGGER_SYSVIEW_Mark()
2399:./SystemView/SEGGER_SYSVIEW.c **** *
2400:./SystemView/SEGGER_SYSVIEW.c **** *  Function description
2401:./SystemView/SEGGER_SYSVIEW.c **** *    Record a Performance Marker intermediate event.
2402:./SystemView/SEGGER_SYSVIEW.c **** *
2403:./SystemView/SEGGER_SYSVIEW.c **** *  Parameters
2404:./SystemView/SEGGER_SYSVIEW.c **** *    MarkerId  - User defined ID for the marker.
2405:./SystemView/SEGGER_SYSVIEW.c **** */
2406:./SystemView/SEGGER_SYSVIEW.c **** void SEGGER_SYSVIEW_Mark(unsigned int MarkerId) {
 8850              		.loc 1 2406 49
 8851              		.cfi_startproc
 8852              		@ args = 0, pretend = 0, frame = 40
 8853              		@ frame_needed = 1, uses_anonymous_args = 0
 8854 0000 80B5     		push	{r7, lr}
 8855              	.LCFI250:
 8856              		.cfi_def_cfa_offset 8
 8857              		.cfi_offset 7, -8
 8858              		.cfi_offset 14, -4
 8859 0002 8AB0     		sub	sp, sp, #40
 8860              	.LCFI251:
 8861              		.cfi_def_cfa_offset 48
 8862 0004 00AF     		add	r7, sp, #0
 8863              	.LCFI252:
 8864              		.cfi_def_cfa_register 7
 8865 0006 7860     		str	r0, [r7, #4]
 8866              	.LBB137:
2407:./SystemView/SEGGER_SYSVIEW.c ****   U8* pPayload;
2408:./SystemView/SEGGER_SYSVIEW.c ****   U8* pPayloadStart;
2409:./SystemView/SEGGER_SYSVIEW.c ****   RECORD_START(SEGGER_SYSVIEW_INFO_SIZE + 2 * SEGGER_SYSVIEW_QUANTA_U32);
 8867              		.loc 1 2409 3
 8868              		.syntax unified
 8869              	@ 2409 "./SystemView/SEGGER_SYSVIEW.c" 1
 8870 0008 EFF31183 		mrs   r3, basepri  
 8871 000c 4FF02001 		mov   r1, #32       
 8872 0010 81F31188 		msr   basepri, r1  
 8873              		
 8874              	@ 0 "" 2
 8875              		.thumb
 8876              		.syntax unified
 8877 0014 7B61     		str	r3, [r7, #20]
 8878 0016 2548     		ldr	r0, .L487
 8879 0018 FFF7FEFF 		bl	_PreparePacket
 8880 001c 3861     		str	r0, [r7, #16]
2410:./SystemView/SEGGER_SYSVIEW.c ****   //
2411:./SystemView/SEGGER_SYSVIEW.c ****   pPayload = pPayloadStart;
 8881              		.loc 1 2411 12
 8882 001e 3B69     		ldr	r3, [r7, #16]
 8883 0020 FB60     		str	r3, [r7, #12]
 8884              	.LBB138:
2412:./SystemView/SEGGER_SYSVIEW.c ****   ENCODE_U32(pPayload, SYSVIEW_EVTID_EX_MARK);
 8885              		.loc 1 2412 3
ARM GAS  /var/folders/yl/_q9l42k90g1g4mdhbs226msm0000gn/T//ccxj18A8.s 			page 198


 8886 0022 FB68     		ldr	r3, [r7, #12]
 8887 0024 7B62     		str	r3, [r7, #36]
 8888 0026 0023     		movs	r3, #0
 8889 0028 3B62     		str	r3, [r7, #32]
 8890 002a 0BE0     		b	.L483
 8891              	.L484:
 8892              		.loc 1 2412 3 is_stmt 0 discriminator 3
 8893 002c 3B6A     		ldr	r3, [r7, #32]
 8894 002e DAB2     		uxtb	r2, r3
 8895 0030 7B6A     		ldr	r3, [r7, #36]
 8896 0032 591C     		adds	r1, r3, #1
 8897 0034 7962     		str	r1, [r7, #36]
 8898 0036 62F07F02 		orn	r2, r2, #127
 8899 003a D2B2     		uxtb	r2, r2
 8900 003c 1A70     		strb	r2, [r3]
 8901 003e 3B6A     		ldr	r3, [r7, #32]
 8902 0040 DB09     		lsrs	r3, r3, #7
 8903 0042 3B62     		str	r3, [r7, #32]
 8904              	.L483:
 8905              		.loc 1 2412 3 discriminator 1
 8906 0044 3B6A     		ldr	r3, [r7, #32]
 8907 0046 7F2B     		cmp	r3, #127
 8908 0048 F0D8     		bhi	.L484
 8909              		.loc 1 2412 3 discriminator 4
 8910 004a 7B6A     		ldr	r3, [r7, #36]
 8911 004c 5A1C     		adds	r2, r3, #1
 8912 004e 7A62     		str	r2, [r7, #36]
 8913 0050 3A6A     		ldr	r2, [r7, #32]
 8914 0052 D2B2     		uxtb	r2, r2
 8915 0054 1A70     		strb	r2, [r3]
 8916 0056 7B6A     		ldr	r3, [r7, #36]
 8917 0058 FB60     		str	r3, [r7, #12]
 8918              	.LBE138:
 8919              	.LBB139:
2413:./SystemView/SEGGER_SYSVIEW.c ****   ENCODE_U32(pPayload, MarkerId);
 8920              		.loc 1 2413 3 is_stmt 1 discriminator 4
 8921 005a FB68     		ldr	r3, [r7, #12]
 8922 005c FB61     		str	r3, [r7, #28]
 8923 005e 7B68     		ldr	r3, [r7, #4]
 8924 0060 BB61     		str	r3, [r7, #24]
 8925 0062 0BE0     		b	.L485
 8926              	.L486:
 8927              		.loc 1 2413 3 is_stmt 0 discriminator 3
 8928 0064 BB69     		ldr	r3, [r7, #24]
 8929 0066 DAB2     		uxtb	r2, r3
 8930 0068 FB69     		ldr	r3, [r7, #28]
 8931 006a 591C     		adds	r1, r3, #1
 8932 006c F961     		str	r1, [r7, #28]
 8933 006e 62F07F02 		orn	r2, r2, #127
 8934 0072 D2B2     		uxtb	r2, r2
 8935 0074 1A70     		strb	r2, [r3]
 8936 0076 BB69     		ldr	r3, [r7, #24]
 8937 0078 DB09     		lsrs	r3, r3, #7
 8938 007a BB61     		str	r3, [r7, #24]
 8939              	.L485:
 8940              		.loc 1 2413 3 discriminator 1
 8941 007c BB69     		ldr	r3, [r7, #24]
ARM GAS  /var/folders/yl/_q9l42k90g1g4mdhbs226msm0000gn/T//ccxj18A8.s 			page 199


 8942 007e 7F2B     		cmp	r3, #127
 8943 0080 F0D8     		bhi	.L486
 8944              		.loc 1 2413 3 discriminator 4
 8945 0082 FB69     		ldr	r3, [r7, #28]
 8946 0084 5A1C     		adds	r2, r3, #1
 8947 0086 FA61     		str	r2, [r7, #28]
 8948 0088 BA69     		ldr	r2, [r7, #24]
 8949 008a D2B2     		uxtb	r2, r2
 8950 008c 1A70     		strb	r2, [r3]
 8951 008e FB69     		ldr	r3, [r7, #28]
 8952 0090 FB60     		str	r3, [r7, #12]
 8953              	.LBE139:
2414:./SystemView/SEGGER_SYSVIEW.c ****   _SendPacket(pPayloadStart, pPayload, SYSVIEW_EVTID_EX);
 8954              		.loc 1 2414 3 is_stmt 1 discriminator 4
 8955 0092 1F22     		movs	r2, #31
 8956 0094 F968     		ldr	r1, [r7, #12]
 8957 0096 3869     		ldr	r0, [r7, #16]
 8958 0098 FFF7FEFF 		bl	_SendPacket
2415:./SystemView/SEGGER_SYSVIEW.c ****   RECORD_END();
 8959              		.loc 1 2415 3 discriminator 4
 8960 009c 7B69     		ldr	r3, [r7, #20]
 8961              		.syntax unified
 8962              	@ 2415 "./SystemView/SEGGER_SYSVIEW.c" 1
 8963 009e 83F31188 		msr   basepri, r3  
 8964              		
 8965              	@ 0 "" 2
 8966              		.thumb
 8967              		.syntax unified
 8968              	.LBE137:
2416:./SystemView/SEGGER_SYSVIEW.c **** }
 8969              		.loc 1 2416 1 discriminator 4
 8970 00a2 00BF     		nop
 8971 00a4 2837     		adds	r7, r7, #40
 8972              	.LCFI253:
 8973              		.cfi_def_cfa_offset 8
 8974 00a6 BD46     		mov	sp, r7
 8975              	.LCFI254:
 8976              		.cfi_def_cfa_register 13
 8977              		@ sp needed
 8978 00a8 80BD     		pop	{r7, pc}
 8979              	.L488:
 8980 00aa 00BF     		.align	2
 8981              	.L487:
 8982 00ac 00000000 		.word	_aPacket
 8983              		.cfi_endproc
 8984              	.LFE50:
 8986              		.section	.text.SEGGER_SYSVIEW_NameMarker,"ax",%progbits
 8987              		.align	1
 8988              		.global	SEGGER_SYSVIEW_NameMarker
 8989              		.syntax unified
 8990              		.thumb
 8991              		.thumb_func
 8993              	SEGGER_SYSVIEW_NameMarker:
 8994              	.LFB51:
2417:./SystemView/SEGGER_SYSVIEW.c **** 
2418:./SystemView/SEGGER_SYSVIEW.c **** /*********************************************************************
2419:./SystemView/SEGGER_SYSVIEW.c **** *
ARM GAS  /var/folders/yl/_q9l42k90g1g4mdhbs226msm0000gn/T//ccxj18A8.s 			page 200


2420:./SystemView/SEGGER_SYSVIEW.c **** *       SEGGER_SYSVIEW_NameMarker()
2421:./SystemView/SEGGER_SYSVIEW.c **** *
2422:./SystemView/SEGGER_SYSVIEW.c **** *  Function description
2423:./SystemView/SEGGER_SYSVIEW.c **** *    Send the name of a Performance Marker to be displayed in SystemView.
2424:./SystemView/SEGGER_SYSVIEW.c **** *
2425:./SystemView/SEGGER_SYSVIEW.c **** *    Marker names are usually set in the system description
2426:./SystemView/SEGGER_SYSVIEW.c **** *    callback, to ensure it is only sent when the SystemView Application
2427:./SystemView/SEGGER_SYSVIEW.c **** *    is connected.
2428:./SystemView/SEGGER_SYSVIEW.c **** *
2429:./SystemView/SEGGER_SYSVIEW.c **** *  Parameters
2430:./SystemView/SEGGER_SYSVIEW.c **** *    MarkerId   - User defined ID for the marker.
2431:./SystemView/SEGGER_SYSVIEW.c **** *    sName      - Pointer to the marker name. (Max. SEGGER_SYSVIEW_MAX_STRING_LEN Bytes)
2432:./SystemView/SEGGER_SYSVIEW.c **** */
2433:./SystemView/SEGGER_SYSVIEW.c **** void SEGGER_SYSVIEW_NameMarker(unsigned int MarkerId, const char* sName) {
 8995              		.loc 1 2433 74
 8996              		.cfi_startproc
 8997              		@ args = 0, pretend = 0, frame = 40
 8998              		@ frame_needed = 1, uses_anonymous_args = 0
 8999 0000 80B5     		push	{r7, lr}
 9000              	.LCFI255:
 9001              		.cfi_def_cfa_offset 8
 9002              		.cfi_offset 7, -8
 9003              		.cfi_offset 14, -4
 9004 0002 8AB0     		sub	sp, sp, #40
 9005              	.LCFI256:
 9006              		.cfi_def_cfa_offset 48
 9007 0004 00AF     		add	r7, sp, #0
 9008              	.LCFI257:
 9009              		.cfi_def_cfa_register 7
 9010 0006 7860     		str	r0, [r7, #4]
 9011 0008 3960     		str	r1, [r7]
 9012              	.LBB140:
2434:./SystemView/SEGGER_SYSVIEW.c ****   U8* pPayload;
2435:./SystemView/SEGGER_SYSVIEW.c ****   U8* pPayloadStart;
2436:./SystemView/SEGGER_SYSVIEW.c ****   RECORD_START(SEGGER_SYSVIEW_INFO_SIZE + 2 * SEGGER_SYSVIEW_QUANTA_U32 + 1 + SEGGER_SYSVIEW_MAX_ST
 9013              		.loc 1 2436 3
 9014              		.syntax unified
 9015              	@ 2436 "./SystemView/SEGGER_SYSVIEW.c" 1
 9016 000a EFF31183 		mrs   r3, basepri  
 9017 000e 4FF02001 		mov   r1, #32       
 9018 0012 81F31188 		msr   basepri, r1  
 9019              		
 9020              	@ 0 "" 2
 9021              		.thumb
 9022              		.syntax unified
 9023 0016 7B61     		str	r3, [r7, #20]
 9024 0018 2748     		ldr	r0, .L494
 9025 001a FFF7FEFF 		bl	_PreparePacket
 9026 001e 3861     		str	r0, [r7, #16]
2437:./SystemView/SEGGER_SYSVIEW.c ****   //
2438:./SystemView/SEGGER_SYSVIEW.c ****   pPayload = pPayloadStart;
 9027              		.loc 1 2438 12
 9028 0020 3B69     		ldr	r3, [r7, #16]
 9029 0022 FB60     		str	r3, [r7, #12]
 9030              	.LBB141:
2439:./SystemView/SEGGER_SYSVIEW.c ****   ENCODE_U32(pPayload, SYSVIEW_EVTID_EX_NAME_MARKER);
 9031              		.loc 1 2439 3
ARM GAS  /var/folders/yl/_q9l42k90g1g4mdhbs226msm0000gn/T//ccxj18A8.s 			page 201


 9032 0024 FB68     		ldr	r3, [r7, #12]
 9033 0026 7B62     		str	r3, [r7, #36]
 9034 0028 0123     		movs	r3, #1
 9035 002a 3B62     		str	r3, [r7, #32]
 9036 002c 0BE0     		b	.L490
 9037              	.L491:
 9038              		.loc 1 2439 3 is_stmt 0 discriminator 3
 9039 002e 3B6A     		ldr	r3, [r7, #32]
 9040 0030 DAB2     		uxtb	r2, r3
 9041 0032 7B6A     		ldr	r3, [r7, #36]
 9042 0034 591C     		adds	r1, r3, #1
 9043 0036 7962     		str	r1, [r7, #36]
 9044 0038 62F07F02 		orn	r2, r2, #127
 9045 003c D2B2     		uxtb	r2, r2
 9046 003e 1A70     		strb	r2, [r3]
 9047 0040 3B6A     		ldr	r3, [r7, #32]
 9048 0042 DB09     		lsrs	r3, r3, #7
 9049 0044 3B62     		str	r3, [r7, #32]
 9050              	.L490:
 9051              		.loc 1 2439 3 discriminator 1
 9052 0046 3B6A     		ldr	r3, [r7, #32]
 9053 0048 7F2B     		cmp	r3, #127
 9054 004a F0D8     		bhi	.L491
 9055              		.loc 1 2439 3 discriminator 4
 9056 004c 7B6A     		ldr	r3, [r7, #36]
 9057 004e 5A1C     		adds	r2, r3, #1
 9058 0050 7A62     		str	r2, [r7, #36]
 9059 0052 3A6A     		ldr	r2, [r7, #32]
 9060 0054 D2B2     		uxtb	r2, r2
 9061 0056 1A70     		strb	r2, [r3]
 9062 0058 7B6A     		ldr	r3, [r7, #36]
 9063 005a FB60     		str	r3, [r7, #12]
 9064              	.LBE141:
 9065              	.LBB142:
2440:./SystemView/SEGGER_SYSVIEW.c ****   ENCODE_U32(pPayload, MarkerId);
 9066              		.loc 1 2440 3 is_stmt 1 discriminator 4
 9067 005c FB68     		ldr	r3, [r7, #12]
 9068 005e FB61     		str	r3, [r7, #28]
 9069 0060 7B68     		ldr	r3, [r7, #4]
 9070 0062 BB61     		str	r3, [r7, #24]
 9071 0064 0BE0     		b	.L492
 9072              	.L493:
 9073              		.loc 1 2440 3 is_stmt 0 discriminator 3
 9074 0066 BB69     		ldr	r3, [r7, #24]
 9075 0068 DAB2     		uxtb	r2, r3
 9076 006a FB69     		ldr	r3, [r7, #28]
 9077 006c 591C     		adds	r1, r3, #1
 9078 006e F961     		str	r1, [r7, #28]
 9079 0070 62F07F02 		orn	r2, r2, #127
 9080 0074 D2B2     		uxtb	r2, r2
 9081 0076 1A70     		strb	r2, [r3]
 9082 0078 BB69     		ldr	r3, [r7, #24]
 9083 007a DB09     		lsrs	r3, r3, #7
 9084 007c BB61     		str	r3, [r7, #24]
 9085              	.L492:
 9086              		.loc 1 2440 3 discriminator 1
 9087 007e BB69     		ldr	r3, [r7, #24]
ARM GAS  /var/folders/yl/_q9l42k90g1g4mdhbs226msm0000gn/T//ccxj18A8.s 			page 202


 9088 0080 7F2B     		cmp	r3, #127
 9089 0082 F0D8     		bhi	.L493
 9090              		.loc 1 2440 3 discriminator 4
 9091 0084 FB69     		ldr	r3, [r7, #28]
 9092 0086 5A1C     		adds	r2, r3, #1
 9093 0088 FA61     		str	r2, [r7, #28]
 9094 008a BA69     		ldr	r2, [r7, #24]
 9095 008c D2B2     		uxtb	r2, r2
 9096 008e 1A70     		strb	r2, [r3]
 9097 0090 FB69     		ldr	r3, [r7, #28]
 9098 0092 FB60     		str	r3, [r7, #12]
 9099              	.LBE142:
2441:./SystemView/SEGGER_SYSVIEW.c ****   pPayload = _EncodeStr(pPayload, sName, SEGGER_SYSVIEW_MAX_STRING_LEN);
 9100              		.loc 1 2441 14 is_stmt 1 discriminator 4
 9101 0094 8022     		movs	r2, #128
 9102 0096 3968     		ldr	r1, [r7]
 9103 0098 F868     		ldr	r0, [r7, #12]
 9104 009a FFF7FEFF 		bl	_EncodeStr
 9105 009e F860     		str	r0, [r7, #12]
2442:./SystemView/SEGGER_SYSVIEW.c ****   _SendPacket(pPayloadStart, pPayload, SYSVIEW_EVTID_EX);
 9106              		.loc 1 2442 3 discriminator 4
 9107 00a0 1F22     		movs	r2, #31
 9108 00a2 F968     		ldr	r1, [r7, #12]
 9109 00a4 3869     		ldr	r0, [r7, #16]
 9110 00a6 FFF7FEFF 		bl	_SendPacket
2443:./SystemView/SEGGER_SYSVIEW.c ****   RECORD_END();
 9111              		.loc 1 2443 3 discriminator 4
 9112 00aa 7B69     		ldr	r3, [r7, #20]
 9113              		.syntax unified
 9114              	@ 2443 "./SystemView/SEGGER_SYSVIEW.c" 1
 9115 00ac 83F31188 		msr   basepri, r3  
 9116              		
 9117              	@ 0 "" 2
 9118              		.thumb
 9119              		.syntax unified
 9120              	.LBE140:
2444:./SystemView/SEGGER_SYSVIEW.c **** }
 9121              		.loc 1 2444 1 discriminator 4
 9122 00b0 00BF     		nop
 9123 00b2 2837     		adds	r7, r7, #40
 9124              	.LCFI258:
 9125              		.cfi_def_cfa_offset 8
 9126 00b4 BD46     		mov	sp, r7
 9127              	.LCFI259:
 9128              		.cfi_def_cfa_register 13
 9129              		@ sp needed
 9130 00b6 80BD     		pop	{r7, pc}
 9131              	.L495:
 9132              		.align	2
 9133              	.L494:
 9134 00b8 00000000 		.word	_aPacket
 9135              		.cfi_endproc
 9136              	.LFE51:
 9138              		.section	.text.SEGGER_SYSVIEW_NameResource,"ax",%progbits
 9139              		.align	1
 9140              		.global	SEGGER_SYSVIEW_NameResource
 9141              		.syntax unified
ARM GAS  /var/folders/yl/_q9l42k90g1g4mdhbs226msm0000gn/T//ccxj18A8.s 			page 203


 9142              		.thumb
 9143              		.thumb_func
 9145              	SEGGER_SYSVIEW_NameResource:
 9146              	.LFB52:
2445:./SystemView/SEGGER_SYSVIEW.c **** 
2446:./SystemView/SEGGER_SYSVIEW.c **** /*********************************************************************
2447:./SystemView/SEGGER_SYSVIEW.c **** *
2448:./SystemView/SEGGER_SYSVIEW.c **** *       SEGGER_SYSVIEW_NameResource()
2449:./SystemView/SEGGER_SYSVIEW.c **** *
2450:./SystemView/SEGGER_SYSVIEW.c **** *  Function description
2451:./SystemView/SEGGER_SYSVIEW.c **** *    Send the name of a resource to be displayed in SystemView.
2452:./SystemView/SEGGER_SYSVIEW.c **** *
2453:./SystemView/SEGGER_SYSVIEW.c **** *    Marker names are usually set in the system description
2454:./SystemView/SEGGER_SYSVIEW.c **** *    callback, to ensure it is only sent when the SystemView Application
2455:./SystemView/SEGGER_SYSVIEW.c **** *    is connected.
2456:./SystemView/SEGGER_SYSVIEW.c **** *
2457:./SystemView/SEGGER_SYSVIEW.c **** *  Parameters
2458:./SystemView/SEGGER_SYSVIEW.c **** *    ResourceId - Id of the resource to be named. i.e. its address.
2459:./SystemView/SEGGER_SYSVIEW.c **** *    sName      - Pointer to the resource name. (Max. SEGGER_SYSVIEW_MAX_STRING_LEN Bytes)
2460:./SystemView/SEGGER_SYSVIEW.c **** */
2461:./SystemView/SEGGER_SYSVIEW.c **** void SEGGER_SYSVIEW_NameResource(U32 ResourceId, const char* sName) {
 9147              		.loc 1 2461 69
 9148              		.cfi_startproc
 9149              		@ args = 0, pretend = 0, frame = 32
 9150              		@ frame_needed = 1, uses_anonymous_args = 0
 9151 0000 80B5     		push	{r7, lr}
 9152              	.LCFI260:
 9153              		.cfi_def_cfa_offset 8
 9154              		.cfi_offset 7, -8
 9155              		.cfi_offset 14, -4
 9156 0002 88B0     		sub	sp, sp, #32
 9157              	.LCFI261:
 9158              		.cfi_def_cfa_offset 40
 9159 0004 00AF     		add	r7, sp, #0
 9160              	.LCFI262:
 9161              		.cfi_def_cfa_register 7
 9162 0006 7860     		str	r0, [r7, #4]
 9163 0008 3960     		str	r1, [r7]
 9164              	.LBB143:
2462:./SystemView/SEGGER_SYSVIEW.c ****   U8* pPayload;
2463:./SystemView/SEGGER_SYSVIEW.c ****   U8* pPayloadStart;
2464:./SystemView/SEGGER_SYSVIEW.c ****   RECORD_START(SEGGER_SYSVIEW_INFO_SIZE + SEGGER_SYSVIEW_QUANTA_U32 + 1 + SEGGER_SYSVIEW_MAX_STRING
 9165              		.loc 1 2464 3
 9166              		.syntax unified
 9167              	@ 2464 "./SystemView/SEGGER_SYSVIEW.c" 1
 9168 000a EFF31183 		mrs   r3, basepri  
 9169 000e 4FF02001 		mov   r1, #32       
 9170 0012 81F31188 		msr   basepri, r1  
 9171              		
 9172              	@ 0 "" 2
 9173              		.thumb
 9174              		.syntax unified
 9175 0016 7B61     		str	r3, [r7, #20]
 9176 0018 1B48     		ldr	r0, .L499
 9177 001a FFF7FEFF 		bl	_PreparePacket
 9178 001e 3861     		str	r0, [r7, #16]
2465:./SystemView/SEGGER_SYSVIEW.c ****   //
ARM GAS  /var/folders/yl/_q9l42k90g1g4mdhbs226msm0000gn/T//ccxj18A8.s 			page 204


2466:./SystemView/SEGGER_SYSVIEW.c ****   pPayload = pPayloadStart;
 9179              		.loc 1 2466 12
 9180 0020 3B69     		ldr	r3, [r7, #16]
 9181 0022 FB60     		str	r3, [r7, #12]
 9182              	.LBB144:
2467:./SystemView/SEGGER_SYSVIEW.c ****   ENCODE_U32(pPayload, SHRINK_ID(ResourceId));
 9183              		.loc 1 2467 3
 9184 0024 FB68     		ldr	r3, [r7, #12]
 9185 0026 FB61     		str	r3, [r7, #28]
 9186 0028 184B     		ldr	r3, .L499+4
 9187 002a 1B69     		ldr	r3, [r3, #16]
 9188 002c 7A68     		ldr	r2, [r7, #4]
 9189 002e D31A     		subs	r3, r2, r3
 9190 0030 BB61     		str	r3, [r7, #24]
 9191 0032 0BE0     		b	.L497
 9192              	.L498:
 9193              		.loc 1 2467 3 is_stmt 0 discriminator 3
 9194 0034 BB69     		ldr	r3, [r7, #24]
 9195 0036 DAB2     		uxtb	r2, r3
 9196 0038 FB69     		ldr	r3, [r7, #28]
 9197 003a 591C     		adds	r1, r3, #1
 9198 003c F961     		str	r1, [r7, #28]
 9199 003e 62F07F02 		orn	r2, r2, #127
 9200 0042 D2B2     		uxtb	r2, r2
 9201 0044 1A70     		strb	r2, [r3]
 9202 0046 BB69     		ldr	r3, [r7, #24]
 9203 0048 DB09     		lsrs	r3, r3, #7
 9204 004a BB61     		str	r3, [r7, #24]
 9205              	.L497:
 9206              		.loc 1 2467 3 discriminator 1
 9207 004c BB69     		ldr	r3, [r7, #24]
 9208 004e 7F2B     		cmp	r3, #127
 9209 0050 F0D8     		bhi	.L498
 9210              		.loc 1 2467 3 discriminator 4
 9211 0052 FB69     		ldr	r3, [r7, #28]
 9212 0054 5A1C     		adds	r2, r3, #1
 9213 0056 FA61     		str	r2, [r7, #28]
 9214 0058 BA69     		ldr	r2, [r7, #24]
 9215 005a D2B2     		uxtb	r2, r2
 9216 005c 1A70     		strb	r2, [r3]
 9217 005e FB69     		ldr	r3, [r7, #28]
 9218 0060 FB60     		str	r3, [r7, #12]
 9219              	.LBE144:
2468:./SystemView/SEGGER_SYSVIEW.c ****   pPayload = _EncodeStr(pPayload, sName, SEGGER_SYSVIEW_MAX_STRING_LEN);
 9220              		.loc 1 2468 14 is_stmt 1 discriminator 4
 9221 0062 8022     		movs	r2, #128
 9222 0064 3968     		ldr	r1, [r7]
 9223 0066 F868     		ldr	r0, [r7, #12]
 9224 0068 FFF7FEFF 		bl	_EncodeStr
 9225 006c F860     		str	r0, [r7, #12]
2469:./SystemView/SEGGER_SYSVIEW.c ****   _SendPacket(pPayloadStart, pPayload, SYSVIEW_EVTID_NAME_RESOURCE);
 9226              		.loc 1 2469 3 discriminator 4
 9227 006e 1922     		movs	r2, #25
 9228 0070 F968     		ldr	r1, [r7, #12]
 9229 0072 3869     		ldr	r0, [r7, #16]
 9230 0074 FFF7FEFF 		bl	_SendPacket
2470:./SystemView/SEGGER_SYSVIEW.c ****   RECORD_END();
ARM GAS  /var/folders/yl/_q9l42k90g1g4mdhbs226msm0000gn/T//ccxj18A8.s 			page 205


 9231              		.loc 1 2470 3 discriminator 4
 9232 0078 7B69     		ldr	r3, [r7, #20]
 9233              		.syntax unified
 9234              	@ 2470 "./SystemView/SEGGER_SYSVIEW.c" 1
 9235 007a 83F31188 		msr   basepri, r3  
 9236              		
 9237              	@ 0 "" 2
 9238              		.thumb
 9239              		.syntax unified
 9240              	.LBE143:
2471:./SystemView/SEGGER_SYSVIEW.c **** }
 9241              		.loc 1 2471 1 discriminator 4
 9242 007e 00BF     		nop
 9243 0080 2037     		adds	r7, r7, #32
 9244              	.LCFI263:
 9245              		.cfi_def_cfa_offset 8
 9246 0082 BD46     		mov	sp, r7
 9247              	.LCFI264:
 9248              		.cfi_def_cfa_register 13
 9249              		@ sp needed
 9250 0084 80BD     		pop	{r7, pc}
 9251              	.L500:
 9252 0086 00BF     		.align	2
 9253              	.L499:
 9254 0088 00000000 		.word	_aPacket
 9255 008c 00000000 		.word	_SYSVIEW_Globals
 9256              		.cfi_endproc
 9257              	.LFE52:
 9259              		.section	.text.SEGGER_SYSVIEW_HeapDefine,"ax",%progbits
 9260              		.align	1
 9261              		.global	SEGGER_SYSVIEW_HeapDefine
 9262              		.syntax unified
 9263              		.thumb
 9264              		.thumb_func
 9266              	SEGGER_SYSVIEW_HeapDefine:
 9267              	.LFB53:
2472:./SystemView/SEGGER_SYSVIEW.c **** 
2473:./SystemView/SEGGER_SYSVIEW.c **** /*********************************************************************
2474:./SystemView/SEGGER_SYSVIEW.c **** *
2475:./SystemView/SEGGER_SYSVIEW.c **** *       SEGGER_SYSVIEW_HeapDefine()
2476:./SystemView/SEGGER_SYSVIEW.c **** *
2477:./SystemView/SEGGER_SYSVIEW.c **** *  Function description
2478:./SystemView/SEGGER_SYSVIEW.c **** *    Define heap.
2479:./SystemView/SEGGER_SYSVIEW.c **** *
2480:./SystemView/SEGGER_SYSVIEW.c **** *  Parameters
2481:./SystemView/SEGGER_SYSVIEW.c **** *    pHeap        - Pointer to heap control structure.
2482:./SystemView/SEGGER_SYSVIEW.c **** *    pBase        - Pointer to managed heap memory.
2483:./SystemView/SEGGER_SYSVIEW.c **** *    HeapSize     - Size of managed heap memory in bytes.
2484:./SystemView/SEGGER_SYSVIEW.c **** *    MetadataSize - Size of metadata associated with each heap allocation.
2485:./SystemView/SEGGER_SYSVIEW.c **** *
2486:./SystemView/SEGGER_SYSVIEW.c **** *  Additional information
2487:./SystemView/SEGGER_SYSVIEW.c **** *    SystemView can track allocations across multiple heaps.
2488:./SystemView/SEGGER_SYSVIEW.c **** *
2489:./SystemView/SEGGER_SYSVIEW.c **** *    HeapSize must be a multiple of the natural alignment unit of the
2490:./SystemView/SEGGER_SYSVIEW.c **** *    target.  This size is subject to compression, controlled by the
2491:./SystemView/SEGGER_SYSVIEW.c **** *    specific setting of SEGGER_SYSVIEW_ID_SHIFT.
2492:./SystemView/SEGGER_SYSVIEW.c **** *
ARM GAS  /var/folders/yl/_q9l42k90g1g4mdhbs226msm0000gn/T//ccxj18A8.s 			page 206


2493:./SystemView/SEGGER_SYSVIEW.c **** *    MetadataSize defines the size of the per-allocation metadata.
2494:./SystemView/SEGGER_SYSVIEW.c **** *    For many heap implementations, the metadata size is a multiple of
2495:./SystemView/SEGGER_SYSVIEW.c **** *    the word size of the machine and typically contains the size
2496:./SystemView/SEGGER_SYSVIEW.c **** *    of the allocated block (used upon deallocation), optional
2497:./SystemView/SEGGER_SYSVIEW.c **** *    pointers to the preceding and/or following blocks, and optionally
2498:./SystemView/SEGGER_SYSVIEW.c **** *    a tag identifying the owner of the block.  Note that MetadataSize
2499:./SystemView/SEGGER_SYSVIEW.c **** *    is not compressed within the SystemView packet and is not
2500:./SystemView/SEGGER_SYSVIEW.c **** *    required to be a multiple of 1<<SEGGER_SYSVIEW_ID_SHIFT.
2501:./SystemView/SEGGER_SYSVIEW.c **** */
2502:./SystemView/SEGGER_SYSVIEW.c **** void SEGGER_SYSVIEW_HeapDefine(void* pHeap, void *pBase, unsigned int HeapSize, unsigned int Metada
 9268              		.loc 1 2502 108
 9269              		.cfi_startproc
 9270              		@ args = 0, pretend = 0, frame = 72
 9271              		@ frame_needed = 1, uses_anonymous_args = 0
 9272 0000 80B5     		push	{r7, lr}
 9273              	.LCFI265:
 9274              		.cfi_def_cfa_offset 8
 9275              		.cfi_offset 7, -8
 9276              		.cfi_offset 14, -4
 9277 0002 92B0     		sub	sp, sp, #72
 9278              	.LCFI266:
 9279              		.cfi_def_cfa_offset 80
 9280 0004 00AF     		add	r7, sp, #0
 9281              	.LCFI267:
 9282              		.cfi_def_cfa_register 7
 9283 0006 F860     		str	r0, [r7, #12]
 9284 0008 B960     		str	r1, [r7, #8]
 9285 000a 7A60     		str	r2, [r7, #4]
 9286 000c 3B60     		str	r3, [r7]
 9287              	.LBB145:
2503:./SystemView/SEGGER_SYSVIEW.c ****   U8* pPayload;
2504:./SystemView/SEGGER_SYSVIEW.c ****   U8* pPayloadStart;
2505:./SystemView/SEGGER_SYSVIEW.c ****   RECORD_START(SEGGER_SYSVIEW_INFO_SIZE + 4 * SEGGER_SYSVIEW_QUANTA_U32);
 9288              		.loc 1 2505 3
 9289              		.syntax unified
 9290              	@ 2505 "./SystemView/SEGGER_SYSVIEW.c" 1
 9291 000e EFF31183 		mrs   r3, basepri  
 9292 0012 4FF02001 		mov   r1, #32       
 9293 0016 81F31188 		msr   basepri, r1  
 9294              		
 9295              	@ 0 "" 2
 9296              		.thumb
 9297              		.syntax unified
 9298 001a FB61     		str	r3, [r7, #28]
 9299 001c 5148     		ldr	r0, .L512
 9300 001e FFF7FEFF 		bl	_PreparePacket
 9301 0022 B861     		str	r0, [r7, #24]
2506:./SystemView/SEGGER_SYSVIEW.c ****   //
2507:./SystemView/SEGGER_SYSVIEW.c ****   pPayload = pPayloadStart;
 9302              		.loc 1 2507 12
 9303 0024 BB69     		ldr	r3, [r7, #24]
 9304 0026 7B61     		str	r3, [r7, #20]
 9305              	.LBB146:
2508:./SystemView/SEGGER_SYSVIEW.c ****   ENCODE_U32(pPayload, SYSVIEW_EVTID_EX_HEAP_DEFINE);
 9306              		.loc 1 2508 3
 9307 0028 7B69     		ldr	r3, [r7, #20]
 9308 002a 7B64     		str	r3, [r7, #68]
ARM GAS  /var/folders/yl/_q9l42k90g1g4mdhbs226msm0000gn/T//ccxj18A8.s 			page 207


 9309 002c 0223     		movs	r3, #2
 9310 002e 3B64     		str	r3, [r7, #64]
 9311 0030 0BE0     		b	.L502
 9312              	.L503:
 9313              		.loc 1 2508 3 is_stmt 0 discriminator 3
 9314 0032 3B6C     		ldr	r3, [r7, #64]
 9315 0034 DAB2     		uxtb	r2, r3
 9316 0036 7B6C     		ldr	r3, [r7, #68]
 9317 0038 591C     		adds	r1, r3, #1
 9318 003a 7964     		str	r1, [r7, #68]
 9319 003c 62F07F02 		orn	r2, r2, #127
 9320 0040 D2B2     		uxtb	r2, r2
 9321 0042 1A70     		strb	r2, [r3]
 9322 0044 3B6C     		ldr	r3, [r7, #64]
 9323 0046 DB09     		lsrs	r3, r3, #7
 9324 0048 3B64     		str	r3, [r7, #64]
 9325              	.L502:
 9326              		.loc 1 2508 3 discriminator 1
 9327 004a 3B6C     		ldr	r3, [r7, #64]
 9328 004c 7F2B     		cmp	r3, #127
 9329 004e F0D8     		bhi	.L503
 9330              		.loc 1 2508 3 discriminator 4
 9331 0050 7B6C     		ldr	r3, [r7, #68]
 9332 0052 5A1C     		adds	r2, r3, #1
 9333 0054 7A64     		str	r2, [r7, #68]
 9334 0056 3A6C     		ldr	r2, [r7, #64]
 9335 0058 D2B2     		uxtb	r2, r2
 9336 005a 1A70     		strb	r2, [r3]
 9337 005c 7B6C     		ldr	r3, [r7, #68]
 9338 005e 7B61     		str	r3, [r7, #20]
 9339              	.LBE146:
 9340              	.LBB147:
2509:./SystemView/SEGGER_SYSVIEW.c ****   ENCODE_U32(pPayload, SHRINK_ID((U32)pHeap));
 9341              		.loc 1 2509 3 is_stmt 1 discriminator 4
 9342 0060 7B69     		ldr	r3, [r7, #20]
 9343 0062 FB63     		str	r3, [r7, #60]
 9344 0064 FA68     		ldr	r2, [r7, #12]
 9345 0066 404B     		ldr	r3, .L512+4
 9346 0068 1B69     		ldr	r3, [r3, #16]
 9347 006a D31A     		subs	r3, r2, r3
 9348 006c BB63     		str	r3, [r7, #56]
 9349 006e 0BE0     		b	.L504
 9350              	.L505:
 9351              		.loc 1 2509 3 is_stmt 0 discriminator 3
 9352 0070 BB6B     		ldr	r3, [r7, #56]
 9353 0072 DAB2     		uxtb	r2, r3
 9354 0074 FB6B     		ldr	r3, [r7, #60]
 9355 0076 591C     		adds	r1, r3, #1
 9356 0078 F963     		str	r1, [r7, #60]
 9357 007a 62F07F02 		orn	r2, r2, #127
 9358 007e D2B2     		uxtb	r2, r2
 9359 0080 1A70     		strb	r2, [r3]
 9360 0082 BB6B     		ldr	r3, [r7, #56]
 9361 0084 DB09     		lsrs	r3, r3, #7
 9362 0086 BB63     		str	r3, [r7, #56]
 9363              	.L504:
 9364              		.loc 1 2509 3 discriminator 1
ARM GAS  /var/folders/yl/_q9l42k90g1g4mdhbs226msm0000gn/T//ccxj18A8.s 			page 208


 9365 0088 BB6B     		ldr	r3, [r7, #56]
 9366 008a 7F2B     		cmp	r3, #127
 9367 008c F0D8     		bhi	.L505
 9368              		.loc 1 2509 3 discriminator 4
 9369 008e FB6B     		ldr	r3, [r7, #60]
 9370 0090 5A1C     		adds	r2, r3, #1
 9371 0092 FA63     		str	r2, [r7, #60]
 9372 0094 BA6B     		ldr	r2, [r7, #56]
 9373 0096 D2B2     		uxtb	r2, r2
 9374 0098 1A70     		strb	r2, [r3]
 9375 009a FB6B     		ldr	r3, [r7, #60]
 9376 009c 7B61     		str	r3, [r7, #20]
 9377              	.LBE147:
 9378              	.LBB148:
2510:./SystemView/SEGGER_SYSVIEW.c ****   ENCODE_U32(pPayload, SHRINK_ID((U32)pBase));
 9379              		.loc 1 2510 3 is_stmt 1 discriminator 4
 9380 009e 7B69     		ldr	r3, [r7, #20]
 9381 00a0 7B63     		str	r3, [r7, #52]
 9382 00a2 BA68     		ldr	r2, [r7, #8]
 9383 00a4 304B     		ldr	r3, .L512+4
 9384 00a6 1B69     		ldr	r3, [r3, #16]
 9385 00a8 D31A     		subs	r3, r2, r3
 9386 00aa 3B63     		str	r3, [r7, #48]
 9387 00ac 0BE0     		b	.L506
 9388              	.L507:
 9389              		.loc 1 2510 3 is_stmt 0 discriminator 3
 9390 00ae 3B6B     		ldr	r3, [r7, #48]
 9391 00b0 DAB2     		uxtb	r2, r3
 9392 00b2 7B6B     		ldr	r3, [r7, #52]
 9393 00b4 591C     		adds	r1, r3, #1
 9394 00b6 7963     		str	r1, [r7, #52]
 9395 00b8 62F07F02 		orn	r2, r2, #127
 9396 00bc D2B2     		uxtb	r2, r2
 9397 00be 1A70     		strb	r2, [r3]
 9398 00c0 3B6B     		ldr	r3, [r7, #48]
 9399 00c2 DB09     		lsrs	r3, r3, #7
 9400 00c4 3B63     		str	r3, [r7, #48]
 9401              	.L506:
 9402              		.loc 1 2510 3 discriminator 1
 9403 00c6 3B6B     		ldr	r3, [r7, #48]
 9404 00c8 7F2B     		cmp	r3, #127
 9405 00ca F0D8     		bhi	.L507
 9406              		.loc 1 2510 3 discriminator 4
 9407 00cc 7B6B     		ldr	r3, [r7, #52]
 9408 00ce 5A1C     		adds	r2, r3, #1
 9409 00d0 7A63     		str	r2, [r7, #52]
 9410 00d2 3A6B     		ldr	r2, [r7, #48]
 9411 00d4 D2B2     		uxtb	r2, r2
 9412 00d6 1A70     		strb	r2, [r3]
 9413 00d8 7B6B     		ldr	r3, [r7, #52]
 9414 00da 7B61     		str	r3, [r7, #20]
 9415              	.LBE148:
 9416              	.LBB149:
2511:./SystemView/SEGGER_SYSVIEW.c ****   ENCODE_U32(pPayload, HeapSize >> SEGGER_SYSVIEW_ID_SHIFT);
 9417              		.loc 1 2511 3 is_stmt 1 discriminator 4
 9418 00dc 7B69     		ldr	r3, [r7, #20]
 9419 00de FB62     		str	r3, [r7, #44]
ARM GAS  /var/folders/yl/_q9l42k90g1g4mdhbs226msm0000gn/T//ccxj18A8.s 			page 209


 9420 00e0 7B68     		ldr	r3, [r7, #4]
 9421 00e2 BB62     		str	r3, [r7, #40]
 9422 00e4 0BE0     		b	.L508
 9423              	.L509:
 9424              		.loc 1 2511 3 is_stmt 0 discriminator 3
 9425 00e6 BB6A     		ldr	r3, [r7, #40]
 9426 00e8 DAB2     		uxtb	r2, r3
 9427 00ea FB6A     		ldr	r3, [r7, #44]
 9428 00ec 591C     		adds	r1, r3, #1
 9429 00ee F962     		str	r1, [r7, #44]
 9430 00f0 62F07F02 		orn	r2, r2, #127
 9431 00f4 D2B2     		uxtb	r2, r2
 9432 00f6 1A70     		strb	r2, [r3]
 9433 00f8 BB6A     		ldr	r3, [r7, #40]
 9434 00fa DB09     		lsrs	r3, r3, #7
 9435 00fc BB62     		str	r3, [r7, #40]
 9436              	.L508:
 9437              		.loc 1 2511 3 discriminator 1
 9438 00fe BB6A     		ldr	r3, [r7, #40]
 9439 0100 7F2B     		cmp	r3, #127
 9440 0102 F0D8     		bhi	.L509
 9441              		.loc 1 2511 3 discriminator 4
 9442 0104 FB6A     		ldr	r3, [r7, #44]
 9443 0106 5A1C     		adds	r2, r3, #1
 9444 0108 FA62     		str	r2, [r7, #44]
 9445 010a BA6A     		ldr	r2, [r7, #40]
 9446 010c D2B2     		uxtb	r2, r2
 9447 010e 1A70     		strb	r2, [r3]
 9448 0110 FB6A     		ldr	r3, [r7, #44]
 9449 0112 7B61     		str	r3, [r7, #20]
 9450              	.LBE149:
 9451              	.LBB150:
2512:./SystemView/SEGGER_SYSVIEW.c ****   ENCODE_U32(pPayload, MetadataSize);
 9452              		.loc 1 2512 3 is_stmt 1 discriminator 4
 9453 0114 7B69     		ldr	r3, [r7, #20]
 9454 0116 7B62     		str	r3, [r7, #36]
 9455 0118 3B68     		ldr	r3, [r7]
 9456 011a 3B62     		str	r3, [r7, #32]
 9457 011c 0BE0     		b	.L510
 9458              	.L511:
 9459              		.loc 1 2512 3 is_stmt 0 discriminator 3
 9460 011e 3B6A     		ldr	r3, [r7, #32]
 9461 0120 DAB2     		uxtb	r2, r3
 9462 0122 7B6A     		ldr	r3, [r7, #36]
 9463 0124 591C     		adds	r1, r3, #1
 9464 0126 7962     		str	r1, [r7, #36]
 9465 0128 62F07F02 		orn	r2, r2, #127
 9466 012c D2B2     		uxtb	r2, r2
 9467 012e 1A70     		strb	r2, [r3]
 9468 0130 3B6A     		ldr	r3, [r7, #32]
 9469 0132 DB09     		lsrs	r3, r3, #7
 9470 0134 3B62     		str	r3, [r7, #32]
 9471              	.L510:
 9472              		.loc 1 2512 3 discriminator 1
 9473 0136 3B6A     		ldr	r3, [r7, #32]
 9474 0138 7F2B     		cmp	r3, #127
 9475 013a F0D8     		bhi	.L511
ARM GAS  /var/folders/yl/_q9l42k90g1g4mdhbs226msm0000gn/T//ccxj18A8.s 			page 210


 9476              		.loc 1 2512 3 discriminator 4
 9477 013c 7B6A     		ldr	r3, [r7, #36]
 9478 013e 5A1C     		adds	r2, r3, #1
 9479 0140 7A62     		str	r2, [r7, #36]
 9480 0142 3A6A     		ldr	r2, [r7, #32]
 9481 0144 D2B2     		uxtb	r2, r2
 9482 0146 1A70     		strb	r2, [r3]
 9483 0148 7B6A     		ldr	r3, [r7, #36]
 9484 014a 7B61     		str	r3, [r7, #20]
 9485              	.LBE150:
2513:./SystemView/SEGGER_SYSVIEW.c ****   _SendPacket(pPayloadStart, pPayload, SYSVIEW_EVTID_EX);
 9486              		.loc 1 2513 3 is_stmt 1 discriminator 4
 9487 014c 1F22     		movs	r2, #31
 9488 014e 7969     		ldr	r1, [r7, #20]
 9489 0150 B869     		ldr	r0, [r7, #24]
 9490 0152 FFF7FEFF 		bl	_SendPacket
2514:./SystemView/SEGGER_SYSVIEW.c ****   RECORD_END();
 9491              		.loc 1 2514 3 discriminator 4
 9492 0156 FB69     		ldr	r3, [r7, #28]
 9493              		.syntax unified
 9494              	@ 2514 "./SystemView/SEGGER_SYSVIEW.c" 1
 9495 0158 83F31188 		msr   basepri, r3  
 9496              		
 9497              	@ 0 "" 2
 9498              		.thumb
 9499              		.syntax unified
 9500              	.LBE145:
2515:./SystemView/SEGGER_SYSVIEW.c **** }
 9501              		.loc 1 2515 1 discriminator 4
 9502 015c 00BF     		nop
 9503 015e 4837     		adds	r7, r7, #72
 9504              	.LCFI268:
 9505              		.cfi_def_cfa_offset 8
 9506 0160 BD46     		mov	sp, r7
 9507              	.LCFI269:
 9508              		.cfi_def_cfa_register 13
 9509              		@ sp needed
 9510 0162 80BD     		pop	{r7, pc}
 9511              	.L513:
 9512              		.align	2
 9513              	.L512:
 9514 0164 00000000 		.word	_aPacket
 9515 0168 00000000 		.word	_SYSVIEW_Globals
 9516              		.cfi_endproc
 9517              	.LFE53:
 9519              		.section	.text.SEGGER_SYSVIEW_HeapAlloc,"ax",%progbits
 9520              		.align	1
 9521              		.global	SEGGER_SYSVIEW_HeapAlloc
 9522              		.syntax unified
 9523              		.thumb
 9524              		.thumb_func
 9526              	SEGGER_SYSVIEW_HeapAlloc:
 9527              	.LFB54:
2516:./SystemView/SEGGER_SYSVIEW.c **** 
2517:./SystemView/SEGGER_SYSVIEW.c **** /*********************************************************************
2518:./SystemView/SEGGER_SYSVIEW.c **** *
2519:./SystemView/SEGGER_SYSVIEW.c **** *       SEGGER_SYSVIEW_HeapAlloc()
ARM GAS  /var/folders/yl/_q9l42k90g1g4mdhbs226msm0000gn/T//ccxj18A8.s 			page 211


2520:./SystemView/SEGGER_SYSVIEW.c **** *
2521:./SystemView/SEGGER_SYSVIEW.c **** *  Function description
2522:./SystemView/SEGGER_SYSVIEW.c **** *    Record a system-heap allocation event.
2523:./SystemView/SEGGER_SYSVIEW.c **** *
2524:./SystemView/SEGGER_SYSVIEW.c **** *  Parameters
2525:./SystemView/SEGGER_SYSVIEW.c **** *    pHeap       - Pointer to heap where allocation was made.
2526:./SystemView/SEGGER_SYSVIEW.c **** *    pUserData   - Pointer to allocated user data.
2527:./SystemView/SEGGER_SYSVIEW.c **** *    UserDataLen - Size of block allocated to hold user data, excluding any metadata.
2528:./SystemView/SEGGER_SYSVIEW.c **** *
2529:./SystemView/SEGGER_SYSVIEW.c **** *  Additional information
2530:./SystemView/SEGGER_SYSVIEW.c **** *    The user data must be correctly aligned for the architecture, which
2531:./SystemView/SEGGER_SYSVIEW.c **** *    typically requires that the alignment is at least the alignment
2532:./SystemView/SEGGER_SYSVIEW.c **** *    of a double or a long long.  pUserData is, therefore, compressed by
2533:./SystemView/SEGGER_SYSVIEW.c **** *    shrinking as IDs are compressed, controlled by the specific setting
2534:./SystemView/SEGGER_SYSVIEW.c **** *    of SEGGER_SYSVIEW_ID_SHIFT.
2535:./SystemView/SEGGER_SYSVIEW.c **** *
2536:./SystemView/SEGGER_SYSVIEW.c **** *    In the same way, UserDataLen must reflect the size of the allocated
2537:./SystemView/SEGGER_SYSVIEW.c **** *    block, not the allocation size requested by the application.  This
2538:./SystemView/SEGGER_SYSVIEW.c **** *    size is also subject to compression, controlled by the specific setting
2539:./SystemView/SEGGER_SYSVIEW.c **** *    of SEGGER_SYSVIEW_ID_SHIFT.
2540:./SystemView/SEGGER_SYSVIEW.c **** *
2541:./SystemView/SEGGER_SYSVIEW.c **** *    As an example, assume the allocator is running on a Cortex-M device
2542:./SystemView/SEGGER_SYSVIEW.c **** *    with SEGGER_SYSVIEW_ID_SHIFT set to 2 (the word alignment of the device).
2543:./SystemView/SEGGER_SYSVIEW.c **** *    If a user requests an allocation of 5 bytes, a hypothetical heap
2544:./SystemView/SEGGER_SYSVIEW.c **** *    allocator could allocate a block with size 32 bytes for this.  The value
2545:./SystemView/SEGGER_SYSVIEW.c **** *    of UserDataLen sent to SystemView for recording should be 32, not 5,
2546:./SystemView/SEGGER_SYSVIEW.c **** *    and the 32 is compressed by shifting by two bits, the configured value
2547:./SystemView/SEGGER_SYSVIEW.c **** *    of SEGGER_SYSVIEW_ID_SHIFT, and describes the number of bytes that are
2548:./SystemView/SEGGER_SYSVIEW.c **** *    consumed from managed memory from which SystemView can calculate
2549:./SystemView/SEGGER_SYSVIEW.c **** *    accurate heap metrics.
2550:./SystemView/SEGGER_SYSVIEW.c **** */
2551:./SystemView/SEGGER_SYSVIEW.c **** void SEGGER_SYSVIEW_HeapAlloc(void *pHeap, void* pUserData, unsigned int UserDataLen) {
 9528              		.loc 1 2551 87
 9529              		.cfi_startproc
 9530              		@ args = 0, pretend = 0, frame = 64
 9531              		@ frame_needed = 1, uses_anonymous_args = 0
 9532 0000 80B5     		push	{r7, lr}
 9533              	.LCFI270:
 9534              		.cfi_def_cfa_offset 8
 9535              		.cfi_offset 7, -8
 9536              		.cfi_offset 14, -4
 9537 0002 90B0     		sub	sp, sp, #64
 9538              	.LCFI271:
 9539              		.cfi_def_cfa_offset 72
 9540 0004 00AF     		add	r7, sp, #0
 9541              	.LCFI272:
 9542              		.cfi_def_cfa_register 7
 9543 0006 F860     		str	r0, [r7, #12]
 9544 0008 B960     		str	r1, [r7, #8]
 9545 000a 7A60     		str	r2, [r7, #4]
 9546              	.LBB151:
2552:./SystemView/SEGGER_SYSVIEW.c ****   U8* pPayload;
2553:./SystemView/SEGGER_SYSVIEW.c ****   U8* pPayloadStart;
2554:./SystemView/SEGGER_SYSVIEW.c ****   RECORD_START(SEGGER_SYSVIEW_INFO_SIZE + 3 * SEGGER_SYSVIEW_QUANTA_U32);
 9547              		.loc 1 2554 3
 9548              		.syntax unified
 9549              	@ 2554 "./SystemView/SEGGER_SYSVIEW.c" 1
ARM GAS  /var/folders/yl/_q9l42k90g1g4mdhbs226msm0000gn/T//ccxj18A8.s 			page 212


 9550 000c EFF31183 		mrs   r3, basepri  
 9551 0010 4FF02001 		mov   r1, #32       
 9552 0014 81F31188 		msr   basepri, r1  
 9553              		
 9554              	@ 0 "" 2
 9555              		.thumb
 9556              		.syntax unified
 9557 0018 FB61     		str	r3, [r7, #28]
 9558 001a 4448     		ldr	r0, .L523
 9559 001c FFF7FEFF 		bl	_PreparePacket
 9560 0020 B861     		str	r0, [r7, #24]
2555:./SystemView/SEGGER_SYSVIEW.c ****   //
2556:./SystemView/SEGGER_SYSVIEW.c ****   pPayload = pPayloadStart;
 9561              		.loc 1 2556 12
 9562 0022 BB69     		ldr	r3, [r7, #24]
 9563 0024 7B61     		str	r3, [r7, #20]
 9564              	.LBB152:
2557:./SystemView/SEGGER_SYSVIEW.c ****   ENCODE_U32(pPayload, SYSVIEW_EVTID_EX_HEAP_ALLOC);
 9565              		.loc 1 2557 3
 9566 0026 7B69     		ldr	r3, [r7, #20]
 9567 0028 FB63     		str	r3, [r7, #60]
 9568 002a 0323     		movs	r3, #3
 9569 002c BB63     		str	r3, [r7, #56]
 9570 002e 0BE0     		b	.L515
 9571              	.L516:
 9572              		.loc 1 2557 3 is_stmt 0 discriminator 3
 9573 0030 BB6B     		ldr	r3, [r7, #56]
 9574 0032 DAB2     		uxtb	r2, r3
 9575 0034 FB6B     		ldr	r3, [r7, #60]
 9576 0036 591C     		adds	r1, r3, #1
 9577 0038 F963     		str	r1, [r7, #60]
 9578 003a 62F07F02 		orn	r2, r2, #127
 9579 003e D2B2     		uxtb	r2, r2
 9580 0040 1A70     		strb	r2, [r3]
 9581 0042 BB6B     		ldr	r3, [r7, #56]
 9582 0044 DB09     		lsrs	r3, r3, #7
 9583 0046 BB63     		str	r3, [r7, #56]
 9584              	.L515:
 9585              		.loc 1 2557 3 discriminator 1
 9586 0048 BB6B     		ldr	r3, [r7, #56]
 9587 004a 7F2B     		cmp	r3, #127
 9588 004c F0D8     		bhi	.L516
 9589              		.loc 1 2557 3 discriminator 4
 9590 004e FB6B     		ldr	r3, [r7, #60]
 9591 0050 5A1C     		adds	r2, r3, #1
 9592 0052 FA63     		str	r2, [r7, #60]
 9593 0054 BA6B     		ldr	r2, [r7, #56]
 9594 0056 D2B2     		uxtb	r2, r2
 9595 0058 1A70     		strb	r2, [r3]
 9596 005a FB6B     		ldr	r3, [r7, #60]
 9597 005c 7B61     		str	r3, [r7, #20]
 9598              	.LBE152:
 9599              	.LBB153:
2558:./SystemView/SEGGER_SYSVIEW.c ****   ENCODE_U32(pPayload, SHRINK_ID((U32)pHeap));
 9600              		.loc 1 2558 3 is_stmt 1 discriminator 4
 9601 005e 7B69     		ldr	r3, [r7, #20]
 9602 0060 7B63     		str	r3, [r7, #52]
ARM GAS  /var/folders/yl/_q9l42k90g1g4mdhbs226msm0000gn/T//ccxj18A8.s 			page 213


 9603 0062 FA68     		ldr	r2, [r7, #12]
 9604 0064 324B     		ldr	r3, .L523+4
 9605 0066 1B69     		ldr	r3, [r3, #16]
 9606 0068 D31A     		subs	r3, r2, r3
 9607 006a 3B63     		str	r3, [r7, #48]
 9608 006c 0BE0     		b	.L517
 9609              	.L518:
 9610              		.loc 1 2558 3 is_stmt 0 discriminator 3
 9611 006e 3B6B     		ldr	r3, [r7, #48]
 9612 0070 DAB2     		uxtb	r2, r3
 9613 0072 7B6B     		ldr	r3, [r7, #52]
 9614 0074 591C     		adds	r1, r3, #1
 9615 0076 7963     		str	r1, [r7, #52]
 9616 0078 62F07F02 		orn	r2, r2, #127
 9617 007c D2B2     		uxtb	r2, r2
 9618 007e 1A70     		strb	r2, [r3]
 9619 0080 3B6B     		ldr	r3, [r7, #48]
 9620 0082 DB09     		lsrs	r3, r3, #7
 9621 0084 3B63     		str	r3, [r7, #48]
 9622              	.L517:
 9623              		.loc 1 2558 3 discriminator 1
 9624 0086 3B6B     		ldr	r3, [r7, #48]
 9625 0088 7F2B     		cmp	r3, #127
 9626 008a F0D8     		bhi	.L518
 9627              		.loc 1 2558 3 discriminator 4
 9628 008c 7B6B     		ldr	r3, [r7, #52]
 9629 008e 5A1C     		adds	r2, r3, #1
 9630 0090 7A63     		str	r2, [r7, #52]
 9631 0092 3A6B     		ldr	r2, [r7, #48]
 9632 0094 D2B2     		uxtb	r2, r2
 9633 0096 1A70     		strb	r2, [r3]
 9634 0098 7B6B     		ldr	r3, [r7, #52]
 9635 009a 7B61     		str	r3, [r7, #20]
 9636              	.LBE153:
 9637              	.LBB154:
2559:./SystemView/SEGGER_SYSVIEW.c ****   ENCODE_U32(pPayload, SHRINK_ID((U32)pUserData));
 9638              		.loc 1 2559 3 is_stmt 1 discriminator 4
 9639 009c 7B69     		ldr	r3, [r7, #20]
 9640 009e FB62     		str	r3, [r7, #44]
 9641 00a0 BA68     		ldr	r2, [r7, #8]
 9642 00a2 234B     		ldr	r3, .L523+4
 9643 00a4 1B69     		ldr	r3, [r3, #16]
 9644 00a6 D31A     		subs	r3, r2, r3
 9645 00a8 BB62     		str	r3, [r7, #40]
 9646 00aa 0BE0     		b	.L519
 9647              	.L520:
 9648              		.loc 1 2559 3 is_stmt 0 discriminator 3
 9649 00ac BB6A     		ldr	r3, [r7, #40]
 9650 00ae DAB2     		uxtb	r2, r3
 9651 00b0 FB6A     		ldr	r3, [r7, #44]
 9652 00b2 591C     		adds	r1, r3, #1
 9653 00b4 F962     		str	r1, [r7, #44]
 9654 00b6 62F07F02 		orn	r2, r2, #127
 9655 00ba D2B2     		uxtb	r2, r2
 9656 00bc 1A70     		strb	r2, [r3]
 9657 00be BB6A     		ldr	r3, [r7, #40]
 9658 00c0 DB09     		lsrs	r3, r3, #7
ARM GAS  /var/folders/yl/_q9l42k90g1g4mdhbs226msm0000gn/T//ccxj18A8.s 			page 214


 9659 00c2 BB62     		str	r3, [r7, #40]
 9660              	.L519:
 9661              		.loc 1 2559 3 discriminator 1
 9662 00c4 BB6A     		ldr	r3, [r7, #40]
 9663 00c6 7F2B     		cmp	r3, #127
 9664 00c8 F0D8     		bhi	.L520
 9665              		.loc 1 2559 3 discriminator 4
 9666 00ca FB6A     		ldr	r3, [r7, #44]
 9667 00cc 5A1C     		adds	r2, r3, #1
 9668 00ce FA62     		str	r2, [r7, #44]
 9669 00d0 BA6A     		ldr	r2, [r7, #40]
 9670 00d2 D2B2     		uxtb	r2, r2
 9671 00d4 1A70     		strb	r2, [r3]
 9672 00d6 FB6A     		ldr	r3, [r7, #44]
 9673 00d8 7B61     		str	r3, [r7, #20]
 9674              	.LBE154:
 9675              	.LBB155:
2560:./SystemView/SEGGER_SYSVIEW.c ****   ENCODE_U32(pPayload, UserDataLen >> SEGGER_SYSVIEW_ID_SHIFT);
 9676              		.loc 1 2560 3 is_stmt 1 discriminator 4
 9677 00da 7B69     		ldr	r3, [r7, #20]
 9678 00dc 7B62     		str	r3, [r7, #36]
 9679 00de 7B68     		ldr	r3, [r7, #4]
 9680 00e0 3B62     		str	r3, [r7, #32]
 9681 00e2 0BE0     		b	.L521
 9682              	.L522:
 9683              		.loc 1 2560 3 is_stmt 0 discriminator 3
 9684 00e4 3B6A     		ldr	r3, [r7, #32]
 9685 00e6 DAB2     		uxtb	r2, r3
 9686 00e8 7B6A     		ldr	r3, [r7, #36]
 9687 00ea 591C     		adds	r1, r3, #1
 9688 00ec 7962     		str	r1, [r7, #36]
 9689 00ee 62F07F02 		orn	r2, r2, #127
 9690 00f2 D2B2     		uxtb	r2, r2
 9691 00f4 1A70     		strb	r2, [r3]
 9692 00f6 3B6A     		ldr	r3, [r7, #32]
 9693 00f8 DB09     		lsrs	r3, r3, #7
 9694 00fa 3B62     		str	r3, [r7, #32]
 9695              	.L521:
 9696              		.loc 1 2560 3 discriminator 1
 9697 00fc 3B6A     		ldr	r3, [r7, #32]
 9698 00fe 7F2B     		cmp	r3, #127
 9699 0100 F0D8     		bhi	.L522
 9700              		.loc 1 2560 3 discriminator 4
 9701 0102 7B6A     		ldr	r3, [r7, #36]
 9702 0104 5A1C     		adds	r2, r3, #1
 9703 0106 7A62     		str	r2, [r7, #36]
 9704 0108 3A6A     		ldr	r2, [r7, #32]
 9705 010a D2B2     		uxtb	r2, r2
 9706 010c 1A70     		strb	r2, [r3]
 9707 010e 7B6A     		ldr	r3, [r7, #36]
 9708 0110 7B61     		str	r3, [r7, #20]
 9709              	.LBE155:
2561:./SystemView/SEGGER_SYSVIEW.c ****   _SendPacket(pPayloadStart, pPayload, SYSVIEW_EVTID_EX);
 9710              		.loc 1 2561 3 is_stmt 1 discriminator 4
 9711 0112 1F22     		movs	r2, #31
 9712 0114 7969     		ldr	r1, [r7, #20]
 9713 0116 B869     		ldr	r0, [r7, #24]
ARM GAS  /var/folders/yl/_q9l42k90g1g4mdhbs226msm0000gn/T//ccxj18A8.s 			page 215


 9714 0118 FFF7FEFF 		bl	_SendPacket
2562:./SystemView/SEGGER_SYSVIEW.c ****   RECORD_END();
 9715              		.loc 1 2562 3 discriminator 4
 9716 011c FB69     		ldr	r3, [r7, #28]
 9717              		.syntax unified
 9718              	@ 2562 "./SystemView/SEGGER_SYSVIEW.c" 1
 9719 011e 83F31188 		msr   basepri, r3  
 9720              		
 9721              	@ 0 "" 2
 9722              		.thumb
 9723              		.syntax unified
 9724              	.LBE151:
2563:./SystemView/SEGGER_SYSVIEW.c **** }
 9725              		.loc 1 2563 1 discriminator 4
 9726 0122 00BF     		nop
 9727 0124 4037     		adds	r7, r7, #64
 9728              	.LCFI273:
 9729              		.cfi_def_cfa_offset 8
 9730 0126 BD46     		mov	sp, r7
 9731              	.LCFI274:
 9732              		.cfi_def_cfa_register 13
 9733              		@ sp needed
 9734 0128 80BD     		pop	{r7, pc}
 9735              	.L524:
 9736 012a 00BF     		.align	2
 9737              	.L523:
 9738 012c 00000000 		.word	_aPacket
 9739 0130 00000000 		.word	_SYSVIEW_Globals
 9740              		.cfi_endproc
 9741              	.LFE54:
 9743              		.section	.text.SEGGER_SYSVIEW_HeapAllocEx,"ax",%progbits
 9744              		.align	1
 9745              		.global	SEGGER_SYSVIEW_HeapAllocEx
 9746              		.syntax unified
 9747              		.thumb
 9748              		.thumb_func
 9750              	SEGGER_SYSVIEW_HeapAllocEx:
 9751              	.LFB55:
2564:./SystemView/SEGGER_SYSVIEW.c **** 
2565:./SystemView/SEGGER_SYSVIEW.c **** /*********************************************************************
2566:./SystemView/SEGGER_SYSVIEW.c **** *
2567:./SystemView/SEGGER_SYSVIEW.c **** *       SEGGER_SYSVIEW_HeapAllocEx()
2568:./SystemView/SEGGER_SYSVIEW.c **** *
2569:./SystemView/SEGGER_SYSVIEW.c **** *  Function description
2570:./SystemView/SEGGER_SYSVIEW.c **** *    Record a per-heap allocation event.
2571:./SystemView/SEGGER_SYSVIEW.c **** *
2572:./SystemView/SEGGER_SYSVIEW.c **** *  Parameters
2573:./SystemView/SEGGER_SYSVIEW.c **** *    pHeap       - Pointer to heap where allocation was made.
2574:./SystemView/SEGGER_SYSVIEW.c **** *    pUserData   - Pointer to allocated user data.
2575:./SystemView/SEGGER_SYSVIEW.c **** *    UserDataLen - Size of block allocated to hold user data, excluding any metadata.
2576:./SystemView/SEGGER_SYSVIEW.c **** *    Tag         - Block tag, typically used to identify the owner of the block.
2577:./SystemView/SEGGER_SYSVIEW.c **** *
2578:./SystemView/SEGGER_SYSVIEW.c **** *  Additional information
2579:./SystemView/SEGGER_SYSVIEW.c **** *    The user data must be correctly aligned for the architecture, which
2580:./SystemView/SEGGER_SYSVIEW.c **** *    typically requires that the alignment is at least the alignment
2581:./SystemView/SEGGER_SYSVIEW.c **** *    of a double or a long long.  pUserData is, therefore, compressed by
2582:./SystemView/SEGGER_SYSVIEW.c **** *    shrinking as IDs are compressed, controlled by the specific setting
ARM GAS  /var/folders/yl/_q9l42k90g1g4mdhbs226msm0000gn/T//ccxj18A8.s 			page 216


2583:./SystemView/SEGGER_SYSVIEW.c **** *    of SEGGER_SYSVIEW_ID_SHIFT.
2584:./SystemView/SEGGER_SYSVIEW.c **** *
2585:./SystemView/SEGGER_SYSVIEW.c **** *    In the same way, UserDataLen must reflect the size of the allocated
2586:./SystemView/SEGGER_SYSVIEW.c **** *    block, not the allocation size requested by the application.  This
2587:./SystemView/SEGGER_SYSVIEW.c **** *    size is also subject to compression, controlled by the specific setting
2588:./SystemView/SEGGER_SYSVIEW.c **** *    of SEGGER_SYSVIEW_ID_SHIFT.
2589:./SystemView/SEGGER_SYSVIEW.c **** *
2590:./SystemView/SEGGER_SYSVIEW.c **** *    As an example, assume the allocator is running on a Cortex-M device
2591:./SystemView/SEGGER_SYSVIEW.c **** *    with SEGGER_SYSVIEW_ID_SHIFT set to 2 (the word alignment of the device).
2592:./SystemView/SEGGER_SYSVIEW.c **** *    If a user requests an allocation of 5 bytes, a hypothetical heap
2593:./SystemView/SEGGER_SYSVIEW.c **** *    allocator could allocate a block with size 32 bytes for this.  The value
2594:./SystemView/SEGGER_SYSVIEW.c **** *    of UserDataLen sent to SystemView for recording should be 32, not 5,
2595:./SystemView/SEGGER_SYSVIEW.c **** *    and the 32 is compressed by shifting by two bits, the configured value
2596:./SystemView/SEGGER_SYSVIEW.c **** *    of SEGGER_SYSVIEW_ID_SHIFT, and describes the number of bytes that are
2597:./SystemView/SEGGER_SYSVIEW.c **** *    consumed from managed memory from which SystemView can calculate
2598:./SystemView/SEGGER_SYSVIEW.c **** *    accurate heap metrics.
2599:./SystemView/SEGGER_SYSVIEW.c **** *
2600:./SystemView/SEGGER_SYSVIEW.c **** *  See also
2601:./SystemView/SEGGER_SYSVIEW.c **** *    SEGGER_SYSVIEW_HeapAlloc().
2602:./SystemView/SEGGER_SYSVIEW.c **** */
2603:./SystemView/SEGGER_SYSVIEW.c **** void SEGGER_SYSVIEW_HeapAllocEx(void *pHeap, void* pUserData, unsigned int UserDataLen, unsigned in
 9752              		.loc 1 2603 107
 9753              		.cfi_startproc
 9754              		@ args = 0, pretend = 0, frame = 72
 9755              		@ frame_needed = 1, uses_anonymous_args = 0
 9756 0000 80B5     		push	{r7, lr}
 9757              	.LCFI275:
 9758              		.cfi_def_cfa_offset 8
 9759              		.cfi_offset 7, -8
 9760              		.cfi_offset 14, -4
 9761 0002 92B0     		sub	sp, sp, #72
 9762              	.LCFI276:
 9763              		.cfi_def_cfa_offset 80
 9764 0004 00AF     		add	r7, sp, #0
 9765              	.LCFI277:
 9766              		.cfi_def_cfa_register 7
 9767 0006 F860     		str	r0, [r7, #12]
 9768 0008 B960     		str	r1, [r7, #8]
 9769 000a 7A60     		str	r2, [r7, #4]
 9770 000c 3B60     		str	r3, [r7]
 9771              	.LBB156:
2604:./SystemView/SEGGER_SYSVIEW.c ****   U8* pPayload;
2605:./SystemView/SEGGER_SYSVIEW.c ****   U8* pPayloadStart;
2606:./SystemView/SEGGER_SYSVIEW.c ****   RECORD_START(SEGGER_SYSVIEW_INFO_SIZE + 5 * SEGGER_SYSVIEW_QUANTA_U32);
 9772              		.loc 1 2606 3
 9773              		.syntax unified
 9774              	@ 2606 "./SystemView/SEGGER_SYSVIEW.c" 1
 9775 000e EFF31183 		mrs   r3, basepri  
 9776 0012 4FF02001 		mov   r1, #32       
 9777 0016 81F31188 		msr   basepri, r1  
 9778              		
 9779              	@ 0 "" 2
 9780              		.thumb
 9781              		.syntax unified
 9782 001a FB61     		str	r3, [r7, #28]
 9783 001c 5148     		ldr	r0, .L536
 9784 001e FFF7FEFF 		bl	_PreparePacket
ARM GAS  /var/folders/yl/_q9l42k90g1g4mdhbs226msm0000gn/T//ccxj18A8.s 			page 217


 9785 0022 B861     		str	r0, [r7, #24]
2607:./SystemView/SEGGER_SYSVIEW.c ****   //
2608:./SystemView/SEGGER_SYSVIEW.c ****   pPayload = pPayloadStart;
 9786              		.loc 1 2608 12
 9787 0024 BB69     		ldr	r3, [r7, #24]
 9788 0026 7B61     		str	r3, [r7, #20]
 9789              	.LBB157:
2609:./SystemView/SEGGER_SYSVIEW.c ****   ENCODE_U32(pPayload, SYSVIEW_EVTID_EX_HEAP_ALLOC_EX);
 9790              		.loc 1 2609 3
 9791 0028 7B69     		ldr	r3, [r7, #20]
 9792 002a 7B64     		str	r3, [r7, #68]
 9793 002c 0423     		movs	r3, #4
 9794 002e 3B64     		str	r3, [r7, #64]
 9795 0030 0BE0     		b	.L526
 9796              	.L527:
 9797              		.loc 1 2609 3 is_stmt 0 discriminator 3
 9798 0032 3B6C     		ldr	r3, [r7, #64]
 9799 0034 DAB2     		uxtb	r2, r3
 9800 0036 7B6C     		ldr	r3, [r7, #68]
 9801 0038 591C     		adds	r1, r3, #1
 9802 003a 7964     		str	r1, [r7, #68]
 9803 003c 62F07F02 		orn	r2, r2, #127
 9804 0040 D2B2     		uxtb	r2, r2
 9805 0042 1A70     		strb	r2, [r3]
 9806 0044 3B6C     		ldr	r3, [r7, #64]
 9807 0046 DB09     		lsrs	r3, r3, #7
 9808 0048 3B64     		str	r3, [r7, #64]
 9809              	.L526:
 9810              		.loc 1 2609 3 discriminator 1
 9811 004a 3B6C     		ldr	r3, [r7, #64]
 9812 004c 7F2B     		cmp	r3, #127
 9813 004e F0D8     		bhi	.L527
 9814              		.loc 1 2609 3 discriminator 4
 9815 0050 7B6C     		ldr	r3, [r7, #68]
 9816 0052 5A1C     		adds	r2, r3, #1
 9817 0054 7A64     		str	r2, [r7, #68]
 9818 0056 3A6C     		ldr	r2, [r7, #64]
 9819 0058 D2B2     		uxtb	r2, r2
 9820 005a 1A70     		strb	r2, [r3]
 9821 005c 7B6C     		ldr	r3, [r7, #68]
 9822 005e 7B61     		str	r3, [r7, #20]
 9823              	.LBE157:
 9824              	.LBB158:
2610:./SystemView/SEGGER_SYSVIEW.c ****   ENCODE_U32(pPayload, SHRINK_ID((U32)pHeap));
 9825              		.loc 1 2610 3 is_stmt 1 discriminator 4
 9826 0060 7B69     		ldr	r3, [r7, #20]
 9827 0062 FB63     		str	r3, [r7, #60]
 9828 0064 FA68     		ldr	r2, [r7, #12]
 9829 0066 404B     		ldr	r3, .L536+4
 9830 0068 1B69     		ldr	r3, [r3, #16]
 9831 006a D31A     		subs	r3, r2, r3
 9832 006c BB63     		str	r3, [r7, #56]
 9833 006e 0BE0     		b	.L528
 9834              	.L529:
 9835              		.loc 1 2610 3 is_stmt 0 discriminator 3
 9836 0070 BB6B     		ldr	r3, [r7, #56]
 9837 0072 DAB2     		uxtb	r2, r3
ARM GAS  /var/folders/yl/_q9l42k90g1g4mdhbs226msm0000gn/T//ccxj18A8.s 			page 218


 9838 0074 FB6B     		ldr	r3, [r7, #60]
 9839 0076 591C     		adds	r1, r3, #1
 9840 0078 F963     		str	r1, [r7, #60]
 9841 007a 62F07F02 		orn	r2, r2, #127
 9842 007e D2B2     		uxtb	r2, r2
 9843 0080 1A70     		strb	r2, [r3]
 9844 0082 BB6B     		ldr	r3, [r7, #56]
 9845 0084 DB09     		lsrs	r3, r3, #7
 9846 0086 BB63     		str	r3, [r7, #56]
 9847              	.L528:
 9848              		.loc 1 2610 3 discriminator 1
 9849 0088 BB6B     		ldr	r3, [r7, #56]
 9850 008a 7F2B     		cmp	r3, #127
 9851 008c F0D8     		bhi	.L529
 9852              		.loc 1 2610 3 discriminator 4
 9853 008e FB6B     		ldr	r3, [r7, #60]
 9854 0090 5A1C     		adds	r2, r3, #1
 9855 0092 FA63     		str	r2, [r7, #60]
 9856 0094 BA6B     		ldr	r2, [r7, #56]
 9857 0096 D2B2     		uxtb	r2, r2
 9858 0098 1A70     		strb	r2, [r3]
 9859 009a FB6B     		ldr	r3, [r7, #60]
 9860 009c 7B61     		str	r3, [r7, #20]
 9861              	.LBE158:
 9862              	.LBB159:
2611:./SystemView/SEGGER_SYSVIEW.c ****   ENCODE_U32(pPayload, SHRINK_ID((U32)pUserData));
 9863              		.loc 1 2611 3 is_stmt 1 discriminator 4
 9864 009e 7B69     		ldr	r3, [r7, #20]
 9865 00a0 7B63     		str	r3, [r7, #52]
 9866 00a2 BA68     		ldr	r2, [r7, #8]
 9867 00a4 304B     		ldr	r3, .L536+4
 9868 00a6 1B69     		ldr	r3, [r3, #16]
 9869 00a8 D31A     		subs	r3, r2, r3
 9870 00aa 3B63     		str	r3, [r7, #48]
 9871 00ac 0BE0     		b	.L530
 9872              	.L531:
 9873              		.loc 1 2611 3 is_stmt 0 discriminator 3
 9874 00ae 3B6B     		ldr	r3, [r7, #48]
 9875 00b0 DAB2     		uxtb	r2, r3
 9876 00b2 7B6B     		ldr	r3, [r7, #52]
 9877 00b4 591C     		adds	r1, r3, #1
 9878 00b6 7963     		str	r1, [r7, #52]
 9879 00b8 62F07F02 		orn	r2, r2, #127
 9880 00bc D2B2     		uxtb	r2, r2
 9881 00be 1A70     		strb	r2, [r3]
 9882 00c0 3B6B     		ldr	r3, [r7, #48]
 9883 00c2 DB09     		lsrs	r3, r3, #7
 9884 00c4 3B63     		str	r3, [r7, #48]
 9885              	.L530:
 9886              		.loc 1 2611 3 discriminator 1
 9887 00c6 3B6B     		ldr	r3, [r7, #48]
 9888 00c8 7F2B     		cmp	r3, #127
 9889 00ca F0D8     		bhi	.L531
 9890              		.loc 1 2611 3 discriminator 4
 9891 00cc 7B6B     		ldr	r3, [r7, #52]
 9892 00ce 5A1C     		adds	r2, r3, #1
 9893 00d0 7A63     		str	r2, [r7, #52]
ARM GAS  /var/folders/yl/_q9l42k90g1g4mdhbs226msm0000gn/T//ccxj18A8.s 			page 219


 9894 00d2 3A6B     		ldr	r2, [r7, #48]
 9895 00d4 D2B2     		uxtb	r2, r2
 9896 00d6 1A70     		strb	r2, [r3]
 9897 00d8 7B6B     		ldr	r3, [r7, #52]
 9898 00da 7B61     		str	r3, [r7, #20]
 9899              	.LBE159:
 9900              	.LBB160:
2612:./SystemView/SEGGER_SYSVIEW.c ****   ENCODE_U32(pPayload, UserDataLen >> SEGGER_SYSVIEW_ID_SHIFT);
 9901              		.loc 1 2612 3 is_stmt 1 discriminator 4
 9902 00dc 7B69     		ldr	r3, [r7, #20]
 9903 00de FB62     		str	r3, [r7, #44]
 9904 00e0 7B68     		ldr	r3, [r7, #4]
 9905 00e2 BB62     		str	r3, [r7, #40]
 9906 00e4 0BE0     		b	.L532
 9907              	.L533:
 9908              		.loc 1 2612 3 is_stmt 0 discriminator 3
 9909 00e6 BB6A     		ldr	r3, [r7, #40]
 9910 00e8 DAB2     		uxtb	r2, r3
 9911 00ea FB6A     		ldr	r3, [r7, #44]
 9912 00ec 591C     		adds	r1, r3, #1
 9913 00ee F962     		str	r1, [r7, #44]
 9914 00f0 62F07F02 		orn	r2, r2, #127
 9915 00f4 D2B2     		uxtb	r2, r2
 9916 00f6 1A70     		strb	r2, [r3]
 9917 00f8 BB6A     		ldr	r3, [r7, #40]
 9918 00fa DB09     		lsrs	r3, r3, #7
 9919 00fc BB62     		str	r3, [r7, #40]
 9920              	.L532:
 9921              		.loc 1 2612 3 discriminator 1
 9922 00fe BB6A     		ldr	r3, [r7, #40]
 9923 0100 7F2B     		cmp	r3, #127
 9924 0102 F0D8     		bhi	.L533
 9925              		.loc 1 2612 3 discriminator 4
 9926 0104 FB6A     		ldr	r3, [r7, #44]
 9927 0106 5A1C     		adds	r2, r3, #1
 9928 0108 FA62     		str	r2, [r7, #44]
 9929 010a BA6A     		ldr	r2, [r7, #40]
 9930 010c D2B2     		uxtb	r2, r2
 9931 010e 1A70     		strb	r2, [r3]
 9932 0110 FB6A     		ldr	r3, [r7, #44]
 9933 0112 7B61     		str	r3, [r7, #20]
 9934              	.LBE160:
 9935              	.LBB161:
2613:./SystemView/SEGGER_SYSVIEW.c ****   ENCODE_U32(pPayload, Tag);
 9936              		.loc 1 2613 3 is_stmt 1 discriminator 4
 9937 0114 7B69     		ldr	r3, [r7, #20]
 9938 0116 7B62     		str	r3, [r7, #36]
 9939 0118 3B68     		ldr	r3, [r7]
 9940 011a 3B62     		str	r3, [r7, #32]
 9941 011c 0BE0     		b	.L534
 9942              	.L535:
 9943              		.loc 1 2613 3 is_stmt 0 discriminator 3
 9944 011e 3B6A     		ldr	r3, [r7, #32]
 9945 0120 DAB2     		uxtb	r2, r3
 9946 0122 7B6A     		ldr	r3, [r7, #36]
 9947 0124 591C     		adds	r1, r3, #1
 9948 0126 7962     		str	r1, [r7, #36]
ARM GAS  /var/folders/yl/_q9l42k90g1g4mdhbs226msm0000gn/T//ccxj18A8.s 			page 220


 9949 0128 62F07F02 		orn	r2, r2, #127
 9950 012c D2B2     		uxtb	r2, r2
 9951 012e 1A70     		strb	r2, [r3]
 9952 0130 3B6A     		ldr	r3, [r7, #32]
 9953 0132 DB09     		lsrs	r3, r3, #7
 9954 0134 3B62     		str	r3, [r7, #32]
 9955              	.L534:
 9956              		.loc 1 2613 3 discriminator 1
 9957 0136 3B6A     		ldr	r3, [r7, #32]
 9958 0138 7F2B     		cmp	r3, #127
 9959 013a F0D8     		bhi	.L535
 9960              		.loc 1 2613 3 discriminator 4
 9961 013c 7B6A     		ldr	r3, [r7, #36]
 9962 013e 5A1C     		adds	r2, r3, #1
 9963 0140 7A62     		str	r2, [r7, #36]
 9964 0142 3A6A     		ldr	r2, [r7, #32]
 9965 0144 D2B2     		uxtb	r2, r2
 9966 0146 1A70     		strb	r2, [r3]
 9967 0148 7B6A     		ldr	r3, [r7, #36]
 9968 014a 7B61     		str	r3, [r7, #20]
 9969              	.LBE161:
2614:./SystemView/SEGGER_SYSVIEW.c ****   _SendPacket(pPayloadStart, pPayload, SYSVIEW_EVTID_EX);
 9970              		.loc 1 2614 3 is_stmt 1 discriminator 4
 9971 014c 1F22     		movs	r2, #31
 9972 014e 7969     		ldr	r1, [r7, #20]
 9973 0150 B869     		ldr	r0, [r7, #24]
 9974 0152 FFF7FEFF 		bl	_SendPacket
2615:./SystemView/SEGGER_SYSVIEW.c ****   RECORD_END();
 9975              		.loc 1 2615 3 discriminator 4
 9976 0156 FB69     		ldr	r3, [r7, #28]
 9977              		.syntax unified
 9978              	@ 2615 "./SystemView/SEGGER_SYSVIEW.c" 1
 9979 0158 83F31188 		msr   basepri, r3  
 9980              		
 9981              	@ 0 "" 2
 9982              		.thumb
 9983              		.syntax unified
 9984              	.LBE156:
2616:./SystemView/SEGGER_SYSVIEW.c **** }
 9985              		.loc 1 2616 1 discriminator 4
 9986 015c 00BF     		nop
 9987 015e 4837     		adds	r7, r7, #72
 9988              	.LCFI278:
 9989              		.cfi_def_cfa_offset 8
 9990 0160 BD46     		mov	sp, r7
 9991              	.LCFI279:
 9992              		.cfi_def_cfa_register 13
 9993              		@ sp needed
 9994 0162 80BD     		pop	{r7, pc}
 9995              	.L537:
 9996              		.align	2
 9997              	.L536:
 9998 0164 00000000 		.word	_aPacket
 9999 0168 00000000 		.word	_SYSVIEW_Globals
 10000              		.cfi_endproc
 10001              	.LFE55:
 10003              		.section	.text.SEGGER_SYSVIEW_HeapFree,"ax",%progbits
ARM GAS  /var/folders/yl/_q9l42k90g1g4mdhbs226msm0000gn/T//ccxj18A8.s 			page 221


 10004              		.align	1
 10005              		.global	SEGGER_SYSVIEW_HeapFree
 10006              		.syntax unified
 10007              		.thumb
 10008              		.thumb_func
 10010              	SEGGER_SYSVIEW_HeapFree:
 10011              	.LFB56:
2617:./SystemView/SEGGER_SYSVIEW.c **** 
2618:./SystemView/SEGGER_SYSVIEW.c **** /*********************************************************************
2619:./SystemView/SEGGER_SYSVIEW.c **** *
2620:./SystemView/SEGGER_SYSVIEW.c **** *       SEGGER_SYSVIEW_HeapFree()
2621:./SystemView/SEGGER_SYSVIEW.c **** *
2622:./SystemView/SEGGER_SYSVIEW.c **** *  Function description
2623:./SystemView/SEGGER_SYSVIEW.c **** *    Record a heap deallocation event.
2624:./SystemView/SEGGER_SYSVIEW.c **** *
2625:./SystemView/SEGGER_SYSVIEW.c **** *  Parameters
2626:./SystemView/SEGGER_SYSVIEW.c **** *    pHeap     - Pointer to heap where allocation was made.
2627:./SystemView/SEGGER_SYSVIEW.c **** *    pUserData - Pointer to allocated user data.
2628:./SystemView/SEGGER_SYSVIEW.c **** *
2629:./SystemView/SEGGER_SYSVIEW.c **** *  Additional information
2630:./SystemView/SEGGER_SYSVIEW.c **** *    SystemViews track allocations and knows the size of the
2631:./SystemView/SEGGER_SYSVIEW.c **** *    allocated data.
2632:./SystemView/SEGGER_SYSVIEW.c **** */
2633:./SystemView/SEGGER_SYSVIEW.c **** void SEGGER_SYSVIEW_HeapFree(void* pHeap, void* pUserData) {
 10012              		.loc 1 2633 60
 10013              		.cfi_startproc
 10014              		@ args = 0, pretend = 0, frame = 48
 10015              		@ frame_needed = 1, uses_anonymous_args = 0
 10016 0000 80B5     		push	{r7, lr}
 10017              	.LCFI280:
 10018              		.cfi_def_cfa_offset 8
 10019              		.cfi_offset 7, -8
 10020              		.cfi_offset 14, -4
 10021 0002 8CB0     		sub	sp, sp, #48
 10022              	.LCFI281:
 10023              		.cfi_def_cfa_offset 56
 10024 0004 00AF     		add	r7, sp, #0
 10025              	.LCFI282:
 10026              		.cfi_def_cfa_register 7
 10027 0006 7860     		str	r0, [r7, #4]
 10028 0008 3960     		str	r1, [r7]
 10029              	.LBB162:
2634:./SystemView/SEGGER_SYSVIEW.c ****   U8* pPayload;
2635:./SystemView/SEGGER_SYSVIEW.c ****   U8* pPayloadStart;
2636:./SystemView/SEGGER_SYSVIEW.c ****   RECORD_START(SEGGER_SYSVIEW_INFO_SIZE + 2 * SEGGER_SYSVIEW_QUANTA_U32);
 10030              		.loc 1 2636 3
 10031              		.syntax unified
 10032              	@ 2636 "./SystemView/SEGGER_SYSVIEW.c" 1
 10033 000a EFF31183 		mrs   r3, basepri  
 10034 000e 4FF02001 		mov   r1, #32       
 10035 0012 81F31188 		msr   basepri, r1  
 10036              		
 10037              	@ 0 "" 2
 10038              		.thumb
 10039              		.syntax unified
 10040 0016 7B61     		str	r3, [r7, #20]
 10041 0018 3548     		ldr	r0, .L545
ARM GAS  /var/folders/yl/_q9l42k90g1g4mdhbs226msm0000gn/T//ccxj18A8.s 			page 222


 10042 001a FFF7FEFF 		bl	_PreparePacket
 10043 001e 3861     		str	r0, [r7, #16]
2637:./SystemView/SEGGER_SYSVIEW.c ****   //
2638:./SystemView/SEGGER_SYSVIEW.c ****   pPayload = pPayloadStart;
 10044              		.loc 1 2638 12
 10045 0020 3B69     		ldr	r3, [r7, #16]
 10046 0022 FB60     		str	r3, [r7, #12]
 10047              	.LBB163:
2639:./SystemView/SEGGER_SYSVIEW.c ****   ENCODE_U32(pPayload, SYSVIEW_EVTID_EX_HEAP_FREE);
 10048              		.loc 1 2639 3
 10049 0024 FB68     		ldr	r3, [r7, #12]
 10050 0026 FB62     		str	r3, [r7, #44]
 10051 0028 0523     		movs	r3, #5
 10052 002a BB62     		str	r3, [r7, #40]
 10053 002c 0BE0     		b	.L539
 10054              	.L540:
 10055              		.loc 1 2639 3 is_stmt 0 discriminator 3
 10056 002e BB6A     		ldr	r3, [r7, #40]
 10057 0030 DAB2     		uxtb	r2, r3
 10058 0032 FB6A     		ldr	r3, [r7, #44]
 10059 0034 591C     		adds	r1, r3, #1
 10060 0036 F962     		str	r1, [r7, #44]
 10061 0038 62F07F02 		orn	r2, r2, #127
 10062 003c D2B2     		uxtb	r2, r2
 10063 003e 1A70     		strb	r2, [r3]
 10064 0040 BB6A     		ldr	r3, [r7, #40]
 10065 0042 DB09     		lsrs	r3, r3, #7
 10066 0044 BB62     		str	r3, [r7, #40]
 10067              	.L539:
 10068              		.loc 1 2639 3 discriminator 1
 10069 0046 BB6A     		ldr	r3, [r7, #40]
 10070 0048 7F2B     		cmp	r3, #127
 10071 004a F0D8     		bhi	.L540
 10072              		.loc 1 2639 3 discriminator 4
 10073 004c FB6A     		ldr	r3, [r7, #44]
 10074 004e 5A1C     		adds	r2, r3, #1
 10075 0050 FA62     		str	r2, [r7, #44]
 10076 0052 BA6A     		ldr	r2, [r7, #40]
 10077 0054 D2B2     		uxtb	r2, r2
 10078 0056 1A70     		strb	r2, [r3]
 10079 0058 FB6A     		ldr	r3, [r7, #44]
 10080 005a FB60     		str	r3, [r7, #12]
 10081              	.LBE163:
 10082              	.LBB164:
2640:./SystemView/SEGGER_SYSVIEW.c ****   ENCODE_U32(pPayload, SHRINK_ID((U32)pHeap));
 10083              		.loc 1 2640 3 is_stmt 1 discriminator 4
 10084 005c FB68     		ldr	r3, [r7, #12]
 10085 005e 7B62     		str	r3, [r7, #36]
 10086 0060 7A68     		ldr	r2, [r7, #4]
 10087 0062 244B     		ldr	r3, .L545+4
 10088 0064 1B69     		ldr	r3, [r3, #16]
 10089 0066 D31A     		subs	r3, r2, r3
 10090 0068 3B62     		str	r3, [r7, #32]
 10091 006a 0BE0     		b	.L541
 10092              	.L542:
 10093              		.loc 1 2640 3 is_stmt 0 discriminator 3
 10094 006c 3B6A     		ldr	r3, [r7, #32]
ARM GAS  /var/folders/yl/_q9l42k90g1g4mdhbs226msm0000gn/T//ccxj18A8.s 			page 223


 10095 006e DAB2     		uxtb	r2, r3
 10096 0070 7B6A     		ldr	r3, [r7, #36]
 10097 0072 591C     		adds	r1, r3, #1
 10098 0074 7962     		str	r1, [r7, #36]
 10099 0076 62F07F02 		orn	r2, r2, #127
 10100 007a D2B2     		uxtb	r2, r2
 10101 007c 1A70     		strb	r2, [r3]
 10102 007e 3B6A     		ldr	r3, [r7, #32]
 10103 0080 DB09     		lsrs	r3, r3, #7
 10104 0082 3B62     		str	r3, [r7, #32]
 10105              	.L541:
 10106              		.loc 1 2640 3 discriminator 1
 10107 0084 3B6A     		ldr	r3, [r7, #32]
 10108 0086 7F2B     		cmp	r3, #127
 10109 0088 F0D8     		bhi	.L542
 10110              		.loc 1 2640 3 discriminator 4
 10111 008a 7B6A     		ldr	r3, [r7, #36]
 10112 008c 5A1C     		adds	r2, r3, #1
 10113 008e 7A62     		str	r2, [r7, #36]
 10114 0090 3A6A     		ldr	r2, [r7, #32]
 10115 0092 D2B2     		uxtb	r2, r2
 10116 0094 1A70     		strb	r2, [r3]
 10117 0096 7B6A     		ldr	r3, [r7, #36]
 10118 0098 FB60     		str	r3, [r7, #12]
 10119              	.LBE164:
 10120              	.LBB165:
2641:./SystemView/SEGGER_SYSVIEW.c ****   ENCODE_U32(pPayload, SHRINK_ID((U32)pUserData));
 10121              		.loc 1 2641 3 is_stmt 1 discriminator 4
 10122 009a FB68     		ldr	r3, [r7, #12]
 10123 009c FB61     		str	r3, [r7, #28]
 10124 009e 3A68     		ldr	r2, [r7]
 10125 00a0 144B     		ldr	r3, .L545+4
 10126 00a2 1B69     		ldr	r3, [r3, #16]
 10127 00a4 D31A     		subs	r3, r2, r3
 10128 00a6 BB61     		str	r3, [r7, #24]
 10129 00a8 0BE0     		b	.L543
 10130              	.L544:
 10131              		.loc 1 2641 3 is_stmt 0 discriminator 3
 10132 00aa BB69     		ldr	r3, [r7, #24]
 10133 00ac DAB2     		uxtb	r2, r3
 10134 00ae FB69     		ldr	r3, [r7, #28]
 10135 00b0 591C     		adds	r1, r3, #1
 10136 00b2 F961     		str	r1, [r7, #28]
 10137 00b4 62F07F02 		orn	r2, r2, #127
 10138 00b8 D2B2     		uxtb	r2, r2
 10139 00ba 1A70     		strb	r2, [r3]
 10140 00bc BB69     		ldr	r3, [r7, #24]
 10141 00be DB09     		lsrs	r3, r3, #7
 10142 00c0 BB61     		str	r3, [r7, #24]
 10143              	.L543:
 10144              		.loc 1 2641 3 discriminator 1
 10145 00c2 BB69     		ldr	r3, [r7, #24]
 10146 00c4 7F2B     		cmp	r3, #127
 10147 00c6 F0D8     		bhi	.L544
 10148              		.loc 1 2641 3 discriminator 4
 10149 00c8 FB69     		ldr	r3, [r7, #28]
 10150 00ca 5A1C     		adds	r2, r3, #1
ARM GAS  /var/folders/yl/_q9l42k90g1g4mdhbs226msm0000gn/T//ccxj18A8.s 			page 224


 10151 00cc FA61     		str	r2, [r7, #28]
 10152 00ce BA69     		ldr	r2, [r7, #24]
 10153 00d0 D2B2     		uxtb	r2, r2
 10154 00d2 1A70     		strb	r2, [r3]
 10155 00d4 FB69     		ldr	r3, [r7, #28]
 10156 00d6 FB60     		str	r3, [r7, #12]
 10157              	.LBE165:
2642:./SystemView/SEGGER_SYSVIEW.c ****   _SendPacket(pPayloadStart, pPayload, SYSVIEW_EVTID_EX);
 10158              		.loc 1 2642 3 is_stmt 1 discriminator 4
 10159 00d8 1F22     		movs	r2, #31
 10160 00da F968     		ldr	r1, [r7, #12]
 10161 00dc 3869     		ldr	r0, [r7, #16]
 10162 00de FFF7FEFF 		bl	_SendPacket
2643:./SystemView/SEGGER_SYSVIEW.c ****   RECORD_END();
 10163              		.loc 1 2643 3 discriminator 4
 10164 00e2 7B69     		ldr	r3, [r7, #20]
 10165              		.syntax unified
 10166              	@ 2643 "./SystemView/SEGGER_SYSVIEW.c" 1
 10167 00e4 83F31188 		msr   basepri, r3  
 10168              		
 10169              	@ 0 "" 2
 10170              		.thumb
 10171              		.syntax unified
 10172              	.LBE162:
2644:./SystemView/SEGGER_SYSVIEW.c **** }
 10173              		.loc 1 2644 1 discriminator 4
 10174 00e8 00BF     		nop
 10175 00ea 3037     		adds	r7, r7, #48
 10176              	.LCFI283:
 10177              		.cfi_def_cfa_offset 8
 10178 00ec BD46     		mov	sp, r7
 10179              	.LCFI284:
 10180              		.cfi_def_cfa_register 13
 10181              		@ sp needed
 10182 00ee 80BD     		pop	{r7, pc}
 10183              	.L546:
 10184              		.align	2
 10185              	.L545:
 10186 00f0 00000000 		.word	_aPacket
 10187 00f4 00000000 		.word	_SYSVIEW_Globals
 10188              		.cfi_endproc
 10189              	.LFE56:
 10191              		.section	.text.SEGGER_SYSVIEW_SendPacket,"ax",%progbits
 10192              		.align	1
 10193              		.global	SEGGER_SYSVIEW_SendPacket
 10194              		.syntax unified
 10195              		.thumb
 10196              		.thumb_func
 10198              	SEGGER_SYSVIEW_SendPacket:
 10199              	.LFB57:
2645:./SystemView/SEGGER_SYSVIEW.c **** 
2646:./SystemView/SEGGER_SYSVIEW.c **** /*********************************************************************
2647:./SystemView/SEGGER_SYSVIEW.c **** *
2648:./SystemView/SEGGER_SYSVIEW.c **** *       SEGGER_SYSVIEW_SendPacket()
2649:./SystemView/SEGGER_SYSVIEW.c **** *
2650:./SystemView/SEGGER_SYSVIEW.c **** *  Function description
2651:./SystemView/SEGGER_SYSVIEW.c **** *    Send an event packet.
ARM GAS  /var/folders/yl/_q9l42k90g1g4mdhbs226msm0000gn/T//ccxj18A8.s 			page 225


2652:./SystemView/SEGGER_SYSVIEW.c **** *
2653:./SystemView/SEGGER_SYSVIEW.c **** *  Parameters
2654:./SystemView/SEGGER_SYSVIEW.c **** *    pPacket      - Pointer to the start of the packet.
2655:./SystemView/SEGGER_SYSVIEW.c **** *    pPayloadEnd  - Pointer to the end of the payload.
2656:./SystemView/SEGGER_SYSVIEW.c **** *                   Make sure there are at least 5 bytes free after the payload.
2657:./SystemView/SEGGER_SYSVIEW.c **** *    EventId      - Id of the event packet.
2658:./SystemView/SEGGER_SYSVIEW.c **** *
2659:./SystemView/SEGGER_SYSVIEW.c **** *  Return value
2660:./SystemView/SEGGER_SYSVIEW.c **** *    !=0:  Success, Message sent.
2661:./SystemView/SEGGER_SYSVIEW.c **** *    ==0:  Buffer full, Message *NOT* sent.
2662:./SystemView/SEGGER_SYSVIEW.c **** */
2663:./SystemView/SEGGER_SYSVIEW.c **** int SEGGER_SYSVIEW_SendPacket(U8* pPacket, U8* pPayloadEnd, unsigned int EventId) {
 10200              		.loc 1 2663 83
 10201              		.cfi_startproc
 10202              		@ args = 0, pretend = 0, frame = 24
 10203              		@ frame_needed = 1, uses_anonymous_args = 0
 10204 0000 80B5     		push	{r7, lr}
 10205              	.LCFI285:
 10206              		.cfi_def_cfa_offset 8
 10207              		.cfi_offset 7, -8
 10208              		.cfi_offset 14, -4
 10209 0002 86B0     		sub	sp, sp, #24
 10210              	.LCFI286:
 10211              		.cfi_def_cfa_offset 32
 10212 0004 00AF     		add	r7, sp, #0
 10213              	.LCFI287:
 10214              		.cfi_def_cfa_register 7
 10215 0006 F860     		str	r0, [r7, #12]
 10216 0008 B960     		str	r1, [r7, #8]
 10217 000a 7A60     		str	r2, [r7, #4]
 10218              	.LBB166:
2664:./SystemView/SEGGER_SYSVIEW.c **** #if (SEGGER_SYSVIEW_USE_STATIC_BUFFER == 1)
2665:./SystemView/SEGGER_SYSVIEW.c ****   SEGGER_SYSVIEW_LOCK();
 10219              		.loc 1 2665 3
 10220              		.syntax unified
 10221              	@ 2665 "./SystemView/SEGGER_SYSVIEW.c" 1
 10222 000c EFF31183 		mrs   r3, basepri  
 10223 0010 4FF02001 		mov   r1, #32       
 10224 0014 81F31188 		msr   basepri, r1  
 10225              		
 10226              	@ 0 "" 2
 10227              		.thumb
 10228              		.syntax unified
 10229 0018 7B61     		str	r3, [r7, #20]
2666:./SystemView/SEGGER_SYSVIEW.c **** #endif
2667:./SystemView/SEGGER_SYSVIEW.c ****   _SendPacket(pPacket + 4, pPayloadEnd, EventId);
 10230              		.loc 1 2667 3
 10231 001a FB68     		ldr	r3, [r7, #12]
 10232 001c 0433     		adds	r3, r3, #4
 10233 001e 7A68     		ldr	r2, [r7, #4]
 10234 0020 B968     		ldr	r1, [r7, #8]
 10235 0022 1846     		mov	r0, r3
 10236 0024 FFF7FEFF 		bl	_SendPacket
2668:./SystemView/SEGGER_SYSVIEW.c **** #if (SEGGER_SYSVIEW_USE_STATIC_BUFFER == 1)
2669:./SystemView/SEGGER_SYSVIEW.c ****   SEGGER_SYSVIEW_UNLOCK();
 10237              		.loc 1 2669 3
 10238 0028 7B69     		ldr	r3, [r7, #20]
ARM GAS  /var/folders/yl/_q9l42k90g1g4mdhbs226msm0000gn/T//ccxj18A8.s 			page 226


 10239              		.syntax unified
 10240              	@ 2669 "./SystemView/SEGGER_SYSVIEW.c" 1
 10241 002a 83F31188 		msr   basepri, r3  
 10242              		
 10243              	@ 0 "" 2
 10244              		.thumb
 10245              		.syntax unified
 10246              	.LBE166:
2670:./SystemView/SEGGER_SYSVIEW.c **** #endif
2671:./SystemView/SEGGER_SYSVIEW.c ****   return 0;
 10247              		.loc 1 2671 10
 10248 002e 0023     		movs	r3, #0
2672:./SystemView/SEGGER_SYSVIEW.c **** }
 10249              		.loc 1 2672 1
 10250 0030 1846     		mov	r0, r3
 10251 0032 1837     		adds	r7, r7, #24
 10252              	.LCFI288:
 10253              		.cfi_def_cfa_offset 8
 10254 0034 BD46     		mov	sp, r7
 10255              	.LCFI289:
 10256              		.cfi_def_cfa_register 13
 10257              		@ sp needed
 10258 0036 80BD     		pop	{r7, pc}
 10259              		.cfi_endproc
 10260              	.LFE57:
 10262              		.section	.text.SEGGER_SYSVIEW_EncodeU32,"ax",%progbits
 10263              		.align	1
 10264              		.global	SEGGER_SYSVIEW_EncodeU32
 10265              		.syntax unified
 10266              		.thumb
 10267              		.thumb_func
 10269              	SEGGER_SYSVIEW_EncodeU32:
 10270              	.LFB58:
2673:./SystemView/SEGGER_SYSVIEW.c **** 
2674:./SystemView/SEGGER_SYSVIEW.c **** /*********************************************************************
2675:./SystemView/SEGGER_SYSVIEW.c **** *
2676:./SystemView/SEGGER_SYSVIEW.c **** *       SEGGER_SYSVIEW_EncodeU32()
2677:./SystemView/SEGGER_SYSVIEW.c **** *
2678:./SystemView/SEGGER_SYSVIEW.c **** *  Function description
2679:./SystemView/SEGGER_SYSVIEW.c **** *    Encode a U32 in variable-length format.
2680:./SystemView/SEGGER_SYSVIEW.c **** *
2681:./SystemView/SEGGER_SYSVIEW.c **** *  Parameters
2682:./SystemView/SEGGER_SYSVIEW.c **** *    pPayload - Pointer to where U32 will be encoded.
2683:./SystemView/SEGGER_SYSVIEW.c **** *    Value    - The 32-bit value to be encoded.
2684:./SystemView/SEGGER_SYSVIEW.c **** *
2685:./SystemView/SEGGER_SYSVIEW.c **** *  Return value
2686:./SystemView/SEGGER_SYSVIEW.c **** *    Pointer to the byte following the value, i.e. the first free
2687:./SystemView/SEGGER_SYSVIEW.c **** *    byte in the payload and the next position to store payload
2688:./SystemView/SEGGER_SYSVIEW.c **** *    content.
2689:./SystemView/SEGGER_SYSVIEW.c **** */
2690:./SystemView/SEGGER_SYSVIEW.c **** U8* SEGGER_SYSVIEW_EncodeU32(U8* pPayload, U32 Value) {
 10271              		.loc 1 2690 55
 10272              		.cfi_startproc
 10273              		@ args = 0, pretend = 0, frame = 16
 10274              		@ frame_needed = 1, uses_anonymous_args = 0
 10275              		@ link register save eliminated.
 10276 0000 80B4     		push	{r7}
ARM GAS  /var/folders/yl/_q9l42k90g1g4mdhbs226msm0000gn/T//ccxj18A8.s 			page 227


 10277              	.LCFI290:
 10278              		.cfi_def_cfa_offset 4
 10279              		.cfi_offset 7, -4
 10280 0002 85B0     		sub	sp, sp, #20
 10281              	.LCFI291:
 10282              		.cfi_def_cfa_offset 24
 10283 0004 00AF     		add	r7, sp, #0
 10284              	.LCFI292:
 10285              		.cfi_def_cfa_register 7
 10286 0006 7860     		str	r0, [r7, #4]
 10287 0008 3960     		str	r1, [r7]
 10288              	.LBB167:
2691:./SystemView/SEGGER_SYSVIEW.c ****   ENCODE_U32(pPayload, Value);
 10289              		.loc 1 2691 3
 10290 000a 7B68     		ldr	r3, [r7, #4]
 10291 000c FB60     		str	r3, [r7, #12]
 10292 000e 3B68     		ldr	r3, [r7]
 10293 0010 BB60     		str	r3, [r7, #8]
 10294 0012 0BE0     		b	.L550
 10295              	.L551:
 10296              		.loc 1 2691 3 is_stmt 0 discriminator 3
 10297 0014 BB68     		ldr	r3, [r7, #8]
 10298 0016 DAB2     		uxtb	r2, r3
 10299 0018 FB68     		ldr	r3, [r7, #12]
 10300 001a 591C     		adds	r1, r3, #1
 10301 001c F960     		str	r1, [r7, #12]
 10302 001e 62F07F02 		orn	r2, r2, #127
 10303 0022 D2B2     		uxtb	r2, r2
 10304 0024 1A70     		strb	r2, [r3]
 10305 0026 BB68     		ldr	r3, [r7, #8]
 10306 0028 DB09     		lsrs	r3, r3, #7
 10307 002a BB60     		str	r3, [r7, #8]
 10308              	.L550:
 10309              		.loc 1 2691 3 discriminator 1
 10310 002c BB68     		ldr	r3, [r7, #8]
 10311 002e 7F2B     		cmp	r3, #127
 10312 0030 F0D8     		bhi	.L551
 10313              		.loc 1 2691 3 discriminator 4
 10314 0032 FB68     		ldr	r3, [r7, #12]
 10315 0034 5A1C     		adds	r2, r3, #1
 10316 0036 FA60     		str	r2, [r7, #12]
 10317 0038 BA68     		ldr	r2, [r7, #8]
 10318 003a D2B2     		uxtb	r2, r2
 10319 003c 1A70     		strb	r2, [r3]
 10320 003e FB68     		ldr	r3, [r7, #12]
 10321 0040 7B60     		str	r3, [r7, #4]
 10322              	.LBE167:
2692:./SystemView/SEGGER_SYSVIEW.c ****   return pPayload;
 10323              		.loc 1 2692 10 is_stmt 1 discriminator 4
 10324 0042 7B68     		ldr	r3, [r7, #4]
2693:./SystemView/SEGGER_SYSVIEW.c **** }
 10325              		.loc 1 2693 1 discriminator 4
 10326 0044 1846     		mov	r0, r3
 10327 0046 1437     		adds	r7, r7, #20
 10328              	.LCFI293:
 10329              		.cfi_def_cfa_offset 4
 10330 0048 BD46     		mov	sp, r7
ARM GAS  /var/folders/yl/_q9l42k90g1g4mdhbs226msm0000gn/T//ccxj18A8.s 			page 228


 10331              	.LCFI294:
 10332              		.cfi_def_cfa_register 13
 10333              		@ sp needed
 10334 004a 5DF8047B 		ldr	r7, [sp], #4
 10335              	.LCFI295:
 10336              		.cfi_restore 7
 10337              		.cfi_def_cfa_offset 0
 10338 004e 7047     		bx	lr
 10339              		.cfi_endproc
 10340              	.LFE58:
 10342              		.section	.text.SEGGER_SYSVIEW_EncodeString,"ax",%progbits
 10343              		.align	1
 10344              		.global	SEGGER_SYSVIEW_EncodeString
 10345              		.syntax unified
 10346              		.thumb
 10347              		.thumb_func
 10349              	SEGGER_SYSVIEW_EncodeString:
 10350              	.LFB59:
2694:./SystemView/SEGGER_SYSVIEW.c **** 
2695:./SystemView/SEGGER_SYSVIEW.c **** /*********************************************************************
2696:./SystemView/SEGGER_SYSVIEW.c **** *
2697:./SystemView/SEGGER_SYSVIEW.c **** *       SEGGER_SYSVIEW_EncodeString()
2698:./SystemView/SEGGER_SYSVIEW.c **** *
2699:./SystemView/SEGGER_SYSVIEW.c **** *  Function description
2700:./SystemView/SEGGER_SYSVIEW.c **** *    Encode a string in variable-length format.
2701:./SystemView/SEGGER_SYSVIEW.c **** *
2702:./SystemView/SEGGER_SYSVIEW.c **** *  Parameters
2703:./SystemView/SEGGER_SYSVIEW.c **** *    pPayload - Pointer to where string will be encoded.
2704:./SystemView/SEGGER_SYSVIEW.c **** *    s        - String to encode.
2705:./SystemView/SEGGER_SYSVIEW.c **** *    MaxLen   - Maximum number of characters to encode from string.
2706:./SystemView/SEGGER_SYSVIEW.c **** *
2707:./SystemView/SEGGER_SYSVIEW.c **** *  Return value
2708:./SystemView/SEGGER_SYSVIEW.c **** *    Pointer to the byte following the value, i.e. the first free
2709:./SystemView/SEGGER_SYSVIEW.c **** *    byte in the payload and the next position to store payload
2710:./SystemView/SEGGER_SYSVIEW.c **** *    content.
2711:./SystemView/SEGGER_SYSVIEW.c **** *
2712:./SystemView/SEGGER_SYSVIEW.c **** *  Additional information
2713:./SystemView/SEGGER_SYSVIEW.c **** *    The string is encoded as a count byte followed by the contents
2714:./SystemView/SEGGER_SYSVIEW.c **** *    of the string.
2715:./SystemView/SEGGER_SYSVIEW.c **** *    No more than 1 + MaxLen bytes will be encoded to the payload.
2716:./SystemView/SEGGER_SYSVIEW.c **** */
2717:./SystemView/SEGGER_SYSVIEW.c **** U8* SEGGER_SYSVIEW_EncodeString(U8* pPayload, const char* s, unsigned int MaxLen) {
 10351              		.loc 1 2717 83
 10352              		.cfi_startproc
 10353              		@ args = 0, pretend = 0, frame = 16
 10354              		@ frame_needed = 1, uses_anonymous_args = 0
 10355 0000 80B5     		push	{r7, lr}
 10356              	.LCFI296:
 10357              		.cfi_def_cfa_offset 8
 10358              		.cfi_offset 7, -8
 10359              		.cfi_offset 14, -4
 10360 0002 84B0     		sub	sp, sp, #16
 10361              	.LCFI297:
 10362              		.cfi_def_cfa_offset 24
 10363 0004 00AF     		add	r7, sp, #0
 10364              	.LCFI298:
 10365              		.cfi_def_cfa_register 7
ARM GAS  /var/folders/yl/_q9l42k90g1g4mdhbs226msm0000gn/T//ccxj18A8.s 			page 229


 10366 0006 F860     		str	r0, [r7, #12]
 10367 0008 B960     		str	r1, [r7, #8]
 10368 000a 7A60     		str	r2, [r7, #4]
2718:./SystemView/SEGGER_SYSVIEW.c ****   return _EncodeStr(pPayload, s, MaxLen);
 10369              		.loc 1 2718 10
 10370 000c 7A68     		ldr	r2, [r7, #4]
 10371 000e B968     		ldr	r1, [r7, #8]
 10372 0010 F868     		ldr	r0, [r7, #12]
 10373 0012 FFF7FEFF 		bl	_EncodeStr
 10374 0016 0346     		mov	r3, r0
2719:./SystemView/SEGGER_SYSVIEW.c **** }
 10375              		.loc 1 2719 1
 10376 0018 1846     		mov	r0, r3
 10377 001a 1037     		adds	r7, r7, #16
 10378              	.LCFI299:
 10379              		.cfi_def_cfa_offset 8
 10380 001c BD46     		mov	sp, r7
 10381              	.LCFI300:
 10382              		.cfi_def_cfa_register 13
 10383              		@ sp needed
 10384 001e 80BD     		pop	{r7, pc}
 10385              		.cfi_endproc
 10386              	.LFE59:
 10388              		.section	.text.SEGGER_SYSVIEW_EncodeData,"ax",%progbits
 10389              		.align	1
 10390              		.global	SEGGER_SYSVIEW_EncodeData
 10391              		.syntax unified
 10392              		.thumb
 10393              		.thumb_func
 10395              	SEGGER_SYSVIEW_EncodeData:
 10396              	.LFB60:
2720:./SystemView/SEGGER_SYSVIEW.c **** 
2721:./SystemView/SEGGER_SYSVIEW.c **** /*********************************************************************
2722:./SystemView/SEGGER_SYSVIEW.c **** *
2723:./SystemView/SEGGER_SYSVIEW.c **** *       SEGGER_SYSVIEW_EncodeData()
2724:./SystemView/SEGGER_SYSVIEW.c **** *
2725:./SystemView/SEGGER_SYSVIEW.c **** *  Function description
2726:./SystemView/SEGGER_SYSVIEW.c **** *    Encode a byte buffer in variable-length format.
2727:./SystemView/SEGGER_SYSVIEW.c **** *
2728:./SystemView/SEGGER_SYSVIEW.c **** *  Parameters
2729:./SystemView/SEGGER_SYSVIEW.c **** *    pPayload - Pointer to where string will be encoded.
2730:./SystemView/SEGGER_SYSVIEW.c **** *    pSrc     - Pointer to data buffer to be encoded.
2731:./SystemView/SEGGER_SYSVIEW.c **** *    NumBytes - Number of bytes in the buffer to be encoded.
2732:./SystemView/SEGGER_SYSVIEW.c **** *
2733:./SystemView/SEGGER_SYSVIEW.c **** *  Return value
2734:./SystemView/SEGGER_SYSVIEW.c **** *    Pointer to the byte following the value, i.e. the first free
2735:./SystemView/SEGGER_SYSVIEW.c **** *    byte in the payload and the next position to store payload
2736:./SystemView/SEGGER_SYSVIEW.c **** *    content.
2737:./SystemView/SEGGER_SYSVIEW.c **** *
2738:./SystemView/SEGGER_SYSVIEW.c **** *  Additional information
2739:./SystemView/SEGGER_SYSVIEW.c **** *    The data is encoded as a count byte followed by the contents
2740:./SystemView/SEGGER_SYSVIEW.c **** *    of the data buffer.
2741:./SystemView/SEGGER_SYSVIEW.c **** *    Make sure NumBytes + 1 bytes are free for the payload.
2742:./SystemView/SEGGER_SYSVIEW.c **** */
2743:./SystemView/SEGGER_SYSVIEW.c **** U8* SEGGER_SYSVIEW_EncodeData(U8 *pPayload, const char* pSrc, unsigned int NumBytes) {
 10397              		.loc 1 2743 86
 10398              		.cfi_startproc
ARM GAS  /var/folders/yl/_q9l42k90g1g4mdhbs226msm0000gn/T//ccxj18A8.s 			page 230


 10399              		@ args = 0, pretend = 0, frame = 16
 10400              		@ frame_needed = 1, uses_anonymous_args = 0
 10401 0000 80B5     		push	{r7, lr}
 10402              	.LCFI301:
 10403              		.cfi_def_cfa_offset 8
 10404              		.cfi_offset 7, -8
 10405              		.cfi_offset 14, -4
 10406 0002 84B0     		sub	sp, sp, #16
 10407              	.LCFI302:
 10408              		.cfi_def_cfa_offset 24
 10409 0004 00AF     		add	r7, sp, #0
 10410              	.LCFI303:
 10411              		.cfi_def_cfa_register 7
 10412 0006 F860     		str	r0, [r7, #12]
 10413 0008 B960     		str	r1, [r7, #8]
 10414 000a 7A60     		str	r2, [r7, #4]
2744:./SystemView/SEGGER_SYSVIEW.c ****   return _EncodeData(pPayload, pSrc, NumBytes);
 10415              		.loc 1 2744 10
 10416 000c 7A68     		ldr	r2, [r7, #4]
 10417 000e B968     		ldr	r1, [r7, #8]
 10418 0010 F868     		ldr	r0, [r7, #12]
 10419 0012 FFF7FEFF 		bl	_EncodeData
 10420 0016 0346     		mov	r3, r0
2745:./SystemView/SEGGER_SYSVIEW.c **** }
 10421              		.loc 1 2745 1
 10422 0018 1846     		mov	r0, r3
 10423 001a 1037     		adds	r7, r7, #16
 10424              	.LCFI304:
 10425              		.cfi_def_cfa_offset 8
 10426 001c BD46     		mov	sp, r7
 10427              	.LCFI305:
 10428              		.cfi_def_cfa_register 13
 10429              		@ sp needed
 10430 001e 80BD     		pop	{r7, pc}
 10431              		.cfi_endproc
 10432              	.LFE60:
 10434              		.section	.text.SEGGER_SYSVIEW_EncodeId,"ax",%progbits
 10435              		.align	1
 10436              		.global	SEGGER_SYSVIEW_EncodeId
 10437              		.syntax unified
 10438              		.thumb
 10439              		.thumb_func
 10441              	SEGGER_SYSVIEW_EncodeId:
 10442              	.LFB61:
2746:./SystemView/SEGGER_SYSVIEW.c **** 
2747:./SystemView/SEGGER_SYSVIEW.c **** /*********************************************************************
2748:./SystemView/SEGGER_SYSVIEW.c **** *
2749:./SystemView/SEGGER_SYSVIEW.c **** *       SEGGER_SYSVIEW_EncodeId()
2750:./SystemView/SEGGER_SYSVIEW.c **** *
2751:./SystemView/SEGGER_SYSVIEW.c **** *  Function description
2752:./SystemView/SEGGER_SYSVIEW.c **** *    Encode a 32-bit Id in shrunken variable-length format.
2753:./SystemView/SEGGER_SYSVIEW.c **** *
2754:./SystemView/SEGGER_SYSVIEW.c **** *  Parameters
2755:./SystemView/SEGGER_SYSVIEW.c **** *    pPayload - Pointer to where the Id will be encoded.
2756:./SystemView/SEGGER_SYSVIEW.c **** *    Id       - The 32-bit value to be encoded.
2757:./SystemView/SEGGER_SYSVIEW.c **** *
2758:./SystemView/SEGGER_SYSVIEW.c **** *  Return value
ARM GAS  /var/folders/yl/_q9l42k90g1g4mdhbs226msm0000gn/T//ccxj18A8.s 			page 231


2759:./SystemView/SEGGER_SYSVIEW.c **** *    Pointer to the byte following the value, i.e. the first free
2760:./SystemView/SEGGER_SYSVIEW.c **** *    byte in the payload and the next position to store payload
2761:./SystemView/SEGGER_SYSVIEW.c **** *    content.
2762:./SystemView/SEGGER_SYSVIEW.c **** *
2763:./SystemView/SEGGER_SYSVIEW.c **** *  Additional information
2764:./SystemView/SEGGER_SYSVIEW.c **** *    The parameters to shrink an Id can be configured in
2765:./SystemView/SEGGER_SYSVIEW.c **** *    SEGGER_SYSVIEW_Conf.h and via SEGGER_SYSVIEW_SetRAMBase().
2766:./SystemView/SEGGER_SYSVIEW.c **** *     SEGGER_SYSVIEW_ID_BASE: Lowest Id reported by the application.
2767:./SystemView/SEGGER_SYSVIEW.c **** *       (i.e. 0x20000000 when all Ids are an address in this RAM)
2768:./SystemView/SEGGER_SYSVIEW.c **** *     SEGGER_SYSVIEW_ID_SHIFT: Number of bits to shift the Id to
2769:./SystemView/SEGGER_SYSVIEW.c **** *       save bandwidth. (i.e. 2 when Ids are 4 byte aligned)
2770:./SystemView/SEGGER_SYSVIEW.c **** */
2771:./SystemView/SEGGER_SYSVIEW.c **** U8* SEGGER_SYSVIEW_EncodeId(U8* pPayload, U32 Id) {
 10443              		.loc 1 2771 51
 10444              		.cfi_startproc
 10445              		@ args = 0, pretend = 0, frame = 16
 10446              		@ frame_needed = 1, uses_anonymous_args = 0
 10447              		@ link register save eliminated.
 10448 0000 80B4     		push	{r7}
 10449              	.LCFI306:
 10450              		.cfi_def_cfa_offset 4
 10451              		.cfi_offset 7, -4
 10452 0002 85B0     		sub	sp, sp, #20
 10453              	.LCFI307:
 10454              		.cfi_def_cfa_offset 24
 10455 0004 00AF     		add	r7, sp, #0
 10456              	.LCFI308:
 10457              		.cfi_def_cfa_register 7
 10458 0006 7860     		str	r0, [r7, #4]
 10459 0008 3960     		str	r1, [r7]
2772:./SystemView/SEGGER_SYSVIEW.c ****   Id = SHRINK_ID(Id);
 10460              		.loc 1 2772 8
 10461 000a 144B     		ldr	r3, .L561
 10462 000c 1B69     		ldr	r3, [r3, #16]
 10463              		.loc 1 2772 6
 10464 000e 3A68     		ldr	r2, [r7]
 10465 0010 D31A     		subs	r3, r2, r3
 10466 0012 3B60     		str	r3, [r7]
 10467              	.LBB168:
2773:./SystemView/SEGGER_SYSVIEW.c ****   ENCODE_U32(pPayload, Id);
 10468              		.loc 1 2773 3
 10469 0014 7B68     		ldr	r3, [r7, #4]
 10470 0016 FB60     		str	r3, [r7, #12]
 10471 0018 3B68     		ldr	r3, [r7]
 10472 001a BB60     		str	r3, [r7, #8]
 10473 001c 0BE0     		b	.L558
 10474              	.L559:
 10475              		.loc 1 2773 3 is_stmt 0 discriminator 3
 10476 001e BB68     		ldr	r3, [r7, #8]
 10477 0020 DAB2     		uxtb	r2, r3
 10478 0022 FB68     		ldr	r3, [r7, #12]
 10479 0024 591C     		adds	r1, r3, #1
 10480 0026 F960     		str	r1, [r7, #12]
 10481 0028 62F07F02 		orn	r2, r2, #127
 10482 002c D2B2     		uxtb	r2, r2
 10483 002e 1A70     		strb	r2, [r3]
 10484 0030 BB68     		ldr	r3, [r7, #8]
ARM GAS  /var/folders/yl/_q9l42k90g1g4mdhbs226msm0000gn/T//ccxj18A8.s 			page 232


 10485 0032 DB09     		lsrs	r3, r3, #7
 10486 0034 BB60     		str	r3, [r7, #8]
 10487              	.L558:
 10488              		.loc 1 2773 3 discriminator 1
 10489 0036 BB68     		ldr	r3, [r7, #8]
 10490 0038 7F2B     		cmp	r3, #127
 10491 003a F0D8     		bhi	.L559
 10492              		.loc 1 2773 3 discriminator 4
 10493 003c FB68     		ldr	r3, [r7, #12]
 10494 003e 5A1C     		adds	r2, r3, #1
 10495 0040 FA60     		str	r2, [r7, #12]
 10496 0042 BA68     		ldr	r2, [r7, #8]
 10497 0044 D2B2     		uxtb	r2, r2
 10498 0046 1A70     		strb	r2, [r3]
 10499 0048 FB68     		ldr	r3, [r7, #12]
 10500 004a 7B60     		str	r3, [r7, #4]
 10501              	.LBE168:
2774:./SystemView/SEGGER_SYSVIEW.c ****   return pPayload;
 10502              		.loc 1 2774 10 is_stmt 1 discriminator 4
 10503 004c 7B68     		ldr	r3, [r7, #4]
2775:./SystemView/SEGGER_SYSVIEW.c **** }
 10504              		.loc 1 2775 1 discriminator 4
 10505 004e 1846     		mov	r0, r3
 10506 0050 1437     		adds	r7, r7, #20
 10507              	.LCFI309:
 10508              		.cfi_def_cfa_offset 4
 10509 0052 BD46     		mov	sp, r7
 10510              	.LCFI310:
 10511              		.cfi_def_cfa_register 13
 10512              		@ sp needed
 10513 0054 5DF8047B 		ldr	r7, [sp], #4
 10514              	.LCFI311:
 10515              		.cfi_restore 7
 10516              		.cfi_def_cfa_offset 0
 10517 0058 7047     		bx	lr
 10518              	.L562:
 10519 005a 00BF     		.align	2
 10520              	.L561:
 10521 005c 00000000 		.word	_SYSVIEW_Globals
 10522              		.cfi_endproc
 10523              	.LFE61:
 10525              		.section	.text.SEGGER_SYSVIEW_ShrinkId,"ax",%progbits
 10526              		.align	1
 10527              		.global	SEGGER_SYSVIEW_ShrinkId
 10528              		.syntax unified
 10529              		.thumb
 10530              		.thumb_func
 10532              	SEGGER_SYSVIEW_ShrinkId:
 10533              	.LFB62:
2776:./SystemView/SEGGER_SYSVIEW.c **** 
2777:./SystemView/SEGGER_SYSVIEW.c **** /*********************************************************************
2778:./SystemView/SEGGER_SYSVIEW.c **** *
2779:./SystemView/SEGGER_SYSVIEW.c **** *       SEGGER_SYSVIEW_ShrinkId()
2780:./SystemView/SEGGER_SYSVIEW.c **** *
2781:./SystemView/SEGGER_SYSVIEW.c **** *  Function description
2782:./SystemView/SEGGER_SYSVIEW.c **** *    Get the shrunken value of an Id for further processing like in
2783:./SystemView/SEGGER_SYSVIEW.c **** *    SEGGER_SYSVIEW_NameResource().
ARM GAS  /var/folders/yl/_q9l42k90g1g4mdhbs226msm0000gn/T//ccxj18A8.s 			page 233


2784:./SystemView/SEGGER_SYSVIEW.c **** *
2785:./SystemView/SEGGER_SYSVIEW.c **** *  Parameters
2786:./SystemView/SEGGER_SYSVIEW.c **** *    Id       - The 32-bit value to be shrunken.
2787:./SystemView/SEGGER_SYSVIEW.c **** *
2788:./SystemView/SEGGER_SYSVIEW.c **** *  Return value
2789:./SystemView/SEGGER_SYSVIEW.c **** *    Shrunken Id.
2790:./SystemView/SEGGER_SYSVIEW.c **** *
2791:./SystemView/SEGGER_SYSVIEW.c **** *  Additional information
2792:./SystemView/SEGGER_SYSVIEW.c **** *    The parameters to shrink an Id can be configured in
2793:./SystemView/SEGGER_SYSVIEW.c **** *    SEGGER_SYSVIEW_Conf.h and via SEGGER_SYSVIEW_SetRAMBase().
2794:./SystemView/SEGGER_SYSVIEW.c **** *     SEGGER_SYSVIEW_ID_BASE: Lowest Id reported by the application.
2795:./SystemView/SEGGER_SYSVIEW.c **** *       (i.e. 0x20000000 when all Ids are an address in this RAM)
2796:./SystemView/SEGGER_SYSVIEW.c **** *     SEGGER_SYSVIEW_ID_SHIFT: Number of bits to shift the Id to
2797:./SystemView/SEGGER_SYSVIEW.c **** *       save bandwidth. (i.e. 2 when Ids are 4 byte aligned)
2798:./SystemView/SEGGER_SYSVIEW.c **** */
2799:./SystemView/SEGGER_SYSVIEW.c **** U32 SEGGER_SYSVIEW_ShrinkId(U32 Id) {
 10534              		.loc 1 2799 37
 10535              		.cfi_startproc
 10536              		@ args = 0, pretend = 0, frame = 8
 10537              		@ frame_needed = 1, uses_anonymous_args = 0
 10538              		@ link register save eliminated.
 10539 0000 80B4     		push	{r7}
 10540              	.LCFI312:
 10541              		.cfi_def_cfa_offset 4
 10542              		.cfi_offset 7, -4
 10543 0002 83B0     		sub	sp, sp, #12
 10544              	.LCFI313:
 10545              		.cfi_def_cfa_offset 16
 10546 0004 00AF     		add	r7, sp, #0
 10547              	.LCFI314:
 10548              		.cfi_def_cfa_register 7
 10549 0006 7860     		str	r0, [r7, #4]
2800:./SystemView/SEGGER_SYSVIEW.c ****   return SHRINK_ID(Id);
 10550              		.loc 1 2800 10
 10551 0008 044B     		ldr	r3, .L565
 10552 000a 1B69     		ldr	r3, [r3, #16]
 10553 000c 7A68     		ldr	r2, [r7, #4]
 10554 000e D31A     		subs	r3, r2, r3
2801:./SystemView/SEGGER_SYSVIEW.c **** }
 10555              		.loc 1 2801 1
 10556 0010 1846     		mov	r0, r3
 10557 0012 0C37     		adds	r7, r7, #12
 10558              	.LCFI315:
 10559              		.cfi_def_cfa_offset 4
 10560 0014 BD46     		mov	sp, r7
 10561              	.LCFI316:
 10562              		.cfi_def_cfa_register 13
 10563              		@ sp needed
 10564 0016 5DF8047B 		ldr	r7, [sp], #4
 10565              	.LCFI317:
 10566              		.cfi_restore 7
 10567              		.cfi_def_cfa_offset 0
 10568 001a 7047     		bx	lr
 10569              	.L566:
 10570              		.align	2
 10571              	.L565:
 10572 001c 00000000 		.word	_SYSVIEW_Globals
ARM GAS  /var/folders/yl/_q9l42k90g1g4mdhbs226msm0000gn/T//ccxj18A8.s 			page 234


 10573              		.cfi_endproc
 10574              	.LFE62:
 10576              		.section	.text.SEGGER_SYSVIEW_RegisterModule,"ax",%progbits
 10577              		.align	1
 10578              		.global	SEGGER_SYSVIEW_RegisterModule
 10579              		.syntax unified
 10580              		.thumb
 10581              		.thumb_func
 10583              	SEGGER_SYSVIEW_RegisterModule:
 10584              	.LFB63:
2802:./SystemView/SEGGER_SYSVIEW.c **** 
2803:./SystemView/SEGGER_SYSVIEW.c **** /*********************************************************************
2804:./SystemView/SEGGER_SYSVIEW.c **** *
2805:./SystemView/SEGGER_SYSVIEW.c **** *       SEGGER_SYSVIEW_RegisterModule()
2806:./SystemView/SEGGER_SYSVIEW.c **** *
2807:./SystemView/SEGGER_SYSVIEW.c **** *  Function description
2808:./SystemView/SEGGER_SYSVIEW.c **** *    Register a middleware module for recording its events.
2809:./SystemView/SEGGER_SYSVIEW.c **** *
2810:./SystemView/SEGGER_SYSVIEW.c **** *  Parameters
2811:./SystemView/SEGGER_SYSVIEW.c **** *    pModule  - The middleware module information.
2812:./SystemView/SEGGER_SYSVIEW.c **** *
2813:./SystemView/SEGGER_SYSVIEW.c **** *  Additional information
2814:./SystemView/SEGGER_SYSVIEW.c **** *    SEGGER_SYSVIEW_MODULE elements:
2815:./SystemView/SEGGER_SYSVIEW.c **** *      sDescription      - Pointer to a string containing the module name and optionally the module
2816:./SystemView/SEGGER_SYSVIEW.c **** *      NumEvents         - Number of events the module wants to register.
2817:./SystemView/SEGGER_SYSVIEW.c **** *      EventOffset       - Offset to be added to the event Ids. Out parameter, set by this function
2818:./SystemView/SEGGER_SYSVIEW.c **** *      pfSendModuleDesc  - Callback function pointer to send more detailed module description to Sy
2819:./SystemView/SEGGER_SYSVIEW.c **** *      pNext             - Pointer to next registered module. Out parameter, set by this function. 
2820:./SystemView/SEGGER_SYSVIEW.c **** */
2821:./SystemView/SEGGER_SYSVIEW.c **** void SEGGER_SYSVIEW_RegisterModule(SEGGER_SYSVIEW_MODULE* pModule) {
 10585              		.loc 1 2821 68
 10586              		.cfi_startproc
 10587              		@ args = 0, pretend = 0, frame = 16
 10588              		@ frame_needed = 1, uses_anonymous_args = 0
 10589 0000 80B5     		push	{r7, lr}
 10590              	.LCFI318:
 10591              		.cfi_def_cfa_offset 8
 10592              		.cfi_offset 7, -8
 10593              		.cfi_offset 14, -4
 10594 0002 84B0     		sub	sp, sp, #16
 10595              	.LCFI319:
 10596              		.cfi_def_cfa_offset 24
 10597 0004 00AF     		add	r7, sp, #0
 10598              	.LCFI320:
 10599              		.cfi_def_cfa_register 7
 10600 0006 7860     		str	r0, [r7, #4]
 10601              	.LBB169:
2822:./SystemView/SEGGER_SYSVIEW.c ****   SEGGER_SYSVIEW_LOCK();
 10602              		.loc 1 2822 3
 10603              		.syntax unified
 10604              	@ 2822 "./SystemView/SEGGER_SYSVIEW.c" 1
 10605 0008 EFF31183 		mrs   r3, basepri  
 10606 000c 4FF02001 		mov   r1, #32       
 10607 0010 81F31188 		msr   basepri, r1  
 10608              		
 10609              	@ 0 "" 2
 10610              		.thumb
ARM GAS  /var/folders/yl/_q9l42k90g1g4mdhbs226msm0000gn/T//ccxj18A8.s 			page 235


 10611              		.syntax unified
 10612 0014 FB60     		str	r3, [r7, #12]
2823:./SystemView/SEGGER_SYSVIEW.c ****   if (_pFirstModule == 0) {
 10613              		.loc 1 2823 21
 10614 0016 194B     		ldr	r3, .L570
 10615 0018 1B68     		ldr	r3, [r3]
 10616              		.loc 1 2823 6
 10617 001a 002B     		cmp	r3, #0
 10618 001c 0DD1     		bne	.L568
2824:./SystemView/SEGGER_SYSVIEW.c ****     //
2825:./SystemView/SEGGER_SYSVIEW.c ****     // No module registered, yet.
2826:./SystemView/SEGGER_SYSVIEW.c ****     // Start list with new module.
2827:./SystemView/SEGGER_SYSVIEW.c ****     // EventOffset is the base offset for modules
2828:./SystemView/SEGGER_SYSVIEW.c ****     //
2829:./SystemView/SEGGER_SYSVIEW.c ****     pModule->EventOffset = MODULE_EVENT_OFFSET;
 10619              		.loc 1 2829 26
 10620 001e 7B68     		ldr	r3, [r7, #4]
 10621 0020 4FF40072 		mov	r2, #512
 10622 0024 9A60     		str	r2, [r3, #8]
2830:./SystemView/SEGGER_SYSVIEW.c ****     pModule->pNext = 0;
 10623              		.loc 1 2830 20
 10624 0026 7B68     		ldr	r3, [r7, #4]
 10625 0028 0022     		movs	r2, #0
 10626 002a 1A61     		str	r2, [r3, #16]
2831:./SystemView/SEGGER_SYSVIEW.c ****     _pFirstModule = pModule;
 10627              		.loc 1 2831 19
 10628 002c 134A     		ldr	r2, .L570
 10629 002e 7B68     		ldr	r3, [r7, #4]
 10630 0030 1360     		str	r3, [r2]
2832:./SystemView/SEGGER_SYSVIEW.c ****     _NumModules = 1;
 10631              		.loc 1 2832 17
 10632 0032 134B     		ldr	r3, .L570+4
 10633 0034 0122     		movs	r2, #1
 10634 0036 1A70     		strb	r2, [r3]
 10635 0038 15E0     		b	.L569
 10636              	.L568:
2833:./SystemView/SEGGER_SYSVIEW.c ****   } else {
2834:./SystemView/SEGGER_SYSVIEW.c ****     //
2835:./SystemView/SEGGER_SYSVIEW.c ****     // Registreded module(s) present.
2836:./SystemView/SEGGER_SYSVIEW.c ****     // Prepend new module in list.
2837:./SystemView/SEGGER_SYSVIEW.c ****     // EventOffset set from number of events and offset of previous module.
2838:./SystemView/SEGGER_SYSVIEW.c ****     //
2839:./SystemView/SEGGER_SYSVIEW.c ****     pModule->EventOffset = _pFirstModule->EventOffset + _pFirstModule->NumEvents;
 10637              		.loc 1 2839 41
 10638 003a 104B     		ldr	r3, .L570
 10639 003c 1B68     		ldr	r3, [r3]
 10640 003e 9A68     		ldr	r2, [r3, #8]
 10641              		.loc 1 2839 70
 10642 0040 0E4B     		ldr	r3, .L570
 10643 0042 1B68     		ldr	r3, [r3]
 10644 0044 5B68     		ldr	r3, [r3, #4]
 10645              		.loc 1 2839 55
 10646 0046 1A44     		add	r2, r2, r3
 10647              		.loc 1 2839 26
 10648 0048 7B68     		ldr	r3, [r7, #4]
 10649 004a 9A60     		str	r2, [r3, #8]
2840:./SystemView/SEGGER_SYSVIEW.c ****     pModule->pNext = _pFirstModule;
ARM GAS  /var/folders/yl/_q9l42k90g1g4mdhbs226msm0000gn/T//ccxj18A8.s 			page 236


 10650              		.loc 1 2840 20
 10651 004c 0B4B     		ldr	r3, .L570
 10652 004e 1A68     		ldr	r2, [r3]
 10653 0050 7B68     		ldr	r3, [r7, #4]
 10654 0052 1A61     		str	r2, [r3, #16]
2841:./SystemView/SEGGER_SYSVIEW.c ****     _pFirstModule = pModule;
 10655              		.loc 1 2841 19
 10656 0054 094A     		ldr	r2, .L570
 10657 0056 7B68     		ldr	r3, [r7, #4]
 10658 0058 1360     		str	r3, [r2]
2842:./SystemView/SEGGER_SYSVIEW.c ****     _NumModules++;
 10659              		.loc 1 2842 16
 10660 005a 094B     		ldr	r3, .L570+4
 10661 005c 1B78     		ldrb	r3, [r3]	@ zero_extendqisi2
 10662 005e 0133     		adds	r3, r3, #1
 10663 0060 DAB2     		uxtb	r2, r3
 10664 0062 074B     		ldr	r3, .L570+4
 10665 0064 1A70     		strb	r2, [r3]
 10666              	.L569:
2843:./SystemView/SEGGER_SYSVIEW.c ****   }
2844:./SystemView/SEGGER_SYSVIEW.c ****   SEGGER_SYSVIEW_SendModule(0);
 10667              		.loc 1 2844 3
 10668 0066 0020     		movs	r0, #0
 10669 0068 FFF7FEFF 		bl	SEGGER_SYSVIEW_SendModule
2845:./SystemView/SEGGER_SYSVIEW.c ****   SEGGER_SYSVIEW_UNLOCK();
 10670              		.loc 1 2845 3
 10671 006c FB68     		ldr	r3, [r7, #12]
 10672              		.syntax unified
 10673              	@ 2845 "./SystemView/SEGGER_SYSVIEW.c" 1
 10674 006e 83F31188 		msr   basepri, r3  
 10675              		
 10676              	@ 0 "" 2
 10677              		.thumb
 10678              		.syntax unified
 10679              	.LBE169:
2846:./SystemView/SEGGER_SYSVIEW.c **** }
 10680              		.loc 1 2846 1
 10681 0072 00BF     		nop
 10682 0074 1037     		adds	r7, r7, #16
 10683              	.LCFI321:
 10684              		.cfi_def_cfa_offset 8
 10685 0076 BD46     		mov	sp, r7
 10686              	.LCFI322:
 10687              		.cfi_def_cfa_register 13
 10688              		@ sp needed
 10689 0078 80BD     		pop	{r7, pc}
 10690              	.L571:
 10691 007a 00BF     		.align	2
 10692              	.L570:
 10693 007c 00000000 		.word	_pFirstModule
 10694 0080 00000000 		.word	_NumModules
 10695              		.cfi_endproc
 10696              	.LFE63:
 10698              		.section	.text.SEGGER_SYSVIEW_RecordModuleDescription,"ax",%progbits
 10699              		.align	1
 10700              		.global	SEGGER_SYSVIEW_RecordModuleDescription
 10701              		.syntax unified
ARM GAS  /var/folders/yl/_q9l42k90g1g4mdhbs226msm0000gn/T//ccxj18A8.s 			page 237


 10702              		.thumb
 10703              		.thumb_func
 10705              	SEGGER_SYSVIEW_RecordModuleDescription:
 10706              	.LFB64:
2847:./SystemView/SEGGER_SYSVIEW.c **** 
2848:./SystemView/SEGGER_SYSVIEW.c **** /*********************************************************************
2849:./SystemView/SEGGER_SYSVIEW.c **** *
2850:./SystemView/SEGGER_SYSVIEW.c **** *       SEGGER_SYSVIEW_RecordModuleDescription()
2851:./SystemView/SEGGER_SYSVIEW.c **** *
2852:./SystemView/SEGGER_SYSVIEW.c **** *  Function description
2853:./SystemView/SEGGER_SYSVIEW.c **** *    Sends detailed information of a registered module to the host.
2854:./SystemView/SEGGER_SYSVIEW.c **** *
2855:./SystemView/SEGGER_SYSVIEW.c **** *  Parameters
2856:./SystemView/SEGGER_SYSVIEW.c **** *    pModule      - Pointer to the described module.
2857:./SystemView/SEGGER_SYSVIEW.c **** *    sDescription - Pointer to a description string.
2858:./SystemView/SEGGER_SYSVIEW.c **** */
2859:./SystemView/SEGGER_SYSVIEW.c **** void SEGGER_SYSVIEW_RecordModuleDescription(const SEGGER_SYSVIEW_MODULE* pModule, const char* sDesc
 10707              		.loc 1 2859 109
 10708              		.cfi_startproc
 10709              		@ args = 0, pretend = 0, frame = 48
 10710              		@ frame_needed = 1, uses_anonymous_args = 0
 10711 0000 80B5     		push	{r7, lr}
 10712              	.LCFI323:
 10713              		.cfi_def_cfa_offset 8
 10714              		.cfi_offset 7, -8
 10715              		.cfi_offset 14, -4
 10716 0002 8CB0     		sub	sp, sp, #48
 10717              	.LCFI324:
 10718              		.cfi_def_cfa_offset 56
 10719 0004 00AF     		add	r7, sp, #0
 10720              	.LCFI325:
 10721              		.cfi_def_cfa_register 7
 10722 0006 7860     		str	r0, [r7, #4]
 10723 0008 3960     		str	r1, [r7]
2860:./SystemView/SEGGER_SYSVIEW.c ****   U8  ModuleId;
2861:./SystemView/SEGGER_SYSVIEW.c ****   SEGGER_SYSVIEW_MODULE* p;
2862:./SystemView/SEGGER_SYSVIEW.c **** 
2863:./SystemView/SEGGER_SYSVIEW.c ****   p = _pFirstModule;
 10724              		.loc 1 2863 5
 10725 000a 384B     		ldr	r3, .L581
 10726 000c 1B68     		ldr	r3, [r3]
 10727 000e BB62     		str	r3, [r7, #40]
2864:./SystemView/SEGGER_SYSVIEW.c ****   ModuleId = 0;
 10728              		.loc 1 2864 12
 10729 0010 0023     		movs	r3, #0
 10730 0012 87F82F30 		strb	r3, [r7, #47]
 10731              	.L575:
2865:./SystemView/SEGGER_SYSVIEW.c ****   do {
2866:./SystemView/SEGGER_SYSVIEW.c ****     if (p == pModule) {
 10732              		.loc 1 2866 8
 10733 0016 BA6A     		ldr	r2, [r7, #40]
 10734 0018 7B68     		ldr	r3, [r7, #4]
 10735 001a 9A42     		cmp	r2, r3
 10736 001c 0BD0     		beq	.L580
2867:./SystemView/SEGGER_SYSVIEW.c ****       break;
2868:./SystemView/SEGGER_SYSVIEW.c ****     }
2869:./SystemView/SEGGER_SYSVIEW.c ****     ModuleId++;
ARM GAS  /var/folders/yl/_q9l42k90g1g4mdhbs226msm0000gn/T//ccxj18A8.s 			page 238


 10737              		.loc 1 2869 13
 10738 001e 97F82F30 		ldrb	r3, [r7, #47]	@ zero_extendqisi2
 10739 0022 0133     		adds	r3, r3, #1
 10740 0024 87F82F30 		strb	r3, [r7, #47]
2870:./SystemView/SEGGER_SYSVIEW.c ****     p = p->pNext;
 10741              		.loc 1 2870 7
 10742 0028 BB6A     		ldr	r3, [r7, #40]
 10743 002a 1B69     		ldr	r3, [r3, #16]
 10744 002c BB62     		str	r3, [r7, #40]
2871:./SystemView/SEGGER_SYSVIEW.c ****   } while (p);
 10745              		.loc 1 2871 3
 10746 002e BB6A     		ldr	r3, [r7, #40]
 10747 0030 002B     		cmp	r3, #0
 10748 0032 F0D1     		bne	.L575
 10749 0034 00E0     		b	.L574
 10750              	.L580:
2867:./SystemView/SEGGER_SYSVIEW.c ****       break;
 10751              		.loc 1 2867 7
 10752 0036 00BF     		nop
 10753              	.L574:
 10754              	.LBB170:
 10755              	.LBB171:
2872:./SystemView/SEGGER_SYSVIEW.c ****   {
2873:./SystemView/SEGGER_SYSVIEW.c ****     U8* pPayload;
2874:./SystemView/SEGGER_SYSVIEW.c ****     U8* pPayloadStart;
2875:./SystemView/SEGGER_SYSVIEW.c ****     RECORD_START(SEGGER_SYSVIEW_INFO_SIZE + 2 * SEGGER_SYSVIEW_QUANTA_U32 + 1 + SEGGER_SYSVIEW_MAX_
 10756              		.loc 1 2875 5
 10757              		.syntax unified
 10758              	@ 2875 "./SystemView/SEGGER_SYSVIEW.c" 1
 10759 0038 EFF31183 		mrs   r3, basepri  
 10760 003c 4FF02001 		mov   r1, #32       
 10761 0040 81F31188 		msr   basepri, r1  
 10762              		
 10763              	@ 0 "" 2
 10764              		.thumb
 10765              		.syntax unified
 10766 0044 7B61     		str	r3, [r7, #20]
 10767 0046 2A48     		ldr	r0, .L581+4
 10768 0048 FFF7FEFF 		bl	_PreparePacket
 10769 004c 3861     		str	r0, [r7, #16]
2876:./SystemView/SEGGER_SYSVIEW.c ****     //
2877:./SystemView/SEGGER_SYSVIEW.c ****     pPayload = pPayloadStart;
 10770              		.loc 1 2877 14
 10771 004e 3B69     		ldr	r3, [r7, #16]
 10772 0050 FB60     		str	r3, [r7, #12]
 10773              	.LBB172:
2878:./SystemView/SEGGER_SYSVIEW.c ****     //
2879:./SystemView/SEGGER_SYSVIEW.c ****     // Send module description
2880:./SystemView/SEGGER_SYSVIEW.c ****     // Send event offset and number of events
2881:./SystemView/SEGGER_SYSVIEW.c ****     //
2882:./SystemView/SEGGER_SYSVIEW.c ****     ENCODE_U32(pPayload, ModuleId);
 10774              		.loc 1 2882 5
 10775 0052 FB68     		ldr	r3, [r7, #12]
 10776 0054 7B62     		str	r3, [r7, #36]
 10777 0056 97F82F30 		ldrb	r3, [r7, #47]	@ zero_extendqisi2
 10778 005a 3B62     		str	r3, [r7, #32]
 10779 005c 0BE0     		b	.L576
ARM GAS  /var/folders/yl/_q9l42k90g1g4mdhbs226msm0000gn/T//ccxj18A8.s 			page 239


 10780              	.L577:
 10781              		.loc 1 2882 5 is_stmt 0 discriminator 3
 10782 005e 3B6A     		ldr	r3, [r7, #32]
 10783 0060 DAB2     		uxtb	r2, r3
 10784 0062 7B6A     		ldr	r3, [r7, #36]
 10785 0064 591C     		adds	r1, r3, #1
 10786 0066 7962     		str	r1, [r7, #36]
 10787 0068 62F07F02 		orn	r2, r2, #127
 10788 006c D2B2     		uxtb	r2, r2
 10789 006e 1A70     		strb	r2, [r3]
 10790 0070 3B6A     		ldr	r3, [r7, #32]
 10791 0072 DB09     		lsrs	r3, r3, #7
 10792 0074 3B62     		str	r3, [r7, #32]
 10793              	.L576:
 10794              		.loc 1 2882 5 discriminator 1
 10795 0076 3B6A     		ldr	r3, [r7, #32]
 10796 0078 7F2B     		cmp	r3, #127
 10797 007a F0D8     		bhi	.L577
 10798              		.loc 1 2882 5 discriminator 4
 10799 007c 7B6A     		ldr	r3, [r7, #36]
 10800 007e 5A1C     		adds	r2, r3, #1
 10801 0080 7A62     		str	r2, [r7, #36]
 10802 0082 3A6A     		ldr	r2, [r7, #32]
 10803 0084 D2B2     		uxtb	r2, r2
 10804 0086 1A70     		strb	r2, [r3]
 10805 0088 7B6A     		ldr	r3, [r7, #36]
 10806 008a FB60     		str	r3, [r7, #12]
 10807              	.LBE172:
 10808              	.LBB173:
2883:./SystemView/SEGGER_SYSVIEW.c ****     ENCODE_U32(pPayload, (pModule->EventOffset));
 10809              		.loc 1 2883 5 is_stmt 1 discriminator 4
 10810 008c FB68     		ldr	r3, [r7, #12]
 10811 008e FB61     		str	r3, [r7, #28]
 10812 0090 7B68     		ldr	r3, [r7, #4]
 10813 0092 9B68     		ldr	r3, [r3, #8]
 10814 0094 BB61     		str	r3, [r7, #24]
 10815 0096 0BE0     		b	.L578
 10816              	.L579:
 10817              		.loc 1 2883 5 is_stmt 0 discriminator 3
 10818 0098 BB69     		ldr	r3, [r7, #24]
 10819 009a DAB2     		uxtb	r2, r3
 10820 009c FB69     		ldr	r3, [r7, #28]
 10821 009e 591C     		adds	r1, r3, #1
 10822 00a0 F961     		str	r1, [r7, #28]
 10823 00a2 62F07F02 		orn	r2, r2, #127
 10824 00a6 D2B2     		uxtb	r2, r2
 10825 00a8 1A70     		strb	r2, [r3]
 10826 00aa BB69     		ldr	r3, [r7, #24]
 10827 00ac DB09     		lsrs	r3, r3, #7
 10828 00ae BB61     		str	r3, [r7, #24]
 10829              	.L578:
 10830              		.loc 1 2883 5 discriminator 1
 10831 00b0 BB69     		ldr	r3, [r7, #24]
 10832 00b2 7F2B     		cmp	r3, #127
 10833 00b4 F0D8     		bhi	.L579
 10834              		.loc 1 2883 5 discriminator 4
 10835 00b6 FB69     		ldr	r3, [r7, #28]
ARM GAS  /var/folders/yl/_q9l42k90g1g4mdhbs226msm0000gn/T//ccxj18A8.s 			page 240


 10836 00b8 5A1C     		adds	r2, r3, #1
 10837 00ba FA61     		str	r2, [r7, #28]
 10838 00bc BA69     		ldr	r2, [r7, #24]
 10839 00be D2B2     		uxtb	r2, r2
 10840 00c0 1A70     		strb	r2, [r3]
 10841 00c2 FB69     		ldr	r3, [r7, #28]
 10842 00c4 FB60     		str	r3, [r7, #12]
 10843              	.LBE173:
2884:./SystemView/SEGGER_SYSVIEW.c ****     pPayload = _EncodeStr(pPayload, sDescription, SEGGER_SYSVIEW_MAX_STRING_LEN);
 10844              		.loc 1 2884 16 is_stmt 1 discriminator 4
 10845 00c6 8022     		movs	r2, #128
 10846 00c8 3968     		ldr	r1, [r7]
 10847 00ca F868     		ldr	r0, [r7, #12]
 10848 00cc FFF7FEFF 		bl	_EncodeStr
 10849 00d0 F860     		str	r0, [r7, #12]
2885:./SystemView/SEGGER_SYSVIEW.c ****     _SendPacket(pPayloadStart, pPayload, SYSVIEW_EVTID_MODULEDESC);
 10850              		.loc 1 2885 5 discriminator 4
 10851 00d2 1622     		movs	r2, #22
 10852 00d4 F968     		ldr	r1, [r7, #12]
 10853 00d6 3869     		ldr	r0, [r7, #16]
 10854 00d8 FFF7FEFF 		bl	_SendPacket
2886:./SystemView/SEGGER_SYSVIEW.c ****     RECORD_END();
 10855              		.loc 1 2886 5 discriminator 4
 10856 00dc 7B69     		ldr	r3, [r7, #20]
 10857              		.syntax unified
 10858              	@ 2886 "./SystemView/SEGGER_SYSVIEW.c" 1
 10859 00de 83F31188 		msr   basepri, r3  
 10860              		
 10861              	@ 0 "" 2
 10862              		.thumb
 10863              		.syntax unified
 10864              	.LBE171:
 10865              	.LBE170:
2887:./SystemView/SEGGER_SYSVIEW.c ****   }
2888:./SystemView/SEGGER_SYSVIEW.c **** }
 10866              		.loc 1 2888 1 discriminator 4
 10867 00e2 00BF     		nop
 10868 00e4 3037     		adds	r7, r7, #48
 10869              	.LCFI326:
 10870              		.cfi_def_cfa_offset 8
 10871 00e6 BD46     		mov	sp, r7
 10872              	.LCFI327:
 10873              		.cfi_def_cfa_register 13
 10874              		@ sp needed
 10875 00e8 80BD     		pop	{r7, pc}
 10876              	.L582:
 10877 00ea 00BF     		.align	2
 10878              	.L581:
 10879 00ec 00000000 		.word	_pFirstModule
 10880 00f0 00000000 		.word	_aPacket
 10881              		.cfi_endproc
 10882              	.LFE64:
 10884              		.section	.text.SEGGER_SYSVIEW_SendModule,"ax",%progbits
 10885              		.align	1
 10886              		.global	SEGGER_SYSVIEW_SendModule
 10887              		.syntax unified
 10888              		.thumb
ARM GAS  /var/folders/yl/_q9l42k90g1g4mdhbs226msm0000gn/T//ccxj18A8.s 			page 241


 10889              		.thumb_func
 10891              	SEGGER_SYSVIEW_SendModule:
 10892              	.LFB65:
2889:./SystemView/SEGGER_SYSVIEW.c **** 
2890:./SystemView/SEGGER_SYSVIEW.c **** /*********************************************************************
2891:./SystemView/SEGGER_SYSVIEW.c **** *
2892:./SystemView/SEGGER_SYSVIEW.c **** *       SEGGER_SYSVIEW_SendModule()
2893:./SystemView/SEGGER_SYSVIEW.c **** *
2894:./SystemView/SEGGER_SYSVIEW.c **** *  Function description
2895:./SystemView/SEGGER_SYSVIEW.c **** *    Sends the information of a registered module to the host.
2896:./SystemView/SEGGER_SYSVIEW.c **** *
2897:./SystemView/SEGGER_SYSVIEW.c **** *  Parameters
2898:./SystemView/SEGGER_SYSVIEW.c **** *    ModuleId   - Id of the requested module.
2899:./SystemView/SEGGER_SYSVIEW.c **** */
2900:./SystemView/SEGGER_SYSVIEW.c **** void SEGGER_SYSVIEW_SendModule(U8 ModuleId) {
 10893              		.loc 1 2900 45
 10894              		.cfi_startproc
 10895              		@ args = 0, pretend = 0, frame = 48
 10896              		@ frame_needed = 1, uses_anonymous_args = 0
 10897 0000 80B5     		push	{r7, lr}
 10898              	.LCFI328:
 10899              		.cfi_def_cfa_offset 8
 10900              		.cfi_offset 7, -8
 10901              		.cfi_offset 14, -4
 10902 0002 8CB0     		sub	sp, sp, #48
 10903              	.LCFI329:
 10904              		.cfi_def_cfa_offset 56
 10905 0004 00AF     		add	r7, sp, #0
 10906              	.LCFI330:
 10907              		.cfi_def_cfa_register 7
 10908 0006 0346     		mov	r3, r0
 10909 0008 FB71     		strb	r3, [r7, #7]
2901:./SystemView/SEGGER_SYSVIEW.c ****   SEGGER_SYSVIEW_MODULE* pModule;
2902:./SystemView/SEGGER_SYSVIEW.c ****   U32 n;
2903:./SystemView/SEGGER_SYSVIEW.c **** 
2904:./SystemView/SEGGER_SYSVIEW.c ****   if (_pFirstModule != 0) {
 10910              		.loc 1 2904 21
 10911 000a 404B     		ldr	r3, .L596
 10912 000c 1B68     		ldr	r3, [r3]
 10913              		.loc 1 2904 6
 10914 000e 002B     		cmp	r3, #0
 10915 0010 77D0     		beq	.L594
2905:./SystemView/SEGGER_SYSVIEW.c ****     pModule = _pFirstModule;
 10916              		.loc 1 2905 13
 10917 0012 3E4B     		ldr	r3, .L596
 10918 0014 1B68     		ldr	r3, [r3]
 10919 0016 FB62     		str	r3, [r7, #44]
2906:./SystemView/SEGGER_SYSVIEW.c ****     for (n = 0; n < ModuleId; n++) {
 10920              		.loc 1 2906 12
 10921 0018 0023     		movs	r3, #0
 10922 001a BB62     		str	r3, [r7, #40]
 10923              		.loc 1 2906 5
 10924 001c 08E0     		b	.L585
 10925              	.L588:
2907:./SystemView/SEGGER_SYSVIEW.c ****       pModule = pModule->pNext;
 10926              		.loc 1 2907 15
 10927 001e FB6A     		ldr	r3, [r7, #44]
ARM GAS  /var/folders/yl/_q9l42k90g1g4mdhbs226msm0000gn/T//ccxj18A8.s 			page 242


 10928 0020 1B69     		ldr	r3, [r3, #16]
 10929 0022 FB62     		str	r3, [r7, #44]
2908:./SystemView/SEGGER_SYSVIEW.c ****       if (pModule == 0) {
 10930              		.loc 1 2908 10
 10931 0024 FB6A     		ldr	r3, [r7, #44]
 10932 0026 002B     		cmp	r3, #0
 10933 0028 07D0     		beq	.L595
2906:./SystemView/SEGGER_SYSVIEW.c ****     for (n = 0; n < ModuleId; n++) {
 10934              		.loc 1 2906 32 discriminator 2
 10935 002a BB6A     		ldr	r3, [r7, #40]
 10936 002c 0133     		adds	r3, r3, #1
 10937 002e BB62     		str	r3, [r7, #40]
 10938              	.L585:
2906:./SystemView/SEGGER_SYSVIEW.c ****     for (n = 0; n < ModuleId; n++) {
 10939              		.loc 1 2906 19 discriminator 1
 10940 0030 FB79     		ldrb	r3, [r7, #7]	@ zero_extendqisi2
2906:./SystemView/SEGGER_SYSVIEW.c ****     for (n = 0; n < ModuleId; n++) {
 10941              		.loc 1 2906 5 discriminator 1
 10942 0032 BA6A     		ldr	r2, [r7, #40]
 10943 0034 9A42     		cmp	r2, r3
 10944 0036 F2D3     		bcc	.L588
 10945 0038 00E0     		b	.L587
 10946              	.L595:
2909:./SystemView/SEGGER_SYSVIEW.c ****         break;
 10947              		.loc 1 2909 9
 10948 003a 00BF     		nop
 10949              	.L587:
2910:./SystemView/SEGGER_SYSVIEW.c ****       }
2911:./SystemView/SEGGER_SYSVIEW.c ****     }
2912:./SystemView/SEGGER_SYSVIEW.c ****     if (pModule != 0) {
 10950              		.loc 1 2912 8
 10951 003c FB6A     		ldr	r3, [r7, #44]
 10952 003e 002B     		cmp	r3, #0
 10953 0040 55D0     		beq	.L589
 10954              	.LBB174:
 10955              	.LBB175:
2913:./SystemView/SEGGER_SYSVIEW.c ****       U8* pPayload;
2914:./SystemView/SEGGER_SYSVIEW.c ****       U8* pPayloadStart;
2915:./SystemView/SEGGER_SYSVIEW.c ****       RECORD_START(SEGGER_SYSVIEW_INFO_SIZE + 2 * SEGGER_SYSVIEW_QUANTA_U32 + 1 + SEGGER_SYSVIEW_MA
 10956              		.loc 1 2915 7
 10957              		.syntax unified
 10958              	@ 2915 "./SystemView/SEGGER_SYSVIEW.c" 1
 10959 0042 EFF31183 		mrs   r3, basepri  
 10960 0046 4FF02001 		mov   r1, #32       
 10961 004a 81F31188 		msr   basepri, r1  
 10962              		
 10963              	@ 0 "" 2
 10964              		.thumb
 10965              		.syntax unified
 10966 004e 7B61     		str	r3, [r7, #20]
 10967 0050 2F48     		ldr	r0, .L596+4
 10968 0052 FFF7FEFF 		bl	_PreparePacket
 10969 0056 3861     		str	r0, [r7, #16]
2916:./SystemView/SEGGER_SYSVIEW.c ****       //
2917:./SystemView/SEGGER_SYSVIEW.c ****       pPayload = pPayloadStart;
 10970              		.loc 1 2917 16
 10971 0058 3B69     		ldr	r3, [r7, #16]
ARM GAS  /var/folders/yl/_q9l42k90g1g4mdhbs226msm0000gn/T//ccxj18A8.s 			page 243


 10972 005a FB60     		str	r3, [r7, #12]
 10973              	.LBB176:
2918:./SystemView/SEGGER_SYSVIEW.c ****       //
2919:./SystemView/SEGGER_SYSVIEW.c ****       // Send module description
2920:./SystemView/SEGGER_SYSVIEW.c ****       // Send event offset and number of events
2921:./SystemView/SEGGER_SYSVIEW.c ****       //
2922:./SystemView/SEGGER_SYSVIEW.c ****       ENCODE_U32(pPayload, ModuleId);
 10974              		.loc 1 2922 7
 10975 005c FB68     		ldr	r3, [r7, #12]
 10976 005e 7B62     		str	r3, [r7, #36]
 10977 0060 FB79     		ldrb	r3, [r7, #7]	@ zero_extendqisi2
 10978 0062 3B62     		str	r3, [r7, #32]
 10979 0064 0BE0     		b	.L590
 10980              	.L591:
 10981              		.loc 1 2922 7 is_stmt 0 discriminator 3
 10982 0066 3B6A     		ldr	r3, [r7, #32]
 10983 0068 DAB2     		uxtb	r2, r3
 10984 006a 7B6A     		ldr	r3, [r7, #36]
 10985 006c 591C     		adds	r1, r3, #1
 10986 006e 7962     		str	r1, [r7, #36]
 10987 0070 62F07F02 		orn	r2, r2, #127
 10988 0074 D2B2     		uxtb	r2, r2
 10989 0076 1A70     		strb	r2, [r3]
 10990 0078 3B6A     		ldr	r3, [r7, #32]
 10991 007a DB09     		lsrs	r3, r3, #7
 10992 007c 3B62     		str	r3, [r7, #32]
 10993              	.L590:
 10994              		.loc 1 2922 7 discriminator 1
 10995 007e 3B6A     		ldr	r3, [r7, #32]
 10996 0080 7F2B     		cmp	r3, #127
 10997 0082 F0D8     		bhi	.L591
 10998              		.loc 1 2922 7 discriminator 4
 10999 0084 7B6A     		ldr	r3, [r7, #36]
 11000 0086 5A1C     		adds	r2, r3, #1
 11001 0088 7A62     		str	r2, [r7, #36]
 11002 008a 3A6A     		ldr	r2, [r7, #32]
 11003 008c D2B2     		uxtb	r2, r2
 11004 008e 1A70     		strb	r2, [r3]
 11005 0090 7B6A     		ldr	r3, [r7, #36]
 11006 0092 FB60     		str	r3, [r7, #12]
 11007              	.LBE176:
 11008              	.LBB177:
2923:./SystemView/SEGGER_SYSVIEW.c ****       ENCODE_U32(pPayload, (pModule->EventOffset));
 11009              		.loc 1 2923 7 is_stmt 1 discriminator 4
 11010 0094 FB68     		ldr	r3, [r7, #12]
 11011 0096 FB61     		str	r3, [r7, #28]
 11012 0098 FB6A     		ldr	r3, [r7, #44]
 11013 009a 9B68     		ldr	r3, [r3, #8]
 11014 009c BB61     		str	r3, [r7, #24]
 11015 009e 0BE0     		b	.L592
 11016              	.L593:
 11017              		.loc 1 2923 7 is_stmt 0 discriminator 3
 11018 00a0 BB69     		ldr	r3, [r7, #24]
 11019 00a2 DAB2     		uxtb	r2, r3
 11020 00a4 FB69     		ldr	r3, [r7, #28]
 11021 00a6 591C     		adds	r1, r3, #1
 11022 00a8 F961     		str	r1, [r7, #28]
ARM GAS  /var/folders/yl/_q9l42k90g1g4mdhbs226msm0000gn/T//ccxj18A8.s 			page 244


 11023 00aa 62F07F02 		orn	r2, r2, #127
 11024 00ae D2B2     		uxtb	r2, r2
 11025 00b0 1A70     		strb	r2, [r3]
 11026 00b2 BB69     		ldr	r3, [r7, #24]
 11027 00b4 DB09     		lsrs	r3, r3, #7
 11028 00b6 BB61     		str	r3, [r7, #24]
 11029              	.L592:
 11030              		.loc 1 2923 7 discriminator 1
 11031 00b8 BB69     		ldr	r3, [r7, #24]
 11032 00ba 7F2B     		cmp	r3, #127
 11033 00bc F0D8     		bhi	.L593
 11034              		.loc 1 2923 7 discriminator 4
 11035 00be FB69     		ldr	r3, [r7, #28]
 11036 00c0 5A1C     		adds	r2, r3, #1
 11037 00c2 FA61     		str	r2, [r7, #28]
 11038 00c4 BA69     		ldr	r2, [r7, #24]
 11039 00c6 D2B2     		uxtb	r2, r2
 11040 00c8 1A70     		strb	r2, [r3]
 11041 00ca FB69     		ldr	r3, [r7, #28]
 11042 00cc FB60     		str	r3, [r7, #12]
 11043              	.LBE177:
2924:./SystemView/SEGGER_SYSVIEW.c ****       pPayload = _EncodeStr(pPayload, pModule->sModule, SEGGER_SYSVIEW_MAX_STRING_LEN);
 11044              		.loc 1 2924 18 is_stmt 1 discriminator 4
 11045 00ce FB6A     		ldr	r3, [r7, #44]
 11046 00d0 1B68     		ldr	r3, [r3]
 11047 00d2 8022     		movs	r2, #128
 11048 00d4 1946     		mov	r1, r3
 11049 00d6 F868     		ldr	r0, [r7, #12]
 11050 00d8 FFF7FEFF 		bl	_EncodeStr
 11051 00dc F860     		str	r0, [r7, #12]
2925:./SystemView/SEGGER_SYSVIEW.c ****       _SendPacket(pPayloadStart, pPayload, SYSVIEW_EVTID_MODULEDESC);
 11052              		.loc 1 2925 7 discriminator 4
 11053 00de 1622     		movs	r2, #22
 11054 00e0 F968     		ldr	r1, [r7, #12]
 11055 00e2 3869     		ldr	r0, [r7, #16]
 11056 00e4 FFF7FEFF 		bl	_SendPacket
2926:./SystemView/SEGGER_SYSVIEW.c ****       RECORD_END();
 11057              		.loc 1 2926 7 discriminator 4
 11058 00e8 7B69     		ldr	r3, [r7, #20]
 11059              		.syntax unified
 11060              	@ 2926 "./SystemView/SEGGER_SYSVIEW.c" 1
 11061 00ea 83F31188 		msr   basepri, r3  
 11062              		
 11063              	@ 0 "" 2
 11064              		.thumb
 11065              		.syntax unified
 11066              	.L589:
 11067              	.LBE175:
 11068              	.LBE174:
2927:./SystemView/SEGGER_SYSVIEW.c ****     }
2928:./SystemView/SEGGER_SYSVIEW.c ****     if (pModule && pModule->pfSendModuleDesc) {
 11069              		.loc 1 2928 8
 11070 00ee FB6A     		ldr	r3, [r7, #44]
 11071 00f0 002B     		cmp	r3, #0
 11072 00f2 06D0     		beq	.L594
 11073              		.loc 1 2928 27 discriminator 1
 11074 00f4 FB6A     		ldr	r3, [r7, #44]
ARM GAS  /var/folders/yl/_q9l42k90g1g4mdhbs226msm0000gn/T//ccxj18A8.s 			page 245


 11075 00f6 DB68     		ldr	r3, [r3, #12]
 11076              		.loc 1 2928 17 discriminator 1
 11077 00f8 002B     		cmp	r3, #0
 11078 00fa 02D0     		beq	.L594
2929:./SystemView/SEGGER_SYSVIEW.c ****       pModule->pfSendModuleDesc();
 11079              		.loc 1 2929 14
 11080 00fc FB6A     		ldr	r3, [r7, #44]
 11081 00fe DB68     		ldr	r3, [r3, #12]
 11082              		.loc 1 2929 7
 11083 0100 9847     		blx	r3
 11084              	.LVL4:
 11085              	.L594:
2930:./SystemView/SEGGER_SYSVIEW.c ****     }
2931:./SystemView/SEGGER_SYSVIEW.c ****   }
2932:./SystemView/SEGGER_SYSVIEW.c **** }
 11086              		.loc 1 2932 1
 11087 0102 00BF     		nop
 11088 0104 3037     		adds	r7, r7, #48
 11089              	.LCFI331:
 11090              		.cfi_def_cfa_offset 8
 11091 0106 BD46     		mov	sp, r7
 11092              	.LCFI332:
 11093              		.cfi_def_cfa_register 13
 11094              		@ sp needed
 11095 0108 80BD     		pop	{r7, pc}
 11096              	.L597:
 11097 010a 00BF     		.align	2
 11098              	.L596:
 11099 010c 00000000 		.word	_pFirstModule
 11100 0110 00000000 		.word	_aPacket
 11101              		.cfi_endproc
 11102              	.LFE65:
 11104              		.section	.text.SEGGER_SYSVIEW_SendModuleDescription,"ax",%progbits
 11105              		.align	1
 11106              		.global	SEGGER_SYSVIEW_SendModuleDescription
 11107              		.syntax unified
 11108              		.thumb
 11109              		.thumb_func
 11111              	SEGGER_SYSVIEW_SendModuleDescription:
 11112              	.LFB66:
2933:./SystemView/SEGGER_SYSVIEW.c **** 
2934:./SystemView/SEGGER_SYSVIEW.c **** /*********************************************************************
2935:./SystemView/SEGGER_SYSVIEW.c **** *
2936:./SystemView/SEGGER_SYSVIEW.c **** *       SEGGER_SYSVIEW_SendModuleDescription()
2937:./SystemView/SEGGER_SYSVIEW.c **** *
2938:./SystemView/SEGGER_SYSVIEW.c **** *  Function description
2939:./SystemView/SEGGER_SYSVIEW.c **** *    Triggers a send of the registered module descriptions.
2940:./SystemView/SEGGER_SYSVIEW.c **** *
2941:./SystemView/SEGGER_SYSVIEW.c **** */
2942:./SystemView/SEGGER_SYSVIEW.c **** void SEGGER_SYSVIEW_SendModuleDescription(void) {
 11113              		.loc 1 2942 49
 11114              		.cfi_startproc
 11115              		@ args = 0, pretend = 0, frame = 8
 11116              		@ frame_needed = 1, uses_anonymous_args = 0
 11117 0000 80B5     		push	{r7, lr}
 11118              	.LCFI333:
 11119              		.cfi_def_cfa_offset 8
ARM GAS  /var/folders/yl/_q9l42k90g1g4mdhbs226msm0000gn/T//ccxj18A8.s 			page 246


 11120              		.cfi_offset 7, -8
 11121              		.cfi_offset 14, -4
 11122 0002 82B0     		sub	sp, sp, #8
 11123              	.LCFI334:
 11124              		.cfi_def_cfa_offset 16
 11125 0004 00AF     		add	r7, sp, #0
 11126              	.LCFI335:
 11127              		.cfi_def_cfa_register 7
2943:./SystemView/SEGGER_SYSVIEW.c ****   SEGGER_SYSVIEW_MODULE* pModule;
2944:./SystemView/SEGGER_SYSVIEW.c **** 
2945:./SystemView/SEGGER_SYSVIEW.c ****   if (_pFirstModule != 0) {
 11128              		.loc 1 2945 21
 11129 0006 0C4B     		ldr	r3, .L603
 11130 0008 1B68     		ldr	r3, [r3]
 11131              		.loc 1 2945 6
 11132 000a 002B     		cmp	r3, #0
 11133 000c 0FD0     		beq	.L602
2946:./SystemView/SEGGER_SYSVIEW.c ****     pModule = _pFirstModule;
 11134              		.loc 1 2946 13
 11135 000e 0A4B     		ldr	r3, .L603
 11136 0010 1B68     		ldr	r3, [r3]
 11137 0012 7B60     		str	r3, [r7, #4]
 11138              	.L601:
2947:./SystemView/SEGGER_SYSVIEW.c ****     do {
2948:./SystemView/SEGGER_SYSVIEW.c ****       if (pModule->pfSendModuleDesc) {
 11139              		.loc 1 2948 18
 11140 0014 7B68     		ldr	r3, [r7, #4]
 11141 0016 DB68     		ldr	r3, [r3, #12]
 11142              		.loc 1 2948 10
 11143 0018 002B     		cmp	r3, #0
 11144 001a 02D0     		beq	.L600
2949:./SystemView/SEGGER_SYSVIEW.c ****         pModule->pfSendModuleDesc();
 11145              		.loc 1 2949 16
 11146 001c 7B68     		ldr	r3, [r7, #4]
 11147 001e DB68     		ldr	r3, [r3, #12]
 11148              		.loc 1 2949 9
 11149 0020 9847     		blx	r3
 11150              	.LVL5:
 11151              	.L600:
2950:./SystemView/SEGGER_SYSVIEW.c ****       }
2951:./SystemView/SEGGER_SYSVIEW.c ****       pModule = pModule->pNext;
 11152              		.loc 1 2951 15
 11153 0022 7B68     		ldr	r3, [r7, #4]
 11154 0024 1B69     		ldr	r3, [r3, #16]
 11155 0026 7B60     		str	r3, [r7, #4]
2952:./SystemView/SEGGER_SYSVIEW.c ****     } while (pModule);
 11156              		.loc 1 2952 5
 11157 0028 7B68     		ldr	r3, [r7, #4]
 11158 002a 002B     		cmp	r3, #0
 11159 002c F2D1     		bne	.L601
 11160              	.L602:
2953:./SystemView/SEGGER_SYSVIEW.c ****   }
2954:./SystemView/SEGGER_SYSVIEW.c **** }
 11161              		.loc 1 2954 1
 11162 002e 00BF     		nop
 11163 0030 0837     		adds	r7, r7, #8
 11164              	.LCFI336:
ARM GAS  /var/folders/yl/_q9l42k90g1g4mdhbs226msm0000gn/T//ccxj18A8.s 			page 247


 11165              		.cfi_def_cfa_offset 8
 11166 0032 BD46     		mov	sp, r7
 11167              	.LCFI337:
 11168              		.cfi_def_cfa_register 13
 11169              		@ sp needed
 11170 0034 80BD     		pop	{r7, pc}
 11171              	.L604:
 11172 0036 00BF     		.align	2
 11173              	.L603:
 11174 0038 00000000 		.word	_pFirstModule
 11175              		.cfi_endproc
 11176              	.LFE66:
 11178              		.section	.text.SEGGER_SYSVIEW_SendNumModules,"ax",%progbits
 11179              		.align	1
 11180              		.global	SEGGER_SYSVIEW_SendNumModules
 11181              		.syntax unified
 11182              		.thumb
 11183              		.thumb_func
 11185              	SEGGER_SYSVIEW_SendNumModules:
 11186              	.LFB67:
2955:./SystemView/SEGGER_SYSVIEW.c **** 
2956:./SystemView/SEGGER_SYSVIEW.c **** /*********************************************************************
2957:./SystemView/SEGGER_SYSVIEW.c **** *
2958:./SystemView/SEGGER_SYSVIEW.c **** *       SEGGER_SYSVIEW_SendNumModules()
2959:./SystemView/SEGGER_SYSVIEW.c **** *
2960:./SystemView/SEGGER_SYSVIEW.c **** *  Function description
2961:./SystemView/SEGGER_SYSVIEW.c **** *    Send the number of registered modules to the host.
2962:./SystemView/SEGGER_SYSVIEW.c **** */
2963:./SystemView/SEGGER_SYSVIEW.c **** void SEGGER_SYSVIEW_SendNumModules(void) {
 11187              		.loc 1 2963 42
 11188              		.cfi_startproc
 11189              		@ args = 0, pretend = 0, frame = 24
 11190              		@ frame_needed = 1, uses_anonymous_args = 0
 11191 0000 80B5     		push	{r7, lr}
 11192              	.LCFI338:
 11193              		.cfi_def_cfa_offset 8
 11194              		.cfi_offset 7, -8
 11195              		.cfi_offset 14, -4
 11196 0002 86B0     		sub	sp, sp, #24
 11197              	.LCFI339:
 11198              		.cfi_def_cfa_offset 32
 11199 0004 00AF     		add	r7, sp, #0
 11200              	.LCFI340:
 11201              		.cfi_def_cfa_register 7
 11202              	.LBB178:
2964:./SystemView/SEGGER_SYSVIEW.c ****   U8* pPayload;
2965:./SystemView/SEGGER_SYSVIEW.c ****   U8* pPayloadStart;
2966:./SystemView/SEGGER_SYSVIEW.c ****   RECORD_START(SEGGER_SYSVIEW_INFO_SIZE + 2*SEGGER_SYSVIEW_QUANTA_U32);
 11203              		.loc 1 2966 3
 11204              		.syntax unified
 11205              	@ 2966 "./SystemView/SEGGER_SYSVIEW.c" 1
 11206 0006 EFF31183 		mrs   r3, basepri  
 11207 000a 4FF02001 		mov   r1, #32       
 11208 000e 81F31188 		msr   basepri, r1  
 11209              		
 11210              	@ 0 "" 2
 11211              		.thumb
ARM GAS  /var/folders/yl/_q9l42k90g1g4mdhbs226msm0000gn/T//ccxj18A8.s 			page 248


 11212              		.syntax unified
 11213 0012 FB60     		str	r3, [r7, #12]
 11214 0014 1748     		ldr	r0, .L608
 11215 0016 FFF7FEFF 		bl	_PreparePacket
 11216 001a B860     		str	r0, [r7, #8]
2967:./SystemView/SEGGER_SYSVIEW.c ****   pPayload = pPayloadStart;
 11217              		.loc 1 2967 12
 11218 001c BB68     		ldr	r3, [r7, #8]
 11219 001e 7B60     		str	r3, [r7, #4]
 11220              	.LBB179:
2968:./SystemView/SEGGER_SYSVIEW.c ****   ENCODE_U32(pPayload, _NumModules);
 11221              		.loc 1 2968 3
 11222 0020 7B68     		ldr	r3, [r7, #4]
 11223 0022 7B61     		str	r3, [r7, #20]
 11224 0024 144B     		ldr	r3, .L608+4
 11225 0026 1B78     		ldrb	r3, [r3]	@ zero_extendqisi2
 11226 0028 3B61     		str	r3, [r7, #16]
 11227 002a 0BE0     		b	.L606
 11228              	.L607:
 11229              		.loc 1 2968 3 is_stmt 0 discriminator 3
 11230 002c 3B69     		ldr	r3, [r7, #16]
 11231 002e DAB2     		uxtb	r2, r3
 11232 0030 7B69     		ldr	r3, [r7, #20]
 11233 0032 591C     		adds	r1, r3, #1
 11234 0034 7961     		str	r1, [r7, #20]
 11235 0036 62F07F02 		orn	r2, r2, #127
 11236 003a D2B2     		uxtb	r2, r2
 11237 003c 1A70     		strb	r2, [r3]
 11238 003e 3B69     		ldr	r3, [r7, #16]
 11239 0040 DB09     		lsrs	r3, r3, #7
 11240 0042 3B61     		str	r3, [r7, #16]
 11241              	.L606:
 11242              		.loc 1 2968 3 discriminator 1
 11243 0044 3B69     		ldr	r3, [r7, #16]
 11244 0046 7F2B     		cmp	r3, #127
 11245 0048 F0D8     		bhi	.L607
 11246              		.loc 1 2968 3 discriminator 4
 11247 004a 7B69     		ldr	r3, [r7, #20]
 11248 004c 5A1C     		adds	r2, r3, #1
 11249 004e 7A61     		str	r2, [r7, #20]
 11250 0050 3A69     		ldr	r2, [r7, #16]
 11251 0052 D2B2     		uxtb	r2, r2
 11252 0054 1A70     		strb	r2, [r3]
 11253 0056 7B69     		ldr	r3, [r7, #20]
 11254 0058 7B60     		str	r3, [r7, #4]
 11255              	.LBE179:
2969:./SystemView/SEGGER_SYSVIEW.c ****   _SendPacket(pPayloadStart, pPayload, SYSVIEW_EVTID_NUMMODULES);
 11256              		.loc 1 2969 3 is_stmt 1 discriminator 4
 11257 005a 1B22     		movs	r2, #27
 11258 005c 7968     		ldr	r1, [r7, #4]
 11259 005e B868     		ldr	r0, [r7, #8]
 11260 0060 FFF7FEFF 		bl	_SendPacket
2970:./SystemView/SEGGER_SYSVIEW.c ****   RECORD_END();
 11261              		.loc 1 2970 3 discriminator 4
 11262 0064 FB68     		ldr	r3, [r7, #12]
 11263              		.syntax unified
 11264              	@ 2970 "./SystemView/SEGGER_SYSVIEW.c" 1
ARM GAS  /var/folders/yl/_q9l42k90g1g4mdhbs226msm0000gn/T//ccxj18A8.s 			page 249


 11265 0066 83F31188 		msr   basepri, r3  
 11266              		
 11267              	@ 0 "" 2
 11268              		.thumb
 11269              		.syntax unified
 11270              	.LBE178:
2971:./SystemView/SEGGER_SYSVIEW.c **** }
 11271              		.loc 1 2971 1 discriminator 4
 11272 006a 00BF     		nop
 11273 006c 1837     		adds	r7, r7, #24
 11274              	.LCFI341:
 11275              		.cfi_def_cfa_offset 8
 11276 006e BD46     		mov	sp, r7
 11277              	.LCFI342:
 11278              		.cfi_def_cfa_register 13
 11279              		@ sp needed
 11280 0070 80BD     		pop	{r7, pc}
 11281              	.L609:
 11282 0072 00BF     		.align	2
 11283              	.L608:
 11284 0074 00000000 		.word	_aPacket
 11285 0078 00000000 		.word	_NumModules
 11286              		.cfi_endproc
 11287              	.LFE67:
 11289              		.section	.text.SEGGER_SYSVIEW_PrintfHostEx,"ax",%progbits
 11290              		.align	1
 11291              		.global	SEGGER_SYSVIEW_PrintfHostEx
 11292              		.syntax unified
 11293              		.thumb
 11294              		.thumb_func
 11296              	SEGGER_SYSVIEW_PrintfHostEx:
 11297              	.LFB68:
2972:./SystemView/SEGGER_SYSVIEW.c **** 
2973:./SystemView/SEGGER_SYSVIEW.c **** #ifndef SEGGER_SYSVIEW_EXCLUDE_PRINTF // Define in project to avoid warnings about variable paramet
2974:./SystemView/SEGGER_SYSVIEW.c **** 
2975:./SystemView/SEGGER_SYSVIEW.c **** /*********************************************************************
2976:./SystemView/SEGGER_SYSVIEW.c **** *
2977:./SystemView/SEGGER_SYSVIEW.c **** *       SEGGER_SYSVIEW_PrintfHostEx()
2978:./SystemView/SEGGER_SYSVIEW.c **** *
2979:./SystemView/SEGGER_SYSVIEW.c **** *  Function description
2980:./SystemView/SEGGER_SYSVIEW.c **** *    Print a string which is formatted on the host by the SystemView Application
2981:./SystemView/SEGGER_SYSVIEW.c **** *    with Additional information.
2982:./SystemView/SEGGER_SYSVIEW.c **** *
2983:./SystemView/SEGGER_SYSVIEW.c **** *  Parameters
2984:./SystemView/SEGGER_SYSVIEW.c **** *    s        - String to be formatted.
2985:./SystemView/SEGGER_SYSVIEW.c **** *    Options  - Options for the string. i.e. Log level.
2986:./SystemView/SEGGER_SYSVIEW.c **** *
2987:./SystemView/SEGGER_SYSVIEW.c **** *  Additional information
2988:./SystemView/SEGGER_SYSVIEW.c **** *    All format arguments are treated as 32-bit scalar values.
2989:./SystemView/SEGGER_SYSVIEW.c **** */
2990:./SystemView/SEGGER_SYSVIEW.c **** void SEGGER_SYSVIEW_PrintfHostEx(const char* s, U32 Options, ...) {
 11298              		.loc 1 2990 67
 11299              		.cfi_startproc
 11300              		@ args = 4, pretend = 12, frame = 16
 11301              		@ frame_needed = 1, uses_anonymous_args = 1
 11302 0000 0EB4     		push	{r1, r2, r3}
 11303              	.LCFI343:
ARM GAS  /var/folders/yl/_q9l42k90g1g4mdhbs226msm0000gn/T//ccxj18A8.s 			page 250


 11304              		.cfi_def_cfa_offset 12
 11305              		.cfi_offset 1, -12
 11306              		.cfi_offset 2, -8
 11307              		.cfi_offset 3, -4
 11308 0002 80B5     		push	{r7, lr}
 11309              	.LCFI344:
 11310              		.cfi_def_cfa_offset 20
 11311              		.cfi_offset 7, -20
 11312              		.cfi_offset 14, -16
 11313 0004 85B0     		sub	sp, sp, #20
 11314              	.LCFI345:
 11315              		.cfi_def_cfa_offset 40
 11316 0006 00AF     		add	r7, sp, #0
 11317              	.LCFI346:
 11318              		.cfi_def_cfa_register 7
 11319 0008 7860     		str	r0, [r7, #4]
2991:./SystemView/SEGGER_SYSVIEW.c ****   va_list ParamList;
2992:./SystemView/SEGGER_SYSVIEW.c **** #if SEGGER_SYSVIEW_PRINTF_IMPLICIT_FORMAT
2993:./SystemView/SEGGER_SYSVIEW.c ****   int r;
2994:./SystemView/SEGGER_SYSVIEW.c **** 
2995:./SystemView/SEGGER_SYSVIEW.c ****   va_start(ParamList, Options);
2996:./SystemView/SEGGER_SYSVIEW.c ****   r = _VPrintHost(s, Options, &ParamList);
2997:./SystemView/SEGGER_SYSVIEW.c ****   va_end(ParamList);
2998:./SystemView/SEGGER_SYSVIEW.c **** 
2999:./SystemView/SEGGER_SYSVIEW.c ****   if (r == -1) {
3000:./SystemView/SEGGER_SYSVIEW.c ****     va_start(ParamList, Options);
3001:./SystemView/SEGGER_SYSVIEW.c ****     _VPrintTarget(s, Options, &ParamList);
3002:./SystemView/SEGGER_SYSVIEW.c ****     va_end(ParamList);
3003:./SystemView/SEGGER_SYSVIEW.c ****   }
3004:./SystemView/SEGGER_SYSVIEW.c **** #else
3005:./SystemView/SEGGER_SYSVIEW.c ****   va_start(ParamList, Options);
 11320              		.loc 1 3005 3
 11321 000a 07F12003 		add	r3, r7, #32
 11322 000e FB60     		str	r3, [r7, #12]
3006:./SystemView/SEGGER_SYSVIEW.c ****   _VPrintHost(s, Options, &ParamList);
 11323              		.loc 1 3006 3
 11324 0010 07F10C03 		add	r3, r7, #12
 11325 0014 1A46     		mov	r2, r3
 11326 0016 F969     		ldr	r1, [r7, #28]
 11327 0018 7868     		ldr	r0, [r7, #4]
 11328 001a FFF7FEFF 		bl	_VPrintHost
3007:./SystemView/SEGGER_SYSVIEW.c ****   va_end(ParamList);
3008:./SystemView/SEGGER_SYSVIEW.c **** #endif
3009:./SystemView/SEGGER_SYSVIEW.c **** }
 11329              		.loc 1 3009 1
 11330 001e 00BF     		nop
 11331 0020 1437     		adds	r7, r7, #20
 11332              	.LCFI347:
 11333              		.cfi_def_cfa_offset 20
 11334 0022 BD46     		mov	sp, r7
 11335              	.LCFI348:
 11336              		.cfi_def_cfa_register 13
 11337              		@ sp needed
 11338 0024 BDE88040 		pop	{r7, lr}
 11339              	.LCFI349:
 11340              		.cfi_restore 14
 11341              		.cfi_restore 7
ARM GAS  /var/folders/yl/_q9l42k90g1g4mdhbs226msm0000gn/T//ccxj18A8.s 			page 251


 11342              		.cfi_def_cfa_offset 12
 11343 0028 03B0     		add	sp, sp, #12
 11344              	.LCFI350:
 11345              		.cfi_restore 3
 11346              		.cfi_restore 2
 11347              		.cfi_restore 1
 11348              		.cfi_def_cfa_offset 0
 11349 002a 7047     		bx	lr
 11350              		.cfi_endproc
 11351              	.LFE68:
 11353              		.section	.text.SEGGER_SYSVIEW_VPrintfHostEx,"ax",%progbits
 11354              		.align	1
 11355              		.global	SEGGER_SYSVIEW_VPrintfHostEx
 11356              		.syntax unified
 11357              		.thumb
 11358              		.thumb_func
 11360              	SEGGER_SYSVIEW_VPrintfHostEx:
 11361              	.LFB69:
3010:./SystemView/SEGGER_SYSVIEW.c **** 
3011:./SystemView/SEGGER_SYSVIEW.c **** /*********************************************************************
3012:./SystemView/SEGGER_SYSVIEW.c **** *
3013:./SystemView/SEGGER_SYSVIEW.c **** *       SEGGER_SYSVIEW_VPrintfHostEx()
3014:./SystemView/SEGGER_SYSVIEW.c **** *
3015:./SystemView/SEGGER_SYSVIEW.c **** *  Function description
3016:./SystemView/SEGGER_SYSVIEW.c **** *    Print a string which is formatted on the host by the SystemView Application
3017:./SystemView/SEGGER_SYSVIEW.c **** *    with Additional information.
3018:./SystemView/SEGGER_SYSVIEW.c **** *
3019:./SystemView/SEGGER_SYSVIEW.c **** *  Parameters
3020:./SystemView/SEGGER_SYSVIEW.c **** *    s          - String to be formatted.
3021:./SystemView/SEGGER_SYSVIEW.c **** *    Options    - Options for the string. i.e. Log level.
3022:./SystemView/SEGGER_SYSVIEW.c **** *    pParamList - Pointer to the list of arguments for the format string
3023:./SystemView/SEGGER_SYSVIEW.c **** *
3024:./SystemView/SEGGER_SYSVIEW.c **** *  Additional information
3025:./SystemView/SEGGER_SYSVIEW.c **** *    All format arguments are treated as 32-bit scalar values.
3026:./SystemView/SEGGER_SYSVIEW.c **** */
3027:./SystemView/SEGGER_SYSVIEW.c **** void SEGGER_SYSVIEW_VPrintfHostEx(const char* s, U32 Options, va_list *pParamList) {
 11362              		.loc 1 3027 84
 11363              		.cfi_startproc
 11364              		@ args = 0, pretend = 0, frame = 16
 11365              		@ frame_needed = 1, uses_anonymous_args = 0
 11366 0000 80B5     		push	{r7, lr}
 11367              	.LCFI351:
 11368              		.cfi_def_cfa_offset 8
 11369              		.cfi_offset 7, -8
 11370              		.cfi_offset 14, -4
 11371 0002 84B0     		sub	sp, sp, #16
 11372              	.LCFI352:
 11373              		.cfi_def_cfa_offset 24
 11374 0004 00AF     		add	r7, sp, #0
 11375              	.LCFI353:
 11376              		.cfi_def_cfa_register 7
 11377 0006 F860     		str	r0, [r7, #12]
 11378 0008 B960     		str	r1, [r7, #8]
 11379 000a 7A60     		str	r2, [r7, #4]
3028:./SystemView/SEGGER_SYSVIEW.c **** #if SEGGER_SYSVIEW_PRINTF_IMPLICIT_FORMAT
3029:./SystemView/SEGGER_SYSVIEW.c ****   int r;
3030:./SystemView/SEGGER_SYSVIEW.c ****   va_list ParamListCopy;
ARM GAS  /var/folders/yl/_q9l42k90g1g4mdhbs226msm0000gn/T//ccxj18A8.s 			page 252


3031:./SystemView/SEGGER_SYSVIEW.c ****   va_copy(ParamListCopy, *pParamList);
3032:./SystemView/SEGGER_SYSVIEW.c **** 
3033:./SystemView/SEGGER_SYSVIEW.c ****   r = _VPrintHost(s, Options, pParamList);
3034:./SystemView/SEGGER_SYSVIEW.c **** 
3035:./SystemView/SEGGER_SYSVIEW.c ****   if (r == -1) {
3036:./SystemView/SEGGER_SYSVIEW.c ****     _VPrintTarget(s, Options, &ParamListCopy);
3037:./SystemView/SEGGER_SYSVIEW.c ****   }
3038:./SystemView/SEGGER_SYSVIEW.c ****   va_end(ParamListCopy);
3039:./SystemView/SEGGER_SYSVIEW.c **** #else
3040:./SystemView/SEGGER_SYSVIEW.c ****   _VPrintHost(s, Options, pParamList);
 11380              		.loc 1 3040 3
 11381 000c 7A68     		ldr	r2, [r7, #4]
 11382 000e B968     		ldr	r1, [r7, #8]
 11383 0010 F868     		ldr	r0, [r7, #12]
 11384 0012 FFF7FEFF 		bl	_VPrintHost
3041:./SystemView/SEGGER_SYSVIEW.c **** #endif
3042:./SystemView/SEGGER_SYSVIEW.c **** }
 11385              		.loc 1 3042 1
 11386 0016 00BF     		nop
 11387 0018 1037     		adds	r7, r7, #16
 11388              	.LCFI354:
 11389              		.cfi_def_cfa_offset 8
 11390 001a BD46     		mov	sp, r7
 11391              	.LCFI355:
 11392              		.cfi_def_cfa_register 13
 11393              		@ sp needed
 11394 001c 80BD     		pop	{r7, pc}
 11395              		.cfi_endproc
 11396              	.LFE69:
 11398              		.section	.text.SEGGER_SYSVIEW_PrintfHost,"ax",%progbits
 11399              		.align	1
 11400              		.global	SEGGER_SYSVIEW_PrintfHost
 11401              		.syntax unified
 11402              		.thumb
 11403              		.thumb_func
 11405              	SEGGER_SYSVIEW_PrintfHost:
 11406              	.LFB70:
3043:./SystemView/SEGGER_SYSVIEW.c **** 
3044:./SystemView/SEGGER_SYSVIEW.c **** /*********************************************************************
3045:./SystemView/SEGGER_SYSVIEW.c **** *
3046:./SystemView/SEGGER_SYSVIEW.c **** *       SEGGER_SYSVIEW_PrintfHost()
3047:./SystemView/SEGGER_SYSVIEW.c **** *
3048:./SystemView/SEGGER_SYSVIEW.c **** *  Function description
3049:./SystemView/SEGGER_SYSVIEW.c **** *    Print a string which is formatted on the host by the SystemView Application.
3050:./SystemView/SEGGER_SYSVIEW.c **** *
3051:./SystemView/SEGGER_SYSVIEW.c **** *  Parameters
3052:./SystemView/SEGGER_SYSVIEW.c **** *    s        - String to be formatted.
3053:./SystemView/SEGGER_SYSVIEW.c **** *
3054:./SystemView/SEGGER_SYSVIEW.c **** *  Additional information
3055:./SystemView/SEGGER_SYSVIEW.c **** *    All format arguments are treated as 32-bit scalar values.
3056:./SystemView/SEGGER_SYSVIEW.c **** */
3057:./SystemView/SEGGER_SYSVIEW.c **** void SEGGER_SYSVIEW_PrintfHost(const char* s, ...) {
 11407              		.loc 1 3057 52
 11408              		.cfi_startproc
 11409              		@ args = 4, pretend = 16, frame = 8
 11410              		@ frame_needed = 1, uses_anonymous_args = 1
 11411 0000 0FB4     		push	{r0, r1, r2, r3}
ARM GAS  /var/folders/yl/_q9l42k90g1g4mdhbs226msm0000gn/T//ccxj18A8.s 			page 253


 11412              	.LCFI356:
 11413              		.cfi_def_cfa_offset 16
 11414              		.cfi_offset 0, -16
 11415              		.cfi_offset 1, -12
 11416              		.cfi_offset 2, -8
 11417              		.cfi_offset 3, -4
 11418 0002 80B5     		push	{r7, lr}
 11419              	.LCFI357:
 11420              		.cfi_def_cfa_offset 24
 11421              		.cfi_offset 7, -24
 11422              		.cfi_offset 14, -20
 11423 0004 82B0     		sub	sp, sp, #8
 11424              	.LCFI358:
 11425              		.cfi_def_cfa_offset 32
 11426 0006 00AF     		add	r7, sp, #0
 11427              	.LCFI359:
 11428              		.cfi_def_cfa_register 7
3058:./SystemView/SEGGER_SYSVIEW.c ****   va_list ParamList;
3059:./SystemView/SEGGER_SYSVIEW.c **** #if SEGGER_SYSVIEW_PRINTF_IMPLICIT_FORMAT
3060:./SystemView/SEGGER_SYSVIEW.c ****   int r;
3061:./SystemView/SEGGER_SYSVIEW.c **** 
3062:./SystemView/SEGGER_SYSVIEW.c ****   va_start(ParamList, s);
3063:./SystemView/SEGGER_SYSVIEW.c ****   r = _VPrintHost(s, SEGGER_SYSVIEW_LOG, &ParamList);
3064:./SystemView/SEGGER_SYSVIEW.c ****   va_end(ParamList);
3065:./SystemView/SEGGER_SYSVIEW.c **** 
3066:./SystemView/SEGGER_SYSVIEW.c ****   if (r == -1) {
3067:./SystemView/SEGGER_SYSVIEW.c ****     va_start(ParamList, s);
3068:./SystemView/SEGGER_SYSVIEW.c ****     _VPrintTarget(s, SEGGER_SYSVIEW_LOG, &ParamList);
3069:./SystemView/SEGGER_SYSVIEW.c ****     va_end(ParamList);
3070:./SystemView/SEGGER_SYSVIEW.c ****   }
3071:./SystemView/SEGGER_SYSVIEW.c **** #else
3072:./SystemView/SEGGER_SYSVIEW.c ****   va_start(ParamList, s);
 11429              		.loc 1 3072 3
 11430 0008 07F11403 		add	r3, r7, #20
 11431 000c 7B60     		str	r3, [r7, #4]
3073:./SystemView/SEGGER_SYSVIEW.c ****   _VPrintHost(s, SEGGER_SYSVIEW_LOG, &ParamList);
 11432              		.loc 1 3073 3
 11433 000e 3B1D     		adds	r3, r7, #4
 11434 0010 1A46     		mov	r2, r3
 11435 0012 0021     		movs	r1, #0
 11436 0014 3869     		ldr	r0, [r7, #16]
 11437 0016 FFF7FEFF 		bl	_VPrintHost
3074:./SystemView/SEGGER_SYSVIEW.c ****   va_end(ParamList);
3075:./SystemView/SEGGER_SYSVIEW.c **** #endif
3076:./SystemView/SEGGER_SYSVIEW.c **** }
 11438              		.loc 1 3076 1
 11439 001a 00BF     		nop
 11440 001c 0837     		adds	r7, r7, #8
 11441              	.LCFI360:
 11442              		.cfi_def_cfa_offset 24
 11443 001e BD46     		mov	sp, r7
 11444              	.LCFI361:
 11445              		.cfi_def_cfa_register 13
 11446              		@ sp needed
 11447 0020 BDE88040 		pop	{r7, lr}
 11448              	.LCFI362:
 11449              		.cfi_restore 14
ARM GAS  /var/folders/yl/_q9l42k90g1g4mdhbs226msm0000gn/T//ccxj18A8.s 			page 254


 11450              		.cfi_restore 7
 11451              		.cfi_def_cfa_offset 16
 11452 0024 04B0     		add	sp, sp, #16
 11453              	.LCFI363:
 11454              		.cfi_restore 3
 11455              		.cfi_restore 2
 11456              		.cfi_restore 1
 11457              		.cfi_restore 0
 11458              		.cfi_def_cfa_offset 0
 11459 0026 7047     		bx	lr
 11460              		.cfi_endproc
 11461              	.LFE70:
 11463              		.section	.text.SEGGER_SYSVIEW_VPrintfHost,"ax",%progbits
 11464              		.align	1
 11465              		.global	SEGGER_SYSVIEW_VPrintfHost
 11466              		.syntax unified
 11467              		.thumb
 11468              		.thumb_func
 11470              	SEGGER_SYSVIEW_VPrintfHost:
 11471              	.LFB71:
3077:./SystemView/SEGGER_SYSVIEW.c **** 
3078:./SystemView/SEGGER_SYSVIEW.c **** /*********************************************************************
3079:./SystemView/SEGGER_SYSVIEW.c **** *
3080:./SystemView/SEGGER_SYSVIEW.c **** *       SEGGER_SYSVIEW_VPrintfHost()
3081:./SystemView/SEGGER_SYSVIEW.c **** *
3082:./SystemView/SEGGER_SYSVIEW.c **** *  Function description
3083:./SystemView/SEGGER_SYSVIEW.c **** *    Print a string which is formatted on the host by the SystemView Application.
3084:./SystemView/SEGGER_SYSVIEW.c **** *
3085:./SystemView/SEGGER_SYSVIEW.c **** *  Parameters
3086:./SystemView/SEGGER_SYSVIEW.c **** *    s          - String to be formatted.
3087:./SystemView/SEGGER_SYSVIEW.c **** *    pParamList - Pointer to the list of arguments for the format string
3088:./SystemView/SEGGER_SYSVIEW.c **** *
3089:./SystemView/SEGGER_SYSVIEW.c **** *  Additional information
3090:./SystemView/SEGGER_SYSVIEW.c **** *    All format arguments are treated as 32-bit scalar values.
3091:./SystemView/SEGGER_SYSVIEW.c **** */
3092:./SystemView/SEGGER_SYSVIEW.c **** void SEGGER_SYSVIEW_VPrintfHost(const char* s, va_list *pParamList) {
 11472              		.loc 1 3092 69
 11473              		.cfi_startproc
 11474              		@ args = 0, pretend = 0, frame = 8
 11475              		@ frame_needed = 1, uses_anonymous_args = 0
 11476 0000 80B5     		push	{r7, lr}
 11477              	.LCFI364:
 11478              		.cfi_def_cfa_offset 8
 11479              		.cfi_offset 7, -8
 11480              		.cfi_offset 14, -4
 11481 0002 82B0     		sub	sp, sp, #8
 11482              	.LCFI365:
 11483              		.cfi_def_cfa_offset 16
 11484 0004 00AF     		add	r7, sp, #0
 11485              	.LCFI366:
 11486              		.cfi_def_cfa_register 7
 11487 0006 7860     		str	r0, [r7, #4]
 11488 0008 3960     		str	r1, [r7]
3093:./SystemView/SEGGER_SYSVIEW.c **** #if SEGGER_SYSVIEW_PRINTF_IMPLICIT_FORMAT
3094:./SystemView/SEGGER_SYSVIEW.c ****   int r;
3095:./SystemView/SEGGER_SYSVIEW.c ****   va_list ParamListCopy;
3096:./SystemView/SEGGER_SYSVIEW.c ****   va_copy(ParamListCopy, *pParamList);
ARM GAS  /var/folders/yl/_q9l42k90g1g4mdhbs226msm0000gn/T//ccxj18A8.s 			page 255


3097:./SystemView/SEGGER_SYSVIEW.c **** 
3098:./SystemView/SEGGER_SYSVIEW.c ****   r = _VPrintHost(s, SEGGER_SYSVIEW_LOG, pParamList);
3099:./SystemView/SEGGER_SYSVIEW.c **** 
3100:./SystemView/SEGGER_SYSVIEW.c ****   if (r == -1) {
3101:./SystemView/SEGGER_SYSVIEW.c ****     _VPrintTarget(s, SEGGER_SYSVIEW_LOG, &ParamListCopy);
3102:./SystemView/SEGGER_SYSVIEW.c ****   }
3103:./SystemView/SEGGER_SYSVIEW.c ****   va_end(ParamListCopy);
3104:./SystemView/SEGGER_SYSVIEW.c **** #else
3105:./SystemView/SEGGER_SYSVIEW.c ****   _VPrintHost(s, SEGGER_SYSVIEW_LOG, pParamList);
 11489              		.loc 1 3105 3
 11490 000a 3A68     		ldr	r2, [r7]
 11491 000c 0021     		movs	r1, #0
 11492 000e 7868     		ldr	r0, [r7, #4]
 11493 0010 FFF7FEFF 		bl	_VPrintHost
3106:./SystemView/SEGGER_SYSVIEW.c **** #endif
3107:./SystemView/SEGGER_SYSVIEW.c **** }
 11494              		.loc 1 3107 1
 11495 0014 00BF     		nop
 11496 0016 0837     		adds	r7, r7, #8
 11497              	.LCFI367:
 11498              		.cfi_def_cfa_offset 8
 11499 0018 BD46     		mov	sp, r7
 11500              	.LCFI368:
 11501              		.cfi_def_cfa_register 13
 11502              		@ sp needed
 11503 001a 80BD     		pop	{r7, pc}
 11504              		.cfi_endproc
 11505              	.LFE71:
 11507              		.section	.text.SEGGER_SYSVIEW_WarnfHost,"ax",%progbits
 11508              		.align	1
 11509              		.global	SEGGER_SYSVIEW_WarnfHost
 11510              		.syntax unified
 11511              		.thumb
 11512              		.thumb_func
 11514              	SEGGER_SYSVIEW_WarnfHost:
 11515              	.LFB72:
3108:./SystemView/SEGGER_SYSVIEW.c **** 
3109:./SystemView/SEGGER_SYSVIEW.c **** /*********************************************************************
3110:./SystemView/SEGGER_SYSVIEW.c **** *
3111:./SystemView/SEGGER_SYSVIEW.c **** *       SEGGER_SYSVIEW_WarnfHost()
3112:./SystemView/SEGGER_SYSVIEW.c **** *
3113:./SystemView/SEGGER_SYSVIEW.c **** *  Function description
3114:./SystemView/SEGGER_SYSVIEW.c **** *    Print a warning string which is formatted on the host by
3115:./SystemView/SEGGER_SYSVIEW.c **** *    the SystemView Application.
3116:./SystemView/SEGGER_SYSVIEW.c **** *
3117:./SystemView/SEGGER_SYSVIEW.c **** *  Parameters
3118:./SystemView/SEGGER_SYSVIEW.c **** *    s        - String to be formatted.
3119:./SystemView/SEGGER_SYSVIEW.c **** *
3120:./SystemView/SEGGER_SYSVIEW.c **** *  Additional information
3121:./SystemView/SEGGER_SYSVIEW.c **** *    All format arguments are treated as 32-bit scalar values.
3122:./SystemView/SEGGER_SYSVIEW.c **** */
3123:./SystemView/SEGGER_SYSVIEW.c **** void SEGGER_SYSVIEW_WarnfHost(const char* s, ...) {
 11516              		.loc 1 3123 51
 11517              		.cfi_startproc
 11518              		@ args = 4, pretend = 16, frame = 8
 11519              		@ frame_needed = 1, uses_anonymous_args = 1
 11520 0000 0FB4     		push	{r0, r1, r2, r3}
ARM GAS  /var/folders/yl/_q9l42k90g1g4mdhbs226msm0000gn/T//ccxj18A8.s 			page 256


 11521              	.LCFI369:
 11522              		.cfi_def_cfa_offset 16
 11523              		.cfi_offset 0, -16
 11524              		.cfi_offset 1, -12
 11525              		.cfi_offset 2, -8
 11526              		.cfi_offset 3, -4
 11527 0002 80B5     		push	{r7, lr}
 11528              	.LCFI370:
 11529              		.cfi_def_cfa_offset 24
 11530              		.cfi_offset 7, -24
 11531              		.cfi_offset 14, -20
 11532 0004 82B0     		sub	sp, sp, #8
 11533              	.LCFI371:
 11534              		.cfi_def_cfa_offset 32
 11535 0006 00AF     		add	r7, sp, #0
 11536              	.LCFI372:
 11537              		.cfi_def_cfa_register 7
3124:./SystemView/SEGGER_SYSVIEW.c ****   va_list ParamList;
3125:./SystemView/SEGGER_SYSVIEW.c **** #if SEGGER_SYSVIEW_PRINTF_IMPLICIT_FORMAT
3126:./SystemView/SEGGER_SYSVIEW.c ****   int r;
3127:./SystemView/SEGGER_SYSVIEW.c **** 
3128:./SystemView/SEGGER_SYSVIEW.c ****   va_start(ParamList, s);
3129:./SystemView/SEGGER_SYSVIEW.c ****   r = _VPrintHost(s, SEGGER_SYSVIEW_WARNING, &ParamList);
3130:./SystemView/SEGGER_SYSVIEW.c ****   va_end(ParamList);
3131:./SystemView/SEGGER_SYSVIEW.c **** 
3132:./SystemView/SEGGER_SYSVIEW.c ****   if (r == -1) {
3133:./SystemView/SEGGER_SYSVIEW.c ****     va_start(ParamList, s);
3134:./SystemView/SEGGER_SYSVIEW.c ****     _VPrintTarget(s, SEGGER_SYSVIEW_WARNING, &ParamList);
3135:./SystemView/SEGGER_SYSVIEW.c ****     va_end(ParamList);
3136:./SystemView/SEGGER_SYSVIEW.c ****   }
3137:./SystemView/SEGGER_SYSVIEW.c **** #else
3138:./SystemView/SEGGER_SYSVIEW.c ****   va_start(ParamList, s);
 11538              		.loc 1 3138 3
 11539 0008 07F11403 		add	r3, r7, #20
 11540 000c 7B60     		str	r3, [r7, #4]
3139:./SystemView/SEGGER_SYSVIEW.c ****   _VPrintHost(s, SEGGER_SYSVIEW_WARNING, &ParamList);
 11541              		.loc 1 3139 3
 11542 000e 3B1D     		adds	r3, r7, #4
 11543 0010 1A46     		mov	r2, r3
 11544 0012 0121     		movs	r1, #1
 11545 0014 3869     		ldr	r0, [r7, #16]
 11546 0016 FFF7FEFF 		bl	_VPrintHost
3140:./SystemView/SEGGER_SYSVIEW.c ****   va_end(ParamList);
3141:./SystemView/SEGGER_SYSVIEW.c **** #endif
3142:./SystemView/SEGGER_SYSVIEW.c **** }
 11547              		.loc 1 3142 1
 11548 001a 00BF     		nop
 11549 001c 0837     		adds	r7, r7, #8
 11550              	.LCFI373:
 11551              		.cfi_def_cfa_offset 24
 11552 001e BD46     		mov	sp, r7
 11553              	.LCFI374:
 11554              		.cfi_def_cfa_register 13
 11555              		@ sp needed
 11556 0020 BDE88040 		pop	{r7, lr}
 11557              	.LCFI375:
 11558              		.cfi_restore 14
ARM GAS  /var/folders/yl/_q9l42k90g1g4mdhbs226msm0000gn/T//ccxj18A8.s 			page 257


 11559              		.cfi_restore 7
 11560              		.cfi_def_cfa_offset 16
 11561 0024 04B0     		add	sp, sp, #16
 11562              	.LCFI376:
 11563              		.cfi_restore 3
 11564              		.cfi_restore 2
 11565              		.cfi_restore 1
 11566              		.cfi_restore 0
 11567              		.cfi_def_cfa_offset 0
 11568 0026 7047     		bx	lr
 11569              		.cfi_endproc
 11570              	.LFE72:
 11572              		.section	.text.SEGGER_SYSVIEW_VWarnfHost,"ax",%progbits
 11573              		.align	1
 11574              		.global	SEGGER_SYSVIEW_VWarnfHost
 11575              		.syntax unified
 11576              		.thumb
 11577              		.thumb_func
 11579              	SEGGER_SYSVIEW_VWarnfHost:
 11580              	.LFB73:
3143:./SystemView/SEGGER_SYSVIEW.c **** 
3144:./SystemView/SEGGER_SYSVIEW.c **** /*********************************************************************
3145:./SystemView/SEGGER_SYSVIEW.c **** *
3146:./SystemView/SEGGER_SYSVIEW.c **** *       SEGGER_SYSVIEW_VWarnfHost()
3147:./SystemView/SEGGER_SYSVIEW.c **** *
3148:./SystemView/SEGGER_SYSVIEW.c **** *  Function description
3149:./SystemView/SEGGER_SYSVIEW.c **** *    Print a warning string which is formatted on the host by
3150:./SystemView/SEGGER_SYSVIEW.c **** *    the SystemView Application.
3151:./SystemView/SEGGER_SYSVIEW.c **** *
3152:./SystemView/SEGGER_SYSVIEW.c **** *  Parameters
3153:./SystemView/SEGGER_SYSVIEW.c **** *    s          - String to be formatted.
3154:./SystemView/SEGGER_SYSVIEW.c **** *    pParamList - Pointer to the list of arguments for the format string
3155:./SystemView/SEGGER_SYSVIEW.c **** *
3156:./SystemView/SEGGER_SYSVIEW.c **** *  Additional information
3157:./SystemView/SEGGER_SYSVIEW.c **** *    All format arguments are treated as 32-bit scalar values.
3158:./SystemView/SEGGER_SYSVIEW.c **** */
3159:./SystemView/SEGGER_SYSVIEW.c **** void SEGGER_SYSVIEW_VWarnfHost(const char* s, va_list *pParamList) {
 11581              		.loc 1 3159 68
 11582              		.cfi_startproc
 11583              		@ args = 0, pretend = 0, frame = 8
 11584              		@ frame_needed = 1, uses_anonymous_args = 0
 11585 0000 80B5     		push	{r7, lr}
 11586              	.LCFI377:
 11587              		.cfi_def_cfa_offset 8
 11588              		.cfi_offset 7, -8
 11589              		.cfi_offset 14, -4
 11590 0002 82B0     		sub	sp, sp, #8
 11591              	.LCFI378:
 11592              		.cfi_def_cfa_offset 16
 11593 0004 00AF     		add	r7, sp, #0
 11594              	.LCFI379:
 11595              		.cfi_def_cfa_register 7
 11596 0006 7860     		str	r0, [r7, #4]
 11597 0008 3960     		str	r1, [r7]
3160:./SystemView/SEGGER_SYSVIEW.c **** #if SEGGER_SYSVIEW_PRINTF_IMPLICIT_FORMAT
3161:./SystemView/SEGGER_SYSVIEW.c ****   int r;
3162:./SystemView/SEGGER_SYSVIEW.c ****   va_list ParamListCopy;
ARM GAS  /var/folders/yl/_q9l42k90g1g4mdhbs226msm0000gn/T//ccxj18A8.s 			page 258


3163:./SystemView/SEGGER_SYSVIEW.c ****   va_copy(ParamListCopy, *pParamList);
3164:./SystemView/SEGGER_SYSVIEW.c **** 
3165:./SystemView/SEGGER_SYSVIEW.c ****   r = _VPrintHost(s, SEGGER_SYSVIEW_WARNING, pParamList);
3166:./SystemView/SEGGER_SYSVIEW.c **** 
3167:./SystemView/SEGGER_SYSVIEW.c ****   if (r == -1) {
3168:./SystemView/SEGGER_SYSVIEW.c ****     _VPrintTarget(s, SEGGER_SYSVIEW_WARNING, &ParamListCopy);
3169:./SystemView/SEGGER_SYSVIEW.c ****   }
3170:./SystemView/SEGGER_SYSVIEW.c ****   va_end(ParamListCopy);
3171:./SystemView/SEGGER_SYSVIEW.c **** #else
3172:./SystemView/SEGGER_SYSVIEW.c ****   _VPrintHost(s, SEGGER_SYSVIEW_WARNING, pParamList);
 11598              		.loc 1 3172 3
 11599 000a 3A68     		ldr	r2, [r7]
 11600 000c 0121     		movs	r1, #1
 11601 000e 7868     		ldr	r0, [r7, #4]
 11602 0010 FFF7FEFF 		bl	_VPrintHost
3173:./SystemView/SEGGER_SYSVIEW.c **** #endif
3174:./SystemView/SEGGER_SYSVIEW.c **** }
 11603              		.loc 1 3174 1
 11604 0014 00BF     		nop
 11605 0016 0837     		adds	r7, r7, #8
 11606              	.LCFI380:
 11607              		.cfi_def_cfa_offset 8
 11608 0018 BD46     		mov	sp, r7
 11609              	.LCFI381:
 11610              		.cfi_def_cfa_register 13
 11611              		@ sp needed
 11612 001a 80BD     		pop	{r7, pc}
 11613              		.cfi_endproc
 11614              	.LFE73:
 11616              		.section	.text.SEGGER_SYSVIEW_ErrorfHost,"ax",%progbits
 11617              		.align	1
 11618              		.global	SEGGER_SYSVIEW_ErrorfHost
 11619              		.syntax unified
 11620              		.thumb
 11621              		.thumb_func
 11623              	SEGGER_SYSVIEW_ErrorfHost:
 11624              	.LFB74:
3175:./SystemView/SEGGER_SYSVIEW.c **** 
3176:./SystemView/SEGGER_SYSVIEW.c **** /*********************************************************************
3177:./SystemView/SEGGER_SYSVIEW.c **** *
3178:./SystemView/SEGGER_SYSVIEW.c **** *       SEGGER_SYSVIEW_ErrorfHost()
3179:./SystemView/SEGGER_SYSVIEW.c **** *
3180:./SystemView/SEGGER_SYSVIEW.c **** *  Function description
3181:./SystemView/SEGGER_SYSVIEW.c **** *    Print an error string which is formatted on the host by
3182:./SystemView/SEGGER_SYSVIEW.c **** *    the SystemView Application.
3183:./SystemView/SEGGER_SYSVIEW.c **** *
3184:./SystemView/SEGGER_SYSVIEW.c **** *  Parameters
3185:./SystemView/SEGGER_SYSVIEW.c **** *    s        - String to be formatted.
3186:./SystemView/SEGGER_SYSVIEW.c **** *
3187:./SystemView/SEGGER_SYSVIEW.c **** *  Additional information
3188:./SystemView/SEGGER_SYSVIEW.c **** *    All format arguments are treated as 32-bit scalar values.
3189:./SystemView/SEGGER_SYSVIEW.c **** */
3190:./SystemView/SEGGER_SYSVIEW.c **** void SEGGER_SYSVIEW_ErrorfHost(const char* s, ...) {
 11625              		.loc 1 3190 52
 11626              		.cfi_startproc
 11627              		@ args = 4, pretend = 16, frame = 8
 11628              		@ frame_needed = 1, uses_anonymous_args = 1
ARM GAS  /var/folders/yl/_q9l42k90g1g4mdhbs226msm0000gn/T//ccxj18A8.s 			page 259


 11629 0000 0FB4     		push	{r0, r1, r2, r3}
 11630              	.LCFI382:
 11631              		.cfi_def_cfa_offset 16
 11632              		.cfi_offset 0, -16
 11633              		.cfi_offset 1, -12
 11634              		.cfi_offset 2, -8
 11635              		.cfi_offset 3, -4
 11636 0002 80B5     		push	{r7, lr}
 11637              	.LCFI383:
 11638              		.cfi_def_cfa_offset 24
 11639              		.cfi_offset 7, -24
 11640              		.cfi_offset 14, -20
 11641 0004 82B0     		sub	sp, sp, #8
 11642              	.LCFI384:
 11643              		.cfi_def_cfa_offset 32
 11644 0006 00AF     		add	r7, sp, #0
 11645              	.LCFI385:
 11646              		.cfi_def_cfa_register 7
3191:./SystemView/SEGGER_SYSVIEW.c ****   va_list ParamList;
3192:./SystemView/SEGGER_SYSVIEW.c **** #if SEGGER_SYSVIEW_PRINTF_IMPLICIT_FORMAT
3193:./SystemView/SEGGER_SYSVIEW.c ****   int r;
3194:./SystemView/SEGGER_SYSVIEW.c **** 
3195:./SystemView/SEGGER_SYSVIEW.c ****   va_start(ParamList, s);
3196:./SystemView/SEGGER_SYSVIEW.c ****   r = _VPrintHost(s, SEGGER_SYSVIEW_ERROR, &ParamList);
3197:./SystemView/SEGGER_SYSVIEW.c ****   va_end(ParamList);
3198:./SystemView/SEGGER_SYSVIEW.c **** 
3199:./SystemView/SEGGER_SYSVIEW.c ****   if (r == -1) {
3200:./SystemView/SEGGER_SYSVIEW.c ****     va_start(ParamList, s);
3201:./SystemView/SEGGER_SYSVIEW.c ****     _VPrintTarget(s, SEGGER_SYSVIEW_ERROR, &ParamList);
3202:./SystemView/SEGGER_SYSVIEW.c ****     va_end(ParamList);
3203:./SystemView/SEGGER_SYSVIEW.c ****   }
3204:./SystemView/SEGGER_SYSVIEW.c **** #else
3205:./SystemView/SEGGER_SYSVIEW.c ****   va_start(ParamList, s);
 11647              		.loc 1 3205 3
 11648 0008 07F11403 		add	r3, r7, #20
 11649 000c 7B60     		str	r3, [r7, #4]
3206:./SystemView/SEGGER_SYSVIEW.c ****   _VPrintHost(s, SEGGER_SYSVIEW_ERROR, &ParamList);
 11650              		.loc 1 3206 3
 11651 000e 3B1D     		adds	r3, r7, #4
 11652 0010 1A46     		mov	r2, r3
 11653 0012 0221     		movs	r1, #2
 11654 0014 3869     		ldr	r0, [r7, #16]
 11655 0016 FFF7FEFF 		bl	_VPrintHost
3207:./SystemView/SEGGER_SYSVIEW.c ****   va_end(ParamList);
3208:./SystemView/SEGGER_SYSVIEW.c **** #endif
3209:./SystemView/SEGGER_SYSVIEW.c **** }
 11656              		.loc 1 3209 1
 11657 001a 00BF     		nop
 11658 001c 0837     		adds	r7, r7, #8
 11659              	.LCFI386:
 11660              		.cfi_def_cfa_offset 24
 11661 001e BD46     		mov	sp, r7
 11662              	.LCFI387:
 11663              		.cfi_def_cfa_register 13
 11664              		@ sp needed
 11665 0020 BDE88040 		pop	{r7, lr}
 11666              	.LCFI388:
ARM GAS  /var/folders/yl/_q9l42k90g1g4mdhbs226msm0000gn/T//ccxj18A8.s 			page 260


 11667              		.cfi_restore 14
 11668              		.cfi_restore 7
 11669              		.cfi_def_cfa_offset 16
 11670 0024 04B0     		add	sp, sp, #16
 11671              	.LCFI389:
 11672              		.cfi_restore 3
 11673              		.cfi_restore 2
 11674              		.cfi_restore 1
 11675              		.cfi_restore 0
 11676              		.cfi_def_cfa_offset 0
 11677 0026 7047     		bx	lr
 11678              		.cfi_endproc
 11679              	.LFE74:
 11681              		.section	.text.SEGGER_SYSVIEW_VErrorfHost,"ax",%progbits
 11682              		.align	1
 11683              		.global	SEGGER_SYSVIEW_VErrorfHost
 11684              		.syntax unified
 11685              		.thumb
 11686              		.thumb_func
 11688              	SEGGER_SYSVIEW_VErrorfHost:
 11689              	.LFB75:
3210:./SystemView/SEGGER_SYSVIEW.c **** 
3211:./SystemView/SEGGER_SYSVIEW.c **** /*********************************************************************
3212:./SystemView/SEGGER_SYSVIEW.c **** *
3213:./SystemView/SEGGER_SYSVIEW.c **** *       SEGGER_SYSVIEW_VErrorfHost()
3214:./SystemView/SEGGER_SYSVIEW.c **** *
3215:./SystemView/SEGGER_SYSVIEW.c **** *  Function description
3216:./SystemView/SEGGER_SYSVIEW.c **** *    Print a warning string which is formatted on the host by
3217:./SystemView/SEGGER_SYSVIEW.c **** *    the SystemView Application.
3218:./SystemView/SEGGER_SYSVIEW.c **** *
3219:./SystemView/SEGGER_SYSVIEW.c **** *  Parameters
3220:./SystemView/SEGGER_SYSVIEW.c **** *    s          - String to be formatted.
3221:./SystemView/SEGGER_SYSVIEW.c **** *    pParamList - Pointer to the list of arguments for the format string
3222:./SystemView/SEGGER_SYSVIEW.c **** *
3223:./SystemView/SEGGER_SYSVIEW.c **** *  Additional information
3224:./SystemView/SEGGER_SYSVIEW.c **** *    All format arguments are treated as 32-bit scalar values.
3225:./SystemView/SEGGER_SYSVIEW.c **** */
3226:./SystemView/SEGGER_SYSVIEW.c **** void SEGGER_SYSVIEW_VErrorfHost(const char* s, va_list *pParamList) {
 11690              		.loc 1 3226 69
 11691              		.cfi_startproc
 11692              		@ args = 0, pretend = 0, frame = 8
 11693              		@ frame_needed = 1, uses_anonymous_args = 0
 11694 0000 80B5     		push	{r7, lr}
 11695              	.LCFI390:
 11696              		.cfi_def_cfa_offset 8
 11697              		.cfi_offset 7, -8
 11698              		.cfi_offset 14, -4
 11699 0002 82B0     		sub	sp, sp, #8
 11700              	.LCFI391:
 11701              		.cfi_def_cfa_offset 16
 11702 0004 00AF     		add	r7, sp, #0
 11703              	.LCFI392:
 11704              		.cfi_def_cfa_register 7
 11705 0006 7860     		str	r0, [r7, #4]
 11706 0008 3960     		str	r1, [r7]
3227:./SystemView/SEGGER_SYSVIEW.c **** #if SEGGER_SYSVIEW_PRINTF_IMPLICIT_FORMAT
3228:./SystemView/SEGGER_SYSVIEW.c ****   int r;
ARM GAS  /var/folders/yl/_q9l42k90g1g4mdhbs226msm0000gn/T//ccxj18A8.s 			page 261


3229:./SystemView/SEGGER_SYSVIEW.c ****   va_list ParamListCopy;
3230:./SystemView/SEGGER_SYSVIEW.c ****   va_copy(ParamListCopy, *pParamList);
3231:./SystemView/SEGGER_SYSVIEW.c **** 
3232:./SystemView/SEGGER_SYSVIEW.c ****   r = _VPrintHost(s, SEGGER_SYSVIEW_ERROR, pParamList);
3233:./SystemView/SEGGER_SYSVIEW.c **** 
3234:./SystemView/SEGGER_SYSVIEW.c ****   if (r == -1) {
3235:./SystemView/SEGGER_SYSVIEW.c ****     _VPrintTarget(s, SEGGER_SYSVIEW_ERROR, &ParamListCopy);
3236:./SystemView/SEGGER_SYSVIEW.c ****   }
3237:./SystemView/SEGGER_SYSVIEW.c ****   va_end(ParamListCopy);
3238:./SystemView/SEGGER_SYSVIEW.c **** #else
3239:./SystemView/SEGGER_SYSVIEW.c ****   _VPrintHost(s, SEGGER_SYSVIEW_ERROR, pParamList);
 11707              		.loc 1 3239 3
 11708 000a 3A68     		ldr	r2, [r7]
 11709 000c 0221     		movs	r1, #2
 11710 000e 7868     		ldr	r0, [r7, #4]
 11711 0010 FFF7FEFF 		bl	_VPrintHost
3240:./SystemView/SEGGER_SYSVIEW.c **** #endif
3241:./SystemView/SEGGER_SYSVIEW.c **** }
 11712              		.loc 1 3241 1
 11713 0014 00BF     		nop
 11714 0016 0837     		adds	r7, r7, #8
 11715              	.LCFI393:
 11716              		.cfi_def_cfa_offset 8
 11717 0018 BD46     		mov	sp, r7
 11718              	.LCFI394:
 11719              		.cfi_def_cfa_register 13
 11720              		@ sp needed
 11721 001a 80BD     		pop	{r7, pc}
 11722              		.cfi_endproc
 11723              	.LFE75:
 11725              		.section	.text.SEGGER_SYSVIEW_PrintfTargetEx,"ax",%progbits
 11726              		.align	1
 11727              		.global	SEGGER_SYSVIEW_PrintfTargetEx
 11728              		.syntax unified
 11729              		.thumb
 11730              		.thumb_func
 11732              	SEGGER_SYSVIEW_PrintfTargetEx:
 11733              	.LFB76:
3242:./SystemView/SEGGER_SYSVIEW.c **** 
3243:./SystemView/SEGGER_SYSVIEW.c **** /*********************************************************************
3244:./SystemView/SEGGER_SYSVIEW.c **** *
3245:./SystemView/SEGGER_SYSVIEW.c **** *       SEGGER_SYSVIEW_PrintfTargetEx()
3246:./SystemView/SEGGER_SYSVIEW.c **** *
3247:./SystemView/SEGGER_SYSVIEW.c **** *  Function description
3248:./SystemView/SEGGER_SYSVIEW.c **** *    Print a string which is formatted on the target before sent to
3249:./SystemView/SEGGER_SYSVIEW.c **** *    the host with Additional information.
3250:./SystemView/SEGGER_SYSVIEW.c **** *
3251:./SystemView/SEGGER_SYSVIEW.c **** *  Parameters
3252:./SystemView/SEGGER_SYSVIEW.c **** *    s        - String to be formatted.
3253:./SystemView/SEGGER_SYSVIEW.c **** *    Options  - Options for the string. i.e. Log level.
3254:./SystemView/SEGGER_SYSVIEW.c **** */
3255:./SystemView/SEGGER_SYSVIEW.c **** void SEGGER_SYSVIEW_PrintfTargetEx(const char* s, U32 Options, ...) {
 11734              		.loc 1 3255 69
 11735              		.cfi_startproc
 11736              		@ args = 4, pretend = 12, frame = 16
 11737              		@ frame_needed = 1, uses_anonymous_args = 1
 11738 0000 0EB4     		push	{r1, r2, r3}
ARM GAS  /var/folders/yl/_q9l42k90g1g4mdhbs226msm0000gn/T//ccxj18A8.s 			page 262


 11739              	.LCFI395:
 11740              		.cfi_def_cfa_offset 12
 11741              		.cfi_offset 1, -12
 11742              		.cfi_offset 2, -8
 11743              		.cfi_offset 3, -4
 11744 0002 80B5     		push	{r7, lr}
 11745              	.LCFI396:
 11746              		.cfi_def_cfa_offset 20
 11747              		.cfi_offset 7, -20
 11748              		.cfi_offset 14, -16
 11749 0004 85B0     		sub	sp, sp, #20
 11750              	.LCFI397:
 11751              		.cfi_def_cfa_offset 40
 11752 0006 00AF     		add	r7, sp, #0
 11753              	.LCFI398:
 11754              		.cfi_def_cfa_register 7
 11755 0008 7860     		str	r0, [r7, #4]
3256:./SystemView/SEGGER_SYSVIEW.c ****   va_list ParamList;
3257:./SystemView/SEGGER_SYSVIEW.c **** 
3258:./SystemView/SEGGER_SYSVIEW.c ****   va_start(ParamList, Options);
 11756              		.loc 1 3258 3
 11757 000a 07F12003 		add	r3, r7, #32
 11758 000e FB60     		str	r3, [r7, #12]
3259:./SystemView/SEGGER_SYSVIEW.c ****   _VPrintTarget(s, Options, &ParamList);
 11759              		.loc 1 3259 3
 11760 0010 07F10C03 		add	r3, r7, #12
 11761 0014 1A46     		mov	r2, r3
 11762 0016 F969     		ldr	r1, [r7, #28]
 11763 0018 7868     		ldr	r0, [r7, #4]
 11764 001a FFF7FEFF 		bl	_VPrintTarget
3260:./SystemView/SEGGER_SYSVIEW.c ****   va_end(ParamList);
3261:./SystemView/SEGGER_SYSVIEW.c **** }
 11765              		.loc 1 3261 1
 11766 001e 00BF     		nop
 11767 0020 1437     		adds	r7, r7, #20
 11768              	.LCFI399:
 11769              		.cfi_def_cfa_offset 20
 11770 0022 BD46     		mov	sp, r7
 11771              	.LCFI400:
 11772              		.cfi_def_cfa_register 13
 11773              		@ sp needed
 11774 0024 BDE88040 		pop	{r7, lr}
 11775              	.LCFI401:
 11776              		.cfi_restore 14
 11777              		.cfi_restore 7
 11778              		.cfi_def_cfa_offset 12
 11779 0028 03B0     		add	sp, sp, #12
 11780              	.LCFI402:
 11781              		.cfi_restore 3
 11782              		.cfi_restore 2
 11783              		.cfi_restore 1
 11784              		.cfi_def_cfa_offset 0
 11785 002a 7047     		bx	lr
 11786              		.cfi_endproc
 11787              	.LFE76:
 11789              		.section	.text.SEGGER_SYSVIEW_VPrintfTargetEx,"ax",%progbits
 11790              		.align	1
ARM GAS  /var/folders/yl/_q9l42k90g1g4mdhbs226msm0000gn/T//ccxj18A8.s 			page 263


 11791              		.global	SEGGER_SYSVIEW_VPrintfTargetEx
 11792              		.syntax unified
 11793              		.thumb
 11794              		.thumb_func
 11796              	SEGGER_SYSVIEW_VPrintfTargetEx:
 11797              	.LFB77:
3262:./SystemView/SEGGER_SYSVIEW.c **** 
3263:./SystemView/SEGGER_SYSVIEW.c **** /*********************************************************************
3264:./SystemView/SEGGER_SYSVIEW.c **** *
3265:./SystemView/SEGGER_SYSVIEW.c **** *       SEGGER_SYSVIEW_VPrintfTargetEx()
3266:./SystemView/SEGGER_SYSVIEW.c **** *
3267:./SystemView/SEGGER_SYSVIEW.c **** *  Function description
3268:./SystemView/SEGGER_SYSVIEW.c **** *    Print a string which is formatted on the target before sent to
3269:./SystemView/SEGGER_SYSVIEW.c **** *    the host with Additional information.
3270:./SystemView/SEGGER_SYSVIEW.c **** *
3271:./SystemView/SEGGER_SYSVIEW.c **** *  Parameters
3272:./SystemView/SEGGER_SYSVIEW.c **** *    s          - String to be formatted.
3273:./SystemView/SEGGER_SYSVIEW.c **** *    Options    - Options for the string. i.e. Log level.
3274:./SystemView/SEGGER_SYSVIEW.c **** *    pParamList - Pointer to the list of arguments for the format string
3275:./SystemView/SEGGER_SYSVIEW.c **** */
3276:./SystemView/SEGGER_SYSVIEW.c **** void SEGGER_SYSVIEW_VPrintfTargetEx(const char* s, U32 Options, va_list *pParamList) {
 11798              		.loc 1 3276 86
 11799              		.cfi_startproc
 11800              		@ args = 0, pretend = 0, frame = 16
 11801              		@ frame_needed = 1, uses_anonymous_args = 0
 11802 0000 80B5     		push	{r7, lr}
 11803              	.LCFI403:
 11804              		.cfi_def_cfa_offset 8
 11805              		.cfi_offset 7, -8
 11806              		.cfi_offset 14, -4
 11807 0002 84B0     		sub	sp, sp, #16
 11808              	.LCFI404:
 11809              		.cfi_def_cfa_offset 24
 11810 0004 00AF     		add	r7, sp, #0
 11811              	.LCFI405:
 11812              		.cfi_def_cfa_register 7
 11813 0006 F860     		str	r0, [r7, #12]
 11814 0008 B960     		str	r1, [r7, #8]
 11815 000a 7A60     		str	r2, [r7, #4]
3277:./SystemView/SEGGER_SYSVIEW.c ****   _VPrintTarget(s, Options, pParamList);
 11816              		.loc 1 3277 3
 11817 000c 7A68     		ldr	r2, [r7, #4]
 11818 000e B968     		ldr	r1, [r7, #8]
 11819 0010 F868     		ldr	r0, [r7, #12]
 11820 0012 FFF7FEFF 		bl	_VPrintTarget
3278:./SystemView/SEGGER_SYSVIEW.c **** }
 11821              		.loc 1 3278 1
 11822 0016 00BF     		nop
 11823 0018 1037     		adds	r7, r7, #16
 11824              	.LCFI406:
 11825              		.cfi_def_cfa_offset 8
 11826 001a BD46     		mov	sp, r7
 11827              	.LCFI407:
 11828              		.cfi_def_cfa_register 13
 11829              		@ sp needed
 11830 001c 80BD     		pop	{r7, pc}
 11831              		.cfi_endproc
ARM GAS  /var/folders/yl/_q9l42k90g1g4mdhbs226msm0000gn/T//ccxj18A8.s 			page 264


 11832              	.LFE77:
 11834              		.section	.text.SEGGER_SYSVIEW_PrintfTarget,"ax",%progbits
 11835              		.align	1
 11836              		.global	SEGGER_SYSVIEW_PrintfTarget
 11837              		.syntax unified
 11838              		.thumb
 11839              		.thumb_func
 11841              	SEGGER_SYSVIEW_PrintfTarget:
 11842              	.LFB78:
3279:./SystemView/SEGGER_SYSVIEW.c **** 
3280:./SystemView/SEGGER_SYSVIEW.c **** /*********************************************************************
3281:./SystemView/SEGGER_SYSVIEW.c **** *
3282:./SystemView/SEGGER_SYSVIEW.c **** *       SEGGER_SYSVIEW_PrintfTarget()
3283:./SystemView/SEGGER_SYSVIEW.c **** *
3284:./SystemView/SEGGER_SYSVIEW.c **** *  Function description
3285:./SystemView/SEGGER_SYSVIEW.c **** *    Print a string which is formatted on the target before sent to
3286:./SystemView/SEGGER_SYSVIEW.c **** *    the host.
3287:./SystemView/SEGGER_SYSVIEW.c **** *
3288:./SystemView/SEGGER_SYSVIEW.c **** *  Parameters
3289:./SystemView/SEGGER_SYSVIEW.c **** *    s        - String to be formatted.
3290:./SystemView/SEGGER_SYSVIEW.c **** */
3291:./SystemView/SEGGER_SYSVIEW.c **** void SEGGER_SYSVIEW_PrintfTarget(const char* s, ...) {
 11843              		.loc 1 3291 54
 11844              		.cfi_startproc
 11845              		@ args = 4, pretend = 16, frame = 8
 11846              		@ frame_needed = 1, uses_anonymous_args = 1
 11847 0000 0FB4     		push	{r0, r1, r2, r3}
 11848              	.LCFI408:
 11849              		.cfi_def_cfa_offset 16
 11850              		.cfi_offset 0, -16
 11851              		.cfi_offset 1, -12
 11852              		.cfi_offset 2, -8
 11853              		.cfi_offset 3, -4
 11854 0002 80B5     		push	{r7, lr}
 11855              	.LCFI409:
 11856              		.cfi_def_cfa_offset 24
 11857              		.cfi_offset 7, -24
 11858              		.cfi_offset 14, -20
 11859 0004 82B0     		sub	sp, sp, #8
 11860              	.LCFI410:
 11861              		.cfi_def_cfa_offset 32
 11862 0006 00AF     		add	r7, sp, #0
 11863              	.LCFI411:
 11864              		.cfi_def_cfa_register 7
3292:./SystemView/SEGGER_SYSVIEW.c ****   va_list ParamList;
3293:./SystemView/SEGGER_SYSVIEW.c **** 
3294:./SystemView/SEGGER_SYSVIEW.c ****   va_start(ParamList, s);
 11865              		.loc 1 3294 3
 11866 0008 07F11403 		add	r3, r7, #20
 11867 000c 7B60     		str	r3, [r7, #4]
3295:./SystemView/SEGGER_SYSVIEW.c ****   _VPrintTarget(s, SEGGER_SYSVIEW_LOG, &ParamList);
 11868              		.loc 1 3295 3
 11869 000e 3B1D     		adds	r3, r7, #4
 11870 0010 1A46     		mov	r2, r3
 11871 0012 0021     		movs	r1, #0
 11872 0014 3869     		ldr	r0, [r7, #16]
 11873 0016 FFF7FEFF 		bl	_VPrintTarget
ARM GAS  /var/folders/yl/_q9l42k90g1g4mdhbs226msm0000gn/T//ccxj18A8.s 			page 265


3296:./SystemView/SEGGER_SYSVIEW.c ****   va_end(ParamList);
3297:./SystemView/SEGGER_SYSVIEW.c **** }
 11874              		.loc 1 3297 1
 11875 001a 00BF     		nop
 11876 001c 0837     		adds	r7, r7, #8
 11877              	.LCFI412:
 11878              		.cfi_def_cfa_offset 24
 11879 001e BD46     		mov	sp, r7
 11880              	.LCFI413:
 11881              		.cfi_def_cfa_register 13
 11882              		@ sp needed
 11883 0020 BDE88040 		pop	{r7, lr}
 11884              	.LCFI414:
 11885              		.cfi_restore 14
 11886              		.cfi_restore 7
 11887              		.cfi_def_cfa_offset 16
 11888 0024 04B0     		add	sp, sp, #16
 11889              	.LCFI415:
 11890              		.cfi_restore 3
 11891              		.cfi_restore 2
 11892              		.cfi_restore 1
 11893              		.cfi_restore 0
 11894              		.cfi_def_cfa_offset 0
 11895 0026 7047     		bx	lr
 11896              		.cfi_endproc
 11897              	.LFE78:
 11899              		.section	.text.SEGGER_SYSVIEW_VPrintfTarget,"ax",%progbits
 11900              		.align	1
 11901              		.global	SEGGER_SYSVIEW_VPrintfTarget
 11902              		.syntax unified
 11903              		.thumb
 11904              		.thumb_func
 11906              	SEGGER_SYSVIEW_VPrintfTarget:
 11907              	.LFB79:
3298:./SystemView/SEGGER_SYSVIEW.c **** 
3299:./SystemView/SEGGER_SYSVIEW.c **** /*********************************************************************
3300:./SystemView/SEGGER_SYSVIEW.c **** *
3301:./SystemView/SEGGER_SYSVIEW.c **** *       SEGGER_SYSVIEW_VPrintfTarget()
3302:./SystemView/SEGGER_SYSVIEW.c **** *
3303:./SystemView/SEGGER_SYSVIEW.c **** *  Function description
3304:./SystemView/SEGGER_SYSVIEW.c **** *    Print a string which is formatted on the target before sent to
3305:./SystemView/SEGGER_SYSVIEW.c **** *    the host.
3306:./SystemView/SEGGER_SYSVIEW.c **** *
3307:./SystemView/SEGGER_SYSVIEW.c **** *  Parameters
3308:./SystemView/SEGGER_SYSVIEW.c **** *    s          - String to be formatted.
3309:./SystemView/SEGGER_SYSVIEW.c **** *    pParamList - Pointer to the list of arguments for the format string
3310:./SystemView/SEGGER_SYSVIEW.c **** */
3311:./SystemView/SEGGER_SYSVIEW.c **** void SEGGER_SYSVIEW_VPrintfTarget(const char* s, va_list* pParamList) {
 11908              		.loc 1 3311 71
 11909              		.cfi_startproc
 11910              		@ args = 0, pretend = 0, frame = 8
 11911              		@ frame_needed = 1, uses_anonymous_args = 0
 11912 0000 80B5     		push	{r7, lr}
 11913              	.LCFI416:
 11914              		.cfi_def_cfa_offset 8
 11915              		.cfi_offset 7, -8
 11916              		.cfi_offset 14, -4
ARM GAS  /var/folders/yl/_q9l42k90g1g4mdhbs226msm0000gn/T//ccxj18A8.s 			page 266


 11917 0002 82B0     		sub	sp, sp, #8
 11918              	.LCFI417:
 11919              		.cfi_def_cfa_offset 16
 11920 0004 00AF     		add	r7, sp, #0
 11921              	.LCFI418:
 11922              		.cfi_def_cfa_register 7
 11923 0006 7860     		str	r0, [r7, #4]
 11924 0008 3960     		str	r1, [r7]
3312:./SystemView/SEGGER_SYSVIEW.c ****   _VPrintTarget(s, SEGGER_SYSVIEW_LOG, pParamList);
 11925              		.loc 1 3312 3
 11926 000a 3A68     		ldr	r2, [r7]
 11927 000c 0021     		movs	r1, #0
 11928 000e 7868     		ldr	r0, [r7, #4]
 11929 0010 FFF7FEFF 		bl	_VPrintTarget
3313:./SystemView/SEGGER_SYSVIEW.c **** }
 11930              		.loc 1 3313 1
 11931 0014 00BF     		nop
 11932 0016 0837     		adds	r7, r7, #8
 11933              	.LCFI419:
 11934              		.cfi_def_cfa_offset 8
 11935 0018 BD46     		mov	sp, r7
 11936              	.LCFI420:
 11937              		.cfi_def_cfa_register 13
 11938              		@ sp needed
 11939 001a 80BD     		pop	{r7, pc}
 11940              		.cfi_endproc
 11941              	.LFE79:
 11943              		.section	.text.SEGGER_SYSVIEW_WarnfTarget,"ax",%progbits
 11944              		.align	1
 11945              		.global	SEGGER_SYSVIEW_WarnfTarget
 11946              		.syntax unified
 11947              		.thumb
 11948              		.thumb_func
 11950              	SEGGER_SYSVIEW_WarnfTarget:
 11951              	.LFB80:
3314:./SystemView/SEGGER_SYSVIEW.c **** 
3315:./SystemView/SEGGER_SYSVIEW.c **** /*********************************************************************
3316:./SystemView/SEGGER_SYSVIEW.c **** *
3317:./SystemView/SEGGER_SYSVIEW.c **** *       SEGGER_SYSVIEW_WarnfTarget()
3318:./SystemView/SEGGER_SYSVIEW.c **** *
3319:./SystemView/SEGGER_SYSVIEW.c **** *  Function description
3320:./SystemView/SEGGER_SYSVIEW.c **** *    Print a warning string which is formatted on the target before
3321:./SystemView/SEGGER_SYSVIEW.c **** *    sent to the host.
3322:./SystemView/SEGGER_SYSVIEW.c **** *
3323:./SystemView/SEGGER_SYSVIEW.c **** *  Parameters
3324:./SystemView/SEGGER_SYSVIEW.c **** *    s        - String to be formatted.
3325:./SystemView/SEGGER_SYSVIEW.c **** */
3326:./SystemView/SEGGER_SYSVIEW.c **** void SEGGER_SYSVIEW_WarnfTarget(const char* s, ...) {
 11952              		.loc 1 3326 53
 11953              		.cfi_startproc
 11954              		@ args = 4, pretend = 16, frame = 8
 11955              		@ frame_needed = 1, uses_anonymous_args = 1
 11956 0000 0FB4     		push	{r0, r1, r2, r3}
 11957              	.LCFI421:
 11958              		.cfi_def_cfa_offset 16
 11959              		.cfi_offset 0, -16
 11960              		.cfi_offset 1, -12
ARM GAS  /var/folders/yl/_q9l42k90g1g4mdhbs226msm0000gn/T//ccxj18A8.s 			page 267


 11961              		.cfi_offset 2, -8
 11962              		.cfi_offset 3, -4
 11963 0002 80B5     		push	{r7, lr}
 11964              	.LCFI422:
 11965              		.cfi_def_cfa_offset 24
 11966              		.cfi_offset 7, -24
 11967              		.cfi_offset 14, -20
 11968 0004 82B0     		sub	sp, sp, #8
 11969              	.LCFI423:
 11970              		.cfi_def_cfa_offset 32
 11971 0006 00AF     		add	r7, sp, #0
 11972              	.LCFI424:
 11973              		.cfi_def_cfa_register 7
3327:./SystemView/SEGGER_SYSVIEW.c ****   va_list ParamList;
3328:./SystemView/SEGGER_SYSVIEW.c **** 
3329:./SystemView/SEGGER_SYSVIEW.c ****   va_start(ParamList, s);
 11974              		.loc 1 3329 3
 11975 0008 07F11403 		add	r3, r7, #20
 11976 000c 7B60     		str	r3, [r7, #4]
3330:./SystemView/SEGGER_SYSVIEW.c ****   _VPrintTarget(s, SEGGER_SYSVIEW_WARNING, &ParamList);
 11977              		.loc 1 3330 3
 11978 000e 3B1D     		adds	r3, r7, #4
 11979 0010 1A46     		mov	r2, r3
 11980 0012 0121     		movs	r1, #1
 11981 0014 3869     		ldr	r0, [r7, #16]
 11982 0016 FFF7FEFF 		bl	_VPrintTarget
3331:./SystemView/SEGGER_SYSVIEW.c ****   va_end(ParamList);
3332:./SystemView/SEGGER_SYSVIEW.c **** }
 11983              		.loc 1 3332 1
 11984 001a 00BF     		nop
 11985 001c 0837     		adds	r7, r7, #8
 11986              	.LCFI425:
 11987              		.cfi_def_cfa_offset 24
 11988 001e BD46     		mov	sp, r7
 11989              	.LCFI426:
 11990              		.cfi_def_cfa_register 13
 11991              		@ sp needed
 11992 0020 BDE88040 		pop	{r7, lr}
 11993              	.LCFI427:
 11994              		.cfi_restore 14
 11995              		.cfi_restore 7
 11996              		.cfi_def_cfa_offset 16
 11997 0024 04B0     		add	sp, sp, #16
 11998              	.LCFI428:
 11999              		.cfi_restore 3
 12000              		.cfi_restore 2
 12001              		.cfi_restore 1
 12002              		.cfi_restore 0
 12003              		.cfi_def_cfa_offset 0
 12004 0026 7047     		bx	lr
 12005              		.cfi_endproc
 12006              	.LFE80:
 12008              		.section	.text.SEGGER_SYSVIEW_VWarnfTarget,"ax",%progbits
 12009              		.align	1
 12010              		.global	SEGGER_SYSVIEW_VWarnfTarget
 12011              		.syntax unified
 12012              		.thumb
ARM GAS  /var/folders/yl/_q9l42k90g1g4mdhbs226msm0000gn/T//ccxj18A8.s 			page 268


 12013              		.thumb_func
 12015              	SEGGER_SYSVIEW_VWarnfTarget:
 12016              	.LFB81:
3333:./SystemView/SEGGER_SYSVIEW.c **** 
3334:./SystemView/SEGGER_SYSVIEW.c **** /*********************************************************************
3335:./SystemView/SEGGER_SYSVIEW.c **** *
3336:./SystemView/SEGGER_SYSVIEW.c **** *       SEGGER_SYSVIEW_VWarnfTarget()
3337:./SystemView/SEGGER_SYSVIEW.c **** *
3338:./SystemView/SEGGER_SYSVIEW.c **** *  Function description
3339:./SystemView/SEGGER_SYSVIEW.c **** *    Print a warning string which is formatted on the target before
3340:./SystemView/SEGGER_SYSVIEW.c **** *    sent to the host.
3341:./SystemView/SEGGER_SYSVIEW.c **** *
3342:./SystemView/SEGGER_SYSVIEW.c **** *  Parameters
3343:./SystemView/SEGGER_SYSVIEW.c **** *    s          - String to be formatted.
3344:./SystemView/SEGGER_SYSVIEW.c **** *    pParamList - Pointer to the list of arguments for the format string
3345:./SystemView/SEGGER_SYSVIEW.c **** */
3346:./SystemView/SEGGER_SYSVIEW.c **** void SEGGER_SYSVIEW_VWarnfTarget(const char* s, va_list* pParamList) {
 12017              		.loc 1 3346 70
 12018              		.cfi_startproc
 12019              		@ args = 0, pretend = 0, frame = 8
 12020              		@ frame_needed = 1, uses_anonymous_args = 0
 12021 0000 80B5     		push	{r7, lr}
 12022              	.LCFI429:
 12023              		.cfi_def_cfa_offset 8
 12024              		.cfi_offset 7, -8
 12025              		.cfi_offset 14, -4
 12026 0002 82B0     		sub	sp, sp, #8
 12027              	.LCFI430:
 12028              		.cfi_def_cfa_offset 16
 12029 0004 00AF     		add	r7, sp, #0
 12030              	.LCFI431:
 12031              		.cfi_def_cfa_register 7
 12032 0006 7860     		str	r0, [r7, #4]
 12033 0008 3960     		str	r1, [r7]
3347:./SystemView/SEGGER_SYSVIEW.c ****   _VPrintTarget(s, SEGGER_SYSVIEW_WARNING, pParamList);
 12034              		.loc 1 3347 3
 12035 000a 3A68     		ldr	r2, [r7]
 12036 000c 0121     		movs	r1, #1
 12037 000e 7868     		ldr	r0, [r7, #4]
 12038 0010 FFF7FEFF 		bl	_VPrintTarget
3348:./SystemView/SEGGER_SYSVIEW.c **** }
 12039              		.loc 1 3348 1
 12040 0014 00BF     		nop
 12041 0016 0837     		adds	r7, r7, #8
 12042              	.LCFI432:
 12043              		.cfi_def_cfa_offset 8
 12044 0018 BD46     		mov	sp, r7
 12045              	.LCFI433:
 12046              		.cfi_def_cfa_register 13
 12047              		@ sp needed
 12048 001a 80BD     		pop	{r7, pc}
 12049              		.cfi_endproc
 12050              	.LFE81:
 12052              		.section	.text.SEGGER_SYSVIEW_ErrorfTarget,"ax",%progbits
 12053              		.align	1
 12054              		.global	SEGGER_SYSVIEW_ErrorfTarget
 12055              		.syntax unified
ARM GAS  /var/folders/yl/_q9l42k90g1g4mdhbs226msm0000gn/T//ccxj18A8.s 			page 269


 12056              		.thumb
 12057              		.thumb_func
 12059              	SEGGER_SYSVIEW_ErrorfTarget:
 12060              	.LFB82:
3349:./SystemView/SEGGER_SYSVIEW.c **** 
3350:./SystemView/SEGGER_SYSVIEW.c **** /*********************************************************************
3351:./SystemView/SEGGER_SYSVIEW.c **** *
3352:./SystemView/SEGGER_SYSVIEW.c **** *       SEGGER_SYSVIEW_ErrorfTarget()
3353:./SystemView/SEGGER_SYSVIEW.c **** *
3354:./SystemView/SEGGER_SYSVIEW.c **** *  Function description
3355:./SystemView/SEGGER_SYSVIEW.c **** *    Print an error string which is formatted on the target before
3356:./SystemView/SEGGER_SYSVIEW.c **** *    sent to the host.
3357:./SystemView/SEGGER_SYSVIEW.c **** *
3358:./SystemView/SEGGER_SYSVIEW.c **** *  Parameters
3359:./SystemView/SEGGER_SYSVIEW.c **** *    s        - String to be formatted.
3360:./SystemView/SEGGER_SYSVIEW.c **** */
3361:./SystemView/SEGGER_SYSVIEW.c **** void SEGGER_SYSVIEW_ErrorfTarget(const char* s, ...) {
 12061              		.loc 1 3361 54
 12062              		.cfi_startproc
 12063              		@ args = 4, pretend = 16, frame = 8
 12064              		@ frame_needed = 1, uses_anonymous_args = 1
 12065 0000 0FB4     		push	{r0, r1, r2, r3}
 12066              	.LCFI434:
 12067              		.cfi_def_cfa_offset 16
 12068              		.cfi_offset 0, -16
 12069              		.cfi_offset 1, -12
 12070              		.cfi_offset 2, -8
 12071              		.cfi_offset 3, -4
 12072 0002 80B5     		push	{r7, lr}
 12073              	.LCFI435:
 12074              		.cfi_def_cfa_offset 24
 12075              		.cfi_offset 7, -24
 12076              		.cfi_offset 14, -20
 12077 0004 82B0     		sub	sp, sp, #8
 12078              	.LCFI436:
 12079              		.cfi_def_cfa_offset 32
 12080 0006 00AF     		add	r7, sp, #0
 12081              	.LCFI437:
 12082              		.cfi_def_cfa_register 7
3362:./SystemView/SEGGER_SYSVIEW.c ****   va_list ParamList;
3363:./SystemView/SEGGER_SYSVIEW.c **** 
3364:./SystemView/SEGGER_SYSVIEW.c ****   va_start(ParamList, s);
 12083              		.loc 1 3364 3
 12084 0008 07F11403 		add	r3, r7, #20
 12085 000c 7B60     		str	r3, [r7, #4]
3365:./SystemView/SEGGER_SYSVIEW.c ****   _VPrintTarget(s, SEGGER_SYSVIEW_ERROR, &ParamList);
 12086              		.loc 1 3365 3
 12087 000e 3B1D     		adds	r3, r7, #4
 12088 0010 1A46     		mov	r2, r3
 12089 0012 0221     		movs	r1, #2
 12090 0014 3869     		ldr	r0, [r7, #16]
 12091 0016 FFF7FEFF 		bl	_VPrintTarget
3366:./SystemView/SEGGER_SYSVIEW.c ****   va_end(ParamList);
3367:./SystemView/SEGGER_SYSVIEW.c **** }
 12092              		.loc 1 3367 1
 12093 001a 00BF     		nop
 12094 001c 0837     		adds	r7, r7, #8
ARM GAS  /var/folders/yl/_q9l42k90g1g4mdhbs226msm0000gn/T//ccxj18A8.s 			page 270


 12095              	.LCFI438:
 12096              		.cfi_def_cfa_offset 24
 12097 001e BD46     		mov	sp, r7
 12098              	.LCFI439:
 12099              		.cfi_def_cfa_register 13
 12100              		@ sp needed
 12101 0020 BDE88040 		pop	{r7, lr}
 12102              	.LCFI440:
 12103              		.cfi_restore 14
 12104              		.cfi_restore 7
 12105              		.cfi_def_cfa_offset 16
 12106 0024 04B0     		add	sp, sp, #16
 12107              	.LCFI441:
 12108              		.cfi_restore 3
 12109              		.cfi_restore 2
 12110              		.cfi_restore 1
 12111              		.cfi_restore 0
 12112              		.cfi_def_cfa_offset 0
 12113 0026 7047     		bx	lr
 12114              		.cfi_endproc
 12115              	.LFE82:
 12117              		.section	.text.SEGGER_SYSVIEW_VErrorfTarget,"ax",%progbits
 12118              		.align	1
 12119              		.global	SEGGER_SYSVIEW_VErrorfTarget
 12120              		.syntax unified
 12121              		.thumb
 12122              		.thumb_func
 12124              	SEGGER_SYSVIEW_VErrorfTarget:
 12125              	.LFB83:
3368:./SystemView/SEGGER_SYSVIEW.c **** 
3369:./SystemView/SEGGER_SYSVIEW.c **** /*********************************************************************
3370:./SystemView/SEGGER_SYSVIEW.c **** *
3371:./SystemView/SEGGER_SYSVIEW.c **** *       SEGGER_SYSVIEW_VErrorfTarget()
3372:./SystemView/SEGGER_SYSVIEW.c **** *
3373:./SystemView/SEGGER_SYSVIEW.c **** *  Function description
3374:./SystemView/SEGGER_SYSVIEW.c **** *    Print an error string which is formatted on the target before
3375:./SystemView/SEGGER_SYSVIEW.c **** *    sent to the host.
3376:./SystemView/SEGGER_SYSVIEW.c **** *
3377:./SystemView/SEGGER_SYSVIEW.c **** *  Parameters
3378:./SystemView/SEGGER_SYSVIEW.c **** *    s          - String to be formatted.
3379:./SystemView/SEGGER_SYSVIEW.c **** *    pParamList - Pointer to the list of arguments for the format string
3380:./SystemView/SEGGER_SYSVIEW.c **** */
3381:./SystemView/SEGGER_SYSVIEW.c **** void SEGGER_SYSVIEW_VErrorfTarget(const char* s, va_list* pParamList) {
 12126              		.loc 1 3381 71
 12127              		.cfi_startproc
 12128              		@ args = 0, pretend = 0, frame = 8
 12129              		@ frame_needed = 1, uses_anonymous_args = 0
 12130 0000 80B5     		push	{r7, lr}
 12131              	.LCFI442:
 12132              		.cfi_def_cfa_offset 8
 12133              		.cfi_offset 7, -8
 12134              		.cfi_offset 14, -4
 12135 0002 82B0     		sub	sp, sp, #8
 12136              	.LCFI443:
 12137              		.cfi_def_cfa_offset 16
 12138 0004 00AF     		add	r7, sp, #0
 12139              	.LCFI444:
ARM GAS  /var/folders/yl/_q9l42k90g1g4mdhbs226msm0000gn/T//ccxj18A8.s 			page 271


 12140              		.cfi_def_cfa_register 7
 12141 0006 7860     		str	r0, [r7, #4]
 12142 0008 3960     		str	r1, [r7]
3382:./SystemView/SEGGER_SYSVIEW.c ****   _VPrintTarget(s, SEGGER_SYSVIEW_ERROR, pParamList);
 12143              		.loc 1 3382 3
 12144 000a 3A68     		ldr	r2, [r7]
 12145 000c 0221     		movs	r1, #2
 12146 000e 7868     		ldr	r0, [r7, #4]
 12147 0010 FFF7FEFF 		bl	_VPrintTarget
3383:./SystemView/SEGGER_SYSVIEW.c **** }
 12148              		.loc 1 3383 1
 12149 0014 00BF     		nop
 12150 0016 0837     		adds	r7, r7, #8
 12151              	.LCFI445:
 12152              		.cfi_def_cfa_offset 8
 12153 0018 BD46     		mov	sp, r7
 12154              	.LCFI446:
 12155              		.cfi_def_cfa_register 13
 12156              		@ sp needed
 12157 001a 80BD     		pop	{r7, pc}
 12158              		.cfi_endproc
 12159              	.LFE83:
 12161              		.section	.text.SEGGER_SYSVIEW_Print,"ax",%progbits
 12162              		.align	1
 12163              		.global	SEGGER_SYSVIEW_Print
 12164              		.syntax unified
 12165              		.thumb
 12166              		.thumb_func
 12168              	SEGGER_SYSVIEW_Print:
 12169              	.LFB84:
3384:./SystemView/SEGGER_SYSVIEW.c **** #endif // SEGGER_SYSVIEW_EXCLUDE_PRINTF
3385:./SystemView/SEGGER_SYSVIEW.c **** 
3386:./SystemView/SEGGER_SYSVIEW.c **** /*********************************************************************
3387:./SystemView/SEGGER_SYSVIEW.c **** *
3388:./SystemView/SEGGER_SYSVIEW.c **** *       SEGGER_SYSVIEW_Print()
3389:./SystemView/SEGGER_SYSVIEW.c **** *
3390:./SystemView/SEGGER_SYSVIEW.c **** *  Function description
3391:./SystemView/SEGGER_SYSVIEW.c **** *    Print a string to the host.
3392:./SystemView/SEGGER_SYSVIEW.c **** *
3393:./SystemView/SEGGER_SYSVIEW.c **** *  Parameters
3394:./SystemView/SEGGER_SYSVIEW.c **** *    s        - String to sent.
3395:./SystemView/SEGGER_SYSVIEW.c **** */
3396:./SystemView/SEGGER_SYSVIEW.c **** void SEGGER_SYSVIEW_Print(const char* s) {
 12170              		.loc 1 3396 42
 12171              		.cfi_startproc
 12172              		@ args = 0, pretend = 0, frame = 40
 12173              		@ frame_needed = 1, uses_anonymous_args = 0
 12174 0000 80B5     		push	{r7, lr}
 12175              	.LCFI447:
 12176              		.cfi_def_cfa_offset 8
 12177              		.cfi_offset 7, -8
 12178              		.cfi_offset 14, -4
 12179 0002 8AB0     		sub	sp, sp, #40
 12180              	.LCFI448:
 12181              		.cfi_def_cfa_offset 48
 12182 0004 00AF     		add	r7, sp, #0
 12183              	.LCFI449:
ARM GAS  /var/folders/yl/_q9l42k90g1g4mdhbs226msm0000gn/T//ccxj18A8.s 			page 272


 12184              		.cfi_def_cfa_register 7
 12185 0006 7860     		str	r0, [r7, #4]
 12186              	.LBB180:
3397:./SystemView/SEGGER_SYSVIEW.c ****   U8* pPayload;
3398:./SystemView/SEGGER_SYSVIEW.c ****   U8* pPayloadStart;
3399:./SystemView/SEGGER_SYSVIEW.c ****   RECORD_START(SEGGER_SYSVIEW_INFO_SIZE + 2 * SEGGER_SYSVIEW_QUANTA_U32 + SEGGER_SYSVIEW_MAX_STRING
 12187              		.loc 1 3399 3
 12188              		.syntax unified
 12189              	@ 3399 "./SystemView/SEGGER_SYSVIEW.c" 1
 12190 0008 EFF31183 		mrs   r3, basepri  
 12191 000c 4FF02001 		mov   r1, #32       
 12192 0010 81F31188 		msr   basepri, r1  
 12193              		
 12194              	@ 0 "" 2
 12195              		.thumb
 12196              		.syntax unified
 12197 0014 7B61     		str	r3, [r7, #20]
 12198 0016 2748     		ldr	r0, .L631
 12199 0018 FFF7FEFF 		bl	_PreparePacket
 12200 001c 3861     		str	r0, [r7, #16]
3400:./SystemView/SEGGER_SYSVIEW.c ****   //
3401:./SystemView/SEGGER_SYSVIEW.c ****   pPayload = _EncodeStr(pPayloadStart, s, SEGGER_SYSVIEW_MAX_STRING_LEN);
 12201              		.loc 1 3401 14
 12202 001e 8022     		movs	r2, #128
 12203 0020 7968     		ldr	r1, [r7, #4]
 12204 0022 3869     		ldr	r0, [r7, #16]
 12205 0024 FFF7FEFF 		bl	_EncodeStr
 12206 0028 F860     		str	r0, [r7, #12]
 12207              	.LBB181:
3402:./SystemView/SEGGER_SYSVIEW.c ****   ENCODE_U32(pPayload, SEGGER_SYSVIEW_LOG);
 12208              		.loc 1 3402 3
 12209 002a FB68     		ldr	r3, [r7, #12]
 12210 002c 7B62     		str	r3, [r7, #36]
 12211 002e 0023     		movs	r3, #0
 12212 0030 3B62     		str	r3, [r7, #32]
 12213 0032 0BE0     		b	.L627
 12214              	.L628:
 12215              		.loc 1 3402 3 is_stmt 0 discriminator 3
 12216 0034 3B6A     		ldr	r3, [r7, #32]
 12217 0036 DAB2     		uxtb	r2, r3
 12218 0038 7B6A     		ldr	r3, [r7, #36]
 12219 003a 591C     		adds	r1, r3, #1
 12220 003c 7962     		str	r1, [r7, #36]
 12221 003e 62F07F02 		orn	r2, r2, #127
 12222 0042 D2B2     		uxtb	r2, r2
 12223 0044 1A70     		strb	r2, [r3]
 12224 0046 3B6A     		ldr	r3, [r7, #32]
 12225 0048 DB09     		lsrs	r3, r3, #7
 12226 004a 3B62     		str	r3, [r7, #32]
 12227              	.L627:
 12228              		.loc 1 3402 3 discriminator 1
 12229 004c 3B6A     		ldr	r3, [r7, #32]
 12230 004e 7F2B     		cmp	r3, #127
 12231 0050 F0D8     		bhi	.L628
 12232              		.loc 1 3402 3 discriminator 4
 12233 0052 7B6A     		ldr	r3, [r7, #36]
 12234 0054 5A1C     		adds	r2, r3, #1
ARM GAS  /var/folders/yl/_q9l42k90g1g4mdhbs226msm0000gn/T//ccxj18A8.s 			page 273


 12235 0056 7A62     		str	r2, [r7, #36]
 12236 0058 3A6A     		ldr	r2, [r7, #32]
 12237 005a D2B2     		uxtb	r2, r2
 12238 005c 1A70     		strb	r2, [r3]
 12239 005e 7B6A     		ldr	r3, [r7, #36]
 12240 0060 FB60     		str	r3, [r7, #12]
 12241              	.LBE181:
 12242              	.LBB182:
3403:./SystemView/SEGGER_SYSVIEW.c ****   ENCODE_U32(pPayload, 0);
 12243              		.loc 1 3403 3 is_stmt 1 discriminator 4
 12244 0062 FB68     		ldr	r3, [r7, #12]
 12245 0064 FB61     		str	r3, [r7, #28]
 12246 0066 0023     		movs	r3, #0
 12247 0068 BB61     		str	r3, [r7, #24]
 12248 006a 0BE0     		b	.L629
 12249              	.L630:
 12250              		.loc 1 3403 3 is_stmt 0 discriminator 3
 12251 006c BB69     		ldr	r3, [r7, #24]
 12252 006e DAB2     		uxtb	r2, r3
 12253 0070 FB69     		ldr	r3, [r7, #28]
 12254 0072 591C     		adds	r1, r3, #1
 12255 0074 F961     		str	r1, [r7, #28]
 12256 0076 62F07F02 		orn	r2, r2, #127
 12257 007a D2B2     		uxtb	r2, r2
 12258 007c 1A70     		strb	r2, [r3]
 12259 007e BB69     		ldr	r3, [r7, #24]
 12260 0080 DB09     		lsrs	r3, r3, #7
 12261 0082 BB61     		str	r3, [r7, #24]
 12262              	.L629:
 12263              		.loc 1 3403 3 discriminator 1
 12264 0084 BB69     		ldr	r3, [r7, #24]
 12265 0086 7F2B     		cmp	r3, #127
 12266 0088 F0D8     		bhi	.L630
 12267              		.loc 1 3403 3 discriminator 4
 12268 008a FB69     		ldr	r3, [r7, #28]
 12269 008c 5A1C     		adds	r2, r3, #1
 12270 008e FA61     		str	r2, [r7, #28]
 12271 0090 BA69     		ldr	r2, [r7, #24]
 12272 0092 D2B2     		uxtb	r2, r2
 12273 0094 1A70     		strb	r2, [r3]
 12274 0096 FB69     		ldr	r3, [r7, #28]
 12275 0098 FB60     		str	r3, [r7, #12]
 12276              	.LBE182:
3404:./SystemView/SEGGER_SYSVIEW.c ****   _SendPacket(pPayloadStart, pPayload, SYSVIEW_EVTID_PRINT_FORMATTED);
 12277              		.loc 1 3404 3 is_stmt 1 discriminator 4
 12278 009a 1A22     		movs	r2, #26
 12279 009c F968     		ldr	r1, [r7, #12]
 12280 009e 3869     		ldr	r0, [r7, #16]
 12281 00a0 FFF7FEFF 		bl	_SendPacket
3405:./SystemView/SEGGER_SYSVIEW.c ****   RECORD_END();
 12282              		.loc 1 3405 3 discriminator 4
 12283 00a4 7B69     		ldr	r3, [r7, #20]
 12284              		.syntax unified
 12285              	@ 3405 "./SystemView/SEGGER_SYSVIEW.c" 1
 12286 00a6 83F31188 		msr   basepri, r3  
 12287              		
 12288              	@ 0 "" 2
ARM GAS  /var/folders/yl/_q9l42k90g1g4mdhbs226msm0000gn/T//ccxj18A8.s 			page 274


 12289              		.thumb
 12290              		.syntax unified
 12291              	.LBE180:
3406:./SystemView/SEGGER_SYSVIEW.c **** }
 12292              		.loc 1 3406 1 discriminator 4
 12293 00aa 00BF     		nop
 12294 00ac 2837     		adds	r7, r7, #40
 12295              	.LCFI450:
 12296              		.cfi_def_cfa_offset 8
 12297 00ae BD46     		mov	sp, r7
 12298              	.LCFI451:
 12299              		.cfi_def_cfa_register 13
 12300              		@ sp needed
 12301 00b0 80BD     		pop	{r7, pc}
 12302              	.L632:
 12303 00b2 00BF     		.align	2
 12304              	.L631:
 12305 00b4 00000000 		.word	_aPacket
 12306              		.cfi_endproc
 12307              	.LFE84:
 12309              		.section	.text.SEGGER_SYSVIEW_Warn,"ax",%progbits
 12310              		.align	1
 12311              		.global	SEGGER_SYSVIEW_Warn
 12312              		.syntax unified
 12313              		.thumb
 12314              		.thumb_func
 12316              	SEGGER_SYSVIEW_Warn:
 12317              	.LFB85:
3407:./SystemView/SEGGER_SYSVIEW.c **** 
3408:./SystemView/SEGGER_SYSVIEW.c **** /*********************************************************************
3409:./SystemView/SEGGER_SYSVIEW.c **** *
3410:./SystemView/SEGGER_SYSVIEW.c **** *       SEGGER_SYSVIEW_Warn()
3411:./SystemView/SEGGER_SYSVIEW.c **** *
3412:./SystemView/SEGGER_SYSVIEW.c **** *  Function description
3413:./SystemView/SEGGER_SYSVIEW.c **** *    Print a warning string to the host.
3414:./SystemView/SEGGER_SYSVIEW.c **** *
3415:./SystemView/SEGGER_SYSVIEW.c **** *  Parameters
3416:./SystemView/SEGGER_SYSVIEW.c **** *    s        - String to sent.
3417:./SystemView/SEGGER_SYSVIEW.c **** */
3418:./SystemView/SEGGER_SYSVIEW.c **** void SEGGER_SYSVIEW_Warn(const char* s) {
 12318              		.loc 1 3418 41
 12319              		.cfi_startproc
 12320              		@ args = 0, pretend = 0, frame = 40
 12321              		@ frame_needed = 1, uses_anonymous_args = 0
 12322 0000 80B5     		push	{r7, lr}
 12323              	.LCFI452:
 12324              		.cfi_def_cfa_offset 8
 12325              		.cfi_offset 7, -8
 12326              		.cfi_offset 14, -4
 12327 0002 8AB0     		sub	sp, sp, #40
 12328              	.LCFI453:
 12329              		.cfi_def_cfa_offset 48
 12330 0004 00AF     		add	r7, sp, #0
 12331              	.LCFI454:
 12332              		.cfi_def_cfa_register 7
 12333 0006 7860     		str	r0, [r7, #4]
 12334              	.LBB183:
ARM GAS  /var/folders/yl/_q9l42k90g1g4mdhbs226msm0000gn/T//ccxj18A8.s 			page 275


3419:./SystemView/SEGGER_SYSVIEW.c ****   U8* pPayload;
3420:./SystemView/SEGGER_SYSVIEW.c ****   U8* pPayloadStart;
3421:./SystemView/SEGGER_SYSVIEW.c ****   RECORD_START(SEGGER_SYSVIEW_INFO_SIZE + 2 * SEGGER_SYSVIEW_QUANTA_U32 + SEGGER_SYSVIEW_MAX_STRING
 12335              		.loc 1 3421 3
 12336              		.syntax unified
 12337              	@ 3421 "./SystemView/SEGGER_SYSVIEW.c" 1
 12338 0008 EFF31183 		mrs   r3, basepri  
 12339 000c 4FF02001 		mov   r1, #32       
 12340 0010 81F31188 		msr   basepri, r1  
 12341              		
 12342              	@ 0 "" 2
 12343              		.thumb
 12344              		.syntax unified
 12345 0014 7B61     		str	r3, [r7, #20]
 12346 0016 2748     		ldr	r0, .L638
 12347 0018 FFF7FEFF 		bl	_PreparePacket
 12348 001c 3861     		str	r0, [r7, #16]
3422:./SystemView/SEGGER_SYSVIEW.c ****   //
3423:./SystemView/SEGGER_SYSVIEW.c ****   pPayload = _EncodeStr(pPayloadStart, s, SEGGER_SYSVIEW_MAX_STRING_LEN);
 12349              		.loc 1 3423 14
 12350 001e 8022     		movs	r2, #128
 12351 0020 7968     		ldr	r1, [r7, #4]
 12352 0022 3869     		ldr	r0, [r7, #16]
 12353 0024 FFF7FEFF 		bl	_EncodeStr
 12354 0028 F860     		str	r0, [r7, #12]
 12355              	.LBB184:
3424:./SystemView/SEGGER_SYSVIEW.c ****   ENCODE_U32(pPayload, SEGGER_SYSVIEW_WARNING);
 12356              		.loc 1 3424 3
 12357 002a FB68     		ldr	r3, [r7, #12]
 12358 002c 7B62     		str	r3, [r7, #36]
 12359 002e 0123     		movs	r3, #1
 12360 0030 3B62     		str	r3, [r7, #32]
 12361 0032 0BE0     		b	.L634
 12362              	.L635:
 12363              		.loc 1 3424 3 is_stmt 0 discriminator 3
 12364 0034 3B6A     		ldr	r3, [r7, #32]
 12365 0036 DAB2     		uxtb	r2, r3
 12366 0038 7B6A     		ldr	r3, [r7, #36]
 12367 003a 591C     		adds	r1, r3, #1
 12368 003c 7962     		str	r1, [r7, #36]
 12369 003e 62F07F02 		orn	r2, r2, #127
 12370 0042 D2B2     		uxtb	r2, r2
 12371 0044 1A70     		strb	r2, [r3]
 12372 0046 3B6A     		ldr	r3, [r7, #32]
 12373 0048 DB09     		lsrs	r3, r3, #7
 12374 004a 3B62     		str	r3, [r7, #32]
 12375              	.L634:
 12376              		.loc 1 3424 3 discriminator 1
 12377 004c 3B6A     		ldr	r3, [r7, #32]
 12378 004e 7F2B     		cmp	r3, #127
 12379 0050 F0D8     		bhi	.L635
 12380              		.loc 1 3424 3 discriminator 4
 12381 0052 7B6A     		ldr	r3, [r7, #36]
 12382 0054 5A1C     		adds	r2, r3, #1
 12383 0056 7A62     		str	r2, [r7, #36]
 12384 0058 3A6A     		ldr	r2, [r7, #32]
 12385 005a D2B2     		uxtb	r2, r2
ARM GAS  /var/folders/yl/_q9l42k90g1g4mdhbs226msm0000gn/T//ccxj18A8.s 			page 276


 12386 005c 1A70     		strb	r2, [r3]
 12387 005e 7B6A     		ldr	r3, [r7, #36]
 12388 0060 FB60     		str	r3, [r7, #12]
 12389              	.LBE184:
 12390              	.LBB185:
3425:./SystemView/SEGGER_SYSVIEW.c ****   ENCODE_U32(pPayload, 0);
 12391              		.loc 1 3425 3 is_stmt 1 discriminator 4
 12392 0062 FB68     		ldr	r3, [r7, #12]
 12393 0064 FB61     		str	r3, [r7, #28]
 12394 0066 0023     		movs	r3, #0
 12395 0068 BB61     		str	r3, [r7, #24]
 12396 006a 0BE0     		b	.L636
 12397              	.L637:
 12398              		.loc 1 3425 3 is_stmt 0 discriminator 3
 12399 006c BB69     		ldr	r3, [r7, #24]
 12400 006e DAB2     		uxtb	r2, r3
 12401 0070 FB69     		ldr	r3, [r7, #28]
 12402 0072 591C     		adds	r1, r3, #1
 12403 0074 F961     		str	r1, [r7, #28]
 12404 0076 62F07F02 		orn	r2, r2, #127
 12405 007a D2B2     		uxtb	r2, r2
 12406 007c 1A70     		strb	r2, [r3]
 12407 007e BB69     		ldr	r3, [r7, #24]
 12408 0080 DB09     		lsrs	r3, r3, #7
 12409 0082 BB61     		str	r3, [r7, #24]
 12410              	.L636:
 12411              		.loc 1 3425 3 discriminator 1
 12412 0084 BB69     		ldr	r3, [r7, #24]
 12413 0086 7F2B     		cmp	r3, #127
 12414 0088 F0D8     		bhi	.L637
 12415              		.loc 1 3425 3 discriminator 4
 12416 008a FB69     		ldr	r3, [r7, #28]
 12417 008c 5A1C     		adds	r2, r3, #1
 12418 008e FA61     		str	r2, [r7, #28]
 12419 0090 BA69     		ldr	r2, [r7, #24]
 12420 0092 D2B2     		uxtb	r2, r2
 12421 0094 1A70     		strb	r2, [r3]
 12422 0096 FB69     		ldr	r3, [r7, #28]
 12423 0098 FB60     		str	r3, [r7, #12]
 12424              	.LBE185:
3426:./SystemView/SEGGER_SYSVIEW.c ****   _SendPacket(pPayloadStart, pPayload, SYSVIEW_EVTID_PRINT_FORMATTED);
 12425              		.loc 1 3426 3 is_stmt 1 discriminator 4
 12426 009a 1A22     		movs	r2, #26
 12427 009c F968     		ldr	r1, [r7, #12]
 12428 009e 3869     		ldr	r0, [r7, #16]
 12429 00a0 FFF7FEFF 		bl	_SendPacket
3427:./SystemView/SEGGER_SYSVIEW.c ****   RECORD_END();
 12430              		.loc 1 3427 3 discriminator 4
 12431 00a4 7B69     		ldr	r3, [r7, #20]
 12432              		.syntax unified
 12433              	@ 3427 "./SystemView/SEGGER_SYSVIEW.c" 1
 12434 00a6 83F31188 		msr   basepri, r3  
 12435              		
 12436              	@ 0 "" 2
 12437              		.thumb
 12438              		.syntax unified
 12439              	.LBE183:
ARM GAS  /var/folders/yl/_q9l42k90g1g4mdhbs226msm0000gn/T//ccxj18A8.s 			page 277


3428:./SystemView/SEGGER_SYSVIEW.c **** }
 12440              		.loc 1 3428 1 discriminator 4
 12441 00aa 00BF     		nop
 12442 00ac 2837     		adds	r7, r7, #40
 12443              	.LCFI455:
 12444              		.cfi_def_cfa_offset 8
 12445 00ae BD46     		mov	sp, r7
 12446              	.LCFI456:
 12447              		.cfi_def_cfa_register 13
 12448              		@ sp needed
 12449 00b0 80BD     		pop	{r7, pc}
 12450              	.L639:
 12451 00b2 00BF     		.align	2
 12452              	.L638:
 12453 00b4 00000000 		.word	_aPacket
 12454              		.cfi_endproc
 12455              	.LFE85:
 12457              		.section	.text.SEGGER_SYSVIEW_Error,"ax",%progbits
 12458              		.align	1
 12459              		.global	SEGGER_SYSVIEW_Error
 12460              		.syntax unified
 12461              		.thumb
 12462              		.thumb_func
 12464              	SEGGER_SYSVIEW_Error:
 12465              	.LFB86:
3429:./SystemView/SEGGER_SYSVIEW.c **** 
3430:./SystemView/SEGGER_SYSVIEW.c **** /*********************************************************************
3431:./SystemView/SEGGER_SYSVIEW.c **** *
3432:./SystemView/SEGGER_SYSVIEW.c **** *       SEGGER_SYSVIEW_Error()
3433:./SystemView/SEGGER_SYSVIEW.c **** *
3434:./SystemView/SEGGER_SYSVIEW.c **** *  Function description
3435:./SystemView/SEGGER_SYSVIEW.c **** *    Print an error string to the host.
3436:./SystemView/SEGGER_SYSVIEW.c **** *
3437:./SystemView/SEGGER_SYSVIEW.c **** *  Parameters
3438:./SystemView/SEGGER_SYSVIEW.c **** *    s        - String to sent.
3439:./SystemView/SEGGER_SYSVIEW.c **** */
3440:./SystemView/SEGGER_SYSVIEW.c **** void SEGGER_SYSVIEW_Error(const char* s) {
 12466              		.loc 1 3440 42
 12467              		.cfi_startproc
 12468              		@ args = 0, pretend = 0, frame = 40
 12469              		@ frame_needed = 1, uses_anonymous_args = 0
 12470 0000 80B5     		push	{r7, lr}
 12471              	.LCFI457:
 12472              		.cfi_def_cfa_offset 8
 12473              		.cfi_offset 7, -8
 12474              		.cfi_offset 14, -4
 12475 0002 8AB0     		sub	sp, sp, #40
 12476              	.LCFI458:
 12477              		.cfi_def_cfa_offset 48
 12478 0004 00AF     		add	r7, sp, #0
 12479              	.LCFI459:
 12480              		.cfi_def_cfa_register 7
 12481 0006 7860     		str	r0, [r7, #4]
 12482              	.LBB186:
3441:./SystemView/SEGGER_SYSVIEW.c ****   U8* pPayload;
3442:./SystemView/SEGGER_SYSVIEW.c ****   U8* pPayloadStart;
3443:./SystemView/SEGGER_SYSVIEW.c ****   RECORD_START(SEGGER_SYSVIEW_INFO_SIZE + 2 * SEGGER_SYSVIEW_QUANTA_U32 + SEGGER_SYSVIEW_MAX_STRING
ARM GAS  /var/folders/yl/_q9l42k90g1g4mdhbs226msm0000gn/T//ccxj18A8.s 			page 278


 12483              		.loc 1 3443 3
 12484              		.syntax unified
 12485              	@ 3443 "./SystemView/SEGGER_SYSVIEW.c" 1
 12486 0008 EFF31183 		mrs   r3, basepri  
 12487 000c 4FF02001 		mov   r1, #32       
 12488 0010 81F31188 		msr   basepri, r1  
 12489              		
 12490              	@ 0 "" 2
 12491              		.thumb
 12492              		.syntax unified
 12493 0014 7B61     		str	r3, [r7, #20]
 12494 0016 2748     		ldr	r0, .L645
 12495 0018 FFF7FEFF 		bl	_PreparePacket
 12496 001c 3861     		str	r0, [r7, #16]
3444:./SystemView/SEGGER_SYSVIEW.c ****   //
3445:./SystemView/SEGGER_SYSVIEW.c ****   pPayload = _EncodeStr(pPayloadStart, s, SEGGER_SYSVIEW_MAX_STRING_LEN);
 12497              		.loc 1 3445 14
 12498 001e 8022     		movs	r2, #128
 12499 0020 7968     		ldr	r1, [r7, #4]
 12500 0022 3869     		ldr	r0, [r7, #16]
 12501 0024 FFF7FEFF 		bl	_EncodeStr
 12502 0028 F860     		str	r0, [r7, #12]
 12503              	.LBB187:
3446:./SystemView/SEGGER_SYSVIEW.c ****   ENCODE_U32(pPayload, SEGGER_SYSVIEW_ERROR);
 12504              		.loc 1 3446 3
 12505 002a FB68     		ldr	r3, [r7, #12]
 12506 002c 7B62     		str	r3, [r7, #36]
 12507 002e 0223     		movs	r3, #2
 12508 0030 3B62     		str	r3, [r7, #32]
 12509 0032 0BE0     		b	.L641
 12510              	.L642:
 12511              		.loc 1 3446 3 is_stmt 0 discriminator 3
 12512 0034 3B6A     		ldr	r3, [r7, #32]
 12513 0036 DAB2     		uxtb	r2, r3
 12514 0038 7B6A     		ldr	r3, [r7, #36]
 12515 003a 591C     		adds	r1, r3, #1
 12516 003c 7962     		str	r1, [r7, #36]
 12517 003e 62F07F02 		orn	r2, r2, #127
 12518 0042 D2B2     		uxtb	r2, r2
 12519 0044 1A70     		strb	r2, [r3]
 12520 0046 3B6A     		ldr	r3, [r7, #32]
 12521 0048 DB09     		lsrs	r3, r3, #7
 12522 004a 3B62     		str	r3, [r7, #32]
 12523              	.L641:
 12524              		.loc 1 3446 3 discriminator 1
 12525 004c 3B6A     		ldr	r3, [r7, #32]
 12526 004e 7F2B     		cmp	r3, #127
 12527 0050 F0D8     		bhi	.L642
 12528              		.loc 1 3446 3 discriminator 4
 12529 0052 7B6A     		ldr	r3, [r7, #36]
 12530 0054 5A1C     		adds	r2, r3, #1
 12531 0056 7A62     		str	r2, [r7, #36]
 12532 0058 3A6A     		ldr	r2, [r7, #32]
 12533 005a D2B2     		uxtb	r2, r2
 12534 005c 1A70     		strb	r2, [r3]
 12535 005e 7B6A     		ldr	r3, [r7, #36]
 12536 0060 FB60     		str	r3, [r7, #12]
ARM GAS  /var/folders/yl/_q9l42k90g1g4mdhbs226msm0000gn/T//ccxj18A8.s 			page 279


 12537              	.LBE187:
 12538              	.LBB188:
3447:./SystemView/SEGGER_SYSVIEW.c ****   ENCODE_U32(pPayload, 0);
 12539              		.loc 1 3447 3 is_stmt 1 discriminator 4
 12540 0062 FB68     		ldr	r3, [r7, #12]
 12541 0064 FB61     		str	r3, [r7, #28]
 12542 0066 0023     		movs	r3, #0
 12543 0068 BB61     		str	r3, [r7, #24]
 12544 006a 0BE0     		b	.L643
 12545              	.L644:
 12546              		.loc 1 3447 3 is_stmt 0 discriminator 3
 12547 006c BB69     		ldr	r3, [r7, #24]
 12548 006e DAB2     		uxtb	r2, r3
 12549 0070 FB69     		ldr	r3, [r7, #28]
 12550 0072 591C     		adds	r1, r3, #1
 12551 0074 F961     		str	r1, [r7, #28]
 12552 0076 62F07F02 		orn	r2, r2, #127
 12553 007a D2B2     		uxtb	r2, r2
 12554 007c 1A70     		strb	r2, [r3]
 12555 007e BB69     		ldr	r3, [r7, #24]
 12556 0080 DB09     		lsrs	r3, r3, #7
 12557 0082 BB61     		str	r3, [r7, #24]
 12558              	.L643:
 12559              		.loc 1 3447 3 discriminator 1
 12560 0084 BB69     		ldr	r3, [r7, #24]
 12561 0086 7F2B     		cmp	r3, #127
 12562 0088 F0D8     		bhi	.L644
 12563              		.loc 1 3447 3 discriminator 4
 12564 008a FB69     		ldr	r3, [r7, #28]
 12565 008c 5A1C     		adds	r2, r3, #1
 12566 008e FA61     		str	r2, [r7, #28]
 12567 0090 BA69     		ldr	r2, [r7, #24]
 12568 0092 D2B2     		uxtb	r2, r2
 12569 0094 1A70     		strb	r2, [r3]
 12570 0096 FB69     		ldr	r3, [r7, #28]
 12571 0098 FB60     		str	r3, [r7, #12]
 12572              	.LBE188:
3448:./SystemView/SEGGER_SYSVIEW.c ****   _SendPacket(pPayloadStart, pPayload, SYSVIEW_EVTID_PRINT_FORMATTED);
 12573              		.loc 1 3448 3 is_stmt 1 discriminator 4
 12574 009a 1A22     		movs	r2, #26
 12575 009c F968     		ldr	r1, [r7, #12]
 12576 009e 3869     		ldr	r0, [r7, #16]
 12577 00a0 FFF7FEFF 		bl	_SendPacket
3449:./SystemView/SEGGER_SYSVIEW.c ****   RECORD_END();
 12578              		.loc 1 3449 3 discriminator 4
 12579 00a4 7B69     		ldr	r3, [r7, #20]
 12580              		.syntax unified
 12581              	@ 3449 "./SystemView/SEGGER_SYSVIEW.c" 1
 12582 00a6 83F31188 		msr   basepri, r3  
 12583              		
 12584              	@ 0 "" 2
 12585              		.thumb
 12586              		.syntax unified
 12587              	.LBE186:
3450:./SystemView/SEGGER_SYSVIEW.c **** }
 12588              		.loc 1 3450 1 discriminator 4
 12589 00aa 00BF     		nop
ARM GAS  /var/folders/yl/_q9l42k90g1g4mdhbs226msm0000gn/T//ccxj18A8.s 			page 280


 12590 00ac 2837     		adds	r7, r7, #40
 12591              	.LCFI460:
 12592              		.cfi_def_cfa_offset 8
 12593 00ae BD46     		mov	sp, r7
 12594              	.LCFI461:
 12595              		.cfi_def_cfa_register 13
 12596              		@ sp needed
 12597 00b0 80BD     		pop	{r7, pc}
 12598              	.L646:
 12599 00b2 00BF     		.align	2
 12600              	.L645:
 12601 00b4 00000000 		.word	_aPacket
 12602              		.cfi_endproc
 12603              	.LFE86:
 12605              		.section	.text.SEGGER_SYSVIEW_EnableEvents,"ax",%progbits
 12606              		.align	1
 12607              		.global	SEGGER_SYSVIEW_EnableEvents
 12608              		.syntax unified
 12609              		.thumb
 12610              		.thumb_func
 12612              	SEGGER_SYSVIEW_EnableEvents:
 12613              	.LFB87:
3451:./SystemView/SEGGER_SYSVIEW.c **** 
3452:./SystemView/SEGGER_SYSVIEW.c **** /*********************************************************************
3453:./SystemView/SEGGER_SYSVIEW.c **** *
3454:./SystemView/SEGGER_SYSVIEW.c **** *       SEGGER_SYSVIEW_EnableEvents()
3455:./SystemView/SEGGER_SYSVIEW.c **** *
3456:./SystemView/SEGGER_SYSVIEW.c **** *  Function description
3457:./SystemView/SEGGER_SYSVIEW.c **** *    Enable standard SystemView events to be generated.
3458:./SystemView/SEGGER_SYSVIEW.c **** *
3459:./SystemView/SEGGER_SYSVIEW.c **** *  Parameters
3460:./SystemView/SEGGER_SYSVIEW.c **** *    EnableMask   - Events to be enabled.
3461:./SystemView/SEGGER_SYSVIEW.c **** */
3462:./SystemView/SEGGER_SYSVIEW.c **** void SEGGER_SYSVIEW_EnableEvents(U32 EnableMask) {
 12614              		.loc 1 3462 50
 12615              		.cfi_startproc
 12616              		@ args = 0, pretend = 0, frame = 8
 12617              		@ frame_needed = 1, uses_anonymous_args = 0
 12618              		@ link register save eliminated.
 12619 0000 80B4     		push	{r7}
 12620              	.LCFI462:
 12621              		.cfi_def_cfa_offset 4
 12622              		.cfi_offset 7, -4
 12623 0002 83B0     		sub	sp, sp, #12
 12624              	.LCFI463:
 12625              		.cfi_def_cfa_offset 16
 12626 0004 00AF     		add	r7, sp, #0
 12627              	.LCFI464:
 12628              		.cfi_def_cfa_register 7
 12629 0006 7860     		str	r0, [r7, #4]
3463:./SystemView/SEGGER_SYSVIEW.c ****   _SYSVIEW_Globals.DisabledEvents &= ~EnableMask;
 12630              		.loc 1 3463 35
 12631 0008 064B     		ldr	r3, .L648
 12632 000a DA69     		ldr	r2, [r3, #28]
 12633              		.loc 1 3463 38
 12634 000c 7B68     		ldr	r3, [r7, #4]
 12635 000e DB43     		mvns	r3, r3
ARM GAS  /var/folders/yl/_q9l42k90g1g4mdhbs226msm0000gn/T//ccxj18A8.s 			page 281


 12636              		.loc 1 3463 35
 12637 0010 1340     		ands	r3, r3, r2
 12638 0012 044A     		ldr	r2, .L648
 12639 0014 D361     		str	r3, [r2, #28]
3464:./SystemView/SEGGER_SYSVIEW.c **** }
 12640              		.loc 1 3464 1
 12641 0016 00BF     		nop
 12642 0018 0C37     		adds	r7, r7, #12
 12643              	.LCFI465:
 12644              		.cfi_def_cfa_offset 4
 12645 001a BD46     		mov	sp, r7
 12646              	.LCFI466:
 12647              		.cfi_def_cfa_register 13
 12648              		@ sp needed
 12649 001c 5DF8047B 		ldr	r7, [sp], #4
 12650              	.LCFI467:
 12651              		.cfi_restore 7
 12652              		.cfi_def_cfa_offset 0
 12653 0020 7047     		bx	lr
 12654              	.L649:
 12655 0022 00BF     		.align	2
 12656              	.L648:
 12657 0024 00000000 		.word	_SYSVIEW_Globals
 12658              		.cfi_endproc
 12659              	.LFE87:
 12661              		.section	.text.SEGGER_SYSVIEW_DisableEvents,"ax",%progbits
 12662              		.align	1
 12663              		.global	SEGGER_SYSVIEW_DisableEvents
 12664              		.syntax unified
 12665              		.thumb
 12666              		.thumb_func
 12668              	SEGGER_SYSVIEW_DisableEvents:
 12669              	.LFB88:
3465:./SystemView/SEGGER_SYSVIEW.c **** 
3466:./SystemView/SEGGER_SYSVIEW.c **** /*********************************************************************
3467:./SystemView/SEGGER_SYSVIEW.c **** *
3468:./SystemView/SEGGER_SYSVIEW.c **** *       SEGGER_SYSVIEW_DisableEvents()
3469:./SystemView/SEGGER_SYSVIEW.c **** *
3470:./SystemView/SEGGER_SYSVIEW.c **** *  Function description
3471:./SystemView/SEGGER_SYSVIEW.c **** *    Disable standard SystemView events to not be generated.
3472:./SystemView/SEGGER_SYSVIEW.c **** *
3473:./SystemView/SEGGER_SYSVIEW.c **** *  Parameters
3474:./SystemView/SEGGER_SYSVIEW.c **** *    DisableMask  - Events to be disabled.
3475:./SystemView/SEGGER_SYSVIEW.c **** */
3476:./SystemView/SEGGER_SYSVIEW.c **** void SEGGER_SYSVIEW_DisableEvents(U32 DisableMask) {
 12670              		.loc 1 3476 52
 12671              		.cfi_startproc
 12672              		@ args = 0, pretend = 0, frame = 8
 12673              		@ frame_needed = 1, uses_anonymous_args = 0
 12674              		@ link register save eliminated.
 12675 0000 80B4     		push	{r7}
 12676              	.LCFI468:
 12677              		.cfi_def_cfa_offset 4
 12678              		.cfi_offset 7, -4
 12679 0002 83B0     		sub	sp, sp, #12
 12680              	.LCFI469:
 12681              		.cfi_def_cfa_offset 16
ARM GAS  /var/folders/yl/_q9l42k90g1g4mdhbs226msm0000gn/T//ccxj18A8.s 			page 282


 12682 0004 00AF     		add	r7, sp, #0
 12683              	.LCFI470:
 12684              		.cfi_def_cfa_register 7
 12685 0006 7860     		str	r0, [r7, #4]
3477:./SystemView/SEGGER_SYSVIEW.c ****   _SYSVIEW_Globals.DisabledEvents |= DisableMask;
 12686              		.loc 1 3477 35
 12687 0008 054B     		ldr	r3, .L651
 12688 000a DA69     		ldr	r2, [r3, #28]
 12689 000c 7B68     		ldr	r3, [r7, #4]
 12690 000e 1343     		orrs	r3, r3, r2
 12691 0010 034A     		ldr	r2, .L651
 12692 0012 D361     		str	r3, [r2, #28]
3478:./SystemView/SEGGER_SYSVIEW.c **** }
 12693              		.loc 1 3478 1
 12694 0014 00BF     		nop
 12695 0016 0C37     		adds	r7, r7, #12
 12696              	.LCFI471:
 12697              		.cfi_def_cfa_offset 4
 12698 0018 BD46     		mov	sp, r7
 12699              	.LCFI472:
 12700              		.cfi_def_cfa_register 13
 12701              		@ sp needed
 12702 001a 5DF8047B 		ldr	r7, [sp], #4
 12703              	.LCFI473:
 12704              		.cfi_restore 7
 12705              		.cfi_def_cfa_offset 0
 12706 001e 7047     		bx	lr
 12707              	.L652:
 12708              		.align	2
 12709              	.L651:
 12710 0020 00000000 		.word	_SYSVIEW_Globals
 12711              		.cfi_endproc
 12712              	.LFE88:
 12714              		.section	.text.SEGGER_SYSVIEW_IsStarted,"ax",%progbits
 12715              		.align	1
 12716              		.global	SEGGER_SYSVIEW_IsStarted
 12717              		.syntax unified
 12718              		.thumb
 12719              		.thumb_func
 12721              	SEGGER_SYSVIEW_IsStarted:
 12722              	.LFB89:
3479:./SystemView/SEGGER_SYSVIEW.c **** 
3480:./SystemView/SEGGER_SYSVIEW.c **** /*********************************************************************
3481:./SystemView/SEGGER_SYSVIEW.c **** *
3482:./SystemView/SEGGER_SYSVIEW.c **** *       SEGGER_SYSVIEW_IsStarted()
3483:./SystemView/SEGGER_SYSVIEW.c **** *
3484:./SystemView/SEGGER_SYSVIEW.c **** *  Function description
3485:./SystemView/SEGGER_SYSVIEW.c **** *    Handle incoming packets if any and check if recording is started.
3486:./SystemView/SEGGER_SYSVIEW.c **** *
3487:./SystemView/SEGGER_SYSVIEW.c **** *  Return value
3488:./SystemView/SEGGER_SYSVIEW.c **** *      0: Recording not started.
3489:./SystemView/SEGGER_SYSVIEW.c **** *    > 0: Recording started.
3490:./SystemView/SEGGER_SYSVIEW.c **** */
3491:./SystemView/SEGGER_SYSVIEW.c **** int SEGGER_SYSVIEW_IsStarted(void) {
 12723              		.loc 1 3491 36
 12724              		.cfi_startproc
 12725              		@ args = 0, pretend = 0, frame = 0
ARM GAS  /var/folders/yl/_q9l42k90g1g4mdhbs226msm0000gn/T//ccxj18A8.s 			page 283


 12726              		@ frame_needed = 1, uses_anonymous_args = 0
 12727 0000 80B5     		push	{r7, lr}
 12728              	.LCFI474:
 12729              		.cfi_def_cfa_offset 8
 12730              		.cfi_offset 7, -8
 12731              		.cfi_offset 14, -4
 12732 0002 00AF     		add	r7, sp, #0
 12733              	.LCFI475:
 12734              		.cfi_def_cfa_register 7
3492:./SystemView/SEGGER_SYSVIEW.c **** #if (SEGGER_SYSVIEW_POST_MORTEM_MODE != 1)
3493:./SystemView/SEGGER_SYSVIEW.c ****   //
3494:./SystemView/SEGGER_SYSVIEW.c ****   // Check if host is sending data which needs to be processed.
3495:./SystemView/SEGGER_SYSVIEW.c ****   //
3496:./SystemView/SEGGER_SYSVIEW.c ****   if (SEGGER_RTT_HASDATA(CHANNEL_ID_DOWN)) {
 12735              		.loc 1 3496 7
 12736 0004 134B     		ldr	r3, .L656
 12737 0006 1B7E     		ldrb	r3, [r3, #24]	@ zero_extendqisi2
 12738 0008 1946     		mov	r1, r3
 12739 000a 134A     		ldr	r2, .L656+4
 12740 000c 0B46     		mov	r3, r1
 12741 000e 5B00     		lsls	r3, r3, #1
 12742 0010 0B44     		add	r3, r3, r1
 12743 0012 DB00     		lsls	r3, r3, #3
 12744 0014 1344     		add	r3, r3, r2
 12745 0016 6C33     		adds	r3, r3, #108
 12746 0018 1A68     		ldr	r2, [r3]
 12747 001a 0E4B     		ldr	r3, .L656
 12748 001c 1B7E     		ldrb	r3, [r3, #24]	@ zero_extendqisi2
 12749 001e 1846     		mov	r0, r3
 12750 0020 0D49     		ldr	r1, .L656+4
 12751 0022 0346     		mov	r3, r0
 12752 0024 5B00     		lsls	r3, r3, #1
 12753 0026 0344     		add	r3, r3, r0
 12754 0028 DB00     		lsls	r3, r3, #3
 12755 002a 0B44     		add	r3, r3, r1
 12756 002c 7033     		adds	r3, r3, #112
 12757 002e 1B68     		ldr	r3, [r3]
 12758              		.loc 1 3496 6
 12759 0030 9A42     		cmp	r2, r3
 12760 0032 0BD0     		beq	.L654
3497:./SystemView/SEGGER_SYSVIEW.c ****     if (_SYSVIEW_Globals.RecursionCnt == 0) {   // Avoid uncontrolled nesting. This way, this routi
 12761              		.loc 1 3497 25
 12762 0034 074B     		ldr	r3, .L656
 12763 0036 9B78     		ldrb	r3, [r3, #2]	@ zero_extendqisi2
 12764              		.loc 1 3497 8
 12765 0038 002B     		cmp	r3, #0
 12766 003a 07D1     		bne	.L654
3498:./SystemView/SEGGER_SYSVIEW.c ****       _SYSVIEW_Globals.RecursionCnt = 1;
 12767              		.loc 1 3498 37
 12768 003c 054B     		ldr	r3, .L656
 12769 003e 0122     		movs	r2, #1
 12770 0040 9A70     		strb	r2, [r3, #2]
3499:./SystemView/SEGGER_SYSVIEW.c ****       _HandleIncomingPacket();
 12771              		.loc 1 3499 7
 12772 0042 FFF7FEFF 		bl	_HandleIncomingPacket
3500:./SystemView/SEGGER_SYSVIEW.c ****       _SYSVIEW_Globals.RecursionCnt = 0;
 12773              		.loc 1 3500 37
ARM GAS  /var/folders/yl/_q9l42k90g1g4mdhbs226msm0000gn/T//ccxj18A8.s 			page 284


 12774 0046 034B     		ldr	r3, .L656
 12775 0048 0022     		movs	r2, #0
 12776 004a 9A70     		strb	r2, [r3, #2]
 12777              	.L654:
3501:./SystemView/SEGGER_SYSVIEW.c ****     }
3502:./SystemView/SEGGER_SYSVIEW.c ****   }
3503:./SystemView/SEGGER_SYSVIEW.c **** #endif
3504:./SystemView/SEGGER_SYSVIEW.c ****   return _SYSVIEW_Globals.EnableState;
 12778              		.loc 1 3504 26
 12779 004c 014B     		ldr	r3, .L656
 12780 004e 1B78     		ldrb	r3, [r3]	@ zero_extendqisi2
3505:./SystemView/SEGGER_SYSVIEW.c **** }
 12781              		.loc 1 3505 1
 12782 0050 1846     		mov	r0, r3
 12783 0052 80BD     		pop	{r7, pc}
 12784              	.L657:
 12785              		.align	2
 12786              	.L656:
 12787 0054 00000000 		.word	_SYSVIEW_Globals
 12788 0058 00000000 		.word	_SEGGER_RTT
 12789              		.cfi_endproc
 12790              	.LFE89:
 12792              		.section	.rodata._aV2C.0,"a"
 12793              		.align	2
 12796              	_aV2C.0:
 12797 0000 30313233 		.ascii	"0123456789ABCDEF"
 12797      34353637 
 12797      38394142 
 12797      43444546 
 12798              		.text
 12799              	.Letext0:
 12800              		.file 2 "/Applications/ARM/arm-none-eabi/include/machine/_default_types.h"
 12801              		.file 3 "/Applications/ARM/lib/gcc/arm-none-eabi/10.3.1/include/stdarg.h"
 12802              		.file 4 "./SystemView/SEGGER_SYSVIEW.h"
 12803              		.file 5 "/Applications/ARM/arm-none-eabi/include/sys/_stdint.h"
 12804              		.file 6 "./SystemView/SEGGER_RTT.h"
 12805              		.file 7 "<built-in>"
 12806              		.file 8 "./SystemView/SEGGER_SYSVIEW_Int.h"
ARM GAS  /var/folders/yl/_q9l42k90g1g4mdhbs226msm0000gn/T//ccxj18A8.s 			page 285


DEFINED SYMBOLS
                            *ABS*:0000000000000000 SEGGER_SYSVIEW.c
/var/folders/yl/_q9l42k90g1g4mdhbs226msm0000gn/T//ccxj18A8.s:24     .bss.SEGGER_SYSVIEW_TickCnt:0000000000000000 SEGGER_SYSVIEW_TickCnt
/var/folders/yl/_q9l42k90g1g4mdhbs226msm0000gn/T//ccxj18A8.s:21     .bss.SEGGER_SYSVIEW_TickCnt:0000000000000000 $d
/var/folders/yl/_q9l42k90g1g4mdhbs226msm0000gn/T//ccxj18A8.s:31     .bss.SEGGER_SYSVIEW_InterruptId:0000000000000000 SEGGER_SYSVIEW_InterruptId
/var/folders/yl/_q9l42k90g1g4mdhbs226msm0000gn/T//ccxj18A8.s:28     .bss.SEGGER_SYSVIEW_InterruptId:0000000000000000 $d
/var/folders/yl/_q9l42k90g1g4mdhbs226msm0000gn/T//ccxj18A8.s:34     .rodata._abSync:0000000000000000 $d
/var/folders/yl/_q9l42k90g1g4mdhbs226msm0000gn/T//ccxj18A8.s:37     .rodata._abSync:0000000000000000 _abSync
/var/folders/yl/_q9l42k90g1g4mdhbs226msm0000gn/T//ccxj18A8.s:40     .bss._UpBuffer:0000000000000000 $d
/var/folders/yl/_q9l42k90g1g4mdhbs226msm0000gn/T//ccxj18A8.s:43     .bss._UpBuffer:0000000000000000 _UpBuffer
/var/folders/yl/_q9l42k90g1g4mdhbs226msm0000gn/T//ccxj18A8.s:46     .bss._DownBuffer:0000000000000000 $d
/var/folders/yl/_q9l42k90g1g4mdhbs226msm0000gn/T//ccxj18A8.s:49     .bss._DownBuffer:0000000000000000 _DownBuffer
/var/folders/yl/_q9l42k90g1g4mdhbs226msm0000gn/T//ccxj18A8.s:52     .bss._SYSVIEW_Globals:0000000000000000 $d
/var/folders/yl/_q9l42k90g1g4mdhbs226msm0000gn/T//ccxj18A8.s:55     .bss._SYSVIEW_Globals:0000000000000000 _SYSVIEW_Globals
/var/folders/yl/_q9l42k90g1g4mdhbs226msm0000gn/T//ccxj18A8.s:58     .bss._pFirstModule:0000000000000000 $d
/var/folders/yl/_q9l42k90g1g4mdhbs226msm0000gn/T//ccxj18A8.s:61     .bss._pFirstModule:0000000000000000 _pFirstModule
/var/folders/yl/_q9l42k90g1g4mdhbs226msm0000gn/T//ccxj18A8.s:66     .bss._NumModules:0000000000000000 _NumModules
/var/folders/yl/_q9l42k90g1g4mdhbs226msm0000gn/T//ccxj18A8.s:67     .bss._NumModules:0000000000000000 $d
/var/folders/yl/_q9l42k90g1g4mdhbs226msm0000gn/T//ccxj18A8.s:69     .bss._aPacket:0000000000000000 $d
/var/folders/yl/_q9l42k90g1g4mdhbs226msm0000gn/T//ccxj18A8.s:72     .bss._aPacket:0000000000000000 _aPacket
/var/folders/yl/_q9l42k90g1g4mdhbs226msm0000gn/T//ccxj18A8.s:75     .text._EncodeData:0000000000000000 $t
/var/folders/yl/_q9l42k90g1g4mdhbs226msm0000gn/T//ccxj18A8.s:80     .text._EncodeData:0000000000000000 _EncodeData
/var/folders/yl/_q9l42k90g1g4mdhbs226msm0000gn/T//ccxj18A8.s:192    .text._EncodeStr:0000000000000000 $t
/var/folders/yl/_q9l42k90g1g4mdhbs226msm0000gn/T//ccxj18A8.s:197    .text._EncodeStr:0000000000000000 _EncodeStr
/var/folders/yl/_q9l42k90g1g4mdhbs226msm0000gn/T//ccxj18A8.s:292    .text._PreparePacket:0000000000000000 $t
/var/folders/yl/_q9l42k90g1g4mdhbs226msm0000gn/T//ccxj18A8.s:297    .text._PreparePacket:0000000000000000 _PreparePacket
/var/folders/yl/_q9l42k90g1g4mdhbs226msm0000gn/T//ccxj18A8.s:336    .text._HandleIncomingPacket:0000000000000000 $t
/var/folders/yl/_q9l42k90g1g4mdhbs226msm0000gn/T//ccxj18A8.s:341    .text._HandleIncomingPacket:0000000000000000 _HandleIncomingPacket
/var/folders/yl/_q9l42k90g1g4mdhbs226msm0000gn/T//ccxj18A8.s:389    .text._HandleIncomingPacket:000000000000003c $d
/var/folders/yl/_q9l42k90g1g4mdhbs226msm0000gn/T//ccxj18A8.s:396    .text._HandleIncomingPacket:0000000000000058 $t
/var/folders/yl/_q9l42k90g1g4mdhbs226msm0000gn/T//ccxj18A8.s:5769   .text.SEGGER_SYSVIEW_Start:0000000000000000 SEGGER_SYSVIEW_Start
/var/folders/yl/_q9l42k90g1g4mdhbs226msm0000gn/T//ccxj18A8.s:6046   .text.SEGGER_SYSVIEW_Stop:0000000000000000 SEGGER_SYSVIEW_Stop
/var/folders/yl/_q9l42k90g1g4mdhbs226msm0000gn/T//ccxj18A8.s:7071   .text.SEGGER_SYSVIEW_RecordSystime:0000000000000000 SEGGER_SYSVIEW_RecordSystime
/var/folders/yl/_q9l42k90g1g4mdhbs226msm0000gn/T//ccxj18A8.s:6939   .text.SEGGER_SYSVIEW_SendTaskList:0000000000000000 SEGGER_SYSVIEW_SendTaskList
/var/folders/yl/_q9l42k90g1g4mdhbs226msm0000gn/T//ccxj18A8.s:6171   .text.SEGGER_SYSVIEW_GetSysDesc:0000000000000000 SEGGER_SYSVIEW_GetSysDesc
/var/folders/yl/_q9l42k90g1g4mdhbs226msm0000gn/T//ccxj18A8.s:11185  .text.SEGGER_SYSVIEW_SendNumModules:0000000000000000 SEGGER_SYSVIEW_SendNumModules
/var/folders/yl/_q9l42k90g1g4mdhbs226msm0000gn/T//ccxj18A8.s:11111  .text.SEGGER_SYSVIEW_SendModuleDescription:0000000000000000 SEGGER_SYSVIEW_SendModuleDescription
/var/folders/yl/_q9l42k90g1g4mdhbs226msm0000gn/T//ccxj18A8.s:10891  .text.SEGGER_SYSVIEW_SendModule:0000000000000000 SEGGER_SYSVIEW_SendModule
/var/folders/yl/_q9l42k90g1g4mdhbs226msm0000gn/T//ccxj18A8.s:505    .text._HandleIncomingPacket:00000000000000dc $d
/var/folders/yl/_q9l42k90g1g4mdhbs226msm0000gn/T//ccxj18A8.s:510    .text._TrySendOverflowPacket:0000000000000000 $t
/var/folders/yl/_q9l42k90g1g4mdhbs226msm0000gn/T//ccxj18A8.s:515    .text._TrySendOverflowPacket:0000000000000000 _TrySendOverflowPacket
/var/folders/yl/_q9l42k90g1g4mdhbs226msm0000gn/T//ccxj18A8.s:681    .text._TrySendOverflowPacket:00000000000000dc $d
/var/folders/yl/_q9l42k90g1g4mdhbs226msm0000gn/T//ccxj18A8.s:687    .text._SendPacket:0000000000000000 $t
/var/folders/yl/_q9l42k90g1g4mdhbs226msm0000gn/T//ccxj18A8.s:692    .text._SendPacket:0000000000000000 _SendPacket
/var/folders/yl/_q9l42k90g1g4mdhbs226msm0000gn/T//ccxj18A8.s:1135   .text._SendPacket:0000000000000270 $d
/var/folders/yl/_q9l42k90g1g4mdhbs226msm0000gn/T//ccxj18A8.s:1139   .text._SendPacket:0000000000000278 $t
/var/folders/yl/_q9l42k90g1g4mdhbs226msm0000gn/T//ccxj18A8.s:1205   .text._SendPacket:00000000000002d4 $d
/var/folders/yl/_q9l42k90g1g4mdhbs226msm0000gn/T//ccxj18A8.s:1211   .text._VPrintHost:0000000000000000 $t
/var/folders/yl/_q9l42k90g1g4mdhbs226msm0000gn/T//ccxj18A8.s:1216   .text._VPrintHost:0000000000000000 _VPrintHost
/var/folders/yl/_q9l42k90g1g4mdhbs226msm0000gn/T//ccxj18A8.s:1469   .text._VPrintHost:0000000000000178 $d
/var/folders/yl/_q9l42k90g1g4mdhbs226msm0000gn/T//ccxj18A8.s:1474   .text._StoreChar:0000000000000000 $t
/var/folders/yl/_q9l42k90g1g4mdhbs226msm0000gn/T//ccxj18A8.s:1479   .text._StoreChar:0000000000000000 _StoreChar
/var/folders/yl/_q9l42k90g1g4mdhbs226msm0000gn/T//ccxj18A8.s:1663   .text._PrintUnsigned:0000000000000000 $t
/var/folders/yl/_q9l42k90g1g4mdhbs226msm0000gn/T//ccxj18A8.s:1668   .text._PrintUnsigned:0000000000000000 _PrintUnsigned
/var/folders/yl/_q9l42k90g1g4mdhbs226msm0000gn/T//ccxj18A8.s:1883   .text._PrintUnsigned:0000000000000128 $d
/var/folders/yl/_q9l42k90g1g4mdhbs226msm0000gn/T//ccxj18A8.s:12796  .rodata._aV2C.0:0000000000000000 _aV2C.0
/var/folders/yl/_q9l42k90g1g4mdhbs226msm0000gn/T//ccxj18A8.s:1888   .text._PrintInt:0000000000000000 $t
ARM GAS  /var/folders/yl/_q9l42k90g1g4mdhbs226msm0000gn/T//ccxj18A8.s 			page 286


/var/folders/yl/_q9l42k90g1g4mdhbs226msm0000gn/T//ccxj18A8.s:1893   .text._PrintInt:0000000000000000 _PrintInt
/var/folders/yl/_q9l42k90g1g4mdhbs226msm0000gn/T//ccxj18A8.s:2106   .rodata:0000000000000000 $d
/var/folders/yl/_q9l42k90g1g4mdhbs226msm0000gn/T//ccxj18A8.s:2110   .text._VPrintTarget:0000000000000000 $t
/var/folders/yl/_q9l42k90g1g4mdhbs226msm0000gn/T//ccxj18A8.s:2115   .text._VPrintTarget:0000000000000000 _VPrintTarget
/var/folders/yl/_q9l42k90g1g4mdhbs226msm0000gn/T//ccxj18A8.s:2205   .text._VPrintTarget:000000000000007c $d
/var/folders/yl/_q9l42k90g1g4mdhbs226msm0000gn/T//ccxj18A8.s:2219   .text._VPrintTarget:00000000000000b4 $t
/var/folders/yl/_q9l42k90g1g4mdhbs226msm0000gn/T//ccxj18A8.s:2403   .text._VPrintTarget:00000000000001dc $d
/var/folders/yl/_q9l42k90g1g4mdhbs226msm0000gn/T//ccxj18A8.s:2436   .text._VPrintTarget:0000000000000260 $t
/var/folders/yl/_q9l42k90g1g4mdhbs226msm0000gn/T//ccxj18A8.s:2525   .text._VPrintTarget:00000000000002f8 $d
/var/folders/yl/_q9l42k90g1g4mdhbs226msm0000gn/T//ccxj18A8.s:2528   .text._VPrintTarget:00000000000002fc $t
/var/folders/yl/_q9l42k90g1g4mdhbs226msm0000gn/T//ccxj18A8.s:2743   .text._VPrintTarget:000000000000043c $d
/var/folders/yl/_q9l42k90g1g4mdhbs226msm0000gn/T//ccxj18A8.s:2752   .text.SEGGER_SYSVIEW_Init:0000000000000000 $t
/var/folders/yl/_q9l42k90g1g4mdhbs226msm0000gn/T//ccxj18A8.s:2758   .text.SEGGER_SYSVIEW_Init:0000000000000000 SEGGER_SYSVIEW_Init
/var/folders/yl/_q9l42k90g1g4mdhbs226msm0000gn/T//ccxj18A8.s:2851   .text.SEGGER_SYSVIEW_Init:0000000000000074 $d
/var/folders/yl/_q9l42k90g1g4mdhbs226msm0000gn/T//ccxj18A8.s:2860   .text.SEGGER_SYSVIEW_SetRAMBase:0000000000000000 $t
/var/folders/yl/_q9l42k90g1g4mdhbs226msm0000gn/T//ccxj18A8.s:2866   .text.SEGGER_SYSVIEW_SetRAMBase:0000000000000000 SEGGER_SYSVIEW_SetRAMBase
/var/folders/yl/_q9l42k90g1g4mdhbs226msm0000gn/T//ccxj18A8.s:2905   .text.SEGGER_SYSVIEW_SetRAMBase:000000000000001c $d
/var/folders/yl/_q9l42k90g1g4mdhbs226msm0000gn/T//ccxj18A8.s:2910   .text.SEGGER_SYSVIEW_RecordVoid:0000000000000000 $t
/var/folders/yl/_q9l42k90g1g4mdhbs226msm0000gn/T//ccxj18A8.s:2916   .text.SEGGER_SYSVIEW_RecordVoid:0000000000000000 SEGGER_SYSVIEW_RecordVoid
/var/folders/yl/_q9l42k90g1g4mdhbs226msm0000gn/T//ccxj18A8.s:2977   .text.SEGGER_SYSVIEW_RecordVoid:0000000000000038 $d
/var/folders/yl/_q9l42k90g1g4mdhbs226msm0000gn/T//ccxj18A8.s:2982   .text.SEGGER_SYSVIEW_RecordU32:0000000000000000 $t
/var/folders/yl/_q9l42k90g1g4mdhbs226msm0000gn/T//ccxj18A8.s:2988   .text.SEGGER_SYSVIEW_RecordU32:0000000000000000 SEGGER_SYSVIEW_RecordU32
/var/folders/yl/_q9l42k90g1g4mdhbs226msm0000gn/T//ccxj18A8.s:3088   .text.SEGGER_SYSVIEW_RecordU32:0000000000000074 $d
/var/folders/yl/_q9l42k90g1g4mdhbs226msm0000gn/T//ccxj18A8.s:3093   .text.SEGGER_SYSVIEW_RecordU32x2:0000000000000000 $t
/var/folders/yl/_q9l42k90g1g4mdhbs226msm0000gn/T//ccxj18A8.s:3099   .text.SEGGER_SYSVIEW_RecordU32x2:0000000000000000 SEGGER_SYSVIEW_RecordU32x2
/var/folders/yl/_q9l42k90g1g4mdhbs226msm0000gn/T//ccxj18A8.s:3235   .text.SEGGER_SYSVIEW_RecordU32x2:00000000000000b0 $d
/var/folders/yl/_q9l42k90g1g4mdhbs226msm0000gn/T//ccxj18A8.s:3240   .text.SEGGER_SYSVIEW_RecordU32x3:0000000000000000 $t
/var/folders/yl/_q9l42k90g1g4mdhbs226msm0000gn/T//ccxj18A8.s:3246   .text.SEGGER_SYSVIEW_RecordU32x3:0000000000000000 SEGGER_SYSVIEW_RecordU32x3
/var/folders/yl/_q9l42k90g1g4mdhbs226msm0000gn/T//ccxj18A8.s:3418   .text.SEGGER_SYSVIEW_RecordU32x3:00000000000000e8 $d
/var/folders/yl/_q9l42k90g1g4mdhbs226msm0000gn/T//ccxj18A8.s:3423   .text.SEGGER_SYSVIEW_RecordU32x4:0000000000000000 $t
/var/folders/yl/_q9l42k90g1g4mdhbs226msm0000gn/T//ccxj18A8.s:3429   .text.SEGGER_SYSVIEW_RecordU32x4:0000000000000000 SEGGER_SYSVIEW_RecordU32x4
/var/folders/yl/_q9l42k90g1g4mdhbs226msm0000gn/T//ccxj18A8.s:3636   .text.SEGGER_SYSVIEW_RecordU32x4:0000000000000120 $d
/var/folders/yl/_q9l42k90g1g4mdhbs226msm0000gn/T//ccxj18A8.s:3641   .text.SEGGER_SYSVIEW_RecordU32x5:0000000000000000 $t
/var/folders/yl/_q9l42k90g1g4mdhbs226msm0000gn/T//ccxj18A8.s:3647   .text.SEGGER_SYSVIEW_RecordU32x5:0000000000000000 SEGGER_SYSVIEW_RecordU32x5
/var/folders/yl/_q9l42k90g1g4mdhbs226msm0000gn/T//ccxj18A8.s:3889   .text.SEGGER_SYSVIEW_RecordU32x5:0000000000000158 $d
/var/folders/yl/_q9l42k90g1g4mdhbs226msm0000gn/T//ccxj18A8.s:3894   .text.SEGGER_SYSVIEW_RecordU32x6:0000000000000000 $t
/var/folders/yl/_q9l42k90g1g4mdhbs226msm0000gn/T//ccxj18A8.s:3900   .text.SEGGER_SYSVIEW_RecordU32x6:0000000000000000 SEGGER_SYSVIEW_RecordU32x6
/var/folders/yl/_q9l42k90g1g4mdhbs226msm0000gn/T//ccxj18A8.s:4177   .text.SEGGER_SYSVIEW_RecordU32x6:0000000000000190 $d
/var/folders/yl/_q9l42k90g1g4mdhbs226msm0000gn/T//ccxj18A8.s:4182   .text.SEGGER_SYSVIEW_RecordU32x7:0000000000000000 $t
/var/folders/yl/_q9l42k90g1g4mdhbs226msm0000gn/T//ccxj18A8.s:4188   .text.SEGGER_SYSVIEW_RecordU32x7:0000000000000000 SEGGER_SYSVIEW_RecordU32x7
/var/folders/yl/_q9l42k90g1g4mdhbs226msm0000gn/T//ccxj18A8.s:4500   .text.SEGGER_SYSVIEW_RecordU32x7:00000000000001c8 $d
/var/folders/yl/_q9l42k90g1g4mdhbs226msm0000gn/T//ccxj18A8.s:4505   .text.SEGGER_SYSVIEW_RecordU32x8:0000000000000000 $t
/var/folders/yl/_q9l42k90g1g4mdhbs226msm0000gn/T//ccxj18A8.s:4511   .text.SEGGER_SYSVIEW_RecordU32x8:0000000000000000 SEGGER_SYSVIEW_RecordU32x8
/var/folders/yl/_q9l42k90g1g4mdhbs226msm0000gn/T//ccxj18A8.s:4858   .text.SEGGER_SYSVIEW_RecordU32x8:0000000000000200 $d
/var/folders/yl/_q9l42k90g1g4mdhbs226msm0000gn/T//ccxj18A8.s:4863   .text.SEGGER_SYSVIEW_RecordU32x9:0000000000000000 $t
/var/folders/yl/_q9l42k90g1g4mdhbs226msm0000gn/T//ccxj18A8.s:4869   .text.SEGGER_SYSVIEW_RecordU32x9:0000000000000000 SEGGER_SYSVIEW_RecordU32x9
/var/folders/yl/_q9l42k90g1g4mdhbs226msm0000gn/T//ccxj18A8.s:5251   .text.SEGGER_SYSVIEW_RecordU32x9:000000000000023c $d
/var/folders/yl/_q9l42k90g1g4mdhbs226msm0000gn/T//ccxj18A8.s:5256   .text.SEGGER_SYSVIEW_RecordU32x10:0000000000000000 $t
/var/folders/yl/_q9l42k90g1g4mdhbs226msm0000gn/T//ccxj18A8.s:5262   .text.SEGGER_SYSVIEW_RecordU32x10:0000000000000000 SEGGER_SYSVIEW_RecordU32x10
/var/folders/yl/_q9l42k90g1g4mdhbs226msm0000gn/T//ccxj18A8.s:5626   .text.SEGGER_SYSVIEW_RecordU32x10:0000000000000234 $d
/var/folders/yl/_q9l42k90g1g4mdhbs226msm0000gn/T//ccxj18A8.s:5629   .text.SEGGER_SYSVIEW_RecordU32x10:0000000000000238 $t
/var/folders/yl/_q9l42k90g1g4mdhbs226msm0000gn/T//ccxj18A8.s:5684   .text.SEGGER_SYSVIEW_RecordString:0000000000000000 $t
/var/folders/yl/_q9l42k90g1g4mdhbs226msm0000gn/T//ccxj18A8.s:5690   .text.SEGGER_SYSVIEW_RecordString:0000000000000000 SEGGER_SYSVIEW_RecordString
/var/folders/yl/_q9l42k90g1g4mdhbs226msm0000gn/T//ccxj18A8.s:5758   .text.SEGGER_SYSVIEW_RecordString:0000000000000044 $d
/var/folders/yl/_q9l42k90g1g4mdhbs226msm0000gn/T//ccxj18A8.s:5763   .text.SEGGER_SYSVIEW_Start:0000000000000000 $t
/var/folders/yl/_q9l42k90g1g4mdhbs226msm0000gn/T//ccxj18A8.s:6033   .text.SEGGER_SYSVIEW_Start:0000000000000168 $d
/var/folders/yl/_q9l42k90g1g4mdhbs226msm0000gn/T//ccxj18A8.s:6040   .text.SEGGER_SYSVIEW_Stop:0000000000000000 $t
ARM GAS  /var/folders/yl/_q9l42k90g1g4mdhbs226msm0000gn/T//ccxj18A8.s 			page 287


/var/folders/yl/_q9l42k90g1g4mdhbs226msm0000gn/T//ccxj18A8.s:6117   .text.SEGGER_SYSVIEW_Stop:0000000000000044 $d
/var/folders/yl/_q9l42k90g1g4mdhbs226msm0000gn/T//ccxj18A8.s:6123   .text.SEGGER_SYSVIEW_GetChannelID:0000000000000000 $t
/var/folders/yl/_q9l42k90g1g4mdhbs226msm0000gn/T//ccxj18A8.s:6129   .text.SEGGER_SYSVIEW_GetChannelID:0000000000000000 SEGGER_SYSVIEW_GetChannelID
/var/folders/yl/_q9l42k90g1g4mdhbs226msm0000gn/T//ccxj18A8.s:6160   .text.SEGGER_SYSVIEW_GetChannelID:0000000000000014 $d
/var/folders/yl/_q9l42k90g1g4mdhbs226msm0000gn/T//ccxj18A8.s:6165   .text.SEGGER_SYSVIEW_GetSysDesc:0000000000000000 $t
/var/folders/yl/_q9l42k90g1g4mdhbs226msm0000gn/T//ccxj18A8.s:6390   .text.SEGGER_SYSVIEW_GetSysDesc:000000000000012c $d
/var/folders/yl/_q9l42k90g1g4mdhbs226msm0000gn/T//ccxj18A8.s:6396   .text.SEGGER_SYSVIEW_SendTaskInfo:0000000000000000 $t
/var/folders/yl/_q9l42k90g1g4mdhbs226msm0000gn/T//ccxj18A8.s:6402   .text.SEGGER_SYSVIEW_SendTaskInfo:0000000000000000 SEGGER_SYSVIEW_SendTaskInfo
/var/folders/yl/_q9l42k90g1g4mdhbs226msm0000gn/T//ccxj18A8.s:6704   .text.SEGGER_SYSVIEW_SendTaskInfo:00000000000001c0 $d
/var/folders/yl/_q9l42k90g1g4mdhbs226msm0000gn/T//ccxj18A8.s:6710   .text.SEGGER_SYSVIEW_SendStackInfo:0000000000000000 $t
/var/folders/yl/_q9l42k90g1g4mdhbs226msm0000gn/T//ccxj18A8.s:6716   .text.SEGGER_SYSVIEW_SendStackInfo:0000000000000000 SEGGER_SYSVIEW_SendStackInfo
/var/folders/yl/_q9l42k90g1g4mdhbs226msm0000gn/T//ccxj18A8.s:6927   .text.SEGGER_SYSVIEW_SendStackInfo:0000000000000128 $d
/var/folders/yl/_q9l42k90g1g4mdhbs226msm0000gn/T//ccxj18A8.s:6933   .text.SEGGER_SYSVIEW_SendTaskList:0000000000000000 $t
/var/folders/yl/_q9l42k90g1g4mdhbs226msm0000gn/T//ccxj18A8.s:6982   .text.SEGGER_SYSVIEW_SendTaskList:0000000000000024 $d
/var/folders/yl/_q9l42k90g1g4mdhbs226msm0000gn/T//ccxj18A8.s:6987   .text.SEGGER_SYSVIEW_SendSysDesc:0000000000000000 $t
/var/folders/yl/_q9l42k90g1g4mdhbs226msm0000gn/T//ccxj18A8.s:6993   .text.SEGGER_SYSVIEW_SendSysDesc:0000000000000000 SEGGER_SYSVIEW_SendSysDesc
/var/folders/yl/_q9l42k90g1g4mdhbs226msm0000gn/T//ccxj18A8.s:7060   .text.SEGGER_SYSVIEW_SendSysDesc:0000000000000044 $d
/var/folders/yl/_q9l42k90g1g4mdhbs226msm0000gn/T//ccxj18A8.s:7065   .text.SEGGER_SYSVIEW_RecordSystime:0000000000000000 $t
/var/folders/yl/_q9l42k90g1g4mdhbs226msm0000gn/T//ccxj18A8.s:7149   .text.SEGGER_SYSVIEW_RecordSystime:000000000000005c $d
/var/folders/yl/_q9l42k90g1g4mdhbs226msm0000gn/T//ccxj18A8.s:7155   .text.SEGGER_SYSVIEW_RecordEnterISR:0000000000000000 $t
/var/folders/yl/_q9l42k90g1g4mdhbs226msm0000gn/T//ccxj18A8.s:7161   .text.SEGGER_SYSVIEW_RecordEnterISR:0000000000000000 SEGGER_SYSVIEW_RecordEnterISR
/var/folders/yl/_q9l42k90g1g4mdhbs226msm0000gn/T//ccxj18A8.s:7265   .text.SEGGER_SYSVIEW_RecordEnterISR:000000000000007c $d
/var/folders/yl/_q9l42k90g1g4mdhbs226msm0000gn/T//ccxj18A8.s:7271   .text.SEGGER_SYSVIEW_RecordExitISR:0000000000000000 $t
/var/folders/yl/_q9l42k90g1g4mdhbs226msm0000gn/T//ccxj18A8.s:7277   .text.SEGGER_SYSVIEW_RecordExitISR:0000000000000000 SEGGER_SYSVIEW_RecordExitISR
/var/folders/yl/_q9l42k90g1g4mdhbs226msm0000gn/T//ccxj18A8.s:7337   .text.SEGGER_SYSVIEW_RecordExitISR:0000000000000034 $d
/var/folders/yl/_q9l42k90g1g4mdhbs226msm0000gn/T//ccxj18A8.s:7342   .text.SEGGER_SYSVIEW_RecordExitISRToScheduler:0000000000000000 $t
/var/folders/yl/_q9l42k90g1g4mdhbs226msm0000gn/T//ccxj18A8.s:7348   .text.SEGGER_SYSVIEW_RecordExitISRToScheduler:0000000000000000 SEGGER_SYSVIEW_RecordExitISRToScheduler
/var/folders/yl/_q9l42k90g1g4mdhbs226msm0000gn/T//ccxj18A8.s:7408   .text.SEGGER_SYSVIEW_RecordExitISRToScheduler:0000000000000034 $d
/var/folders/yl/_q9l42k90g1g4mdhbs226msm0000gn/T//ccxj18A8.s:7413   .text.SEGGER_SYSVIEW_RecordEnterTimer:0000000000000000 $t
/var/folders/yl/_q9l42k90g1g4mdhbs226msm0000gn/T//ccxj18A8.s:7419   .text.SEGGER_SYSVIEW_RecordEnterTimer:0000000000000000 SEGGER_SYSVIEW_RecordEnterTimer
/var/folders/yl/_q9l42k90g1g4mdhbs226msm0000gn/T//ccxj18A8.s:7521   .text.SEGGER_SYSVIEW_RecordEnterTimer:0000000000000078 $d
/var/folders/yl/_q9l42k90g1g4mdhbs226msm0000gn/T//ccxj18A8.s:7527   .text.SEGGER_SYSVIEW_RecordExitTimer:0000000000000000 $t
/var/folders/yl/_q9l42k90g1g4mdhbs226msm0000gn/T//ccxj18A8.s:7533   .text.SEGGER_SYSVIEW_RecordExitTimer:0000000000000000 SEGGER_SYSVIEW_RecordExitTimer
/var/folders/yl/_q9l42k90g1g4mdhbs226msm0000gn/T//ccxj18A8.s:7593   .text.SEGGER_SYSVIEW_RecordExitTimer:0000000000000034 $d
/var/folders/yl/_q9l42k90g1g4mdhbs226msm0000gn/T//ccxj18A8.s:7598   .text.SEGGER_SYSVIEW_RecordEndCall:0000000000000000 $t
/var/folders/yl/_q9l42k90g1g4mdhbs226msm0000gn/T//ccxj18A8.s:7604   .text.SEGGER_SYSVIEW_RecordEndCall:0000000000000000 SEGGER_SYSVIEW_RecordEndCall
/var/folders/yl/_q9l42k90g1g4mdhbs226msm0000gn/T//ccxj18A8.s:7703   .text.SEGGER_SYSVIEW_RecordEndCall:0000000000000074 $d
/var/folders/yl/_q9l42k90g1g4mdhbs226msm0000gn/T//ccxj18A8.s:7708   .text.SEGGER_SYSVIEW_RecordEndCallU32:0000000000000000 $t
/var/folders/yl/_q9l42k90g1g4mdhbs226msm0000gn/T//ccxj18A8.s:7714   .text.SEGGER_SYSVIEW_RecordEndCallU32:0000000000000000 SEGGER_SYSVIEW_RecordEndCallU32
/var/folders/yl/_q9l42k90g1g4mdhbs226msm0000gn/T//ccxj18A8.s:7849   .text.SEGGER_SYSVIEW_RecordEndCallU32:00000000000000ac $d
/var/folders/yl/_q9l42k90g1g4mdhbs226msm0000gn/T//ccxj18A8.s:7854   .text.SEGGER_SYSVIEW_OnIdle:0000000000000000 $t
/var/folders/yl/_q9l42k90g1g4mdhbs226msm0000gn/T//ccxj18A8.s:7860   .text.SEGGER_SYSVIEW_OnIdle:0000000000000000 SEGGER_SYSVIEW_OnIdle
/var/folders/yl/_q9l42k90g1g4mdhbs226msm0000gn/T//ccxj18A8.s:7920   .text.SEGGER_SYSVIEW_OnIdle:0000000000000034 $d
/var/folders/yl/_q9l42k90g1g4mdhbs226msm0000gn/T//ccxj18A8.s:7925   .text.SEGGER_SYSVIEW_OnTaskCreate:0000000000000000 $t
/var/folders/yl/_q9l42k90g1g4mdhbs226msm0000gn/T//ccxj18A8.s:7931   .text.SEGGER_SYSVIEW_OnTaskCreate:0000000000000000 SEGGER_SYSVIEW_OnTaskCreate
/var/folders/yl/_q9l42k90g1g4mdhbs226msm0000gn/T//ccxj18A8.s:8037   .text.SEGGER_SYSVIEW_OnTaskCreate:000000000000007c $d
/var/folders/yl/_q9l42k90g1g4mdhbs226msm0000gn/T//ccxj18A8.s:8043   .text.SEGGER_SYSVIEW_OnTaskTerminate:0000000000000000 $t
/var/folders/yl/_q9l42k90g1g4mdhbs226msm0000gn/T//ccxj18A8.s:8049   .text.SEGGER_SYSVIEW_OnTaskTerminate:0000000000000000 SEGGER_SYSVIEW_OnTaskTerminate
/var/folders/yl/_q9l42k90g1g4mdhbs226msm0000gn/T//ccxj18A8.s:8155   .text.SEGGER_SYSVIEW_OnTaskTerminate:000000000000007c $d
/var/folders/yl/_q9l42k90g1g4mdhbs226msm0000gn/T//ccxj18A8.s:8161   .text.SEGGER_SYSVIEW_OnTaskStartExec:0000000000000000 $t
/var/folders/yl/_q9l42k90g1g4mdhbs226msm0000gn/T//ccxj18A8.s:8167   .text.SEGGER_SYSVIEW_OnTaskStartExec:0000000000000000 SEGGER_SYSVIEW_OnTaskStartExec
/var/folders/yl/_q9l42k90g1g4mdhbs226msm0000gn/T//ccxj18A8.s:8273   .text.SEGGER_SYSVIEW_OnTaskStartExec:000000000000007c $d
/var/folders/yl/_q9l42k90g1g4mdhbs226msm0000gn/T//ccxj18A8.s:8279   .text.SEGGER_SYSVIEW_OnTaskStopExec:0000000000000000 $t
/var/folders/yl/_q9l42k90g1g4mdhbs226msm0000gn/T//ccxj18A8.s:8285   .text.SEGGER_SYSVIEW_OnTaskStopExec:0000000000000000 SEGGER_SYSVIEW_OnTaskStopExec
/var/folders/yl/_q9l42k90g1g4mdhbs226msm0000gn/T//ccxj18A8.s:8345   .text.SEGGER_SYSVIEW_OnTaskStopExec:0000000000000034 $d
/var/folders/yl/_q9l42k90g1g4mdhbs226msm0000gn/T//ccxj18A8.s:8350   .text.SEGGER_SYSVIEW_OnTaskStartReady:0000000000000000 $t
/var/folders/yl/_q9l42k90g1g4mdhbs226msm0000gn/T//ccxj18A8.s:8356   .text.SEGGER_SYSVIEW_OnTaskStartReady:0000000000000000 SEGGER_SYSVIEW_OnTaskStartReady
ARM GAS  /var/folders/yl/_q9l42k90g1g4mdhbs226msm0000gn/T//ccxj18A8.s 			page 288


/var/folders/yl/_q9l42k90g1g4mdhbs226msm0000gn/T//ccxj18A8.s:8462   .text.SEGGER_SYSVIEW_OnTaskStartReady:000000000000007c $d
/var/folders/yl/_q9l42k90g1g4mdhbs226msm0000gn/T//ccxj18A8.s:8468   .text.SEGGER_SYSVIEW_OnTaskStopReady:0000000000000000 $t
/var/folders/yl/_q9l42k90g1g4mdhbs226msm0000gn/T//ccxj18A8.s:8474   .text.SEGGER_SYSVIEW_OnTaskStopReady:0000000000000000 SEGGER_SYSVIEW_OnTaskStopReady
/var/folders/yl/_q9l42k90g1g4mdhbs226msm0000gn/T//ccxj18A8.s:8616   .text.SEGGER_SYSVIEW_OnTaskStopReady:00000000000000b8 $d
/var/folders/yl/_q9l42k90g1g4mdhbs226msm0000gn/T//ccxj18A8.s:8622   .text.SEGGER_SYSVIEW_MarkStart:0000000000000000 $t
/var/folders/yl/_q9l42k90g1g4mdhbs226msm0000gn/T//ccxj18A8.s:8628   .text.SEGGER_SYSVIEW_MarkStart:0000000000000000 SEGGER_SYSVIEW_MarkStart
/var/folders/yl/_q9l42k90g1g4mdhbs226msm0000gn/T//ccxj18A8.s:8727   .text.SEGGER_SYSVIEW_MarkStart:0000000000000074 $d
/var/folders/yl/_q9l42k90g1g4mdhbs226msm0000gn/T//ccxj18A8.s:8732   .text.SEGGER_SYSVIEW_MarkStop:0000000000000000 $t
/var/folders/yl/_q9l42k90g1g4mdhbs226msm0000gn/T//ccxj18A8.s:8738   .text.SEGGER_SYSVIEW_MarkStop:0000000000000000 SEGGER_SYSVIEW_MarkStop
/var/folders/yl/_q9l42k90g1g4mdhbs226msm0000gn/T//ccxj18A8.s:8837   .text.SEGGER_SYSVIEW_MarkStop:0000000000000074 $d
/var/folders/yl/_q9l42k90g1g4mdhbs226msm0000gn/T//ccxj18A8.s:8842   .text.SEGGER_SYSVIEW_Mark:0000000000000000 $t
/var/folders/yl/_q9l42k90g1g4mdhbs226msm0000gn/T//ccxj18A8.s:8848   .text.SEGGER_SYSVIEW_Mark:0000000000000000 SEGGER_SYSVIEW_Mark
/var/folders/yl/_q9l42k90g1g4mdhbs226msm0000gn/T//ccxj18A8.s:8982   .text.SEGGER_SYSVIEW_Mark:00000000000000ac $d
/var/folders/yl/_q9l42k90g1g4mdhbs226msm0000gn/T//ccxj18A8.s:8987   .text.SEGGER_SYSVIEW_NameMarker:0000000000000000 $t
/var/folders/yl/_q9l42k90g1g4mdhbs226msm0000gn/T//ccxj18A8.s:8993   .text.SEGGER_SYSVIEW_NameMarker:0000000000000000 SEGGER_SYSVIEW_NameMarker
/var/folders/yl/_q9l42k90g1g4mdhbs226msm0000gn/T//ccxj18A8.s:9134   .text.SEGGER_SYSVIEW_NameMarker:00000000000000b8 $d
/var/folders/yl/_q9l42k90g1g4mdhbs226msm0000gn/T//ccxj18A8.s:9139   .text.SEGGER_SYSVIEW_NameResource:0000000000000000 $t
/var/folders/yl/_q9l42k90g1g4mdhbs226msm0000gn/T//ccxj18A8.s:9145   .text.SEGGER_SYSVIEW_NameResource:0000000000000000 SEGGER_SYSVIEW_NameResource
/var/folders/yl/_q9l42k90g1g4mdhbs226msm0000gn/T//ccxj18A8.s:9254   .text.SEGGER_SYSVIEW_NameResource:0000000000000088 $d
/var/folders/yl/_q9l42k90g1g4mdhbs226msm0000gn/T//ccxj18A8.s:9260   .text.SEGGER_SYSVIEW_HeapDefine:0000000000000000 $t
/var/folders/yl/_q9l42k90g1g4mdhbs226msm0000gn/T//ccxj18A8.s:9266   .text.SEGGER_SYSVIEW_HeapDefine:0000000000000000 SEGGER_SYSVIEW_HeapDefine
/var/folders/yl/_q9l42k90g1g4mdhbs226msm0000gn/T//ccxj18A8.s:9514   .text.SEGGER_SYSVIEW_HeapDefine:0000000000000164 $d
/var/folders/yl/_q9l42k90g1g4mdhbs226msm0000gn/T//ccxj18A8.s:9520   .text.SEGGER_SYSVIEW_HeapAlloc:0000000000000000 $t
/var/folders/yl/_q9l42k90g1g4mdhbs226msm0000gn/T//ccxj18A8.s:9526   .text.SEGGER_SYSVIEW_HeapAlloc:0000000000000000 SEGGER_SYSVIEW_HeapAlloc
/var/folders/yl/_q9l42k90g1g4mdhbs226msm0000gn/T//ccxj18A8.s:9738   .text.SEGGER_SYSVIEW_HeapAlloc:000000000000012c $d
/var/folders/yl/_q9l42k90g1g4mdhbs226msm0000gn/T//ccxj18A8.s:9744   .text.SEGGER_SYSVIEW_HeapAllocEx:0000000000000000 $t
/var/folders/yl/_q9l42k90g1g4mdhbs226msm0000gn/T//ccxj18A8.s:9750   .text.SEGGER_SYSVIEW_HeapAllocEx:0000000000000000 SEGGER_SYSVIEW_HeapAllocEx
/var/folders/yl/_q9l42k90g1g4mdhbs226msm0000gn/T//ccxj18A8.s:9998   .text.SEGGER_SYSVIEW_HeapAllocEx:0000000000000164 $d
/var/folders/yl/_q9l42k90g1g4mdhbs226msm0000gn/T//ccxj18A8.s:10004  .text.SEGGER_SYSVIEW_HeapFree:0000000000000000 $t
/var/folders/yl/_q9l42k90g1g4mdhbs226msm0000gn/T//ccxj18A8.s:10010  .text.SEGGER_SYSVIEW_HeapFree:0000000000000000 SEGGER_SYSVIEW_HeapFree
/var/folders/yl/_q9l42k90g1g4mdhbs226msm0000gn/T//ccxj18A8.s:10186  .text.SEGGER_SYSVIEW_HeapFree:00000000000000f0 $d
/var/folders/yl/_q9l42k90g1g4mdhbs226msm0000gn/T//ccxj18A8.s:10192  .text.SEGGER_SYSVIEW_SendPacket:0000000000000000 $t
/var/folders/yl/_q9l42k90g1g4mdhbs226msm0000gn/T//ccxj18A8.s:10198  .text.SEGGER_SYSVIEW_SendPacket:0000000000000000 SEGGER_SYSVIEW_SendPacket
/var/folders/yl/_q9l42k90g1g4mdhbs226msm0000gn/T//ccxj18A8.s:10263  .text.SEGGER_SYSVIEW_EncodeU32:0000000000000000 $t
/var/folders/yl/_q9l42k90g1g4mdhbs226msm0000gn/T//ccxj18A8.s:10269  .text.SEGGER_SYSVIEW_EncodeU32:0000000000000000 SEGGER_SYSVIEW_EncodeU32
/var/folders/yl/_q9l42k90g1g4mdhbs226msm0000gn/T//ccxj18A8.s:10343  .text.SEGGER_SYSVIEW_EncodeString:0000000000000000 $t
/var/folders/yl/_q9l42k90g1g4mdhbs226msm0000gn/T//ccxj18A8.s:10349  .text.SEGGER_SYSVIEW_EncodeString:0000000000000000 SEGGER_SYSVIEW_EncodeString
/var/folders/yl/_q9l42k90g1g4mdhbs226msm0000gn/T//ccxj18A8.s:10389  .text.SEGGER_SYSVIEW_EncodeData:0000000000000000 $t
/var/folders/yl/_q9l42k90g1g4mdhbs226msm0000gn/T//ccxj18A8.s:10395  .text.SEGGER_SYSVIEW_EncodeData:0000000000000000 SEGGER_SYSVIEW_EncodeData
/var/folders/yl/_q9l42k90g1g4mdhbs226msm0000gn/T//ccxj18A8.s:10435  .text.SEGGER_SYSVIEW_EncodeId:0000000000000000 $t
/var/folders/yl/_q9l42k90g1g4mdhbs226msm0000gn/T//ccxj18A8.s:10441  .text.SEGGER_SYSVIEW_EncodeId:0000000000000000 SEGGER_SYSVIEW_EncodeId
/var/folders/yl/_q9l42k90g1g4mdhbs226msm0000gn/T//ccxj18A8.s:10521  .text.SEGGER_SYSVIEW_EncodeId:000000000000005c $d
/var/folders/yl/_q9l42k90g1g4mdhbs226msm0000gn/T//ccxj18A8.s:10526  .text.SEGGER_SYSVIEW_ShrinkId:0000000000000000 $t
/var/folders/yl/_q9l42k90g1g4mdhbs226msm0000gn/T//ccxj18A8.s:10532  .text.SEGGER_SYSVIEW_ShrinkId:0000000000000000 SEGGER_SYSVIEW_ShrinkId
/var/folders/yl/_q9l42k90g1g4mdhbs226msm0000gn/T//ccxj18A8.s:10572  .text.SEGGER_SYSVIEW_ShrinkId:000000000000001c $d
/var/folders/yl/_q9l42k90g1g4mdhbs226msm0000gn/T//ccxj18A8.s:10577  .text.SEGGER_SYSVIEW_RegisterModule:0000000000000000 $t
/var/folders/yl/_q9l42k90g1g4mdhbs226msm0000gn/T//ccxj18A8.s:10583  .text.SEGGER_SYSVIEW_RegisterModule:0000000000000000 SEGGER_SYSVIEW_RegisterModule
/var/folders/yl/_q9l42k90g1g4mdhbs226msm0000gn/T//ccxj18A8.s:10693  .text.SEGGER_SYSVIEW_RegisterModule:000000000000007c $d
/var/folders/yl/_q9l42k90g1g4mdhbs226msm0000gn/T//ccxj18A8.s:10699  .text.SEGGER_SYSVIEW_RecordModuleDescription:0000000000000000 $t
/var/folders/yl/_q9l42k90g1g4mdhbs226msm0000gn/T//ccxj18A8.s:10705  .text.SEGGER_SYSVIEW_RecordModuleDescription:0000000000000000 SEGGER_SYSVIEW_RecordModuleDescription
/var/folders/yl/_q9l42k90g1g4mdhbs226msm0000gn/T//ccxj18A8.s:10879  .text.SEGGER_SYSVIEW_RecordModuleDescription:00000000000000ec $d
/var/folders/yl/_q9l42k90g1g4mdhbs226msm0000gn/T//ccxj18A8.s:10885  .text.SEGGER_SYSVIEW_SendModule:0000000000000000 $t
/var/folders/yl/_q9l42k90g1g4mdhbs226msm0000gn/T//ccxj18A8.s:11099  .text.SEGGER_SYSVIEW_SendModule:000000000000010c $d
/var/folders/yl/_q9l42k90g1g4mdhbs226msm0000gn/T//ccxj18A8.s:11105  .text.SEGGER_SYSVIEW_SendModuleDescription:0000000000000000 $t
/var/folders/yl/_q9l42k90g1g4mdhbs226msm0000gn/T//ccxj18A8.s:11174  .text.SEGGER_SYSVIEW_SendModuleDescription:0000000000000038 $d
/var/folders/yl/_q9l42k90g1g4mdhbs226msm0000gn/T//ccxj18A8.s:11179  .text.SEGGER_SYSVIEW_SendNumModules:0000000000000000 $t
/var/folders/yl/_q9l42k90g1g4mdhbs226msm0000gn/T//ccxj18A8.s:11284  .text.SEGGER_SYSVIEW_SendNumModules:0000000000000074 $d
ARM GAS  /var/folders/yl/_q9l42k90g1g4mdhbs226msm0000gn/T//ccxj18A8.s 			page 289


/var/folders/yl/_q9l42k90g1g4mdhbs226msm0000gn/T//ccxj18A8.s:11290  .text.SEGGER_SYSVIEW_PrintfHostEx:0000000000000000 $t
/var/folders/yl/_q9l42k90g1g4mdhbs226msm0000gn/T//ccxj18A8.s:11296  .text.SEGGER_SYSVIEW_PrintfHostEx:0000000000000000 SEGGER_SYSVIEW_PrintfHostEx
/var/folders/yl/_q9l42k90g1g4mdhbs226msm0000gn/T//ccxj18A8.s:11354  .text.SEGGER_SYSVIEW_VPrintfHostEx:0000000000000000 $t
/var/folders/yl/_q9l42k90g1g4mdhbs226msm0000gn/T//ccxj18A8.s:11360  .text.SEGGER_SYSVIEW_VPrintfHostEx:0000000000000000 SEGGER_SYSVIEW_VPrintfHostEx
/var/folders/yl/_q9l42k90g1g4mdhbs226msm0000gn/T//ccxj18A8.s:11399  .text.SEGGER_SYSVIEW_PrintfHost:0000000000000000 $t
/var/folders/yl/_q9l42k90g1g4mdhbs226msm0000gn/T//ccxj18A8.s:11405  .text.SEGGER_SYSVIEW_PrintfHost:0000000000000000 SEGGER_SYSVIEW_PrintfHost
/var/folders/yl/_q9l42k90g1g4mdhbs226msm0000gn/T//ccxj18A8.s:11464  .text.SEGGER_SYSVIEW_VPrintfHost:0000000000000000 $t
/var/folders/yl/_q9l42k90g1g4mdhbs226msm0000gn/T//ccxj18A8.s:11470  .text.SEGGER_SYSVIEW_VPrintfHost:0000000000000000 SEGGER_SYSVIEW_VPrintfHost
/var/folders/yl/_q9l42k90g1g4mdhbs226msm0000gn/T//ccxj18A8.s:11508  .text.SEGGER_SYSVIEW_WarnfHost:0000000000000000 $t
/var/folders/yl/_q9l42k90g1g4mdhbs226msm0000gn/T//ccxj18A8.s:11514  .text.SEGGER_SYSVIEW_WarnfHost:0000000000000000 SEGGER_SYSVIEW_WarnfHost
/var/folders/yl/_q9l42k90g1g4mdhbs226msm0000gn/T//ccxj18A8.s:11573  .text.SEGGER_SYSVIEW_VWarnfHost:0000000000000000 $t
/var/folders/yl/_q9l42k90g1g4mdhbs226msm0000gn/T//ccxj18A8.s:11579  .text.SEGGER_SYSVIEW_VWarnfHost:0000000000000000 SEGGER_SYSVIEW_VWarnfHost
/var/folders/yl/_q9l42k90g1g4mdhbs226msm0000gn/T//ccxj18A8.s:11617  .text.SEGGER_SYSVIEW_ErrorfHost:0000000000000000 $t
/var/folders/yl/_q9l42k90g1g4mdhbs226msm0000gn/T//ccxj18A8.s:11623  .text.SEGGER_SYSVIEW_ErrorfHost:0000000000000000 SEGGER_SYSVIEW_ErrorfHost
/var/folders/yl/_q9l42k90g1g4mdhbs226msm0000gn/T//ccxj18A8.s:11682  .text.SEGGER_SYSVIEW_VErrorfHost:0000000000000000 $t
/var/folders/yl/_q9l42k90g1g4mdhbs226msm0000gn/T//ccxj18A8.s:11688  .text.SEGGER_SYSVIEW_VErrorfHost:0000000000000000 SEGGER_SYSVIEW_VErrorfHost
/var/folders/yl/_q9l42k90g1g4mdhbs226msm0000gn/T//ccxj18A8.s:11726  .text.SEGGER_SYSVIEW_PrintfTargetEx:0000000000000000 $t
/var/folders/yl/_q9l42k90g1g4mdhbs226msm0000gn/T//ccxj18A8.s:11732  .text.SEGGER_SYSVIEW_PrintfTargetEx:0000000000000000 SEGGER_SYSVIEW_PrintfTargetEx
/var/folders/yl/_q9l42k90g1g4mdhbs226msm0000gn/T//ccxj18A8.s:11790  .text.SEGGER_SYSVIEW_VPrintfTargetEx:0000000000000000 $t
/var/folders/yl/_q9l42k90g1g4mdhbs226msm0000gn/T//ccxj18A8.s:11796  .text.SEGGER_SYSVIEW_VPrintfTargetEx:0000000000000000 SEGGER_SYSVIEW_VPrintfTargetEx
/var/folders/yl/_q9l42k90g1g4mdhbs226msm0000gn/T//ccxj18A8.s:11835  .text.SEGGER_SYSVIEW_PrintfTarget:0000000000000000 $t
/var/folders/yl/_q9l42k90g1g4mdhbs226msm0000gn/T//ccxj18A8.s:11841  .text.SEGGER_SYSVIEW_PrintfTarget:0000000000000000 SEGGER_SYSVIEW_PrintfTarget
/var/folders/yl/_q9l42k90g1g4mdhbs226msm0000gn/T//ccxj18A8.s:11900  .text.SEGGER_SYSVIEW_VPrintfTarget:0000000000000000 $t
/var/folders/yl/_q9l42k90g1g4mdhbs226msm0000gn/T//ccxj18A8.s:11906  .text.SEGGER_SYSVIEW_VPrintfTarget:0000000000000000 SEGGER_SYSVIEW_VPrintfTarget
/var/folders/yl/_q9l42k90g1g4mdhbs226msm0000gn/T//ccxj18A8.s:11944  .text.SEGGER_SYSVIEW_WarnfTarget:0000000000000000 $t
/var/folders/yl/_q9l42k90g1g4mdhbs226msm0000gn/T//ccxj18A8.s:11950  .text.SEGGER_SYSVIEW_WarnfTarget:0000000000000000 SEGGER_SYSVIEW_WarnfTarget
/var/folders/yl/_q9l42k90g1g4mdhbs226msm0000gn/T//ccxj18A8.s:12009  .text.SEGGER_SYSVIEW_VWarnfTarget:0000000000000000 $t
/var/folders/yl/_q9l42k90g1g4mdhbs226msm0000gn/T//ccxj18A8.s:12015  .text.SEGGER_SYSVIEW_VWarnfTarget:0000000000000000 SEGGER_SYSVIEW_VWarnfTarget
/var/folders/yl/_q9l42k90g1g4mdhbs226msm0000gn/T//ccxj18A8.s:12053  .text.SEGGER_SYSVIEW_ErrorfTarget:0000000000000000 $t
/var/folders/yl/_q9l42k90g1g4mdhbs226msm0000gn/T//ccxj18A8.s:12059  .text.SEGGER_SYSVIEW_ErrorfTarget:0000000000000000 SEGGER_SYSVIEW_ErrorfTarget
/var/folders/yl/_q9l42k90g1g4mdhbs226msm0000gn/T//ccxj18A8.s:12118  .text.SEGGER_SYSVIEW_VErrorfTarget:0000000000000000 $t
/var/folders/yl/_q9l42k90g1g4mdhbs226msm0000gn/T//ccxj18A8.s:12124  .text.SEGGER_SYSVIEW_VErrorfTarget:0000000000000000 SEGGER_SYSVIEW_VErrorfTarget
/var/folders/yl/_q9l42k90g1g4mdhbs226msm0000gn/T//ccxj18A8.s:12162  .text.SEGGER_SYSVIEW_Print:0000000000000000 $t
/var/folders/yl/_q9l42k90g1g4mdhbs226msm0000gn/T//ccxj18A8.s:12168  .text.SEGGER_SYSVIEW_Print:0000000000000000 SEGGER_SYSVIEW_Print
/var/folders/yl/_q9l42k90g1g4mdhbs226msm0000gn/T//ccxj18A8.s:12305  .text.SEGGER_SYSVIEW_Print:00000000000000b4 $d
/var/folders/yl/_q9l42k90g1g4mdhbs226msm0000gn/T//ccxj18A8.s:12310  .text.SEGGER_SYSVIEW_Warn:0000000000000000 $t
/var/folders/yl/_q9l42k90g1g4mdhbs226msm0000gn/T//ccxj18A8.s:12316  .text.SEGGER_SYSVIEW_Warn:0000000000000000 SEGGER_SYSVIEW_Warn
/var/folders/yl/_q9l42k90g1g4mdhbs226msm0000gn/T//ccxj18A8.s:12453  .text.SEGGER_SYSVIEW_Warn:00000000000000b4 $d
/var/folders/yl/_q9l42k90g1g4mdhbs226msm0000gn/T//ccxj18A8.s:12458  .text.SEGGER_SYSVIEW_Error:0000000000000000 $t
/var/folders/yl/_q9l42k90g1g4mdhbs226msm0000gn/T//ccxj18A8.s:12464  .text.SEGGER_SYSVIEW_Error:0000000000000000 SEGGER_SYSVIEW_Error
/var/folders/yl/_q9l42k90g1g4mdhbs226msm0000gn/T//ccxj18A8.s:12601  .text.SEGGER_SYSVIEW_Error:00000000000000b4 $d
/var/folders/yl/_q9l42k90g1g4mdhbs226msm0000gn/T//ccxj18A8.s:12606  .text.SEGGER_SYSVIEW_EnableEvents:0000000000000000 $t
/var/folders/yl/_q9l42k90g1g4mdhbs226msm0000gn/T//ccxj18A8.s:12612  .text.SEGGER_SYSVIEW_EnableEvents:0000000000000000 SEGGER_SYSVIEW_EnableEvents
/var/folders/yl/_q9l42k90g1g4mdhbs226msm0000gn/T//ccxj18A8.s:12657  .text.SEGGER_SYSVIEW_EnableEvents:0000000000000024 $d
/var/folders/yl/_q9l42k90g1g4mdhbs226msm0000gn/T//ccxj18A8.s:12662  .text.SEGGER_SYSVIEW_DisableEvents:0000000000000000 $t
/var/folders/yl/_q9l42k90g1g4mdhbs226msm0000gn/T//ccxj18A8.s:12668  .text.SEGGER_SYSVIEW_DisableEvents:0000000000000000 SEGGER_SYSVIEW_DisableEvents
/var/folders/yl/_q9l42k90g1g4mdhbs226msm0000gn/T//ccxj18A8.s:12710  .text.SEGGER_SYSVIEW_DisableEvents:0000000000000020 $d
/var/folders/yl/_q9l42k90g1g4mdhbs226msm0000gn/T//ccxj18A8.s:12715  .text.SEGGER_SYSVIEW_IsStarted:0000000000000000 $t
/var/folders/yl/_q9l42k90g1g4mdhbs226msm0000gn/T//ccxj18A8.s:12721  .text.SEGGER_SYSVIEW_IsStarted:0000000000000000 SEGGER_SYSVIEW_IsStarted
/var/folders/yl/_q9l42k90g1g4mdhbs226msm0000gn/T//ccxj18A8.s:12787  .text.SEGGER_SYSVIEW_IsStarted:0000000000000054 $d
/var/folders/yl/_q9l42k90g1g4mdhbs226msm0000gn/T//ccxj18A8.s:12793  .rodata._aV2C.0:0000000000000000 $d

UNDEFINED SYMBOLS
SEGGER_RTT_ReadNoLock
SEGGER_RTT_ASM_WriteSkipNoLock
_SEGGER_RTT
SEGGER_RTT_AllocUpBuffer
ARM GAS  /var/folders/yl/_q9l42k90g1g4mdhbs226msm0000gn/T//ccxj18A8.s 			page 290


SEGGER_RTT_ConfigDownBuffer
