ARM GAS  /var/folders/yl/_q9l42k90g1g4mdhbs226msm0000gn/T//ccXiy4OZ.s 			page 1


   1              		.cpu cortex-m4
   2              		.arch armv7e-m
   3              		.fpu fpv4-sp-d16
   4              		.eabi_attribute 27, 1
   5              		.eabi_attribute 28, 1
   6              		.eabi_attribute 20, 1
   7              		.eabi_attribute 21, 1
   8              		.eabi_attribute 23, 3
   9              		.eabi_attribute 24, 1
  10              		.eabi_attribute 25, 1
  11              		.eabi_attribute 26, 1
  12              		.eabi_attribute 30, 6
  13              		.eabi_attribute 34, 1
  14              		.eabi_attribute 18, 4
  15              		.file	"SEGGER_RTT.c"
  16              		.text
  17              	.Ltext0:
  18              		.cfi_sections	.debug_frame
  19              		.section	.rodata._aTerminalId,"a"
  20              		.align	2
  23              	_aTerminalId:
  24 0000 30313233 		.ascii	"0123456789ABCDEF"
  24      34353637 
  24      38394142 
  24      43444546 
  25              		.global	_SEGGER_RTT
  26              		.section	.bss._SEGGER_RTT,"aw",%nobits
  27              		.align	2
  30              	_SEGGER_RTT:
  31 0000 00000000 		.space	168
  31      00000000 
  31      00000000 
  31      00000000 
  31      00000000 
  32              		.section	.bss._acUpBuffer,"aw",%nobits
  33              		.align	2
  36              	_acUpBuffer:
  37 0000 00000000 		.space	1024
  37      00000000 
  37      00000000 
  37      00000000 
  37      00000000 
  38              		.section	.bss._acDownBuffer,"aw",%nobits
  39              		.align	2
  42              	_acDownBuffer:
  43 0000 00000000 		.space	16
  43      00000000 
  43      00000000 
  43      00000000 
  44              		.section	.bss._ActiveTerminal,"aw",%nobits
  47              	_ActiveTerminal:
  48 0000 00       		.space	1
  49              		.section	.rodata
  50              		.align	2
  51              	.LC0:
  52 0000 5465726D 		.ascii	"Terminal\000"
  52      696E616C 
ARM GAS  /var/folders/yl/_q9l42k90g1g4mdhbs226msm0000gn/T//ccXiy4OZ.s 			page 2


  52      00
  53              		.section	.text._DoInit,"ax",%progbits
  54              		.align	1
  55              		.syntax unified
  56              		.thumb
  57              		.thumb_func
  59              	_DoInit:
  60              	.LFB0:
  61              		.file 1 "./SystemView/SEGGER_RTT.c"
   1:./SystemView/SEGGER_RTT.c **** /*********************************************************************
   2:./SystemView/SEGGER_RTT.c **** *                    SEGGER Microcontroller GmbH                     *
   3:./SystemView/SEGGER_RTT.c **** *                        The Embedded Experts                        *
   4:./SystemView/SEGGER_RTT.c **** **********************************************************************
   5:./SystemView/SEGGER_RTT.c **** *                                                                    *
   6:./SystemView/SEGGER_RTT.c **** *            (c) 1995 - 2024 SEGGER Microcontroller GmbH             *
   7:./SystemView/SEGGER_RTT.c **** *                                                                    *
   8:./SystemView/SEGGER_RTT.c **** *       www.segger.com     Support: support@segger.com               *
   9:./SystemView/SEGGER_RTT.c **** *                                                                    *
  10:./SystemView/SEGGER_RTT.c **** **********************************************************************
  11:./SystemView/SEGGER_RTT.c **** *                                                                    *
  12:./SystemView/SEGGER_RTT.c **** *       SEGGER SystemView * Real-time application analysis           *
  13:./SystemView/SEGGER_RTT.c **** *                                                                    *
  14:./SystemView/SEGGER_RTT.c **** **********************************************************************
  15:./SystemView/SEGGER_RTT.c **** *                                                                    *
  16:./SystemView/SEGGER_RTT.c **** * All rights reserved.                                               *
  17:./SystemView/SEGGER_RTT.c **** *                                                                    *
  18:./SystemView/SEGGER_RTT.c **** * SEGGER strongly recommends to not make any changes                 *
  19:./SystemView/SEGGER_RTT.c **** * to or modify the source code of this software in order to stay     *
  20:./SystemView/SEGGER_RTT.c **** * compatible with the SystemView and RTT protocol, and J-Link.       *
  21:./SystemView/SEGGER_RTT.c **** *                                                                    *
  22:./SystemView/SEGGER_RTT.c **** * Redistribution and use in source and binary forms, with or         *
  23:./SystemView/SEGGER_RTT.c **** * without modification, are permitted provided that the following    *
  24:./SystemView/SEGGER_RTT.c **** * condition is met:                                                  *
  25:./SystemView/SEGGER_RTT.c **** *                                                                    *
  26:./SystemView/SEGGER_RTT.c **** * o Redistributions of source code must retain the above copyright   *
  27:./SystemView/SEGGER_RTT.c **** *   notice, this condition and the following disclaimer.             *
  28:./SystemView/SEGGER_RTT.c **** *                                                                    *
  29:./SystemView/SEGGER_RTT.c **** * THIS SOFTWARE IS PROVIDED BY THE COPYRIGHT HOLDERS AND             *
  30:./SystemView/SEGGER_RTT.c **** * CONTRIBUTORS "AS IS" AND ANY EXPRESS OR IMPLIED WARRANTIES,        *
  31:./SystemView/SEGGER_RTT.c **** * INCLUDING, BUT NOT LIMITED TO, THE IMPLIED WARRANTIES OF           *
  32:./SystemView/SEGGER_RTT.c **** * MERCHANTABILITY AND FITNESS FOR A PARTICULAR PURPOSE ARE           *
  33:./SystemView/SEGGER_RTT.c **** * DISCLAIMED. IN NO EVENT SHALL SEGGER Microcontroller BE LIABLE FOR *
  34:./SystemView/SEGGER_RTT.c **** * ANY DIRECT, INDIRECT, INCIDENTAL, SPECIAL, EXEMPLARY, OR           *
  35:./SystemView/SEGGER_RTT.c **** * CONSEQUENTIAL DAMAGES (INCLUDING, BUT NOT LIMITED TO, PROCUREMENT  *
  36:./SystemView/SEGGER_RTT.c **** * OF SUBSTITUTE GOODS OR SERVICES; LOSS OF USE, DATA, OR PROFITS;    *
  37:./SystemView/SEGGER_RTT.c **** * OR BUSINESS INTERRUPTION) HOWEVER CAUSED AND ON ANY THEORY OF      *
  38:./SystemView/SEGGER_RTT.c **** * LIABILITY, WHETHER IN CONTRACT, STRICT LIABILITY, OR TORT          *
  39:./SystemView/SEGGER_RTT.c **** * (INCLUDING NEGLIGENCE OR OTHERWISE) ARISING IN ANY WAY OUT OF THE  *
  40:./SystemView/SEGGER_RTT.c **** * USE OF THIS SOFTWARE, EVEN IF ADVISED OF THE POSSIBILITY OF SUCH   *
  41:./SystemView/SEGGER_RTT.c **** * DAMAGE.                                                            *
  42:./SystemView/SEGGER_RTT.c **** *                                                                    *
  43:./SystemView/SEGGER_RTT.c **** **********************************************************************
  44:./SystemView/SEGGER_RTT.c **** *                                                                    *
  45:./SystemView/SEGGER_RTT.c **** *       SystemView version: 3.54                                    *
  46:./SystemView/SEGGER_RTT.c **** *                                                                    *
  47:./SystemView/SEGGER_RTT.c **** **********************************************************************
  48:./SystemView/SEGGER_RTT.c **** ---------------------------END-OF-HEADER------------------------------
ARM GAS  /var/folders/yl/_q9l42k90g1g4mdhbs226msm0000gn/T//ccXiy4OZ.s 			page 3


  49:./SystemView/SEGGER_RTT.c **** File    : SEGGER_RTT.c
  50:./SystemView/SEGGER_RTT.c **** Purpose : Implementation of SEGGER real-time transfer (RTT) which
  51:./SystemView/SEGGER_RTT.c ****           allows real-time communication on targets which support
  52:./SystemView/SEGGER_RTT.c ****           debugger memory accesses while the CPU is running.
  53:./SystemView/SEGGER_RTT.c **** Revision: $Rev: 29668 $
  54:./SystemView/SEGGER_RTT.c **** 
  55:./SystemView/SEGGER_RTT.c **** Additional information:
  56:./SystemView/SEGGER_RTT.c ****           Type "int" is assumed to be 32-bits in size
  57:./SystemView/SEGGER_RTT.c ****           H->T    Host to target communication
  58:./SystemView/SEGGER_RTT.c ****           T->H    Target to host communication
  59:./SystemView/SEGGER_RTT.c **** 
  60:./SystemView/SEGGER_RTT.c ****           RTT channel 0 is always present and reserved for Terminal usage.
  61:./SystemView/SEGGER_RTT.c ****           Name is fixed to "Terminal"
  62:./SystemView/SEGGER_RTT.c **** 
  63:./SystemView/SEGGER_RTT.c ****           Effective buffer size: SizeOfBuffer - 1
  64:./SystemView/SEGGER_RTT.c **** 
  65:./SystemView/SEGGER_RTT.c ****           WrOff == RdOff:       Buffer is empty
  66:./SystemView/SEGGER_RTT.c ****           WrOff == (RdOff - 1): Buffer is full
  67:./SystemView/SEGGER_RTT.c ****           WrOff >  RdOff:       Free space includes wrap-around
  68:./SystemView/SEGGER_RTT.c ****           WrOff <  RdOff:       Used space includes wrap-around
  69:./SystemView/SEGGER_RTT.c ****           (WrOff == (SizeOfBuffer - 1)) && (RdOff == 0):
  70:./SystemView/SEGGER_RTT.c ****                                 Buffer full and wrap-around after next byte
  71:./SystemView/SEGGER_RTT.c **** 
  72:./SystemView/SEGGER_RTT.c **** 
  73:./SystemView/SEGGER_RTT.c **** ----------------------------------------------------------------------
  74:./SystemView/SEGGER_RTT.c **** */
  75:./SystemView/SEGGER_RTT.c **** 
  76:./SystemView/SEGGER_RTT.c **** #include "SEGGER_RTT.h"
  77:./SystemView/SEGGER_RTT.c **** 
  78:./SystemView/SEGGER_RTT.c **** #include <string.h>                 // for memcpy
  79:./SystemView/SEGGER_RTT.c **** 
  80:./SystemView/SEGGER_RTT.c **** /*********************************************************************
  81:./SystemView/SEGGER_RTT.c **** *
  82:./SystemView/SEGGER_RTT.c **** *       Configuration, default values
  83:./SystemView/SEGGER_RTT.c **** *
  84:./SystemView/SEGGER_RTT.c **** **********************************************************************
  85:./SystemView/SEGGER_RTT.c **** */
  86:./SystemView/SEGGER_RTT.c **** 
  87:./SystemView/SEGGER_RTT.c **** #if SEGGER_RTT_CPU_CACHE_LINE_SIZE
  88:./SystemView/SEGGER_RTT.c ****   #ifdef SEGGER_RTT_CB_ALIGN
  89:./SystemView/SEGGER_RTT.c ****     #error "Custom SEGGER_RTT_CB_ALIGN() is not supported for SEGGER_RTT_CPU_CACHE_LINE_SIZE != 0"
  90:./SystemView/SEGGER_RTT.c ****   #endif
  91:./SystemView/SEGGER_RTT.c ****   #ifdef SEGGER_RTT_BUFFER_ALIGN
  92:./SystemView/SEGGER_RTT.c ****     #error "Custom SEGGER_RTT_BUFFER_ALIGN() is not supported for SEGGER_RTT_CPU_CACHE_LINE_SIZE !=
  93:./SystemView/SEGGER_RTT.c ****   #endif
  94:./SystemView/SEGGER_RTT.c ****   #ifdef SEGGER_RTT_PUT_CB_SECTION
  95:./SystemView/SEGGER_RTT.c ****     #error "Custom SEGGER_RTT_PUT_CB_SECTION() is not supported for SEGGER_RTT_CPU_CACHE_LINE_SIZE 
  96:./SystemView/SEGGER_RTT.c ****   #endif
  97:./SystemView/SEGGER_RTT.c ****   #ifdef SEGGER_RTT_PUT_BUFFER_SECTION
  98:./SystemView/SEGGER_RTT.c ****     #error "Custom SEGGER_RTT_PUT_BUFFER_SECTION() is not supported for SEGGER_RTT_CPU_CACHE_LINE_S
  99:./SystemView/SEGGER_RTT.c ****   #endif
 100:./SystemView/SEGGER_RTT.c ****   #ifdef SEGGER_RTT_BUFFER_ALIGNMENT
 101:./SystemView/SEGGER_RTT.c ****     #error "Custom SEGGER_RTT_BUFFER_ALIGNMENT is not supported for SEGGER_RTT_CPU_CACHE_LINE_SIZE 
 102:./SystemView/SEGGER_RTT.c ****   #endif
 103:./SystemView/SEGGER_RTT.c ****   #ifdef SEGGER_RTT_ALIGNMENT
 104:./SystemView/SEGGER_RTT.c ****     #error "Custom SEGGER_RTT_ALIGNMENT is not supported for SEGGER_RTT_CPU_CACHE_LINE_SIZE != 0"
 105:./SystemView/SEGGER_RTT.c ****   #endif
ARM GAS  /var/folders/yl/_q9l42k90g1g4mdhbs226msm0000gn/T//ccXiy4OZ.s 			page 4


 106:./SystemView/SEGGER_RTT.c **** #endif
 107:./SystemView/SEGGER_RTT.c **** 
 108:./SystemView/SEGGER_RTT.c **** #ifndef   BUFFER_SIZE_UP
 109:./SystemView/SEGGER_RTT.c ****   #define BUFFER_SIZE_UP                                  1024  // Size of the buffer for terminal 
 110:./SystemView/SEGGER_RTT.c **** #endif
 111:./SystemView/SEGGER_RTT.c **** 
 112:./SystemView/SEGGER_RTT.c **** #ifndef   BUFFER_SIZE_DOWN
 113:./SystemView/SEGGER_RTT.c ****   #define BUFFER_SIZE_DOWN                                16    // Size of the buffer for terminal 
 114:./SystemView/SEGGER_RTT.c **** #endif
 115:./SystemView/SEGGER_RTT.c **** 
 116:./SystemView/SEGGER_RTT.c **** #ifndef   SEGGER_RTT_MAX_NUM_UP_BUFFERS
 117:./SystemView/SEGGER_RTT.c ****   #define SEGGER_RTT_MAX_NUM_UP_BUFFERS                    2    // Number of up-buffers (T->H) avai
 118:./SystemView/SEGGER_RTT.c **** #endif
 119:./SystemView/SEGGER_RTT.c **** 
 120:./SystemView/SEGGER_RTT.c **** #ifndef   SEGGER_RTT_MAX_NUM_DOWN_BUFFERS
 121:./SystemView/SEGGER_RTT.c ****   #define SEGGER_RTT_MAX_NUM_DOWN_BUFFERS                  2    // Number of down-buffers (H->T) av
 122:./SystemView/SEGGER_RTT.c **** #endif
 123:./SystemView/SEGGER_RTT.c **** 
 124:./SystemView/SEGGER_RTT.c **** #ifndef SEGGER_RTT_BUFFER_SECTION
 125:./SystemView/SEGGER_RTT.c ****   #if defined(SEGGER_RTT_SECTION)
 126:./SystemView/SEGGER_RTT.c ****     #define SEGGER_RTT_BUFFER_SECTION SEGGER_RTT_SECTION
 127:./SystemView/SEGGER_RTT.c ****   #endif
 128:./SystemView/SEGGER_RTT.c **** #endif
 129:./SystemView/SEGGER_RTT.c **** 
 130:./SystemView/SEGGER_RTT.c **** #ifndef   SEGGER_RTT_ALIGNMENT
 131:./SystemView/SEGGER_RTT.c ****   #define SEGGER_RTT_ALIGNMENT                            SEGGER_RTT_CPU_CACHE_LINE_SIZE
 132:./SystemView/SEGGER_RTT.c **** #endif
 133:./SystemView/SEGGER_RTT.c **** 
 134:./SystemView/SEGGER_RTT.c **** #ifndef   SEGGER_RTT_BUFFER_ALIGNMENT
 135:./SystemView/SEGGER_RTT.c ****   #define SEGGER_RTT_BUFFER_ALIGNMENT                     SEGGER_RTT_CPU_CACHE_LINE_SIZE
 136:./SystemView/SEGGER_RTT.c **** #endif
 137:./SystemView/SEGGER_RTT.c **** 
 138:./SystemView/SEGGER_RTT.c **** #ifndef   SEGGER_RTT_MODE_DEFAULT
 139:./SystemView/SEGGER_RTT.c ****   #define SEGGER_RTT_MODE_DEFAULT                         SEGGER_RTT_MODE_NO_BLOCK_SKIP
 140:./SystemView/SEGGER_RTT.c **** #endif
 141:./SystemView/SEGGER_RTT.c **** 
 142:./SystemView/SEGGER_RTT.c **** #ifndef   SEGGER_RTT_LOCK
 143:./SystemView/SEGGER_RTT.c ****   #define SEGGER_RTT_LOCK()
 144:./SystemView/SEGGER_RTT.c **** #endif
 145:./SystemView/SEGGER_RTT.c **** 
 146:./SystemView/SEGGER_RTT.c **** #ifndef   SEGGER_RTT_UNLOCK
 147:./SystemView/SEGGER_RTT.c ****   #define SEGGER_RTT_UNLOCK()
 148:./SystemView/SEGGER_RTT.c **** #endif
 149:./SystemView/SEGGER_RTT.c **** 
 150:./SystemView/SEGGER_RTT.c **** #ifndef   STRLEN
 151:./SystemView/SEGGER_RTT.c ****   #define STRLEN(a)                                       strlen((a))
 152:./SystemView/SEGGER_RTT.c **** #endif
 153:./SystemView/SEGGER_RTT.c **** 
 154:./SystemView/SEGGER_RTT.c **** #ifndef   STRCPY
 155:./SystemView/SEGGER_RTT.c ****   #define STRCPY(pDest, pSrc)                             strcpy((pDest), (pSrc))
 156:./SystemView/SEGGER_RTT.c **** #endif
 157:./SystemView/SEGGER_RTT.c **** 
 158:./SystemView/SEGGER_RTT.c **** #ifndef   SEGGER_RTT_MEMCPY_USE_BYTELOOP
 159:./SystemView/SEGGER_RTT.c ****   #define SEGGER_RTT_MEMCPY_USE_BYTELOOP                  0
 160:./SystemView/SEGGER_RTT.c **** #endif
 161:./SystemView/SEGGER_RTT.c **** 
 162:./SystemView/SEGGER_RTT.c **** #ifndef   SEGGER_RTT_MEMCPY
ARM GAS  /var/folders/yl/_q9l42k90g1g4mdhbs226msm0000gn/T//ccXiy4OZ.s 			page 5


 163:./SystemView/SEGGER_RTT.c ****   #ifdef  MEMCPY
 164:./SystemView/SEGGER_RTT.c ****     #define SEGGER_RTT_MEMCPY(pDest, pSrc, NumBytes)      MEMCPY((pDest), (pSrc), (NumBytes))
 165:./SystemView/SEGGER_RTT.c ****   #else
 166:./SystemView/SEGGER_RTT.c ****     #define SEGGER_RTT_MEMCPY(pDest, pSrc, NumBytes)      memcpy((pDest), (pSrc), (NumBytes))
 167:./SystemView/SEGGER_RTT.c ****   #endif
 168:./SystemView/SEGGER_RTT.c **** #endif
 169:./SystemView/SEGGER_RTT.c **** 
 170:./SystemView/SEGGER_RTT.c **** #ifndef   MIN
 171:./SystemView/SEGGER_RTT.c ****   #define MIN(a, b)                                       (((a) < (b)) ? (a) : (b))
 172:./SystemView/SEGGER_RTT.c **** #endif
 173:./SystemView/SEGGER_RTT.c **** 
 174:./SystemView/SEGGER_RTT.c **** #ifndef   MAX
 175:./SystemView/SEGGER_RTT.c ****   #define MAX(a, b)                                       (((a) > (b)) ? (a) : (b))
 176:./SystemView/SEGGER_RTT.c **** #endif
 177:./SystemView/SEGGER_RTT.c **** 
 178:./SystemView/SEGGER_RTT.c **** /*********************************************************************
 179:./SystemView/SEGGER_RTT.c **** *
 180:./SystemView/SEGGER_RTT.c **** *       Defines, fixed
 181:./SystemView/SEGGER_RTT.c **** *
 182:./SystemView/SEGGER_RTT.c **** **********************************************************************
 183:./SystemView/SEGGER_RTT.c **** */
 184:./SystemView/SEGGER_RTT.c **** #if (defined __ICCARM__) || (defined __ICCRX__)
 185:./SystemView/SEGGER_RTT.c ****   #define RTT_PRAGMA(P) _Pragma(#P)
 186:./SystemView/SEGGER_RTT.c **** #endif
 187:./SystemView/SEGGER_RTT.c **** 
 188:./SystemView/SEGGER_RTT.c **** #if SEGGER_RTT_ALIGNMENT || SEGGER_RTT_BUFFER_ALIGNMENT
 189:./SystemView/SEGGER_RTT.c ****   #if ((defined __GNUC__) || (defined __clang__))
 190:./SystemView/SEGGER_RTT.c ****     #define SEGGER_RTT_ALIGN(Var, Alignment) Var __attribute__ ((aligned (Alignment)))
 191:./SystemView/SEGGER_RTT.c ****   #elif (defined __ICCARM__) || (defined __ICCRX__)
 192:./SystemView/SEGGER_RTT.c ****     #define PRAGMA(A) _Pragma(#A)
 193:./SystemView/SEGGER_RTT.c **** #define SEGGER_RTT_ALIGN(Var, Alignment) RTT_PRAGMA(data_alignment=Alignment) \
 194:./SystemView/SEGGER_RTT.c ****                                   Var
 195:./SystemView/SEGGER_RTT.c ****   #elif (defined __CC_ARM)
 196:./SystemView/SEGGER_RTT.c ****     #define SEGGER_RTT_ALIGN(Var, Alignment) Var __attribute__ ((aligned (Alignment)))
 197:./SystemView/SEGGER_RTT.c ****   #else
 198:./SystemView/SEGGER_RTT.c ****     #error "Alignment not supported for this compiler."
 199:./SystemView/SEGGER_RTT.c ****   #endif
 200:./SystemView/SEGGER_RTT.c **** #else
 201:./SystemView/SEGGER_RTT.c ****   #define SEGGER_RTT_ALIGN(Var, Alignment) Var
 202:./SystemView/SEGGER_RTT.c **** #endif
 203:./SystemView/SEGGER_RTT.c **** 
 204:./SystemView/SEGGER_RTT.c **** #if defined(SEGGER_RTT_SECTION) || defined (SEGGER_RTT_BUFFER_SECTION)
 205:./SystemView/SEGGER_RTT.c ****   #if ((defined __GNUC__) || (defined __clang__))
 206:./SystemView/SEGGER_RTT.c ****     #define SEGGER_RTT_PUT_SECTION(Var, Section) __attribute__ ((section (Section))) Var
 207:./SystemView/SEGGER_RTT.c ****   #elif (defined __ICCARM__) || (defined __ICCRX__)
 208:./SystemView/SEGGER_RTT.c **** #define SEGGER_RTT_PUT_SECTION(Var, Section) RTT_PRAGMA(location=Section) \
 209:./SystemView/SEGGER_RTT.c ****                                         Var
 210:./SystemView/SEGGER_RTT.c ****   #elif (defined __CC_ARM)
 211:./SystemView/SEGGER_RTT.c ****     #define SEGGER_RTT_PUT_SECTION(Var, Section) __attribute__ ((section (Section), zero_init))  Va
 212:./SystemView/SEGGER_RTT.c ****   #else
 213:./SystemView/SEGGER_RTT.c ****     #error "Section placement not supported for this compiler."
 214:./SystemView/SEGGER_RTT.c ****   #endif
 215:./SystemView/SEGGER_RTT.c **** #else
 216:./SystemView/SEGGER_RTT.c ****   #define SEGGER_RTT_PUT_SECTION(Var, Section) Var
 217:./SystemView/SEGGER_RTT.c **** #endif
 218:./SystemView/SEGGER_RTT.c **** 
 219:./SystemView/SEGGER_RTT.c **** #if SEGGER_RTT_ALIGNMENT
ARM GAS  /var/folders/yl/_q9l42k90g1g4mdhbs226msm0000gn/T//ccXiy4OZ.s 			page 6


 220:./SystemView/SEGGER_RTT.c ****   #define SEGGER_RTT_CB_ALIGN(Var)  SEGGER_RTT_ALIGN(Var, SEGGER_RTT_ALIGNMENT)
 221:./SystemView/SEGGER_RTT.c **** #else
 222:./SystemView/SEGGER_RTT.c ****   #define SEGGER_RTT_CB_ALIGN(Var)  Var
 223:./SystemView/SEGGER_RTT.c **** #endif
 224:./SystemView/SEGGER_RTT.c **** 
 225:./SystemView/SEGGER_RTT.c **** #if SEGGER_RTT_BUFFER_ALIGNMENT
 226:./SystemView/SEGGER_RTT.c ****   #define SEGGER_RTT_BUFFER_ALIGN(Var)  SEGGER_RTT_ALIGN(Var, SEGGER_RTT_BUFFER_ALIGNMENT)
 227:./SystemView/SEGGER_RTT.c **** #else
 228:./SystemView/SEGGER_RTT.c ****   #define SEGGER_RTT_BUFFER_ALIGN(Var)  Var
 229:./SystemView/SEGGER_RTT.c **** #endif
 230:./SystemView/SEGGER_RTT.c **** 
 231:./SystemView/SEGGER_RTT.c **** 
 232:./SystemView/SEGGER_RTT.c **** #if defined(SEGGER_RTT_SECTION)
 233:./SystemView/SEGGER_RTT.c ****   #define SEGGER_RTT_PUT_CB_SECTION(Var) SEGGER_RTT_PUT_SECTION(Var, SEGGER_RTT_SECTION)
 234:./SystemView/SEGGER_RTT.c **** #else
 235:./SystemView/SEGGER_RTT.c ****   #define SEGGER_RTT_PUT_CB_SECTION(Var) Var
 236:./SystemView/SEGGER_RTT.c **** #endif
 237:./SystemView/SEGGER_RTT.c **** 
 238:./SystemView/SEGGER_RTT.c **** #if defined(SEGGER_RTT_BUFFER_SECTION)
 239:./SystemView/SEGGER_RTT.c ****   #define SEGGER_RTT_PUT_BUFFER_SECTION(Var) SEGGER_RTT_PUT_SECTION(Var, SEGGER_RTT_BUFFER_SECTION)
 240:./SystemView/SEGGER_RTT.c **** #else
 241:./SystemView/SEGGER_RTT.c ****   #define SEGGER_RTT_PUT_BUFFER_SECTION(Var) Var
 242:./SystemView/SEGGER_RTT.c **** #endif
 243:./SystemView/SEGGER_RTT.c **** 
 244:./SystemView/SEGGER_RTT.c **** /*********************************************************************
 245:./SystemView/SEGGER_RTT.c **** *
 246:./SystemView/SEGGER_RTT.c **** *       Static const data
 247:./SystemView/SEGGER_RTT.c **** *
 248:./SystemView/SEGGER_RTT.c **** **********************************************************************
 249:./SystemView/SEGGER_RTT.c **** */
 250:./SystemView/SEGGER_RTT.c **** 
 251:./SystemView/SEGGER_RTT.c **** static const unsigned char _aTerminalId[16] = { '0', '1', '2', '3', '4', '5', '6', '7', '8', '9', '
 252:./SystemView/SEGGER_RTT.c **** 
 253:./SystemView/SEGGER_RTT.c **** /*********************************************************************
 254:./SystemView/SEGGER_RTT.c **** *
 255:./SystemView/SEGGER_RTT.c **** *       Static data
 256:./SystemView/SEGGER_RTT.c **** *
 257:./SystemView/SEGGER_RTT.c **** **********************************************************************
 258:./SystemView/SEGGER_RTT.c **** */
 259:./SystemView/SEGGER_RTT.c **** 
 260:./SystemView/SEGGER_RTT.c **** //
 261:./SystemView/SEGGER_RTT.c **** // RTT Control Block and allocate buffers for channel 0
 262:./SystemView/SEGGER_RTT.c **** //
 263:./SystemView/SEGGER_RTT.c **** #if SEGGER_RTT_CPU_CACHE_LINE_SIZE
 264:./SystemView/SEGGER_RTT.c ****   #if ((defined __GNUC__) || (defined __clang__))
 265:./SystemView/SEGGER_RTT.c ****     SEGGER_RTT_CB _SEGGER_RTT                                                             __attribu
 266:./SystemView/SEGGER_RTT.c ****     static char   _acUpBuffer  [SEGGER_RTT__ROUND_UP_2_CACHE_LINE_SIZE(BUFFER_SIZE_UP)]   __attribu
 267:./SystemView/SEGGER_RTT.c ****     static char   _acDownBuffer[SEGGER_RTT__ROUND_UP_2_CACHE_LINE_SIZE(BUFFER_SIZE_DOWN)] __attribu
 268:./SystemView/SEGGER_RTT.c ****   #elif (defined __ICCARM__)
 269:./SystemView/SEGGER_RTT.c ****     #pragma data_alignment=SEGGER_RTT_CPU_CACHE_LINE_SIZE
 270:./SystemView/SEGGER_RTT.c ****     SEGGER_RTT_CB _SEGGER_RTT;
 271:./SystemView/SEGGER_RTT.c ****     #pragma data_alignment=SEGGER_RTT_CPU_CACHE_LINE_SIZE
 272:./SystemView/SEGGER_RTT.c ****     static char   _acUpBuffer  [SEGGER_RTT__ROUND_UP_2_CACHE_LINE_SIZE(BUFFER_SIZE_UP)];
 273:./SystemView/SEGGER_RTT.c ****     #pragma data_alignment=SEGGER_RTT_CPU_CACHE_LINE_SIZE
 274:./SystemView/SEGGER_RTT.c ****     static char   _acDownBuffer[SEGGER_RTT__ROUND_UP_2_CACHE_LINE_SIZE(BUFFER_SIZE_DOWN)];
 275:./SystemView/SEGGER_RTT.c ****   #else
 276:./SystemView/SEGGER_RTT.c ****     #error "Don't know how to place _SEGGER_RTT, _acUpBuffer, _acDownBuffer cache-line aligned"
ARM GAS  /var/folders/yl/_q9l42k90g1g4mdhbs226msm0000gn/T//ccXiy4OZ.s 			page 7


 277:./SystemView/SEGGER_RTT.c ****   #endif
 278:./SystemView/SEGGER_RTT.c **** #else
 279:./SystemView/SEGGER_RTT.c ****   SEGGER_RTT_PUT_CB_SECTION(SEGGER_RTT_CB_ALIGN(SEGGER_RTT_CB _SEGGER_RTT));
 280:./SystemView/SEGGER_RTT.c ****   SEGGER_RTT_PUT_BUFFER_SECTION(SEGGER_RTT_BUFFER_ALIGN(static char _acUpBuffer  [BUFFER_SIZE_UP]))
 281:./SystemView/SEGGER_RTT.c ****   SEGGER_RTT_PUT_BUFFER_SECTION(SEGGER_RTT_BUFFER_ALIGN(static char _acDownBuffer[BUFFER_SIZE_DOWN]
 282:./SystemView/SEGGER_RTT.c **** #endif
 283:./SystemView/SEGGER_RTT.c **** 
 284:./SystemView/SEGGER_RTT.c **** static unsigned char _ActiveTerminal;
 285:./SystemView/SEGGER_RTT.c **** 
 286:./SystemView/SEGGER_RTT.c **** /*********************************************************************
 287:./SystemView/SEGGER_RTT.c **** *
 288:./SystemView/SEGGER_RTT.c **** *       Static functions
 289:./SystemView/SEGGER_RTT.c **** *
 290:./SystemView/SEGGER_RTT.c **** **********************************************************************
 291:./SystemView/SEGGER_RTT.c **** */
 292:./SystemView/SEGGER_RTT.c **** 
 293:./SystemView/SEGGER_RTT.c **** /*********************************************************************
 294:./SystemView/SEGGER_RTT.c **** *
 295:./SystemView/SEGGER_RTT.c **** *       _DoInit()
 296:./SystemView/SEGGER_RTT.c **** *
 297:./SystemView/SEGGER_RTT.c **** *  Function description
 298:./SystemView/SEGGER_RTT.c **** *    Initializes the control block an buffers.
 299:./SystemView/SEGGER_RTT.c **** *
 300:./SystemView/SEGGER_RTT.c **** *  Notes
 301:./SystemView/SEGGER_RTT.c **** *    (1) May only be called via INIT() to avoid overriding settings.
 302:./SystemView/SEGGER_RTT.c **** *        The only exception is SEGGER_RTT_Init(), to make an intentional override possible.
 303:./SystemView/SEGGER_RTT.c **** */
 304:./SystemView/SEGGER_RTT.c ****   #define INIT()                                                                             \
 305:./SystemView/SEGGER_RTT.c ****     do {                                                                                     \
 306:./SystemView/SEGGER_RTT.c ****       volatile SEGGER_RTT_CB* pRTTCBInit;                                                    \
 307:./SystemView/SEGGER_RTT.c ****       pRTTCBInit = (volatile SEGGER_RTT_CB*)((uintptr_t)&_SEGGER_RTT + SEGGER_RTT_UNCACHED_OFF); \
 308:./SystemView/SEGGER_RTT.c ****       if (pRTTCBInit->acID[0] != 'S') {                                                      \
 309:./SystemView/SEGGER_RTT.c ****         _DoInit();                                                                           \
 310:./SystemView/SEGGER_RTT.c ****       }                                                                                      \
 311:./SystemView/SEGGER_RTT.c ****     } while (0)
 312:./SystemView/SEGGER_RTT.c **** 
 313:./SystemView/SEGGER_RTT.c **** static void _DoInit(void) {
  62              		.loc 1 313 27
  63              		.cfi_startproc
  64              		@ args = 0, pretend = 0, frame = 8
  65              		@ frame_needed = 1, uses_anonymous_args = 0
  66 0000 80B5     		push	{r7, lr}
  67              	.LCFI0:
  68              		.cfi_def_cfa_offset 8
  69              		.cfi_offset 7, -8
  70              		.cfi_offset 14, -4
  71 0002 82B0     		sub	sp, sp, #8
  72              	.LCFI1:
  73              		.cfi_def_cfa_offset 16
  74 0004 00AF     		add	r7, sp, #0
  75              	.LCFI2:
  76              		.cfi_def_cfa_register 7
 314:./SystemView/SEGGER_RTT.c ****   volatile SEGGER_RTT_CB* p;   // Volatile to make sure that compiler cannot change the order of ac
 315:./SystemView/SEGGER_RTT.c ****   static const char _aInitStr[] = "\0\0\0\0\0\0TTR REGGES";  // Init complete ID string to make sur
 316:./SystemView/SEGGER_RTT.c ****   unsigned i;
 317:./SystemView/SEGGER_RTT.c ****   //
 318:./SystemView/SEGGER_RTT.c ****   // Initialize control block
ARM GAS  /var/folders/yl/_q9l42k90g1g4mdhbs226msm0000gn/T//ccXiy4OZ.s 			page 8


 319:./SystemView/SEGGER_RTT.c ****   //
 320:./SystemView/SEGGER_RTT.c ****   p                     = (volatile SEGGER_RTT_CB*)((uintptr_t)&_SEGGER_RTT + SEGGER_RTT_UNCACHED_O
  77              		.loc 1 320 25
  78 0006 264B     		ldr	r3, .L4
  79 0008 3B60     		str	r3, [r7]
 321:./SystemView/SEGGER_RTT.c ****   memset((SEGGER_RTT_CB*)p, 0, sizeof(_SEGGER_RTT));         // Make sure that the RTT CB is always
  80              		.loc 1 321 3
  81 000a A822     		movs	r2, #168
  82 000c 0021     		movs	r1, #0
  83 000e 3868     		ldr	r0, [r7]
  84 0010 FFF7FEFF 		bl	memset
 322:./SystemView/SEGGER_RTT.c ****   p->MaxNumUpBuffers    = SEGGER_RTT_MAX_NUM_UP_BUFFERS;
  85              		.loc 1 322 25
  86 0014 3B68     		ldr	r3, [r7]
  87 0016 0322     		movs	r2, #3
  88 0018 1A61     		str	r2, [r3, #16]
 323:./SystemView/SEGGER_RTT.c ****   p->MaxNumDownBuffers  = SEGGER_RTT_MAX_NUM_DOWN_BUFFERS;
  89              		.loc 1 323 25
  90 001a 3B68     		ldr	r3, [r7]
  91 001c 0322     		movs	r2, #3
  92 001e 5A61     		str	r2, [r3, #20]
 324:./SystemView/SEGGER_RTT.c ****   //
 325:./SystemView/SEGGER_RTT.c ****   // Initialize up buffer 0
 326:./SystemView/SEGGER_RTT.c ****   //
 327:./SystemView/SEGGER_RTT.c ****   p->aUp[0].sName         = "Terminal";
  93              		.loc 1 327 27
  94 0020 3B68     		ldr	r3, [r7]
  95 0022 204A     		ldr	r2, .L4+4
  96 0024 9A61     		str	r2, [r3, #24]
 328:./SystemView/SEGGER_RTT.c ****   p->aUp[0].pBuffer       = _acUpBuffer;
  97              		.loc 1 328 27
  98 0026 3B68     		ldr	r3, [r7]
  99 0028 1F4A     		ldr	r2, .L4+8
 100 002a DA61     		str	r2, [r3, #28]
 329:./SystemView/SEGGER_RTT.c ****   p->aUp[0].SizeOfBuffer  = BUFFER_SIZE_UP;
 101              		.loc 1 329 27
 102 002c 3B68     		ldr	r3, [r7]
 103 002e 4FF48062 		mov	r2, #1024
 104 0032 1A62     		str	r2, [r3, #32]
 330:./SystemView/SEGGER_RTT.c ****   p->aUp[0].RdOff         = 0u;
 105              		.loc 1 330 27
 106 0034 3B68     		ldr	r3, [r7]
 107 0036 0022     		movs	r2, #0
 108 0038 9A62     		str	r2, [r3, #40]
 331:./SystemView/SEGGER_RTT.c ****   p->aUp[0].WrOff         = 0u;
 109              		.loc 1 331 27
 110 003a 3B68     		ldr	r3, [r7]
 111 003c 0022     		movs	r2, #0
 112 003e 5A62     		str	r2, [r3, #36]
 332:./SystemView/SEGGER_RTT.c ****   p->aUp[0].Flags         = SEGGER_RTT_MODE_DEFAULT;
 113              		.loc 1 332 27
 114 0040 3B68     		ldr	r3, [r7]
 115 0042 0022     		movs	r2, #0
 116 0044 DA62     		str	r2, [r3, #44]
 333:./SystemView/SEGGER_RTT.c ****   //
 334:./SystemView/SEGGER_RTT.c ****   // Initialize down buffer 0
 335:./SystemView/SEGGER_RTT.c ****   //
ARM GAS  /var/folders/yl/_q9l42k90g1g4mdhbs226msm0000gn/T//ccXiy4OZ.s 			page 9


 336:./SystemView/SEGGER_RTT.c ****   p->aDown[0].sName         = "Terminal";
 117              		.loc 1 336 29
 118 0046 3B68     		ldr	r3, [r7]
 119 0048 164A     		ldr	r2, .L4+4
 120 004a 1A66     		str	r2, [r3, #96]
 337:./SystemView/SEGGER_RTT.c ****   p->aDown[0].pBuffer       = _acDownBuffer;
 121              		.loc 1 337 29
 122 004c 3B68     		ldr	r3, [r7]
 123 004e 174A     		ldr	r2, .L4+12
 124 0050 5A66     		str	r2, [r3, #100]
 338:./SystemView/SEGGER_RTT.c ****   p->aDown[0].SizeOfBuffer  = BUFFER_SIZE_DOWN;
 125              		.loc 1 338 29
 126 0052 3B68     		ldr	r3, [r7]
 127 0054 1022     		movs	r2, #16
 128 0056 9A66     		str	r2, [r3, #104]
 339:./SystemView/SEGGER_RTT.c ****   p->aDown[0].RdOff         = 0u;
 129              		.loc 1 339 29
 130 0058 3B68     		ldr	r3, [r7]
 131 005a 0022     		movs	r2, #0
 132 005c 1A67     		str	r2, [r3, #112]
 340:./SystemView/SEGGER_RTT.c ****   p->aDown[0].WrOff         = 0u;
 133              		.loc 1 340 29
 134 005e 3B68     		ldr	r3, [r7]
 135 0060 0022     		movs	r2, #0
 136 0062 DA66     		str	r2, [r3, #108]
 341:./SystemView/SEGGER_RTT.c ****   p->aDown[0].Flags         = SEGGER_RTT_MODE_DEFAULT;
 137              		.loc 1 341 29
 138 0064 3B68     		ldr	r3, [r7]
 139 0066 0022     		movs	r2, #0
 140 0068 5A67     		str	r2, [r3, #116]
 342:./SystemView/SEGGER_RTT.c ****   //
 343:./SystemView/SEGGER_RTT.c ****   // Finish initialization of the control block.
 344:./SystemView/SEGGER_RTT.c ****   // Copy Id string backwards to make sure that "SEGGER RTT" is not found in initializer memory (us
 345:./SystemView/SEGGER_RTT.c ****   // as this would cause J-Link to "find" the control block at a wrong address.
 346:./SystemView/SEGGER_RTT.c ****   //
 347:./SystemView/SEGGER_RTT.c ****   RTT__DMB();                       // Force order of memory accesses for cores that may perform ou
 141              		.loc 1 347 3
 142              		.syntax unified
 143              	@ 347 "./SystemView/SEGGER_RTT.c" 1
 144 006a BFF35F8F 		dmb
 145              	
 146              	@ 0 "" 2
 348:./SystemView/SEGGER_RTT.c ****   for (i = 0; i < sizeof(_aInitStr) - 1; ++i) {
 147              		.loc 1 348 10
 148              		.thumb
 149              		.syntax unified
 150 006e 0023     		movs	r3, #0
 151 0070 7B60     		str	r3, [r7, #4]
 152              		.loc 1 348 3
 153 0072 0CE0     		b	.L2
 154              	.L3:
 349:./SystemView/SEGGER_RTT.c ****     p->acID[i] = _aInitStr[sizeof(_aInitStr) - 2 - i];  // Skip terminating \0 at the end of the ar
 155              		.loc 1 349 50 discriminator 3
 156 0074 7B68     		ldr	r3, [r7, #4]
 157 0076 C3F10F03 		rsb	r3, r3, #15
 158              		.loc 1 349 27 discriminator 3
 159 007a 0D4A     		ldr	r2, .L4+16
ARM GAS  /var/folders/yl/_q9l42k90g1g4mdhbs226msm0000gn/T//ccXiy4OZ.s 			page 10


 160 007c D15C     		ldrb	r1, [r2, r3]	@ zero_extendqisi2
 161              		.loc 1 349 16 discriminator 3
 162 007e 3A68     		ldr	r2, [r7]
 163 0080 7B68     		ldr	r3, [r7, #4]
 164 0082 1344     		add	r3, r3, r2
 165 0084 0A46     		mov	r2, r1
 166 0086 1A70     		strb	r2, [r3]
 348:./SystemView/SEGGER_RTT.c ****   for (i = 0; i < sizeof(_aInitStr) - 1; ++i) {
 167              		.loc 1 348 42 discriminator 3
 168 0088 7B68     		ldr	r3, [r7, #4]
 169 008a 0133     		adds	r3, r3, #1
 170 008c 7B60     		str	r3, [r7, #4]
 171              	.L2:
 348:./SystemView/SEGGER_RTT.c ****   for (i = 0; i < sizeof(_aInitStr) - 1; ++i) {
 172              		.loc 1 348 3 discriminator 1
 173 008e 7B68     		ldr	r3, [r7, #4]
 174 0090 0F2B     		cmp	r3, #15
 175 0092 EFD9     		bls	.L3
 350:./SystemView/SEGGER_RTT.c ****   }
 351:./SystemView/SEGGER_RTT.c ****   RTT__DMB();                       // Force order of memory accesses for cores that may perform ou
 176              		.loc 1 351 3
 177              		.syntax unified
 178              	@ 351 "./SystemView/SEGGER_RTT.c" 1
 179 0094 BFF35F8F 		dmb
 180              	
 181              	@ 0 "" 2
 352:./SystemView/SEGGER_RTT.c **** }
 182              		.loc 1 352 1
 183              		.thumb
 184              		.syntax unified
 185 0098 00BF     		nop
 186 009a 0837     		adds	r7, r7, #8
 187              	.LCFI3:
 188              		.cfi_def_cfa_offset 8
 189 009c BD46     		mov	sp, r7
 190              	.LCFI4:
 191              		.cfi_def_cfa_register 13
 192              		@ sp needed
 193 009e 80BD     		pop	{r7, pc}
 194              	.L5:
 195              		.align	2
 196              	.L4:
 197 00a0 00000000 		.word	_SEGGER_RTT
 198 00a4 00000000 		.word	.LC0
 199 00a8 00000000 		.word	_acUpBuffer
 200 00ac 00000000 		.word	_acDownBuffer
 201 00b0 00000000 		.word	_aInitStr.0
 202              		.cfi_endproc
 203              	.LFE0:
 205              		.section	.text._WriteBlocking,"ax",%progbits
 206              		.align	1
 207              		.syntax unified
 208              		.thumb
 209              		.thumb_func
 211              	_WriteBlocking:
 212              	.LFB1:
 353:./SystemView/SEGGER_RTT.c **** 
ARM GAS  /var/folders/yl/_q9l42k90g1g4mdhbs226msm0000gn/T//ccXiy4OZ.s 			page 11


 354:./SystemView/SEGGER_RTT.c **** /*********************************************************************
 355:./SystemView/SEGGER_RTT.c **** *
 356:./SystemView/SEGGER_RTT.c **** *       _WriteBlocking()
 357:./SystemView/SEGGER_RTT.c **** *
 358:./SystemView/SEGGER_RTT.c **** *  Function description
 359:./SystemView/SEGGER_RTT.c **** *    Stores a specified number of characters in SEGGER RTT ring buffer
 360:./SystemView/SEGGER_RTT.c **** *    and updates the associated write pointer which is periodically
 361:./SystemView/SEGGER_RTT.c **** *    read by the host.
 362:./SystemView/SEGGER_RTT.c **** *    The caller is responsible for managing the write chunk sizes as
 363:./SystemView/SEGGER_RTT.c **** *    _WriteBlocking() will block until all data has been posted successfully.
 364:./SystemView/SEGGER_RTT.c **** *
 365:./SystemView/SEGGER_RTT.c **** *  Parameters
 366:./SystemView/SEGGER_RTT.c **** *    pRing        Ring buffer to post to.
 367:./SystemView/SEGGER_RTT.c **** *    pBuffer      Pointer to character array. Does not need to point to a \0 terminated string.
 368:./SystemView/SEGGER_RTT.c **** *    NumBytes     Number of bytes to be stored in the SEGGER RTT control block.
 369:./SystemView/SEGGER_RTT.c **** *
 370:./SystemView/SEGGER_RTT.c **** *  Return value
 371:./SystemView/SEGGER_RTT.c **** *    >= 0 - Number of bytes written into buffer.
 372:./SystemView/SEGGER_RTT.c **** */
 373:./SystemView/SEGGER_RTT.c **** static unsigned _WriteBlocking(SEGGER_RTT_BUFFER_UP* pRing, const char* pBuffer, unsigned NumBytes)
 213              		.loc 1 373 101
 214              		.cfi_startproc
 215              		@ args = 0, pretend = 0, frame = 40
 216              		@ frame_needed = 1, uses_anonymous_args = 0
 217 0000 80B5     		push	{r7, lr}
 218              	.LCFI5:
 219              		.cfi_def_cfa_offset 8
 220              		.cfi_offset 7, -8
 221              		.cfi_offset 14, -4
 222 0002 8AB0     		sub	sp, sp, #40
 223              	.LCFI6:
 224              		.cfi_def_cfa_offset 48
 225 0004 00AF     		add	r7, sp, #0
 226              	.LCFI7:
 227              		.cfi_def_cfa_register 7
 228 0006 F860     		str	r0, [r7, #12]
 229 0008 B960     		str	r1, [r7, #8]
 230 000a 7A60     		str	r2, [r7, #4]
 374:./SystemView/SEGGER_RTT.c ****   unsigned NumBytesToWrite;
 375:./SystemView/SEGGER_RTT.c ****   unsigned NumBytesWritten;
 376:./SystemView/SEGGER_RTT.c ****   unsigned RdOff;
 377:./SystemView/SEGGER_RTT.c ****   unsigned WrOff;
 378:./SystemView/SEGGER_RTT.c ****   volatile char* pDst;
 379:./SystemView/SEGGER_RTT.c ****   //
 380:./SystemView/SEGGER_RTT.c ****   // Write data to buffer and handle wrap-around if necessary
 381:./SystemView/SEGGER_RTT.c ****   //
 382:./SystemView/SEGGER_RTT.c ****   NumBytesWritten = 0u;
 231              		.loc 1 382 19
 232 000c 0023     		movs	r3, #0
 233 000e 3B62     		str	r3, [r7, #32]
 383:./SystemView/SEGGER_RTT.c ****   WrOff = pRing->WrOff;
 234              		.loc 1 383 9
 235 0010 FB68     		ldr	r3, [r7, #12]
 236 0012 DB68     		ldr	r3, [r3, #12]
 237 0014 FB61     		str	r3, [r7, #28]
 238              	.L10:
 384:./SystemView/SEGGER_RTT.c ****   do {
ARM GAS  /var/folders/yl/_q9l42k90g1g4mdhbs226msm0000gn/T//ccXiy4OZ.s 			page 12


 385:./SystemView/SEGGER_RTT.c ****     RdOff = pRing->RdOff;                         // May be changed by host (debug probe) in the me
 239              		.loc 1 385 11
 240 0016 FB68     		ldr	r3, [r7, #12]
 241 0018 1B69     		ldr	r3, [r3, #16]
 242 001a BB61     		str	r3, [r7, #24]
 386:./SystemView/SEGGER_RTT.c ****     if (RdOff > WrOff) {
 243              		.loc 1 386 8
 244 001c BA69     		ldr	r2, [r7, #24]
 245 001e FB69     		ldr	r3, [r7, #28]
 246 0020 9A42     		cmp	r2, r3
 247 0022 05D9     		bls	.L7
 387:./SystemView/SEGGER_RTT.c ****       NumBytesToWrite = RdOff - WrOff - 1u;
 248              		.loc 1 387 31
 249 0024 BA69     		ldr	r2, [r7, #24]
 250 0026 FB69     		ldr	r3, [r7, #28]
 251 0028 D31A     		subs	r3, r2, r3
 252              		.loc 1 387 23
 253 002a 013B     		subs	r3, r3, #1
 254 002c 7B62     		str	r3, [r7, #36]
 255 002e 07E0     		b	.L8
 256              	.L7:
 388:./SystemView/SEGGER_RTT.c ****     } else {
 389:./SystemView/SEGGER_RTT.c ****       NumBytesToWrite = pRing->SizeOfBuffer - (WrOff - RdOff + 1u);
 257              		.loc 1 389 30
 258 0030 FB68     		ldr	r3, [r7, #12]
 259 0032 9A68     		ldr	r2, [r3, #8]
 260              		.loc 1 389 62
 261 0034 B969     		ldr	r1, [r7, #24]
 262 0036 FB69     		ldr	r3, [r7, #28]
 263 0038 CB1A     		subs	r3, r1, r3
 264              		.loc 1 389 45
 265 003a 1344     		add	r3, r3, r2
 266              		.loc 1 389 23
 267 003c 013B     		subs	r3, r3, #1
 268 003e 7B62     		str	r3, [r7, #36]
 269              	.L8:
 390:./SystemView/SEGGER_RTT.c ****     }
 391:./SystemView/SEGGER_RTT.c ****     NumBytesToWrite = MIN(NumBytesToWrite, (pRing->SizeOfBuffer - WrOff));      // Number of bytes 
 270              		.loc 1 391 23
 271 0040 FB68     		ldr	r3, [r7, #12]
 272 0042 9A68     		ldr	r2, [r3, #8]
 273 0044 FB69     		ldr	r3, [r7, #28]
 274 0046 D31A     		subs	r3, r2, r3
 275              		.loc 1 391 21
 276 0048 7A6A     		ldr	r2, [r7, #36]
 277 004a 9342     		cmp	r3, r2
 278 004c 28BF     		it	cs
 279 004e 1346     		movcs	r3, r2
 280 0050 7B62     		str	r3, [r7, #36]
 392:./SystemView/SEGGER_RTT.c ****     NumBytesToWrite = MIN(NumBytesToWrite, NumBytes);
 281              		.loc 1 392 21
 282 0052 7A6A     		ldr	r2, [r7, #36]
 283 0054 7B68     		ldr	r3, [r7, #4]
 284 0056 9342     		cmp	r3, r2
 285 0058 28BF     		it	cs
 286 005a 1346     		movcs	r3, r2
 287 005c 7B62     		str	r3, [r7, #36]
ARM GAS  /var/folders/yl/_q9l42k90g1g4mdhbs226msm0000gn/T//ccXiy4OZ.s 			page 13


 393:./SystemView/SEGGER_RTT.c ****     pDst = (pRing->pBuffer + WrOff) + SEGGER_RTT_UNCACHED_OFF;
 288              		.loc 1 393 18
 289 005e FB68     		ldr	r3, [r7, #12]
 290 0060 5A68     		ldr	r2, [r3, #4]
 291              		.loc 1 393 10
 292 0062 FB69     		ldr	r3, [r7, #28]
 293 0064 1344     		add	r3, r3, r2
 294 0066 7B61     		str	r3, [r7, #20]
 394:./SystemView/SEGGER_RTT.c **** #if SEGGER_RTT_MEMCPY_USE_BYTELOOP
 395:./SystemView/SEGGER_RTT.c ****     NumBytesWritten += NumBytesToWrite;
 396:./SystemView/SEGGER_RTT.c ****     NumBytes        -= NumBytesToWrite;
 397:./SystemView/SEGGER_RTT.c ****     WrOff           += NumBytesToWrite;
 398:./SystemView/SEGGER_RTT.c ****     while (NumBytesToWrite--) {
 399:./SystemView/SEGGER_RTT.c ****       *pDst++ = *pBuffer++;
 400:./SystemView/SEGGER_RTT.c ****     };
 401:./SystemView/SEGGER_RTT.c **** #else
 402:./SystemView/SEGGER_RTT.c ****     SEGGER_RTT_MEMCPY((void*)pDst, pBuffer, NumBytesToWrite);
 295              		.loc 1 402 5
 296 0068 7A6A     		ldr	r2, [r7, #36]
 297 006a B968     		ldr	r1, [r7, #8]
 298 006c 7869     		ldr	r0, [r7, #20]
 299 006e FFF7FEFF 		bl	memcpy
 403:./SystemView/SEGGER_RTT.c ****     NumBytesWritten += NumBytesToWrite;
 300              		.loc 1 403 21
 301 0072 3A6A     		ldr	r2, [r7, #32]
 302 0074 7B6A     		ldr	r3, [r7, #36]
 303 0076 1344     		add	r3, r3, r2
 304 0078 3B62     		str	r3, [r7, #32]
 404:./SystemView/SEGGER_RTT.c ****     pBuffer         += NumBytesToWrite;
 305              		.loc 1 404 21
 306 007a BA68     		ldr	r2, [r7, #8]
 307 007c 7B6A     		ldr	r3, [r7, #36]
 308 007e 1344     		add	r3, r3, r2
 309 0080 BB60     		str	r3, [r7, #8]
 405:./SystemView/SEGGER_RTT.c ****     NumBytes        -= NumBytesToWrite;
 310              		.loc 1 405 21
 311 0082 7A68     		ldr	r2, [r7, #4]
 312 0084 7B6A     		ldr	r3, [r7, #36]
 313 0086 D31A     		subs	r3, r2, r3
 314 0088 7B60     		str	r3, [r7, #4]
 406:./SystemView/SEGGER_RTT.c ****     WrOff           += NumBytesToWrite;
 315              		.loc 1 406 21
 316 008a FA69     		ldr	r2, [r7, #28]
 317 008c 7B6A     		ldr	r3, [r7, #36]
 318 008e 1344     		add	r3, r3, r2
 319 0090 FB61     		str	r3, [r7, #28]
 407:./SystemView/SEGGER_RTT.c **** #endif
 408:./SystemView/SEGGER_RTT.c ****     if (WrOff == pRing->SizeOfBuffer) {
 320              		.loc 1 408 23
 321 0092 FB68     		ldr	r3, [r7, #12]
 322 0094 9B68     		ldr	r3, [r3, #8]
 323              		.loc 1 408 8
 324 0096 FA69     		ldr	r2, [r7, #28]
 325 0098 9A42     		cmp	r2, r3
 326 009a 01D1     		bne	.L9
 409:./SystemView/SEGGER_RTT.c ****       WrOff = 0u;
 327              		.loc 1 409 13
ARM GAS  /var/folders/yl/_q9l42k90g1g4mdhbs226msm0000gn/T//ccXiy4OZ.s 			page 14


 328 009c 0023     		movs	r3, #0
 329 009e FB61     		str	r3, [r7, #28]
 330              	.L9:
 410:./SystemView/SEGGER_RTT.c ****     }
 411:./SystemView/SEGGER_RTT.c ****     RTT__DMB();                     // Force data write to be complete before writing the <WrOff>, 
 331              		.loc 1 411 5
 332              		.syntax unified
 333              	@ 411 "./SystemView/SEGGER_RTT.c" 1
 334 00a0 BFF35F8F 		dmb
 335              	
 336              	@ 0 "" 2
 412:./SystemView/SEGGER_RTT.c ****     pRing->WrOff = WrOff;
 337              		.loc 1 412 18
 338              		.thumb
 339              		.syntax unified
 340 00a4 FB68     		ldr	r3, [r7, #12]
 341 00a6 FA69     		ldr	r2, [r7, #28]
 342 00a8 DA60     		str	r2, [r3, #12]
 413:./SystemView/SEGGER_RTT.c ****   } while (NumBytes);
 343              		.loc 1 413 3
 344 00aa 7B68     		ldr	r3, [r7, #4]
 345 00ac 002B     		cmp	r3, #0
 346 00ae B2D1     		bne	.L10
 414:./SystemView/SEGGER_RTT.c ****   return NumBytesWritten;
 347              		.loc 1 414 10
 348 00b0 3B6A     		ldr	r3, [r7, #32]
 415:./SystemView/SEGGER_RTT.c **** }
 349              		.loc 1 415 1
 350 00b2 1846     		mov	r0, r3
 351 00b4 2837     		adds	r7, r7, #40
 352              	.LCFI8:
 353              		.cfi_def_cfa_offset 8
 354 00b6 BD46     		mov	sp, r7
 355              	.LCFI9:
 356              		.cfi_def_cfa_register 13
 357              		@ sp needed
 358 00b8 80BD     		pop	{r7, pc}
 359              		.cfi_endproc
 360              	.LFE1:
 362              		.section	.text._WriteNoCheck,"ax",%progbits
 363              		.align	1
 364              		.syntax unified
 365              		.thumb
 366              		.thumb_func
 368              	_WriteNoCheck:
 369              	.LFB2:
 416:./SystemView/SEGGER_RTT.c **** 
 417:./SystemView/SEGGER_RTT.c **** /*********************************************************************
 418:./SystemView/SEGGER_RTT.c **** *
 419:./SystemView/SEGGER_RTT.c **** *       _WriteNoCheck()
 420:./SystemView/SEGGER_RTT.c **** *
 421:./SystemView/SEGGER_RTT.c **** *  Function description
 422:./SystemView/SEGGER_RTT.c **** *    Stores a specified number of characters in SEGGER RTT ring buffer
 423:./SystemView/SEGGER_RTT.c **** *    and updates the associated write pointer which is periodically
 424:./SystemView/SEGGER_RTT.c **** *    read by the host.
 425:./SystemView/SEGGER_RTT.c **** *    It is callers responsibility to make sure data actually fits in buffer.
 426:./SystemView/SEGGER_RTT.c **** *
ARM GAS  /var/folders/yl/_q9l42k90g1g4mdhbs226msm0000gn/T//ccXiy4OZ.s 			page 15


 427:./SystemView/SEGGER_RTT.c **** *  Parameters
 428:./SystemView/SEGGER_RTT.c **** *    pRing        Ring buffer to post to.
 429:./SystemView/SEGGER_RTT.c **** *    pBuffer      Pointer to character array. Does not need to point to a \0 terminated string.
 430:./SystemView/SEGGER_RTT.c **** *    NumBytes     Number of bytes to be stored in the SEGGER RTT control block.
 431:./SystemView/SEGGER_RTT.c **** *
 432:./SystemView/SEGGER_RTT.c **** *  Notes
 433:./SystemView/SEGGER_RTT.c **** *    (1) If there might not be enough space in the "Up"-buffer, call _WriteBlocking
 434:./SystemView/SEGGER_RTT.c **** */
 435:./SystemView/SEGGER_RTT.c **** static void _WriteNoCheck(SEGGER_RTT_BUFFER_UP* pRing, const char* pData, unsigned NumBytes) {
 370              		.loc 1 435 94
 371              		.cfi_startproc
 372              		@ args = 0, pretend = 0, frame = 32
 373              		@ frame_needed = 1, uses_anonymous_args = 0
 374 0000 80B5     		push	{r7, lr}
 375              	.LCFI10:
 376              		.cfi_def_cfa_offset 8
 377              		.cfi_offset 7, -8
 378              		.cfi_offset 14, -4
 379 0002 88B0     		sub	sp, sp, #32
 380              	.LCFI11:
 381              		.cfi_def_cfa_offset 40
 382 0004 00AF     		add	r7, sp, #0
 383              	.LCFI12:
 384              		.cfi_def_cfa_register 7
 385 0006 F860     		str	r0, [r7, #12]
 386 0008 B960     		str	r1, [r7, #8]
 387 000a 7A60     		str	r2, [r7, #4]
 436:./SystemView/SEGGER_RTT.c ****   unsigned NumBytesAtOnce;
 437:./SystemView/SEGGER_RTT.c ****   unsigned WrOff;
 438:./SystemView/SEGGER_RTT.c ****   unsigned Rem;
 439:./SystemView/SEGGER_RTT.c ****   volatile char* pDst;
 440:./SystemView/SEGGER_RTT.c **** 
 441:./SystemView/SEGGER_RTT.c ****   WrOff = pRing->WrOff;
 388              		.loc 1 441 9
 389 000c FB68     		ldr	r3, [r7, #12]
 390 000e DB68     		ldr	r3, [r3, #12]
 391 0010 FB61     		str	r3, [r7, #28]
 442:./SystemView/SEGGER_RTT.c ****   Rem = pRing->SizeOfBuffer - WrOff;
 392              		.loc 1 442 14
 393 0012 FB68     		ldr	r3, [r7, #12]
 394 0014 9A68     		ldr	r2, [r3, #8]
 395              		.loc 1 442 7
 396 0016 FB69     		ldr	r3, [r7, #28]
 397 0018 D31A     		subs	r3, r2, r3
 398 001a BB61     		str	r3, [r7, #24]
 443:./SystemView/SEGGER_RTT.c ****   if (Rem > NumBytes) {
 399              		.loc 1 443 6
 400 001c BA69     		ldr	r2, [r7, #24]
 401 001e 7B68     		ldr	r3, [r7, #4]
 402 0020 9A42     		cmp	r2, r3
 403 0022 11D9     		bls	.L13
 444:./SystemView/SEGGER_RTT.c ****     //
 445:./SystemView/SEGGER_RTT.c ****     // All data fits before wrap around
 446:./SystemView/SEGGER_RTT.c ****     //
 447:./SystemView/SEGGER_RTT.c ****     pDst = (pRing->pBuffer + WrOff) + SEGGER_RTT_UNCACHED_OFF;
 404              		.loc 1 447 18
 405 0024 FB68     		ldr	r3, [r7, #12]
ARM GAS  /var/folders/yl/_q9l42k90g1g4mdhbs226msm0000gn/T//ccXiy4OZ.s 			page 16


 406 0026 5A68     		ldr	r2, [r3, #4]
 407              		.loc 1 447 10
 408 0028 FB69     		ldr	r3, [r7, #28]
 409 002a 1344     		add	r3, r3, r2
 410 002c 3B61     		str	r3, [r7, #16]
 448:./SystemView/SEGGER_RTT.c **** #if SEGGER_RTT_MEMCPY_USE_BYTELOOP
 449:./SystemView/SEGGER_RTT.c ****     WrOff += NumBytes;
 450:./SystemView/SEGGER_RTT.c ****     while (NumBytes--) {
 451:./SystemView/SEGGER_RTT.c ****       *pDst++ = *pData++;
 452:./SystemView/SEGGER_RTT.c ****     };
 453:./SystemView/SEGGER_RTT.c ****     RTT__DMB();                     // Force data write to be complete before writing the <WrOff>, 
 454:./SystemView/SEGGER_RTT.c ****     pRing->WrOff = WrOff;
 455:./SystemView/SEGGER_RTT.c **** #else
 456:./SystemView/SEGGER_RTT.c ****     SEGGER_RTT_MEMCPY((void*)pDst, pData, NumBytes);
 411              		.loc 1 456 5
 412 002e 7A68     		ldr	r2, [r7, #4]
 413 0030 B968     		ldr	r1, [r7, #8]
 414 0032 3869     		ldr	r0, [r7, #16]
 415 0034 FFF7FEFF 		bl	memcpy
 457:./SystemView/SEGGER_RTT.c ****     RTT__DMB();                     // Force data write to be complete before writing the <WrOff>, 
 416              		.loc 1 457 5
 417              		.syntax unified
 418              	@ 457 "./SystemView/SEGGER_RTT.c" 1
 419 0038 BFF35F8F 		dmb
 420              	
 421              	@ 0 "" 2
 458:./SystemView/SEGGER_RTT.c ****     pRing->WrOff = WrOff + NumBytes;
 422              		.loc 1 458 26
 423              		.thumb
 424              		.syntax unified
 425 003c FA69     		ldr	r2, [r7, #28]
 426 003e 7B68     		ldr	r3, [r7, #4]
 427 0040 1A44     		add	r2, r2, r3
 428              		.loc 1 458 18
 429 0042 FB68     		ldr	r3, [r7, #12]
 430 0044 DA60     		str	r2, [r3, #12]
 459:./SystemView/SEGGER_RTT.c **** #endif
 460:./SystemView/SEGGER_RTT.c ****   } else {
 461:./SystemView/SEGGER_RTT.c ****     //
 462:./SystemView/SEGGER_RTT.c ****     // We reach the end of the buffer, so need to wrap around
 463:./SystemView/SEGGER_RTT.c ****     //
 464:./SystemView/SEGGER_RTT.c **** #if SEGGER_RTT_MEMCPY_USE_BYTELOOP
 465:./SystemView/SEGGER_RTT.c ****     pDst = (pRing->pBuffer + WrOff) + SEGGER_RTT_UNCACHED_OFF;
 466:./SystemView/SEGGER_RTT.c ****     NumBytesAtOnce = Rem;
 467:./SystemView/SEGGER_RTT.c ****     while (NumBytesAtOnce--) {
 468:./SystemView/SEGGER_RTT.c ****       *pDst++ = *pData++;
 469:./SystemView/SEGGER_RTT.c ****     };
 470:./SystemView/SEGGER_RTT.c ****     pDst = pRing->pBuffer + SEGGER_RTT_UNCACHED_OFF;
 471:./SystemView/SEGGER_RTT.c ****     NumBytesAtOnce = NumBytes - Rem;
 472:./SystemView/SEGGER_RTT.c ****     while (NumBytesAtOnce--) {
 473:./SystemView/SEGGER_RTT.c ****       *pDst++ = *pData++;
 474:./SystemView/SEGGER_RTT.c ****     };
 475:./SystemView/SEGGER_RTT.c ****     RTT__DMB();                     // Force data write to be complete before writing the <WrOff>, 
 476:./SystemView/SEGGER_RTT.c ****     pRing->WrOff = NumBytes - Rem;
 477:./SystemView/SEGGER_RTT.c **** #else
 478:./SystemView/SEGGER_RTT.c ****     NumBytesAtOnce = Rem;
 479:./SystemView/SEGGER_RTT.c ****     pDst = (pRing->pBuffer + WrOff) + SEGGER_RTT_UNCACHED_OFF;
ARM GAS  /var/folders/yl/_q9l42k90g1g4mdhbs226msm0000gn/T//ccXiy4OZ.s 			page 17


 480:./SystemView/SEGGER_RTT.c ****     SEGGER_RTT_MEMCPY((void*)pDst, pData, NumBytesAtOnce);
 481:./SystemView/SEGGER_RTT.c ****     NumBytesAtOnce = NumBytes - Rem;
 482:./SystemView/SEGGER_RTT.c ****     pDst = pRing->pBuffer + SEGGER_RTT_UNCACHED_OFF;
 483:./SystemView/SEGGER_RTT.c ****     SEGGER_RTT_MEMCPY((void*)pDst, pData + Rem, NumBytesAtOnce);
 484:./SystemView/SEGGER_RTT.c ****     RTT__DMB();                     // Force data write to be complete before writing the <WrOff>, 
 485:./SystemView/SEGGER_RTT.c ****     pRing->WrOff = NumBytesAtOnce;
 486:./SystemView/SEGGER_RTT.c **** #endif
 487:./SystemView/SEGGER_RTT.c ****   }
 488:./SystemView/SEGGER_RTT.c **** }
 431              		.loc 1 488 1
 432 0046 1FE0     		b	.L15
 433              	.L13:
 478:./SystemView/SEGGER_RTT.c ****     pDst = (pRing->pBuffer + WrOff) + SEGGER_RTT_UNCACHED_OFF;
 434              		.loc 1 478 20
 435 0048 BB69     		ldr	r3, [r7, #24]
 436 004a 7B61     		str	r3, [r7, #20]
 479:./SystemView/SEGGER_RTT.c ****     SEGGER_RTT_MEMCPY((void*)pDst, pData, NumBytesAtOnce);
 437              		.loc 1 479 18
 438 004c FB68     		ldr	r3, [r7, #12]
 439 004e 5A68     		ldr	r2, [r3, #4]
 479:./SystemView/SEGGER_RTT.c ****     SEGGER_RTT_MEMCPY((void*)pDst, pData, NumBytesAtOnce);
 440              		.loc 1 479 10
 441 0050 FB69     		ldr	r3, [r7, #28]
 442 0052 1344     		add	r3, r3, r2
 443 0054 3B61     		str	r3, [r7, #16]
 480:./SystemView/SEGGER_RTT.c ****     NumBytesAtOnce = NumBytes - Rem;
 444              		.loc 1 480 5
 445 0056 7A69     		ldr	r2, [r7, #20]
 446 0058 B968     		ldr	r1, [r7, #8]
 447 005a 3869     		ldr	r0, [r7, #16]
 448 005c FFF7FEFF 		bl	memcpy
 481:./SystemView/SEGGER_RTT.c ****     pDst = pRing->pBuffer + SEGGER_RTT_UNCACHED_OFF;
 449              		.loc 1 481 20
 450 0060 7A68     		ldr	r2, [r7, #4]
 451 0062 BB69     		ldr	r3, [r7, #24]
 452 0064 D31A     		subs	r3, r2, r3
 453 0066 7B61     		str	r3, [r7, #20]
 482:./SystemView/SEGGER_RTT.c ****     SEGGER_RTT_MEMCPY((void*)pDst, pData + Rem, NumBytesAtOnce);
 454              		.loc 1 482 10
 455 0068 FB68     		ldr	r3, [r7, #12]
 456 006a 5B68     		ldr	r3, [r3, #4]
 457 006c 3B61     		str	r3, [r7, #16]
 483:./SystemView/SEGGER_RTT.c ****     RTT__DMB();                     // Force data write to be complete before writing the <WrOff>, 
 458              		.loc 1 483 5
 459 006e BA68     		ldr	r2, [r7, #8]
 460 0070 BB69     		ldr	r3, [r7, #24]
 461 0072 1344     		add	r3, r3, r2
 462 0074 7A69     		ldr	r2, [r7, #20]
 463 0076 1946     		mov	r1, r3
 464 0078 3869     		ldr	r0, [r7, #16]
 465 007a FFF7FEFF 		bl	memcpy
 484:./SystemView/SEGGER_RTT.c ****     pRing->WrOff = NumBytesAtOnce;
 466              		.loc 1 484 5
 467              		.syntax unified
 468              	@ 484 "./SystemView/SEGGER_RTT.c" 1
 469 007e BFF35F8F 		dmb
 470              	
ARM GAS  /var/folders/yl/_q9l42k90g1g4mdhbs226msm0000gn/T//ccXiy4OZ.s 			page 18


 471              	@ 0 "" 2
 485:./SystemView/SEGGER_RTT.c **** #endif
 472              		.loc 1 485 18
 473              		.thumb
 474              		.syntax unified
 475 0082 FB68     		ldr	r3, [r7, #12]
 476 0084 7A69     		ldr	r2, [r7, #20]
 477 0086 DA60     		str	r2, [r3, #12]
 478              	.L15:
 479              		.loc 1 488 1
 480 0088 00BF     		nop
 481 008a 2037     		adds	r7, r7, #32
 482              	.LCFI13:
 483              		.cfi_def_cfa_offset 8
 484 008c BD46     		mov	sp, r7
 485              	.LCFI14:
 486              		.cfi_def_cfa_register 13
 487              		@ sp needed
 488 008e 80BD     		pop	{r7, pc}
 489              		.cfi_endproc
 490              	.LFE2:
 492              		.section	.text._PostTerminalSwitch,"ax",%progbits
 493              		.align	1
 494              		.syntax unified
 495              		.thumb
 496              		.thumb_func
 498              	_PostTerminalSwitch:
 499              	.LFB3:
 489:./SystemView/SEGGER_RTT.c **** 
 490:./SystemView/SEGGER_RTT.c **** /*********************************************************************
 491:./SystemView/SEGGER_RTT.c **** *
 492:./SystemView/SEGGER_RTT.c **** *       _PostTerminalSwitch()
 493:./SystemView/SEGGER_RTT.c **** *
 494:./SystemView/SEGGER_RTT.c **** *  Function description
 495:./SystemView/SEGGER_RTT.c **** *    Switch terminal to the given terminal ID.  It is the caller's
 496:./SystemView/SEGGER_RTT.c **** *    responsibility to ensure the terminal ID is correct and there is
 497:./SystemView/SEGGER_RTT.c **** *    enough space in the buffer for this to complete successfully.
 498:./SystemView/SEGGER_RTT.c **** *
 499:./SystemView/SEGGER_RTT.c **** *  Parameters
 500:./SystemView/SEGGER_RTT.c **** *    pRing        Ring buffer to post to.
 501:./SystemView/SEGGER_RTT.c **** *    TerminalId   Terminal ID to switch to.
 502:./SystemView/SEGGER_RTT.c **** */
 503:./SystemView/SEGGER_RTT.c **** static void _PostTerminalSwitch(SEGGER_RTT_BUFFER_UP* pRing, unsigned char TerminalId) {
 500              		.loc 1 503 88
 501              		.cfi_startproc
 502              		@ args = 0, pretend = 0, frame = 16
 503              		@ frame_needed = 1, uses_anonymous_args = 0
 504 0000 80B5     		push	{r7, lr}
 505              	.LCFI15:
 506              		.cfi_def_cfa_offset 8
 507              		.cfi_offset 7, -8
 508              		.cfi_offset 14, -4
 509 0002 84B0     		sub	sp, sp, #16
 510              	.LCFI16:
 511              		.cfi_def_cfa_offset 24
 512 0004 00AF     		add	r7, sp, #0
 513              	.LCFI17:
ARM GAS  /var/folders/yl/_q9l42k90g1g4mdhbs226msm0000gn/T//ccXiy4OZ.s 			page 19


 514              		.cfi_def_cfa_register 7
 515 0006 7860     		str	r0, [r7, #4]
 516 0008 0B46     		mov	r3, r1
 517 000a FB70     		strb	r3, [r7, #3]
 504:./SystemView/SEGGER_RTT.c ****   unsigned char ac[2];
 505:./SystemView/SEGGER_RTT.c **** 
 506:./SystemView/SEGGER_RTT.c ****   ac[0] = 0xFFu;
 518              		.loc 1 506 9
 519 000c FF23     		movs	r3, #255
 520 000e 3B73     		strb	r3, [r7, #12]
 507:./SystemView/SEGGER_RTT.c ****   ac[1] = _aTerminalId[TerminalId];  // Caller made already sure that TerminalId does not exceed ou
 521              		.loc 1 507 23
 522 0010 FB78     		ldrb	r3, [r7, #3]	@ zero_extendqisi2
 523 0012 074A     		ldr	r2, .L17
 524 0014 D35C     		ldrb	r3, [r2, r3]	@ zero_extendqisi2
 525              		.loc 1 507 9
 526 0016 7B73     		strb	r3, [r7, #13]
 508:./SystemView/SEGGER_RTT.c ****   _WriteBlocking(pRing, (const char*)ac, 2u);
 527              		.loc 1 508 3
 528 0018 07F10C03 		add	r3, r7, #12
 529 001c 0222     		movs	r2, #2
 530 001e 1946     		mov	r1, r3
 531 0020 7868     		ldr	r0, [r7, #4]
 532 0022 FFF7FEFF 		bl	_WriteBlocking
 509:./SystemView/SEGGER_RTT.c **** }
 533              		.loc 1 509 1
 534 0026 00BF     		nop
 535 0028 1037     		adds	r7, r7, #16
 536              	.LCFI18:
 537              		.cfi_def_cfa_offset 8
 538 002a BD46     		mov	sp, r7
 539              	.LCFI19:
 540              		.cfi_def_cfa_register 13
 541              		@ sp needed
 542 002c 80BD     		pop	{r7, pc}
 543              	.L18:
 544 002e 00BF     		.align	2
 545              	.L17:
 546 0030 00000000 		.word	_aTerminalId
 547              		.cfi_endproc
 548              	.LFE3:
 550              		.section	.text._GetAvailWriteSpace,"ax",%progbits
 551              		.align	1
 552              		.syntax unified
 553              		.thumb
 554              		.thumb_func
 556              	_GetAvailWriteSpace:
 557              	.LFB4:
 510:./SystemView/SEGGER_RTT.c **** 
 511:./SystemView/SEGGER_RTT.c **** /*********************************************************************
 512:./SystemView/SEGGER_RTT.c **** *
 513:./SystemView/SEGGER_RTT.c **** *       _GetAvailWriteSpace()
 514:./SystemView/SEGGER_RTT.c **** *
 515:./SystemView/SEGGER_RTT.c **** *  Function description
 516:./SystemView/SEGGER_RTT.c **** *    Returns the number of bytes that can be written to the ring
 517:./SystemView/SEGGER_RTT.c **** *    buffer without blocking.
 518:./SystemView/SEGGER_RTT.c **** *
ARM GAS  /var/folders/yl/_q9l42k90g1g4mdhbs226msm0000gn/T//ccXiy4OZ.s 			page 20


 519:./SystemView/SEGGER_RTT.c **** *  Parameters
 520:./SystemView/SEGGER_RTT.c **** *    pRing        Ring buffer to check.
 521:./SystemView/SEGGER_RTT.c **** *
 522:./SystemView/SEGGER_RTT.c **** *  Return value
 523:./SystemView/SEGGER_RTT.c **** *    Number of bytes that are free in the buffer.
 524:./SystemView/SEGGER_RTT.c **** */
 525:./SystemView/SEGGER_RTT.c **** static unsigned _GetAvailWriteSpace(SEGGER_RTT_BUFFER_UP* pRing) {
 558              		.loc 1 525 66
 559              		.cfi_startproc
 560              		@ args = 0, pretend = 0, frame = 24
 561              		@ frame_needed = 1, uses_anonymous_args = 0
 562              		@ link register save eliminated.
 563 0000 80B4     		push	{r7}
 564              	.LCFI20:
 565              		.cfi_def_cfa_offset 4
 566              		.cfi_offset 7, -4
 567 0002 87B0     		sub	sp, sp, #28
 568              	.LCFI21:
 569              		.cfi_def_cfa_offset 32
 570 0004 00AF     		add	r7, sp, #0
 571              	.LCFI22:
 572              		.cfi_def_cfa_register 7
 573 0006 7860     		str	r0, [r7, #4]
 526:./SystemView/SEGGER_RTT.c ****   unsigned RdOff;
 527:./SystemView/SEGGER_RTT.c ****   unsigned WrOff;
 528:./SystemView/SEGGER_RTT.c ****   unsigned r;
 529:./SystemView/SEGGER_RTT.c ****   //
 530:./SystemView/SEGGER_RTT.c ****   // Avoid warnings regarding volatile access order.  It's not a problem
 531:./SystemView/SEGGER_RTT.c ****   // in this case, but dampen compiler enthusiasm.
 532:./SystemView/SEGGER_RTT.c ****   //
 533:./SystemView/SEGGER_RTT.c ****   RdOff = pRing->RdOff;
 574              		.loc 1 533 9
 575 0008 7B68     		ldr	r3, [r7, #4]
 576 000a 1B69     		ldr	r3, [r3, #16]
 577 000c 3B61     		str	r3, [r7, #16]
 534:./SystemView/SEGGER_RTT.c ****   WrOff = pRing->WrOff;
 578              		.loc 1 534 9
 579 000e 7B68     		ldr	r3, [r7, #4]
 580 0010 DB68     		ldr	r3, [r3, #12]
 581 0012 FB60     		str	r3, [r7, #12]
 535:./SystemView/SEGGER_RTT.c ****   if (RdOff <= WrOff) {
 582              		.loc 1 535 6
 583 0014 3A69     		ldr	r2, [r7, #16]
 584 0016 FB68     		ldr	r3, [r7, #12]
 585 0018 9A42     		cmp	r2, r3
 586 001a 08D8     		bhi	.L20
 536:./SystemView/SEGGER_RTT.c ****     r = pRing->SizeOfBuffer - 1u - WrOff + RdOff;
 587              		.loc 1 536 14
 588 001c 7B68     		ldr	r3, [r7, #4]
 589 001e 9A68     		ldr	r2, [r3, #8]
 590              		.loc 1 536 34
 591 0020 FB68     		ldr	r3, [r7, #12]
 592 0022 D21A     		subs	r2, r2, r3
 593              		.loc 1 536 42
 594 0024 3B69     		ldr	r3, [r7, #16]
 595 0026 1344     		add	r3, r3, r2
 596              		.loc 1 536 7
ARM GAS  /var/folders/yl/_q9l42k90g1g4mdhbs226msm0000gn/T//ccXiy4OZ.s 			page 21


 597 0028 013B     		subs	r3, r3, #1
 598 002a 7B61     		str	r3, [r7, #20]
 599 002c 04E0     		b	.L21
 600              	.L20:
 537:./SystemView/SEGGER_RTT.c ****   } else {
 538:./SystemView/SEGGER_RTT.c ****     r = RdOff - WrOff - 1u;
 601              		.loc 1 538 15
 602 002e 3A69     		ldr	r2, [r7, #16]
 603 0030 FB68     		ldr	r3, [r7, #12]
 604 0032 D31A     		subs	r3, r2, r3
 605              		.loc 1 538 7
 606 0034 013B     		subs	r3, r3, #1
 607 0036 7B61     		str	r3, [r7, #20]
 608              	.L21:
 539:./SystemView/SEGGER_RTT.c ****   }
 540:./SystemView/SEGGER_RTT.c ****   return r;
 609              		.loc 1 540 10
 610 0038 7B69     		ldr	r3, [r7, #20]
 541:./SystemView/SEGGER_RTT.c **** }
 611              		.loc 1 541 1
 612 003a 1846     		mov	r0, r3
 613 003c 1C37     		adds	r7, r7, #28
 614              	.LCFI23:
 615              		.cfi_def_cfa_offset 4
 616 003e BD46     		mov	sp, r7
 617              	.LCFI24:
 618              		.cfi_def_cfa_register 13
 619              		@ sp needed
 620 0040 5DF8047B 		ldr	r7, [sp], #4
 621              	.LCFI25:
 622              		.cfi_restore 7
 623              		.cfi_def_cfa_offset 0
 624 0044 7047     		bx	lr
 625              		.cfi_endproc
 626              	.LFE4:
 628              		.section	.text.SEGGER_RTT_ReadUpBufferNoLock,"ax",%progbits
 629              		.align	1
 630              		.global	SEGGER_RTT_ReadUpBufferNoLock
 631              		.syntax unified
 632              		.thumb
 633              		.thumb_func
 635              	SEGGER_RTT_ReadUpBufferNoLock:
 636              	.LFB5:
 542:./SystemView/SEGGER_RTT.c **** 
 543:./SystemView/SEGGER_RTT.c **** /*********************************************************************
 544:./SystemView/SEGGER_RTT.c **** *
 545:./SystemView/SEGGER_RTT.c **** *       Public code
 546:./SystemView/SEGGER_RTT.c **** *
 547:./SystemView/SEGGER_RTT.c **** **********************************************************************
 548:./SystemView/SEGGER_RTT.c **** */
 549:./SystemView/SEGGER_RTT.c **** 
 550:./SystemView/SEGGER_RTT.c **** /*********************************************************************
 551:./SystemView/SEGGER_RTT.c **** *
 552:./SystemView/SEGGER_RTT.c **** *       SEGGER_RTT_ReadUpBufferNoLock()
 553:./SystemView/SEGGER_RTT.c **** *
 554:./SystemView/SEGGER_RTT.c **** *  Function description
 555:./SystemView/SEGGER_RTT.c **** *    Reads characters from SEGGER real-time-terminal control block
ARM GAS  /var/folders/yl/_q9l42k90g1g4mdhbs226msm0000gn/T//ccXiy4OZ.s 			page 22


 556:./SystemView/SEGGER_RTT.c **** *    which have been previously stored by the application.
 557:./SystemView/SEGGER_RTT.c **** *    Do not lock against interrupts and multiple access.
 558:./SystemView/SEGGER_RTT.c **** *    Used to do the same operation that J-Link does, to transfer
 559:./SystemView/SEGGER_RTT.c **** *    RTT data via other channels, such as TCP/IP or UART.
 560:./SystemView/SEGGER_RTT.c **** *
 561:./SystemView/SEGGER_RTT.c **** *  Parameters
 562:./SystemView/SEGGER_RTT.c **** *    BufferIndex  Index of Up-buffer to be used.
 563:./SystemView/SEGGER_RTT.c **** *    pBuffer      Pointer to buffer provided by target application, to copy characters from RTT-up-
 564:./SystemView/SEGGER_RTT.c **** *    BufferSize   Size of the target application buffer.
 565:./SystemView/SEGGER_RTT.c **** *
 566:./SystemView/SEGGER_RTT.c **** *  Return value
 567:./SystemView/SEGGER_RTT.c **** *    Number of bytes that have been read.
 568:./SystemView/SEGGER_RTT.c **** *
 569:./SystemView/SEGGER_RTT.c **** *  Additional information
 570:./SystemView/SEGGER_RTT.c **** *    This function must not be called when J-Link might also do RTT.
 571:./SystemView/SEGGER_RTT.c **** */
 572:./SystemView/SEGGER_RTT.c **** unsigned SEGGER_RTT_ReadUpBufferNoLock(unsigned BufferIndex, void* pData, unsigned BufferSize) {
 637              		.loc 1 572 96
 638              		.cfi_startproc
 639              		@ args = 0, pretend = 0, frame = 48
 640              		@ frame_needed = 1, uses_anonymous_args = 0
 641 0000 80B5     		push	{r7, lr}
 642              	.LCFI26:
 643              		.cfi_def_cfa_offset 8
 644              		.cfi_offset 7, -8
 645              		.cfi_offset 14, -4
 646 0002 8CB0     		sub	sp, sp, #48
 647              	.LCFI27:
 648              		.cfi_def_cfa_offset 56
 649 0004 00AF     		add	r7, sp, #0
 650              	.LCFI28:
 651              		.cfi_def_cfa_register 7
 652 0006 F860     		str	r0, [r7, #12]
 653 0008 B960     		str	r1, [r7, #8]
 654 000a 7A60     		str	r2, [r7, #4]
 655              	.LBB2:
 573:./SystemView/SEGGER_RTT.c ****   unsigned                NumBytesRem;
 574:./SystemView/SEGGER_RTT.c ****   unsigned                NumBytesRead;
 575:./SystemView/SEGGER_RTT.c ****   unsigned                RdOff;
 576:./SystemView/SEGGER_RTT.c ****   unsigned                WrOff;
 577:./SystemView/SEGGER_RTT.c ****   unsigned char*          pBuffer;
 578:./SystemView/SEGGER_RTT.c ****   SEGGER_RTT_BUFFER_UP*   pRing;
 579:./SystemView/SEGGER_RTT.c ****   volatile char*          pSrc;
 580:./SystemView/SEGGER_RTT.c **** 
 581:./SystemView/SEGGER_RTT.c ****   INIT();
 656              		.loc 1 581 3
 657 000c 3E4B     		ldr	r3, .L29
 658 000e 3B62     		str	r3, [r7, #32]
 659 0010 3B6A     		ldr	r3, [r7, #32]
 660 0012 1B78     		ldrb	r3, [r3]
 661 0014 DBB2     		uxtb	r3, r3
 662 0016 532B     		cmp	r3, #83
 663 0018 01D0     		beq	.L24
 664              		.loc 1 581 3 is_stmt 0 discriminator 1
 665 001a FFF7FEFF 		bl	_DoInit
 666              	.L24:
 667              	.LBE2:
ARM GAS  /var/folders/yl/_q9l42k90g1g4mdhbs226msm0000gn/T//ccXiy4OZ.s 			page 23


 582:./SystemView/SEGGER_RTT.c ****   pRing = (SEGGER_RTT_BUFFER_UP*)((uintptr_t)&_SEGGER_RTT.aUp[BufferIndex] + SEGGER_RTT_UNCACHED_OF
 668              		.loc 1 582 9 is_stmt 1
 669 001e FB68     		ldr	r3, [r7, #12]
 670 0020 5A1C     		adds	r2, r3, #1
 671 0022 1346     		mov	r3, r2
 672 0024 5B00     		lsls	r3, r3, #1
 673 0026 1344     		add	r3, r3, r2
 674 0028 DB00     		lsls	r3, r3, #3
 675 002a 374A     		ldr	r2, .L29
 676 002c 1344     		add	r3, r3, r2
 677 002e FB61     		str	r3, [r7, #28]
 583:./SystemView/SEGGER_RTT.c ****   pBuffer = (unsigned char*)pData;
 678              		.loc 1 583 11
 679 0030 BB68     		ldr	r3, [r7, #8]
 680 0032 7B62     		str	r3, [r7, #36]
 584:./SystemView/SEGGER_RTT.c ****   RdOff = pRing->RdOff;
 681              		.loc 1 584 9
 682 0034 FB69     		ldr	r3, [r7, #28]
 683 0036 1B69     		ldr	r3, [r3, #16]
 684 0038 BB62     		str	r3, [r7, #40]
 585:./SystemView/SEGGER_RTT.c ****   WrOff = pRing->WrOff;
 685              		.loc 1 585 9
 686 003a FB69     		ldr	r3, [r7, #28]
 687 003c DB68     		ldr	r3, [r3, #12]
 688 003e BB61     		str	r3, [r7, #24]
 586:./SystemView/SEGGER_RTT.c ****   NumBytesRead = 0u;
 689              		.loc 1 586 16
 690 0040 0023     		movs	r3, #0
 691 0042 FB62     		str	r3, [r7, #44]
 587:./SystemView/SEGGER_RTT.c ****   //
 588:./SystemView/SEGGER_RTT.c ****   // Read from current read position to wrap-around of buffer, first
 589:./SystemView/SEGGER_RTT.c ****   //
 590:./SystemView/SEGGER_RTT.c ****   if (RdOff > WrOff) {
 692              		.loc 1 590 6
 693 0044 BA6A     		ldr	r2, [r7, #40]
 694 0046 BB69     		ldr	r3, [r7, #24]
 695 0048 9A42     		cmp	r2, r3
 696 004a 2BD9     		bls	.L25
 591:./SystemView/SEGGER_RTT.c ****     NumBytesRem = pRing->SizeOfBuffer - RdOff;
 697              		.loc 1 591 24
 698 004c FB69     		ldr	r3, [r7, #28]
 699 004e 9A68     		ldr	r2, [r3, #8]
 700              		.loc 1 591 17
 701 0050 BB6A     		ldr	r3, [r7, #40]
 702 0052 D31A     		subs	r3, r2, r3
 703 0054 7B61     		str	r3, [r7, #20]
 592:./SystemView/SEGGER_RTT.c ****     NumBytesRem = MIN(NumBytesRem, BufferSize);
 704              		.loc 1 592 17
 705 0056 7A69     		ldr	r2, [r7, #20]
 706 0058 7B68     		ldr	r3, [r7, #4]
 707 005a 9342     		cmp	r3, r2
 708 005c 28BF     		it	cs
 709 005e 1346     		movcs	r3, r2
 710 0060 7B61     		str	r3, [r7, #20]
 593:./SystemView/SEGGER_RTT.c ****     pSrc = (pRing->pBuffer + RdOff) + SEGGER_RTT_UNCACHED_OFF;
 711              		.loc 1 593 18
 712 0062 FB69     		ldr	r3, [r7, #28]
ARM GAS  /var/folders/yl/_q9l42k90g1g4mdhbs226msm0000gn/T//ccXiy4OZ.s 			page 24


 713 0064 5A68     		ldr	r2, [r3, #4]
 714              		.loc 1 593 10
 715 0066 BB6A     		ldr	r3, [r7, #40]
 716 0068 1344     		add	r3, r3, r2
 717 006a 3B61     		str	r3, [r7, #16]
 594:./SystemView/SEGGER_RTT.c **** #if SEGGER_RTT_MEMCPY_USE_BYTELOOP
 595:./SystemView/SEGGER_RTT.c ****     NumBytesRead += NumBytesRem;
 596:./SystemView/SEGGER_RTT.c ****     BufferSize   -= NumBytesRem;
 597:./SystemView/SEGGER_RTT.c ****     RdOff        += NumBytesRem;
 598:./SystemView/SEGGER_RTT.c ****     while (NumBytesRem--) {
 599:./SystemView/SEGGER_RTT.c ****       *pBuffer++ = *pSrc++;
 600:./SystemView/SEGGER_RTT.c ****     };
 601:./SystemView/SEGGER_RTT.c **** #else
 602:./SystemView/SEGGER_RTT.c ****     SEGGER_RTT_MEMCPY(pBuffer, (void*)pSrc, NumBytesRem);
 718              		.loc 1 602 5
 719 006c 7A69     		ldr	r2, [r7, #20]
 720 006e 3969     		ldr	r1, [r7, #16]
 721 0070 786A     		ldr	r0, [r7, #36]
 722 0072 FFF7FEFF 		bl	memcpy
 603:./SystemView/SEGGER_RTT.c ****     NumBytesRead += NumBytesRem;
 723              		.loc 1 603 18
 724 0076 FA6A     		ldr	r2, [r7, #44]
 725 0078 7B69     		ldr	r3, [r7, #20]
 726 007a 1344     		add	r3, r3, r2
 727 007c FB62     		str	r3, [r7, #44]
 604:./SystemView/SEGGER_RTT.c ****     pBuffer      += NumBytesRem;
 728              		.loc 1 604 18
 729 007e 7A6A     		ldr	r2, [r7, #36]
 730 0080 7B69     		ldr	r3, [r7, #20]
 731 0082 1344     		add	r3, r3, r2
 732 0084 7B62     		str	r3, [r7, #36]
 605:./SystemView/SEGGER_RTT.c ****     BufferSize   -= NumBytesRem;
 733              		.loc 1 605 18
 734 0086 7A68     		ldr	r2, [r7, #4]
 735 0088 7B69     		ldr	r3, [r7, #20]
 736 008a D31A     		subs	r3, r2, r3
 737 008c 7B60     		str	r3, [r7, #4]
 606:./SystemView/SEGGER_RTT.c ****     RdOff        += NumBytesRem;
 738              		.loc 1 606 18
 739 008e BA6A     		ldr	r2, [r7, #40]
 740 0090 7B69     		ldr	r3, [r7, #20]
 741 0092 1344     		add	r3, r3, r2
 742 0094 BB62     		str	r3, [r7, #40]
 607:./SystemView/SEGGER_RTT.c **** #endif
 608:./SystemView/SEGGER_RTT.c ****     //
 609:./SystemView/SEGGER_RTT.c ****     // Handle wrap-around of buffer
 610:./SystemView/SEGGER_RTT.c ****     //
 611:./SystemView/SEGGER_RTT.c ****     if (RdOff == pRing->SizeOfBuffer) {
 743              		.loc 1 611 23
 744 0096 FB69     		ldr	r3, [r7, #28]
 745 0098 9B68     		ldr	r3, [r3, #8]
 746              		.loc 1 611 8
 747 009a BA6A     		ldr	r2, [r7, #40]
 748 009c 9A42     		cmp	r2, r3
 749 009e 01D1     		bne	.L25
 612:./SystemView/SEGGER_RTT.c ****       RdOff = 0u;
 750              		.loc 1 612 13
ARM GAS  /var/folders/yl/_q9l42k90g1g4mdhbs226msm0000gn/T//ccXiy4OZ.s 			page 25


 751 00a0 0023     		movs	r3, #0
 752 00a2 BB62     		str	r3, [r7, #40]
 753              	.L25:
 613:./SystemView/SEGGER_RTT.c ****     }
 614:./SystemView/SEGGER_RTT.c ****   }
 615:./SystemView/SEGGER_RTT.c ****   //
 616:./SystemView/SEGGER_RTT.c ****   // Read remaining items of buffer
 617:./SystemView/SEGGER_RTT.c ****   //
 618:./SystemView/SEGGER_RTT.c ****   NumBytesRem = WrOff - RdOff;
 754              		.loc 1 618 15
 755 00a4 BA69     		ldr	r2, [r7, #24]
 756 00a6 BB6A     		ldr	r3, [r7, #40]
 757 00a8 D31A     		subs	r3, r2, r3
 758 00aa 7B61     		str	r3, [r7, #20]
 619:./SystemView/SEGGER_RTT.c ****   NumBytesRem = MIN(NumBytesRem, BufferSize);
 759              		.loc 1 619 15
 760 00ac 7A69     		ldr	r2, [r7, #20]
 761 00ae 7B68     		ldr	r3, [r7, #4]
 762 00b0 9342     		cmp	r3, r2
 763 00b2 28BF     		it	cs
 764 00b4 1346     		movcs	r3, r2
 765 00b6 7B61     		str	r3, [r7, #20]
 620:./SystemView/SEGGER_RTT.c ****   if (NumBytesRem > 0u) {
 766              		.loc 1 620 6
 767 00b8 7B69     		ldr	r3, [r7, #20]
 768 00ba 002B     		cmp	r3, #0
 769 00bc 19D0     		beq	.L26
 621:./SystemView/SEGGER_RTT.c ****     pSrc = (pRing->pBuffer + RdOff) + SEGGER_RTT_UNCACHED_OFF;
 770              		.loc 1 621 18
 771 00be FB69     		ldr	r3, [r7, #28]
 772 00c0 5A68     		ldr	r2, [r3, #4]
 773              		.loc 1 621 10
 774 00c2 BB6A     		ldr	r3, [r7, #40]
 775 00c4 1344     		add	r3, r3, r2
 776 00c6 3B61     		str	r3, [r7, #16]
 622:./SystemView/SEGGER_RTT.c **** #if SEGGER_RTT_MEMCPY_USE_BYTELOOP
 623:./SystemView/SEGGER_RTT.c ****     NumBytesRead += NumBytesRem;
 624:./SystemView/SEGGER_RTT.c ****     BufferSize   -= NumBytesRem;
 625:./SystemView/SEGGER_RTT.c ****     RdOff        += NumBytesRem;
 626:./SystemView/SEGGER_RTT.c ****     while (NumBytesRem--) {
 627:./SystemView/SEGGER_RTT.c ****       *pBuffer++ = *pSrc++;
 628:./SystemView/SEGGER_RTT.c ****     };
 629:./SystemView/SEGGER_RTT.c **** #else
 630:./SystemView/SEGGER_RTT.c ****     SEGGER_RTT_MEMCPY(pBuffer, (void*)pSrc, NumBytesRem);
 777              		.loc 1 630 5
 778 00c8 7A69     		ldr	r2, [r7, #20]
 779 00ca 3969     		ldr	r1, [r7, #16]
 780 00cc 786A     		ldr	r0, [r7, #36]
 781 00ce FFF7FEFF 		bl	memcpy
 631:./SystemView/SEGGER_RTT.c ****     NumBytesRead += NumBytesRem;
 782              		.loc 1 631 18
 783 00d2 FA6A     		ldr	r2, [r7, #44]
 784 00d4 7B69     		ldr	r3, [r7, #20]
 785 00d6 1344     		add	r3, r3, r2
 786 00d8 FB62     		str	r3, [r7, #44]
 632:./SystemView/SEGGER_RTT.c ****     pBuffer      += NumBytesRem;
 787              		.loc 1 632 18
ARM GAS  /var/folders/yl/_q9l42k90g1g4mdhbs226msm0000gn/T//ccXiy4OZ.s 			page 26


 788 00da 7A6A     		ldr	r2, [r7, #36]
 789 00dc 7B69     		ldr	r3, [r7, #20]
 790 00de 1344     		add	r3, r3, r2
 791 00e0 7B62     		str	r3, [r7, #36]
 633:./SystemView/SEGGER_RTT.c ****     BufferSize   -= NumBytesRem;
 792              		.loc 1 633 18
 793 00e2 7A68     		ldr	r2, [r7, #4]
 794 00e4 7B69     		ldr	r3, [r7, #20]
 795 00e6 D31A     		subs	r3, r2, r3
 796 00e8 7B60     		str	r3, [r7, #4]
 634:./SystemView/SEGGER_RTT.c ****     RdOff        += NumBytesRem;
 797              		.loc 1 634 18
 798 00ea BA6A     		ldr	r2, [r7, #40]
 799 00ec 7B69     		ldr	r3, [r7, #20]
 800 00ee 1344     		add	r3, r3, r2
 801 00f0 BB62     		str	r3, [r7, #40]
 802              	.L26:
 635:./SystemView/SEGGER_RTT.c **** #endif
 636:./SystemView/SEGGER_RTT.c ****   }
 637:./SystemView/SEGGER_RTT.c ****   //
 638:./SystemView/SEGGER_RTT.c ****   // Update read offset of buffer
 639:./SystemView/SEGGER_RTT.c ****   //
 640:./SystemView/SEGGER_RTT.c ****   if (NumBytesRead) {
 803              		.loc 1 640 6
 804 00f2 FB6A     		ldr	r3, [r7, #44]
 805 00f4 002B     		cmp	r3, #0
 806 00f6 02D0     		beq	.L27
 641:./SystemView/SEGGER_RTT.c ****     pRing->RdOff = RdOff;
 807              		.loc 1 641 18
 808 00f8 FB69     		ldr	r3, [r7, #28]
 809 00fa BA6A     		ldr	r2, [r7, #40]
 810 00fc 1A61     		str	r2, [r3, #16]
 811              	.L27:
 642:./SystemView/SEGGER_RTT.c ****   }
 643:./SystemView/SEGGER_RTT.c ****   //
 644:./SystemView/SEGGER_RTT.c ****   return NumBytesRead;
 812              		.loc 1 644 10
 813 00fe FB6A     		ldr	r3, [r7, #44]
 645:./SystemView/SEGGER_RTT.c **** }
 814              		.loc 1 645 1
 815 0100 1846     		mov	r0, r3
 816 0102 3037     		adds	r7, r7, #48
 817              	.LCFI29:
 818              		.cfi_def_cfa_offset 8
 819 0104 BD46     		mov	sp, r7
 820              	.LCFI30:
 821              		.cfi_def_cfa_register 13
 822              		@ sp needed
 823 0106 80BD     		pop	{r7, pc}
 824              	.L30:
 825              		.align	2
 826              	.L29:
 827 0108 00000000 		.word	_SEGGER_RTT
 828              		.cfi_endproc
 829              	.LFE5:
 831              		.section	.text.SEGGER_RTT_ReadNoLock,"ax",%progbits
 832              		.align	1
ARM GAS  /var/folders/yl/_q9l42k90g1g4mdhbs226msm0000gn/T//ccXiy4OZ.s 			page 27


 833              		.global	SEGGER_RTT_ReadNoLock
 834              		.syntax unified
 835              		.thumb
 836              		.thumb_func
 838              	SEGGER_RTT_ReadNoLock:
 839              	.LFB6:
 646:./SystemView/SEGGER_RTT.c **** 
 647:./SystemView/SEGGER_RTT.c **** /*********************************************************************
 648:./SystemView/SEGGER_RTT.c **** *
 649:./SystemView/SEGGER_RTT.c **** *       SEGGER_RTT_ReadNoLock()
 650:./SystemView/SEGGER_RTT.c **** *
 651:./SystemView/SEGGER_RTT.c **** *  Function description
 652:./SystemView/SEGGER_RTT.c **** *    Reads characters from SEGGER real-time-terminal control block
 653:./SystemView/SEGGER_RTT.c **** *    which have been previously stored by the host.
 654:./SystemView/SEGGER_RTT.c **** *    Do not lock against interrupts and multiple access.
 655:./SystemView/SEGGER_RTT.c **** *
 656:./SystemView/SEGGER_RTT.c **** *  Parameters
 657:./SystemView/SEGGER_RTT.c **** *    BufferIndex  Index of Down-buffer to be used (e.g. 0 for "Terminal").
 658:./SystemView/SEGGER_RTT.c **** *    pBuffer      Pointer to buffer provided by target application, to copy characters from RTT-dow
 659:./SystemView/SEGGER_RTT.c **** *    BufferSize   Size of the target application buffer.
 660:./SystemView/SEGGER_RTT.c **** *
 661:./SystemView/SEGGER_RTT.c **** *  Return value
 662:./SystemView/SEGGER_RTT.c **** *    Number of bytes that have been read.
 663:./SystemView/SEGGER_RTT.c **** */
 664:./SystemView/SEGGER_RTT.c **** unsigned SEGGER_RTT_ReadNoLock(unsigned BufferIndex, void* pData, unsigned BufferSize) {
 840              		.loc 1 664 88
 841              		.cfi_startproc
 842              		@ args = 0, pretend = 0, frame = 48
 843              		@ frame_needed = 1, uses_anonymous_args = 0
 844 0000 80B5     		push	{r7, lr}
 845              	.LCFI31:
 846              		.cfi_def_cfa_offset 8
 847              		.cfi_offset 7, -8
 848              		.cfi_offset 14, -4
 849 0002 8CB0     		sub	sp, sp, #48
 850              	.LCFI32:
 851              		.cfi_def_cfa_offset 56
 852 0004 00AF     		add	r7, sp, #0
 853              	.LCFI33:
 854              		.cfi_def_cfa_register 7
 855 0006 F860     		str	r0, [r7, #12]
 856 0008 B960     		str	r1, [r7, #8]
 857 000a 7A60     		str	r2, [r7, #4]
 858              	.LBB3:
 665:./SystemView/SEGGER_RTT.c ****   unsigned                NumBytesRem;
 666:./SystemView/SEGGER_RTT.c ****   unsigned                NumBytesRead;
 667:./SystemView/SEGGER_RTT.c ****   unsigned                RdOff;
 668:./SystemView/SEGGER_RTT.c ****   unsigned                WrOff;
 669:./SystemView/SEGGER_RTT.c ****   unsigned char*          pBuffer;
 670:./SystemView/SEGGER_RTT.c ****   SEGGER_RTT_BUFFER_DOWN* pRing;
 671:./SystemView/SEGGER_RTT.c ****   volatile char*          pSrc;
 672:./SystemView/SEGGER_RTT.c ****   //
 673:./SystemView/SEGGER_RTT.c ****   INIT();
 859              		.loc 1 673 3
 860 000c 3E4B     		ldr	r3, .L37
 861 000e 3B62     		str	r3, [r7, #32]
 862 0010 3B6A     		ldr	r3, [r7, #32]
ARM GAS  /var/folders/yl/_q9l42k90g1g4mdhbs226msm0000gn/T//ccXiy4OZ.s 			page 28


 863 0012 1B78     		ldrb	r3, [r3]
 864 0014 DBB2     		uxtb	r3, r3
 865 0016 532B     		cmp	r3, #83
 866 0018 01D0     		beq	.L32
 867              		.loc 1 673 3 is_stmt 0 discriminator 1
 868 001a FFF7FEFF 		bl	_DoInit
 869              	.L32:
 870              	.LBE3:
 674:./SystemView/SEGGER_RTT.c ****   pRing = (SEGGER_RTT_BUFFER_DOWN*)((uintptr_t)&_SEGGER_RTT.aDown[BufferIndex] + SEGGER_RTT_UNCACHE
 871              		.loc 1 674 9 is_stmt 1
 872 001e FA68     		ldr	r2, [r7, #12]
 873 0020 1346     		mov	r3, r2
 874 0022 5B00     		lsls	r3, r3, #1
 875 0024 1344     		add	r3, r3, r2
 876 0026 DB00     		lsls	r3, r3, #3
 877 0028 6033     		adds	r3, r3, #96
 878 002a 374A     		ldr	r2, .L37
 879 002c 1344     		add	r3, r3, r2
 880 002e FB61     		str	r3, [r7, #28]
 675:./SystemView/SEGGER_RTT.c ****   pBuffer = (unsigned char*)pData;
 881              		.loc 1 675 11
 882 0030 BB68     		ldr	r3, [r7, #8]
 883 0032 7B62     		str	r3, [r7, #36]
 676:./SystemView/SEGGER_RTT.c ****   RdOff = pRing->RdOff;
 884              		.loc 1 676 9
 885 0034 FB69     		ldr	r3, [r7, #28]
 886 0036 1B69     		ldr	r3, [r3, #16]
 887 0038 BB62     		str	r3, [r7, #40]
 677:./SystemView/SEGGER_RTT.c ****   WrOff = pRing->WrOff;
 888              		.loc 1 677 9
 889 003a FB69     		ldr	r3, [r7, #28]
 890 003c DB68     		ldr	r3, [r3, #12]
 891 003e BB61     		str	r3, [r7, #24]
 678:./SystemView/SEGGER_RTT.c ****   NumBytesRead = 0u;
 892              		.loc 1 678 16
 893 0040 0023     		movs	r3, #0
 894 0042 FB62     		str	r3, [r7, #44]
 679:./SystemView/SEGGER_RTT.c ****   //
 680:./SystemView/SEGGER_RTT.c ****   // Read from current read position to wrap-around of buffer, first
 681:./SystemView/SEGGER_RTT.c ****   //
 682:./SystemView/SEGGER_RTT.c ****   if (RdOff > WrOff) {
 895              		.loc 1 682 6
 896 0044 BA6A     		ldr	r2, [r7, #40]
 897 0046 BB69     		ldr	r3, [r7, #24]
 898 0048 9A42     		cmp	r2, r3
 899 004a 2BD9     		bls	.L33
 683:./SystemView/SEGGER_RTT.c ****     NumBytesRem = pRing->SizeOfBuffer - RdOff;
 900              		.loc 1 683 24
 901 004c FB69     		ldr	r3, [r7, #28]
 902 004e 9A68     		ldr	r2, [r3, #8]
 903              		.loc 1 683 17
 904 0050 BB6A     		ldr	r3, [r7, #40]
 905 0052 D31A     		subs	r3, r2, r3
 906 0054 7B61     		str	r3, [r7, #20]
 684:./SystemView/SEGGER_RTT.c ****     NumBytesRem = MIN(NumBytesRem, BufferSize);
 907              		.loc 1 684 17
 908 0056 7A69     		ldr	r2, [r7, #20]
ARM GAS  /var/folders/yl/_q9l42k90g1g4mdhbs226msm0000gn/T//ccXiy4OZ.s 			page 29


 909 0058 7B68     		ldr	r3, [r7, #4]
 910 005a 9342     		cmp	r3, r2
 911 005c 28BF     		it	cs
 912 005e 1346     		movcs	r3, r2
 913 0060 7B61     		str	r3, [r7, #20]
 685:./SystemView/SEGGER_RTT.c ****     pSrc = (pRing->pBuffer + RdOff) + SEGGER_RTT_UNCACHED_OFF;
 914              		.loc 1 685 18
 915 0062 FB69     		ldr	r3, [r7, #28]
 916 0064 5A68     		ldr	r2, [r3, #4]
 917              		.loc 1 685 10
 918 0066 BB6A     		ldr	r3, [r7, #40]
 919 0068 1344     		add	r3, r3, r2
 920 006a 3B61     		str	r3, [r7, #16]
 686:./SystemView/SEGGER_RTT.c **** #if SEGGER_RTT_MEMCPY_USE_BYTELOOP
 687:./SystemView/SEGGER_RTT.c ****     NumBytesRead += NumBytesRem;
 688:./SystemView/SEGGER_RTT.c ****     BufferSize   -= NumBytesRem;
 689:./SystemView/SEGGER_RTT.c ****     RdOff        += NumBytesRem;
 690:./SystemView/SEGGER_RTT.c ****     while (NumBytesRem--) {
 691:./SystemView/SEGGER_RTT.c ****       *pBuffer++ = *pSrc++;
 692:./SystemView/SEGGER_RTT.c ****     };
 693:./SystemView/SEGGER_RTT.c **** #else
 694:./SystemView/SEGGER_RTT.c ****     SEGGER_RTT_MEMCPY(pBuffer, (void*)pSrc, NumBytesRem);
 921              		.loc 1 694 5
 922 006c 7A69     		ldr	r2, [r7, #20]
 923 006e 3969     		ldr	r1, [r7, #16]
 924 0070 786A     		ldr	r0, [r7, #36]
 925 0072 FFF7FEFF 		bl	memcpy
 695:./SystemView/SEGGER_RTT.c ****     NumBytesRead += NumBytesRem;
 926              		.loc 1 695 18
 927 0076 FA6A     		ldr	r2, [r7, #44]
 928 0078 7B69     		ldr	r3, [r7, #20]
 929 007a 1344     		add	r3, r3, r2
 930 007c FB62     		str	r3, [r7, #44]
 696:./SystemView/SEGGER_RTT.c ****     pBuffer      += NumBytesRem;
 931              		.loc 1 696 18
 932 007e 7A6A     		ldr	r2, [r7, #36]
 933 0080 7B69     		ldr	r3, [r7, #20]
 934 0082 1344     		add	r3, r3, r2
 935 0084 7B62     		str	r3, [r7, #36]
 697:./SystemView/SEGGER_RTT.c ****     BufferSize   -= NumBytesRem;
 936              		.loc 1 697 18
 937 0086 7A68     		ldr	r2, [r7, #4]
 938 0088 7B69     		ldr	r3, [r7, #20]
 939 008a D31A     		subs	r3, r2, r3
 940 008c 7B60     		str	r3, [r7, #4]
 698:./SystemView/SEGGER_RTT.c ****     RdOff        += NumBytesRem;
 941              		.loc 1 698 18
 942 008e BA6A     		ldr	r2, [r7, #40]
 943 0090 7B69     		ldr	r3, [r7, #20]
 944 0092 1344     		add	r3, r3, r2
 945 0094 BB62     		str	r3, [r7, #40]
 699:./SystemView/SEGGER_RTT.c **** #endif
 700:./SystemView/SEGGER_RTT.c ****     //
 701:./SystemView/SEGGER_RTT.c ****     // Handle wrap-around of buffer
 702:./SystemView/SEGGER_RTT.c ****     //
 703:./SystemView/SEGGER_RTT.c ****     if (RdOff == pRing->SizeOfBuffer) {
 946              		.loc 1 703 23
ARM GAS  /var/folders/yl/_q9l42k90g1g4mdhbs226msm0000gn/T//ccXiy4OZ.s 			page 30


 947 0096 FB69     		ldr	r3, [r7, #28]
 948 0098 9B68     		ldr	r3, [r3, #8]
 949              		.loc 1 703 8
 950 009a BA6A     		ldr	r2, [r7, #40]
 951 009c 9A42     		cmp	r2, r3
 952 009e 01D1     		bne	.L33
 704:./SystemView/SEGGER_RTT.c ****       RdOff = 0u;
 953              		.loc 1 704 13
 954 00a0 0023     		movs	r3, #0
 955 00a2 BB62     		str	r3, [r7, #40]
 956              	.L33:
 705:./SystemView/SEGGER_RTT.c ****     }
 706:./SystemView/SEGGER_RTT.c ****   }
 707:./SystemView/SEGGER_RTT.c ****   //
 708:./SystemView/SEGGER_RTT.c ****   // Read remaining items of buffer
 709:./SystemView/SEGGER_RTT.c ****   //
 710:./SystemView/SEGGER_RTT.c ****   NumBytesRem = WrOff - RdOff;
 957              		.loc 1 710 15
 958 00a4 BA69     		ldr	r2, [r7, #24]
 959 00a6 BB6A     		ldr	r3, [r7, #40]
 960 00a8 D31A     		subs	r3, r2, r3
 961 00aa 7B61     		str	r3, [r7, #20]
 711:./SystemView/SEGGER_RTT.c ****   NumBytesRem = MIN(NumBytesRem, BufferSize);
 962              		.loc 1 711 15
 963 00ac 7A69     		ldr	r2, [r7, #20]
 964 00ae 7B68     		ldr	r3, [r7, #4]
 965 00b0 9342     		cmp	r3, r2
 966 00b2 28BF     		it	cs
 967 00b4 1346     		movcs	r3, r2
 968 00b6 7B61     		str	r3, [r7, #20]
 712:./SystemView/SEGGER_RTT.c ****   if (NumBytesRem > 0u) {
 969              		.loc 1 712 6
 970 00b8 7B69     		ldr	r3, [r7, #20]
 971 00ba 002B     		cmp	r3, #0
 972 00bc 19D0     		beq	.L34
 713:./SystemView/SEGGER_RTT.c ****     pSrc = (pRing->pBuffer + RdOff) + SEGGER_RTT_UNCACHED_OFF;
 973              		.loc 1 713 18
 974 00be FB69     		ldr	r3, [r7, #28]
 975 00c0 5A68     		ldr	r2, [r3, #4]
 976              		.loc 1 713 10
 977 00c2 BB6A     		ldr	r3, [r7, #40]
 978 00c4 1344     		add	r3, r3, r2
 979 00c6 3B61     		str	r3, [r7, #16]
 714:./SystemView/SEGGER_RTT.c **** #if SEGGER_RTT_MEMCPY_USE_BYTELOOP
 715:./SystemView/SEGGER_RTT.c ****     NumBytesRead += NumBytesRem;
 716:./SystemView/SEGGER_RTT.c ****     BufferSize   -= NumBytesRem;
 717:./SystemView/SEGGER_RTT.c ****     RdOff        += NumBytesRem;
 718:./SystemView/SEGGER_RTT.c ****     while (NumBytesRem--) {
 719:./SystemView/SEGGER_RTT.c ****       *pBuffer++ = *pSrc++;
 720:./SystemView/SEGGER_RTT.c ****     };
 721:./SystemView/SEGGER_RTT.c **** #else
 722:./SystemView/SEGGER_RTT.c ****     SEGGER_RTT_MEMCPY(pBuffer, (void*)pSrc, NumBytesRem);
 980              		.loc 1 722 5
 981 00c8 7A69     		ldr	r2, [r7, #20]
 982 00ca 3969     		ldr	r1, [r7, #16]
 983 00cc 786A     		ldr	r0, [r7, #36]
 984 00ce FFF7FEFF 		bl	memcpy
ARM GAS  /var/folders/yl/_q9l42k90g1g4mdhbs226msm0000gn/T//ccXiy4OZ.s 			page 31


 723:./SystemView/SEGGER_RTT.c ****     NumBytesRead += NumBytesRem;
 985              		.loc 1 723 18
 986 00d2 FA6A     		ldr	r2, [r7, #44]
 987 00d4 7B69     		ldr	r3, [r7, #20]
 988 00d6 1344     		add	r3, r3, r2
 989 00d8 FB62     		str	r3, [r7, #44]
 724:./SystemView/SEGGER_RTT.c ****     pBuffer      += NumBytesRem;
 990              		.loc 1 724 18
 991 00da 7A6A     		ldr	r2, [r7, #36]
 992 00dc 7B69     		ldr	r3, [r7, #20]
 993 00de 1344     		add	r3, r3, r2
 994 00e0 7B62     		str	r3, [r7, #36]
 725:./SystemView/SEGGER_RTT.c ****     BufferSize   -= NumBytesRem;
 995              		.loc 1 725 18
 996 00e2 7A68     		ldr	r2, [r7, #4]
 997 00e4 7B69     		ldr	r3, [r7, #20]
 998 00e6 D31A     		subs	r3, r2, r3
 999 00e8 7B60     		str	r3, [r7, #4]
 726:./SystemView/SEGGER_RTT.c ****     RdOff        += NumBytesRem;
 1000              		.loc 1 726 18
 1001 00ea BA6A     		ldr	r2, [r7, #40]
 1002 00ec 7B69     		ldr	r3, [r7, #20]
 1003 00ee 1344     		add	r3, r3, r2
 1004 00f0 BB62     		str	r3, [r7, #40]
 1005              	.L34:
 727:./SystemView/SEGGER_RTT.c **** #endif
 728:./SystemView/SEGGER_RTT.c ****   }
 729:./SystemView/SEGGER_RTT.c ****   if (NumBytesRead) {
 1006              		.loc 1 729 6
 1007 00f2 FB6A     		ldr	r3, [r7, #44]
 1008 00f4 002B     		cmp	r3, #0
 1009 00f6 02D0     		beq	.L35
 730:./SystemView/SEGGER_RTT.c ****     pRing->RdOff = RdOff;
 1010              		.loc 1 730 18
 1011 00f8 FB69     		ldr	r3, [r7, #28]
 1012 00fa BA6A     		ldr	r2, [r7, #40]
 1013 00fc 1A61     		str	r2, [r3, #16]
 1014              	.L35:
 731:./SystemView/SEGGER_RTT.c ****   }
 732:./SystemView/SEGGER_RTT.c ****   //
 733:./SystemView/SEGGER_RTT.c ****   return NumBytesRead;
 1015              		.loc 1 733 10
 1016 00fe FB6A     		ldr	r3, [r7, #44]
 734:./SystemView/SEGGER_RTT.c **** }
 1017              		.loc 1 734 1
 1018 0100 1846     		mov	r0, r3
 1019 0102 3037     		adds	r7, r7, #48
 1020              	.LCFI34:
 1021              		.cfi_def_cfa_offset 8
 1022 0104 BD46     		mov	sp, r7
 1023              	.LCFI35:
 1024              		.cfi_def_cfa_register 13
 1025              		@ sp needed
 1026 0106 80BD     		pop	{r7, pc}
 1027              	.L38:
 1028              		.align	2
 1029              	.L37:
ARM GAS  /var/folders/yl/_q9l42k90g1g4mdhbs226msm0000gn/T//ccXiy4OZ.s 			page 32


 1030 0108 00000000 		.word	_SEGGER_RTT
 1031              		.cfi_endproc
 1032              	.LFE6:
 1034              		.section	.text.SEGGER_RTT_ReadUpBuffer,"ax",%progbits
 1035              		.align	1
 1036              		.global	SEGGER_RTT_ReadUpBuffer
 1037              		.syntax unified
 1038              		.thumb
 1039              		.thumb_func
 1041              	SEGGER_RTT_ReadUpBuffer:
 1042              	.LFB7:
 735:./SystemView/SEGGER_RTT.c **** 
 736:./SystemView/SEGGER_RTT.c **** /*********************************************************************
 737:./SystemView/SEGGER_RTT.c **** *
 738:./SystemView/SEGGER_RTT.c **** *       SEGGER_RTT_ReadUpBuffer
 739:./SystemView/SEGGER_RTT.c **** *
 740:./SystemView/SEGGER_RTT.c **** *  Function description
 741:./SystemView/SEGGER_RTT.c **** *    Reads characters from SEGGER real-time-terminal control block
 742:./SystemView/SEGGER_RTT.c **** *    which have been previously stored by the application.
 743:./SystemView/SEGGER_RTT.c **** *    Used to do the same operation that J-Link does, to transfer
 744:./SystemView/SEGGER_RTT.c **** *    RTT data via other channels, such as TCP/IP or UART.
 745:./SystemView/SEGGER_RTT.c **** *
 746:./SystemView/SEGGER_RTT.c **** *  Parameters
 747:./SystemView/SEGGER_RTT.c **** *    BufferIndex  Index of Up-buffer to be used.
 748:./SystemView/SEGGER_RTT.c **** *    pBuffer      Pointer to buffer provided by target application, to copy characters from RTT-up-
 749:./SystemView/SEGGER_RTT.c **** *    BufferSize   Size of the target application buffer.
 750:./SystemView/SEGGER_RTT.c **** *
 751:./SystemView/SEGGER_RTT.c **** *  Return value
 752:./SystemView/SEGGER_RTT.c **** *    Number of bytes that have been read.
 753:./SystemView/SEGGER_RTT.c **** *
 754:./SystemView/SEGGER_RTT.c **** *  Additional information
 755:./SystemView/SEGGER_RTT.c **** *    This function must not be called when J-Link might also do RTT.
 756:./SystemView/SEGGER_RTT.c **** *    This function locks against all other RTT operations. I.e. during
 757:./SystemView/SEGGER_RTT.c **** *    the read operation, writing is also locked.
 758:./SystemView/SEGGER_RTT.c **** *    If only one consumer reads from the up buffer,
 759:./SystemView/SEGGER_RTT.c **** *    call sEGGER_RTT_ReadUpBufferNoLock() instead.
 760:./SystemView/SEGGER_RTT.c **** */
 761:./SystemView/SEGGER_RTT.c **** unsigned SEGGER_RTT_ReadUpBuffer(unsigned BufferIndex, void* pBuffer, unsigned BufferSize) {
 1043              		.loc 1 761 92
 1044              		.cfi_startproc
 1045              		@ args = 0, pretend = 0, frame = 24
 1046              		@ frame_needed = 1, uses_anonymous_args = 0
 1047 0000 80B5     		push	{r7, lr}
 1048              	.LCFI36:
 1049              		.cfi_def_cfa_offset 8
 1050              		.cfi_offset 7, -8
 1051              		.cfi_offset 14, -4
 1052 0002 86B0     		sub	sp, sp, #24
 1053              	.LCFI37:
 1054              		.cfi_def_cfa_offset 32
 1055 0004 00AF     		add	r7, sp, #0
 1056              	.LCFI38:
 1057              		.cfi_def_cfa_register 7
 1058 0006 F860     		str	r0, [r7, #12]
 1059 0008 B960     		str	r1, [r7, #8]
 1060 000a 7A60     		str	r2, [r7, #4]
 1061              	.LBB4:
ARM GAS  /var/folders/yl/_q9l42k90g1g4mdhbs226msm0000gn/T//ccXiy4OZ.s 			page 33


 762:./SystemView/SEGGER_RTT.c ****   unsigned NumBytesRead;
 763:./SystemView/SEGGER_RTT.c **** 
 764:./SystemView/SEGGER_RTT.c ****   SEGGER_RTT_LOCK();
 1062              		.loc 1 764 3
 1063              		.syntax unified
 1064              	@ 764 "./SystemView/SEGGER_RTT.c" 1
 1065 000c EFF31183 		mrs   r3, basepri  
 1066 0010 4FF02001 		mov   r1, #32       
 1067 0014 81F31188 		msr   basepri, r1  
 1068              		
 1069              	@ 0 "" 2
 1070              		.thumb
 1071              		.syntax unified
 1072 0018 7B61     		str	r3, [r7, #20]
 765:./SystemView/SEGGER_RTT.c ****   //
 766:./SystemView/SEGGER_RTT.c ****   // Call the non-locking read function
 767:./SystemView/SEGGER_RTT.c ****   //
 768:./SystemView/SEGGER_RTT.c ****   NumBytesRead = SEGGER_RTT_ReadUpBufferNoLock(BufferIndex, pBuffer, BufferSize);
 1073              		.loc 1 768 18
 1074 001a 7A68     		ldr	r2, [r7, #4]
 1075 001c B968     		ldr	r1, [r7, #8]
 1076 001e F868     		ldr	r0, [r7, #12]
 1077 0020 FFF7FEFF 		bl	SEGGER_RTT_ReadUpBufferNoLock
 1078 0024 3861     		str	r0, [r7, #16]
 769:./SystemView/SEGGER_RTT.c ****   //
 770:./SystemView/SEGGER_RTT.c ****   // Finish up.
 771:./SystemView/SEGGER_RTT.c ****   //
 772:./SystemView/SEGGER_RTT.c ****   SEGGER_RTT_UNLOCK();
 1079              		.loc 1 772 3
 1080 0026 7B69     		ldr	r3, [r7, #20]
 1081              		.syntax unified
 1082              	@ 772 "./SystemView/SEGGER_RTT.c" 1
 1083 0028 83F31188 		msr   basepri, r3  
 1084              		
 1085              	@ 0 "" 2
 1086              		.thumb
 1087              		.syntax unified
 1088              	.LBE4:
 773:./SystemView/SEGGER_RTT.c ****   //
 774:./SystemView/SEGGER_RTT.c ****   return NumBytesRead;
 1089              		.loc 1 774 10
 1090 002c 3B69     		ldr	r3, [r7, #16]
 775:./SystemView/SEGGER_RTT.c **** }
 1091              		.loc 1 775 1
 1092 002e 1846     		mov	r0, r3
 1093 0030 1837     		adds	r7, r7, #24
 1094              	.LCFI39:
 1095              		.cfi_def_cfa_offset 8
 1096 0032 BD46     		mov	sp, r7
 1097              	.LCFI40:
 1098              		.cfi_def_cfa_register 13
 1099              		@ sp needed
 1100 0034 80BD     		pop	{r7, pc}
 1101              		.cfi_endproc
 1102              	.LFE7:
 1104              		.section	.text.SEGGER_RTT_Read,"ax",%progbits
 1105              		.align	1
ARM GAS  /var/folders/yl/_q9l42k90g1g4mdhbs226msm0000gn/T//ccXiy4OZ.s 			page 34


 1106              		.global	SEGGER_RTT_Read
 1107              		.syntax unified
 1108              		.thumb
 1109              		.thumb_func
 1111              	SEGGER_RTT_Read:
 1112              	.LFB8:
 776:./SystemView/SEGGER_RTT.c **** 
 777:./SystemView/SEGGER_RTT.c **** /*********************************************************************
 778:./SystemView/SEGGER_RTT.c **** *
 779:./SystemView/SEGGER_RTT.c **** *       SEGGER_RTT_Read
 780:./SystemView/SEGGER_RTT.c **** *
 781:./SystemView/SEGGER_RTT.c **** *  Function description
 782:./SystemView/SEGGER_RTT.c **** *    Reads characters from SEGGER real-time-terminal control block
 783:./SystemView/SEGGER_RTT.c **** *    which have been previously stored by the host.
 784:./SystemView/SEGGER_RTT.c **** *
 785:./SystemView/SEGGER_RTT.c **** *  Parameters
 786:./SystemView/SEGGER_RTT.c **** *    BufferIndex  Index of Down-buffer to be used (e.g. 0 for "Terminal").
 787:./SystemView/SEGGER_RTT.c **** *    pBuffer      Pointer to buffer provided by target application, to copy characters from RTT-dow
 788:./SystemView/SEGGER_RTT.c **** *    BufferSize   Size of the target application buffer.
 789:./SystemView/SEGGER_RTT.c **** *
 790:./SystemView/SEGGER_RTT.c **** *  Return value
 791:./SystemView/SEGGER_RTT.c **** *    Number of bytes that have been read.
 792:./SystemView/SEGGER_RTT.c **** */
 793:./SystemView/SEGGER_RTT.c **** unsigned SEGGER_RTT_Read(unsigned BufferIndex, void* pBuffer, unsigned BufferSize) {
 1113              		.loc 1 793 84
 1114              		.cfi_startproc
 1115              		@ args = 0, pretend = 0, frame = 24
 1116              		@ frame_needed = 1, uses_anonymous_args = 0
 1117 0000 80B5     		push	{r7, lr}
 1118              	.LCFI41:
 1119              		.cfi_def_cfa_offset 8
 1120              		.cfi_offset 7, -8
 1121              		.cfi_offset 14, -4
 1122 0002 86B0     		sub	sp, sp, #24
 1123              	.LCFI42:
 1124              		.cfi_def_cfa_offset 32
 1125 0004 00AF     		add	r7, sp, #0
 1126              	.LCFI43:
 1127              		.cfi_def_cfa_register 7
 1128 0006 F860     		str	r0, [r7, #12]
 1129 0008 B960     		str	r1, [r7, #8]
 1130 000a 7A60     		str	r2, [r7, #4]
 1131              	.LBB5:
 794:./SystemView/SEGGER_RTT.c ****   unsigned NumBytesRead;
 795:./SystemView/SEGGER_RTT.c **** 
 796:./SystemView/SEGGER_RTT.c ****   SEGGER_RTT_LOCK();
 1132              		.loc 1 796 3
 1133              		.syntax unified
 1134              	@ 796 "./SystemView/SEGGER_RTT.c" 1
 1135 000c EFF31183 		mrs   r3, basepri  
 1136 0010 4FF02001 		mov   r1, #32       
 1137 0014 81F31188 		msr   basepri, r1  
 1138              		
 1139              	@ 0 "" 2
 1140              		.thumb
 1141              		.syntax unified
 1142 0018 7B61     		str	r3, [r7, #20]
ARM GAS  /var/folders/yl/_q9l42k90g1g4mdhbs226msm0000gn/T//ccXiy4OZ.s 			page 35


 797:./SystemView/SEGGER_RTT.c ****   //
 798:./SystemView/SEGGER_RTT.c ****   // Call the non-locking read function
 799:./SystemView/SEGGER_RTT.c ****   //
 800:./SystemView/SEGGER_RTT.c ****   NumBytesRead = SEGGER_RTT_ReadNoLock(BufferIndex, pBuffer, BufferSize);
 1143              		.loc 1 800 18
 1144 001a 7A68     		ldr	r2, [r7, #4]
 1145 001c B968     		ldr	r1, [r7, #8]
 1146 001e F868     		ldr	r0, [r7, #12]
 1147 0020 FFF7FEFF 		bl	SEGGER_RTT_ReadNoLock
 1148 0024 3861     		str	r0, [r7, #16]
 801:./SystemView/SEGGER_RTT.c ****   //
 802:./SystemView/SEGGER_RTT.c ****   // Finish up.
 803:./SystemView/SEGGER_RTT.c ****   //
 804:./SystemView/SEGGER_RTT.c ****   SEGGER_RTT_UNLOCK();
 1149              		.loc 1 804 3
 1150 0026 7B69     		ldr	r3, [r7, #20]
 1151              		.syntax unified
 1152              	@ 804 "./SystemView/SEGGER_RTT.c" 1
 1153 0028 83F31188 		msr   basepri, r3  
 1154              		
 1155              	@ 0 "" 2
 1156              		.thumb
 1157              		.syntax unified
 1158              	.LBE5:
 805:./SystemView/SEGGER_RTT.c ****   //
 806:./SystemView/SEGGER_RTT.c ****   return NumBytesRead;
 1159              		.loc 1 806 10
 1160 002c 3B69     		ldr	r3, [r7, #16]
 807:./SystemView/SEGGER_RTT.c **** }
 1161              		.loc 1 807 1
 1162 002e 1846     		mov	r0, r3
 1163 0030 1837     		adds	r7, r7, #24
 1164              	.LCFI44:
 1165              		.cfi_def_cfa_offset 8
 1166 0032 BD46     		mov	sp, r7
 1167              	.LCFI45:
 1168              		.cfi_def_cfa_register 13
 1169              		@ sp needed
 1170 0034 80BD     		pop	{r7, pc}
 1171              		.cfi_endproc
 1172              	.LFE8:
 1174              		.section	.text.SEGGER_RTT_WriteWithOverwriteNoLock,"ax",%progbits
 1175              		.align	1
 1176              		.global	SEGGER_RTT_WriteWithOverwriteNoLock
 1177              		.syntax unified
 1178              		.thumb
 1179              		.thumb_func
 1181              	SEGGER_RTT_WriteWithOverwriteNoLock:
 1182              	.LFB9:
 808:./SystemView/SEGGER_RTT.c **** 
 809:./SystemView/SEGGER_RTT.c **** /*********************************************************************
 810:./SystemView/SEGGER_RTT.c **** *
 811:./SystemView/SEGGER_RTT.c **** *       SEGGER_RTT_WriteWithOverwriteNoLock
 812:./SystemView/SEGGER_RTT.c **** *
 813:./SystemView/SEGGER_RTT.c **** *  Function description
 814:./SystemView/SEGGER_RTT.c **** *    Stores a specified number of characters in SEGGER RTT
 815:./SystemView/SEGGER_RTT.c **** *    control block.
ARM GAS  /var/folders/yl/_q9l42k90g1g4mdhbs226msm0000gn/T//ccXiy4OZ.s 			page 36


 816:./SystemView/SEGGER_RTT.c **** *    SEGGER_RTT_WriteWithOverwriteNoLock does not lock the application
 817:./SystemView/SEGGER_RTT.c **** *    and overwrites data if the data does not fit into the buffer.
 818:./SystemView/SEGGER_RTT.c **** *
 819:./SystemView/SEGGER_RTT.c **** *  Parameters
 820:./SystemView/SEGGER_RTT.c **** *    BufferIndex  Index of "Up"-buffer to be used (e.g. 0 for "Terminal").
 821:./SystemView/SEGGER_RTT.c **** *    pBuffer      Pointer to character array. Does not need to point to a \0 terminated string.
 822:./SystemView/SEGGER_RTT.c **** *    NumBytes     Number of bytes to be stored in the SEGGER RTT control block.
 823:./SystemView/SEGGER_RTT.c **** *
 824:./SystemView/SEGGER_RTT.c **** *  Notes
 825:./SystemView/SEGGER_RTT.c **** *    (1) If there is not enough space in the "Up"-buffer, data is overwritten.
 826:./SystemView/SEGGER_RTT.c **** *    (2) For performance reasons this function does not call Init()
 827:./SystemView/SEGGER_RTT.c **** *        and may only be called after RTT has been initialized.
 828:./SystemView/SEGGER_RTT.c **** *        Either by calling SEGGER_RTT_Init() or calling another RTT API function first.
 829:./SystemView/SEGGER_RTT.c **** *    (3) Do not use SEGGER_RTT_WriteWithOverwriteNoLock if a J-Link
 830:./SystemView/SEGGER_RTT.c **** *        connection reads RTT data.
 831:./SystemView/SEGGER_RTT.c **** */
 832:./SystemView/SEGGER_RTT.c **** void SEGGER_RTT_WriteWithOverwriteNoLock(unsigned BufferIndex, const void* pBuffer, unsigned NumByt
 1183              		.loc 1 832 104
 1184              		.cfi_startproc
 1185              		@ args = 0, pretend = 0, frame = 32
 1186              		@ frame_needed = 1, uses_anonymous_args = 0
 1187 0000 80B5     		push	{r7, lr}
 1188              	.LCFI46:
 1189              		.cfi_def_cfa_offset 8
 1190              		.cfi_offset 7, -8
 1191              		.cfi_offset 14, -4
 1192 0002 88B0     		sub	sp, sp, #32
 1193              	.LCFI47:
 1194              		.cfi_def_cfa_offset 40
 1195 0004 00AF     		add	r7, sp, #0
 1196              	.LCFI48:
 1197              		.cfi_def_cfa_register 7
 1198 0006 F860     		str	r0, [r7, #12]
 1199 0008 B960     		str	r1, [r7, #8]
 1200 000a 7A60     		str	r2, [r7, #4]
 833:./SystemView/SEGGER_RTT.c ****   const char*           pData;
 834:./SystemView/SEGGER_RTT.c ****   SEGGER_RTT_BUFFER_UP* pRing;
 835:./SystemView/SEGGER_RTT.c ****   unsigned              Avail;
 836:./SystemView/SEGGER_RTT.c ****   volatile char*        pDst;
 837:./SystemView/SEGGER_RTT.c ****   //
 838:./SystemView/SEGGER_RTT.c ****   // Get "to-host" ring buffer and copy some elements into local variables.
 839:./SystemView/SEGGER_RTT.c ****   //
 840:./SystemView/SEGGER_RTT.c ****   pData = (const char *)pBuffer;
 1201              		.loc 1 840 9
 1202 000c BB68     		ldr	r3, [r7, #8]
 1203 000e FB61     		str	r3, [r7, #28]
 841:./SystemView/SEGGER_RTT.c ****   pRing = (SEGGER_RTT_BUFFER_UP*)((uintptr_t)&_SEGGER_RTT.aUp[BufferIndex] + SEGGER_RTT_UNCACHED_OF
 1204              		.loc 1 841 9
 1205 0010 FB68     		ldr	r3, [r7, #12]
 1206 0012 5A1C     		adds	r2, r3, #1
 1207 0014 1346     		mov	r3, r2
 1208 0016 5B00     		lsls	r3, r3, #1
 1209 0018 1344     		add	r3, r3, r2
 1210 001a DB00     		lsls	r3, r3, #3
 1211 001c 404A     		ldr	r2, .L53
 1212 001e 1344     		add	r3, r3, r2
 1213 0020 7B61     		str	r3, [r7, #20]
ARM GAS  /var/folders/yl/_q9l42k90g1g4mdhbs226msm0000gn/T//ccXiy4OZ.s 			page 37


 842:./SystemView/SEGGER_RTT.c ****   //
 843:./SystemView/SEGGER_RTT.c ****   // Check if we will overwrite data and need to adjust the RdOff.
 844:./SystemView/SEGGER_RTT.c ****   //
 845:./SystemView/SEGGER_RTT.c ****   if (pRing->WrOff == pRing->RdOff) {
 1214              		.loc 1 845 12
 1215 0022 7B69     		ldr	r3, [r7, #20]
 1216 0024 DA68     		ldr	r2, [r3, #12]
 1217              		.loc 1 845 28
 1218 0026 7B69     		ldr	r3, [r7, #20]
 1219 0028 1B69     		ldr	r3, [r3, #16]
 1220              		.loc 1 845 6
 1221 002a 9A42     		cmp	r2, r3
 1222 002c 04D1     		bne	.L44
 846:./SystemView/SEGGER_RTT.c ****     Avail = pRing->SizeOfBuffer - 1u;
 1223              		.loc 1 846 18
 1224 002e 7B69     		ldr	r3, [r7, #20]
 1225 0030 9B68     		ldr	r3, [r3, #8]
 1226              		.loc 1 846 11
 1227 0032 013B     		subs	r3, r3, #1
 1228 0034 BB61     		str	r3, [r7, #24]
 1229 0036 17E0     		b	.L45
 1230              	.L44:
 847:./SystemView/SEGGER_RTT.c ****   } else if ( pRing->WrOff < pRing->RdOff) {
 1231              		.loc 1 847 20
 1232 0038 7B69     		ldr	r3, [r7, #20]
 1233 003a DA68     		ldr	r2, [r3, #12]
 1234              		.loc 1 847 35
 1235 003c 7B69     		ldr	r3, [r7, #20]
 1236 003e 1B69     		ldr	r3, [r3, #16]
 1237              		.loc 1 847 13
 1238 0040 9A42     		cmp	r2, r3
 1239 0042 07D2     		bcs	.L46
 848:./SystemView/SEGGER_RTT.c ****     Avail = pRing->RdOff - pRing->WrOff - 1u;
 1240              		.loc 1 848 18
 1241 0044 7B69     		ldr	r3, [r7, #20]
 1242 0046 1A69     		ldr	r2, [r3, #16]
 1243              		.loc 1 848 33
 1244 0048 7B69     		ldr	r3, [r7, #20]
 1245 004a DB68     		ldr	r3, [r3, #12]
 1246              		.loc 1 848 26
 1247 004c D31A     		subs	r3, r2, r3
 1248              		.loc 1 848 11
 1249 004e 013B     		subs	r3, r3, #1
 1250 0050 BB61     		str	r3, [r7, #24]
 1251 0052 09E0     		b	.L45
 1252              	.L46:
 849:./SystemView/SEGGER_RTT.c ****   } else {
 850:./SystemView/SEGGER_RTT.c ****     Avail = pRing->RdOff - pRing->WrOff - 1u + pRing->SizeOfBuffer;
 1253              		.loc 1 850 18
 1254 0054 7B69     		ldr	r3, [r7, #20]
 1255 0056 1A69     		ldr	r2, [r3, #16]
 1256              		.loc 1 850 33
 1257 0058 7B69     		ldr	r3, [r7, #20]
 1258 005a DB68     		ldr	r3, [r3, #12]
 1259              		.loc 1 850 26
 1260 005c D21A     		subs	r2, r2, r3
 1261              		.loc 1 850 53
ARM GAS  /var/folders/yl/_q9l42k90g1g4mdhbs226msm0000gn/T//ccXiy4OZ.s 			page 38


 1262 005e 7B69     		ldr	r3, [r7, #20]
 1263 0060 9B68     		ldr	r3, [r3, #8]
 1264              		.loc 1 850 46
 1265 0062 1344     		add	r3, r3, r2
 1266              		.loc 1 850 11
 1267 0064 013B     		subs	r3, r3, #1
 1268 0066 BB61     		str	r3, [r7, #24]
 1269              	.L45:
 851:./SystemView/SEGGER_RTT.c ****   }
 852:./SystemView/SEGGER_RTT.c ****   if (NumBytes > Avail) {
 1270              		.loc 1 852 6
 1271 0068 7A68     		ldr	r2, [r7, #4]
 1272 006a BB69     		ldr	r3, [r7, #24]
 1273 006c 9A42     		cmp	r2, r3
 1274 006e 15D9     		bls	.L47
 853:./SystemView/SEGGER_RTT.c ****     pRing->RdOff += (NumBytes - Avail);
 1275              		.loc 1 853 18
 1276 0070 7B69     		ldr	r3, [r7, #20]
 1277 0072 1A69     		ldr	r2, [r3, #16]
 1278              		.loc 1 853 31
 1279 0074 7968     		ldr	r1, [r7, #4]
 1280 0076 BB69     		ldr	r3, [r7, #24]
 1281 0078 CB1A     		subs	r3, r1, r3
 1282              		.loc 1 853 18
 1283 007a 1A44     		add	r2, r2, r3
 1284 007c 7B69     		ldr	r3, [r7, #20]
 1285 007e 1A61     		str	r2, [r3, #16]
 854:./SystemView/SEGGER_RTT.c ****     while (pRing->RdOff >= pRing->SizeOfBuffer) {
 1286              		.loc 1 854 11
 1287 0080 06E0     		b	.L48
 1288              	.L49:
 855:./SystemView/SEGGER_RTT.c ****       pRing->RdOff -= pRing->SizeOfBuffer;
 1289              		.loc 1 855 20
 1290 0082 7B69     		ldr	r3, [r7, #20]
 1291 0084 1A69     		ldr	r2, [r3, #16]
 1292              		.loc 1 855 28
 1293 0086 7B69     		ldr	r3, [r7, #20]
 1294 0088 9B68     		ldr	r3, [r3, #8]
 1295              		.loc 1 855 20
 1296 008a D21A     		subs	r2, r2, r3
 1297 008c 7B69     		ldr	r3, [r7, #20]
 1298 008e 1A61     		str	r2, [r3, #16]
 1299              	.L48:
 854:./SystemView/SEGGER_RTT.c ****     while (pRing->RdOff >= pRing->SizeOfBuffer) {
 1300              		.loc 1 854 17
 1301 0090 7B69     		ldr	r3, [r7, #20]
 1302 0092 1A69     		ldr	r2, [r3, #16]
 854:./SystemView/SEGGER_RTT.c ****     while (pRing->RdOff >= pRing->SizeOfBuffer) {
 1303              		.loc 1 854 33
 1304 0094 7B69     		ldr	r3, [r7, #20]
 1305 0096 9B68     		ldr	r3, [r3, #8]
 854:./SystemView/SEGGER_RTT.c ****     while (pRing->RdOff >= pRing->SizeOfBuffer) {
 1306              		.loc 1 854 11
 1307 0098 9A42     		cmp	r2, r3
 1308 009a F2D2     		bcs	.L49
 1309              	.L47:
 856:./SystemView/SEGGER_RTT.c ****     }
ARM GAS  /var/folders/yl/_q9l42k90g1g4mdhbs226msm0000gn/T//ccXiy4OZ.s 			page 39


 857:./SystemView/SEGGER_RTT.c ****   }
 858:./SystemView/SEGGER_RTT.c ****   //
 859:./SystemView/SEGGER_RTT.c ****   // Write all data, no need to check the RdOff, but possibly handle multiple wrap-arounds
 860:./SystemView/SEGGER_RTT.c ****   //
 861:./SystemView/SEGGER_RTT.c ****   Avail = pRing->SizeOfBuffer - pRing->WrOff;
 1310              		.loc 1 861 16
 1311 009c 7B69     		ldr	r3, [r7, #20]
 1312 009e 9A68     		ldr	r2, [r3, #8]
 1313              		.loc 1 861 38
 1314 00a0 7B69     		ldr	r3, [r7, #20]
 1315 00a2 DB68     		ldr	r3, [r3, #12]
 1316              		.loc 1 861 9
 1317 00a4 D31A     		subs	r3, r2, r3
 1318 00a6 BB61     		str	r3, [r7, #24]
 1319              	.L52:
 862:./SystemView/SEGGER_RTT.c ****   do {
 863:./SystemView/SEGGER_RTT.c ****     if (Avail > NumBytes) {
 1320              		.loc 1 863 8
 1321 00a8 BA69     		ldr	r2, [r7, #24]
 1322 00aa 7B68     		ldr	r3, [r7, #4]
 1323 00ac 9A42     		cmp	r2, r3
 1324 00ae 13D9     		bls	.L50
 864:./SystemView/SEGGER_RTT.c ****       //
 865:./SystemView/SEGGER_RTT.c ****       // Last round
 866:./SystemView/SEGGER_RTT.c ****       //
 867:./SystemView/SEGGER_RTT.c ****       pDst = (pRing->pBuffer + pRing->WrOff) + SEGGER_RTT_UNCACHED_OFF;
 1325              		.loc 1 867 20
 1326 00b0 7B69     		ldr	r3, [r7, #20]
 1327 00b2 5A68     		ldr	r2, [r3, #4]
 1328              		.loc 1 867 37
 1329 00b4 7B69     		ldr	r3, [r7, #20]
 1330 00b6 DB68     		ldr	r3, [r3, #12]
 1331              		.loc 1 867 12
 1332 00b8 1344     		add	r3, r3, r2
 1333 00ba 3B61     		str	r3, [r7, #16]
 868:./SystemView/SEGGER_RTT.c **** #if SEGGER_RTT_MEMCPY_USE_BYTELOOP
 869:./SystemView/SEGGER_RTT.c ****       Avail = NumBytes;
 870:./SystemView/SEGGER_RTT.c ****       while (NumBytes--) {
 871:./SystemView/SEGGER_RTT.c ****         *pDst++ = *pData++;
 872:./SystemView/SEGGER_RTT.c ****       };
 873:./SystemView/SEGGER_RTT.c ****       RTT__DMB();                     // Force data write to be complete before writing the <WrOff>
 874:./SystemView/SEGGER_RTT.c ****       pRing->WrOff += Avail;
 875:./SystemView/SEGGER_RTT.c **** #else
 876:./SystemView/SEGGER_RTT.c ****       SEGGER_RTT_MEMCPY((void*)pDst, pData, NumBytes);
 1334              		.loc 1 876 7
 1335 00bc 7A68     		ldr	r2, [r7, #4]
 1336 00be F969     		ldr	r1, [r7, #28]
 1337 00c0 3869     		ldr	r0, [r7, #16]
 1338 00c2 FFF7FEFF 		bl	memcpy
 877:./SystemView/SEGGER_RTT.c ****       RTT__DMB();                     // Force data write to be complete before writing the <WrOff>
 1339              		.loc 1 877 7
 1340              		.syntax unified
 1341              	@ 877 "./SystemView/SEGGER_RTT.c" 1
 1342 00c6 BFF35F8F 		dmb
 1343              	
 1344              	@ 0 "" 2
 878:./SystemView/SEGGER_RTT.c ****       pRing->WrOff += NumBytes;
ARM GAS  /var/folders/yl/_q9l42k90g1g4mdhbs226msm0000gn/T//ccXiy4OZ.s 			page 40


 1345              		.loc 1 878 20
 1346              		.thumb
 1347              		.syntax unified
 1348 00ca 7B69     		ldr	r3, [r7, #20]
 1349 00cc DA68     		ldr	r2, [r3, #12]
 1350 00ce 7B68     		ldr	r3, [r7, #4]
 1351 00d0 1A44     		add	r2, r2, r3
 1352 00d2 7B69     		ldr	r3, [r7, #20]
 1353 00d4 DA60     		str	r2, [r3, #12]
 879:./SystemView/SEGGER_RTT.c **** #endif
 880:./SystemView/SEGGER_RTT.c ****       break;
 1354              		.loc 1 880 7
 1355 00d6 1FE0     		b	.L51
 1356              	.L50:
 881:./SystemView/SEGGER_RTT.c ****     } else {
 882:./SystemView/SEGGER_RTT.c ****       //
 883:./SystemView/SEGGER_RTT.c ****       //  Wrap-around necessary, write until wrap-around and reset WrOff
 884:./SystemView/SEGGER_RTT.c ****       //
 885:./SystemView/SEGGER_RTT.c ****       pDst = (pRing->pBuffer + pRing->WrOff) + SEGGER_RTT_UNCACHED_OFF;
 1357              		.loc 1 885 20
 1358 00d8 7B69     		ldr	r3, [r7, #20]
 1359 00da 5A68     		ldr	r2, [r3, #4]
 1360              		.loc 1 885 37
 1361 00dc 7B69     		ldr	r3, [r7, #20]
 1362 00de DB68     		ldr	r3, [r3, #12]
 1363              		.loc 1 885 12
 1364 00e0 1344     		add	r3, r3, r2
 1365 00e2 3B61     		str	r3, [r7, #16]
 886:./SystemView/SEGGER_RTT.c **** #if SEGGER_RTT_MEMCPY_USE_BYTELOOP
 887:./SystemView/SEGGER_RTT.c ****       NumBytes -= Avail;
 888:./SystemView/SEGGER_RTT.c ****       while (Avail--) {
 889:./SystemView/SEGGER_RTT.c ****         *pDst++ = *pData++;
 890:./SystemView/SEGGER_RTT.c ****       };
 891:./SystemView/SEGGER_RTT.c ****       RTT__DMB();                     // Force data write to be complete before writing the <WrOff>
 892:./SystemView/SEGGER_RTT.c ****       pRing->WrOff = 0;
 893:./SystemView/SEGGER_RTT.c **** #else
 894:./SystemView/SEGGER_RTT.c ****       SEGGER_RTT_MEMCPY((void*)pDst, pData, Avail);
 1366              		.loc 1 894 7
 1367 00e4 BA69     		ldr	r2, [r7, #24]
 1368 00e6 F969     		ldr	r1, [r7, #28]
 1369 00e8 3869     		ldr	r0, [r7, #16]
 1370 00ea FFF7FEFF 		bl	memcpy
 895:./SystemView/SEGGER_RTT.c ****       pData += Avail;
 1371              		.loc 1 895 13
 1372 00ee FA69     		ldr	r2, [r7, #28]
 1373 00f0 BB69     		ldr	r3, [r7, #24]
 1374 00f2 1344     		add	r3, r3, r2
 1375 00f4 FB61     		str	r3, [r7, #28]
 896:./SystemView/SEGGER_RTT.c ****       RTT__DMB();                     // Force data write to be complete before writing the <WrOff>
 1376              		.loc 1 896 7
 1377              		.syntax unified
 1378              	@ 896 "./SystemView/SEGGER_RTT.c" 1
 1379 00f6 BFF35F8F 		dmb
 1380              	
 1381              	@ 0 "" 2
 897:./SystemView/SEGGER_RTT.c ****       pRing->WrOff = 0;
 1382              		.loc 1 897 20
ARM GAS  /var/folders/yl/_q9l42k90g1g4mdhbs226msm0000gn/T//ccXiy4OZ.s 			page 41


 1383              		.thumb
 1384              		.syntax unified
 1385 00fa 7B69     		ldr	r3, [r7, #20]
 1386 00fc 0022     		movs	r2, #0
 1387 00fe DA60     		str	r2, [r3, #12]
 898:./SystemView/SEGGER_RTT.c ****       NumBytes -= Avail;
 1388              		.loc 1 898 16
 1389 0100 7A68     		ldr	r2, [r7, #4]
 1390 0102 BB69     		ldr	r3, [r7, #24]
 1391 0104 D31A     		subs	r3, r2, r3
 1392 0106 7B60     		str	r3, [r7, #4]
 899:./SystemView/SEGGER_RTT.c **** #endif
 900:./SystemView/SEGGER_RTT.c ****       Avail = (pRing->SizeOfBuffer - 1);
 1393              		.loc 1 900 21
 1394 0108 7B69     		ldr	r3, [r7, #20]
 1395 010a 9B68     		ldr	r3, [r3, #8]
 1396              		.loc 1 900 13
 1397 010c 013B     		subs	r3, r3, #1
 1398 010e BB61     		str	r3, [r7, #24]
 901:./SystemView/SEGGER_RTT.c ****     }
 902:./SystemView/SEGGER_RTT.c ****   } while (NumBytes);
 1399              		.loc 1 902 3
 1400 0110 7B68     		ldr	r3, [r7, #4]
 1401 0112 002B     		cmp	r3, #0
 1402 0114 C8D1     		bne	.L52
 903:./SystemView/SEGGER_RTT.c **** }
 1403              		.loc 1 903 1
 1404 0116 00BF     		nop
 1405              	.L51:
 1406 0118 00BF     		nop
 1407 011a 2037     		adds	r7, r7, #32
 1408              	.LCFI49:
 1409              		.cfi_def_cfa_offset 8
 1410 011c BD46     		mov	sp, r7
 1411              	.LCFI50:
 1412              		.cfi_def_cfa_register 13
 1413              		@ sp needed
 1414 011e 80BD     		pop	{r7, pc}
 1415              	.L54:
 1416              		.align	2
 1417              	.L53:
 1418 0120 00000000 		.word	_SEGGER_RTT
 1419              		.cfi_endproc
 1420              	.LFE9:
 1422              		.section	.text.SEGGER_RTT_WriteDownBufferNoLock,"ax",%progbits
 1423              		.align	1
 1424              		.global	SEGGER_RTT_WriteDownBufferNoLock
 1425              		.syntax unified
 1426              		.thumb
 1427              		.thumb_func
 1429              	SEGGER_RTT_WriteDownBufferNoLock:
 1430              	.LFB10:
 904:./SystemView/SEGGER_RTT.c **** 
 905:./SystemView/SEGGER_RTT.c **** /*********************************************************************
 906:./SystemView/SEGGER_RTT.c **** *
 907:./SystemView/SEGGER_RTT.c **** *       SEGGER_RTT_WriteSkipNoLock
 908:./SystemView/SEGGER_RTT.c **** *
ARM GAS  /var/folders/yl/_q9l42k90g1g4mdhbs226msm0000gn/T//ccXiy4OZ.s 			page 42


 909:./SystemView/SEGGER_RTT.c **** *  Function description
 910:./SystemView/SEGGER_RTT.c **** *    Stores a specified number of characters in SEGGER RTT
 911:./SystemView/SEGGER_RTT.c **** *    control block which is then read by the host.
 912:./SystemView/SEGGER_RTT.c **** *    SEGGER_RTT_WriteSkipNoLock does not lock the application and
 913:./SystemView/SEGGER_RTT.c **** *    skips all data, if the data does not fit into the buffer.
 914:./SystemView/SEGGER_RTT.c **** *
 915:./SystemView/SEGGER_RTT.c **** *  Parameters
 916:./SystemView/SEGGER_RTT.c **** *    BufferIndex  Index of "Up"-buffer to be used (e.g. 0 for "Terminal").
 917:./SystemView/SEGGER_RTT.c **** *    pBuffer      Pointer to character array. Does not need to point to a \0 terminated string.
 918:./SystemView/SEGGER_RTT.c **** *    NumBytes     Number of bytes to be stored in the SEGGER RTT control block.
 919:./SystemView/SEGGER_RTT.c **** *                 MUST be > 0!!!
 920:./SystemView/SEGGER_RTT.c **** *                 This is done for performance reasons, so no initial check has do be done.
 921:./SystemView/SEGGER_RTT.c **** *
 922:./SystemView/SEGGER_RTT.c **** *  Return value
 923:./SystemView/SEGGER_RTT.c **** *    1: Data has been copied
 924:./SystemView/SEGGER_RTT.c **** *    0: No space, data has not been copied
 925:./SystemView/SEGGER_RTT.c **** *
 926:./SystemView/SEGGER_RTT.c **** *  Notes
 927:./SystemView/SEGGER_RTT.c **** *    (1) If there is not enough space in the "Up"-buffer, all data is dropped.
 928:./SystemView/SEGGER_RTT.c **** *    (2) For performance reasons this function does not call Init()
 929:./SystemView/SEGGER_RTT.c **** *        and may only be called after RTT has been initialized.
 930:./SystemView/SEGGER_RTT.c **** *        Either by calling SEGGER_RTT_Init() or calling another RTT API function first.
 931:./SystemView/SEGGER_RTT.c **** */
 932:./SystemView/SEGGER_RTT.c **** #if (RTT_USE_ASM == 0)
 933:./SystemView/SEGGER_RTT.c **** unsigned SEGGER_RTT_WriteSkipNoLock(unsigned BufferIndex, const void* pBuffer, unsigned NumBytes) {
 934:./SystemView/SEGGER_RTT.c ****   const char*           pData;
 935:./SystemView/SEGGER_RTT.c ****   SEGGER_RTT_BUFFER_UP* pRing;
 936:./SystemView/SEGGER_RTT.c ****   unsigned              Avail;
 937:./SystemView/SEGGER_RTT.c ****   unsigned              RdOff;
 938:./SystemView/SEGGER_RTT.c ****   unsigned              WrOff;
 939:./SystemView/SEGGER_RTT.c ****   unsigned              Rem;
 940:./SystemView/SEGGER_RTT.c ****   volatile char*        pDst;
 941:./SystemView/SEGGER_RTT.c ****   //
 942:./SystemView/SEGGER_RTT.c ****   // Cases:
 943:./SystemView/SEGGER_RTT.c ****   //   1) RdOff <= WrOff => Space until wrap-around is sufficient
 944:./SystemView/SEGGER_RTT.c ****   //   2) RdOff <= WrOff => Space after wrap-around needed (copy in 2 chunks)
 945:./SystemView/SEGGER_RTT.c ****   //   3) RdOff <  WrOff => No space in buf
 946:./SystemView/SEGGER_RTT.c ****   //   4) RdOff >  WrOff => Space is sufficient
 947:./SystemView/SEGGER_RTT.c ****   //   5) RdOff >  WrOff => No space in buf
 948:./SystemView/SEGGER_RTT.c ****   //
 949:./SystemView/SEGGER_RTT.c ****   // 1) is the most common case for large buffers and assuming that J-Link reads the data fast enou
 950:./SystemView/SEGGER_RTT.c ****   //
 951:./SystemView/SEGGER_RTT.c ****   pData = (const char *)pBuffer;
 952:./SystemView/SEGGER_RTT.c ****   pRing = (SEGGER_RTT_BUFFER_UP*)((uintptr_t)&_SEGGER_RTT.aUp[BufferIndex] + SEGGER_RTT_UNCACHED_OF
 953:./SystemView/SEGGER_RTT.c ****   RdOff = pRing->RdOff;
 954:./SystemView/SEGGER_RTT.c ****   WrOff = pRing->WrOff;
 955:./SystemView/SEGGER_RTT.c ****   pDst = (pRing->pBuffer + WrOff) + SEGGER_RTT_UNCACHED_OFF;
 956:./SystemView/SEGGER_RTT.c ****   if (RdOff <= WrOff) {                                 // Case 1), 2) or 3)
 957:./SystemView/SEGGER_RTT.c ****     Avail = pRing->SizeOfBuffer - WrOff - 1u;           // Space until wrap-around (assume 1 byte n
 958:./SystemView/SEGGER_RTT.c ****     if (Avail >= NumBytes) {                            // Case 1)?
 959:./SystemView/SEGGER_RTT.c ****       memcpy((void*)pDst, pData, NumBytes);
 960:./SystemView/SEGGER_RTT.c ****       RTT__DMB();                     // Force data write to be complete before writing the <WrOff>
 961:./SystemView/SEGGER_RTT.c ****       pRing->WrOff = WrOff + NumBytes;
 962:./SystemView/SEGGER_RTT.c ****       return 1;
 963:./SystemView/SEGGER_RTT.c ****     }
 964:./SystemView/SEGGER_RTT.c ****     Avail += RdOff;                                     // Space incl. wrap-around
 965:./SystemView/SEGGER_RTT.c ****     if (Avail >= NumBytes) {                            // Case 2? => If not, we have case 3) (does
ARM GAS  /var/folders/yl/_q9l42k90g1g4mdhbs226msm0000gn/T//ccXiy4OZ.s 			page 43


 966:./SystemView/SEGGER_RTT.c ****       Rem = pRing->SizeOfBuffer - WrOff;                // Space until end of buffer
 967:./SystemView/SEGGER_RTT.c ****       memcpy((void*)pDst, pData, Rem);                  // Copy 1st chunk
 968:./SystemView/SEGGER_RTT.c ****       NumBytes -= Rem;
 969:./SystemView/SEGGER_RTT.c ****       //
 970:./SystemView/SEGGER_RTT.c ****       // Special case: First check that assumed RdOff == 0 calculated that last element before wrap
 971:./SystemView/SEGGER_RTT.c ****       // But 2nd check (considering space until wrap-around and until RdOff) revealed that RdOff is
 972:./SystemView/SEGGER_RTT.c ****       // In this case, we may use a copy straight until buffer end anyway without needing to copy 2
 973:./SystemView/SEGGER_RTT.c ****       // Therefore, check if 2nd memcpy is necessary at all
 974:./SystemView/SEGGER_RTT.c ****       //
 975:./SystemView/SEGGER_RTT.c ****       if (NumBytes) {
 976:./SystemView/SEGGER_RTT.c ****         pDst = pRing->pBuffer + SEGGER_RTT_UNCACHED_OFF;
 977:./SystemView/SEGGER_RTT.c ****         memcpy((void*)pDst, pData + Rem, NumBytes);
 978:./SystemView/SEGGER_RTT.c ****       }
 979:./SystemView/SEGGER_RTT.c ****       RTT__DMB();                     // Force data write to be complete before writing the <WrOff>
 980:./SystemView/SEGGER_RTT.c ****       pRing->WrOff = NumBytes;
 981:./SystemView/SEGGER_RTT.c ****       return 1;
 982:./SystemView/SEGGER_RTT.c ****     }
 983:./SystemView/SEGGER_RTT.c ****   } else {                                             // Potential case 4)
 984:./SystemView/SEGGER_RTT.c ****     Avail = RdOff - WrOff - 1u;
 985:./SystemView/SEGGER_RTT.c ****     if (Avail >= NumBytes) {                           // Case 4)? => If not, we have case 5) (does
 986:./SystemView/SEGGER_RTT.c ****       memcpy((void*)pDst, pData, NumBytes);
 987:./SystemView/SEGGER_RTT.c ****       RTT__DMB();                     // Force data write to be complete before writing the <WrOff>
 988:./SystemView/SEGGER_RTT.c ****       pRing->WrOff = WrOff + NumBytes;
 989:./SystemView/SEGGER_RTT.c ****       return 1;
 990:./SystemView/SEGGER_RTT.c ****     }
 991:./SystemView/SEGGER_RTT.c ****   }
 992:./SystemView/SEGGER_RTT.c ****   return 0;     // No space in buffer
 993:./SystemView/SEGGER_RTT.c **** }
 994:./SystemView/SEGGER_RTT.c **** #endif
 995:./SystemView/SEGGER_RTT.c **** 
 996:./SystemView/SEGGER_RTT.c **** /*********************************************************************
 997:./SystemView/SEGGER_RTT.c **** *
 998:./SystemView/SEGGER_RTT.c **** *       SEGGER_RTT_WriteDownBufferNoLock
 999:./SystemView/SEGGER_RTT.c **** *
1000:./SystemView/SEGGER_RTT.c **** *  Function description
1001:./SystemView/SEGGER_RTT.c **** *    Stores a specified number of characters in SEGGER RTT
1002:./SystemView/SEGGER_RTT.c **** *    control block inside a <Down> buffer.
1003:./SystemView/SEGGER_RTT.c **** *    SEGGER_RTT_WriteDownBufferNoLock does not lock the application.
1004:./SystemView/SEGGER_RTT.c **** *    Used to do the same operation that J-Link does, to transfer
1005:./SystemView/SEGGER_RTT.c **** *    RTT data from other channels, such as TCP/IP or UART.
1006:./SystemView/SEGGER_RTT.c **** *
1007:./SystemView/SEGGER_RTT.c **** *  Parameters
1008:./SystemView/SEGGER_RTT.c **** *    BufferIndex  Index of "Down"-buffer to be used.
1009:./SystemView/SEGGER_RTT.c **** *    pBuffer      Pointer to character array. Does not need to point to a \0 terminated string.
1010:./SystemView/SEGGER_RTT.c **** *    NumBytes     Number of bytes to be stored in the SEGGER RTT control block.
1011:./SystemView/SEGGER_RTT.c **** *
1012:./SystemView/SEGGER_RTT.c **** *  Return value
1013:./SystemView/SEGGER_RTT.c **** *    Number of bytes which have been stored in the "Down"-buffer.
1014:./SystemView/SEGGER_RTT.c **** *
1015:./SystemView/SEGGER_RTT.c **** *  Notes
1016:./SystemView/SEGGER_RTT.c **** *    (1) Data is stored according to buffer flags.
1017:./SystemView/SEGGER_RTT.c **** *    (2) For performance reasons this function does not call Init()
1018:./SystemView/SEGGER_RTT.c **** *        and may only be called after RTT has been initialized.
1019:./SystemView/SEGGER_RTT.c **** *        Either by calling SEGGER_RTT_Init() or calling another RTT API function first.
1020:./SystemView/SEGGER_RTT.c **** *
1021:./SystemView/SEGGER_RTT.c **** *  Additional information
1022:./SystemView/SEGGER_RTT.c **** *    This function must not be called when J-Link might also do RTT.
ARM GAS  /var/folders/yl/_q9l42k90g1g4mdhbs226msm0000gn/T//ccXiy4OZ.s 			page 44


1023:./SystemView/SEGGER_RTT.c **** */
1024:./SystemView/SEGGER_RTT.c **** unsigned SEGGER_RTT_WriteDownBufferNoLock(unsigned BufferIndex, const void* pBuffer, unsigned NumBy
 1431              		.loc 1 1024 105
 1432              		.cfi_startproc
 1433              		@ args = 0, pretend = 0, frame = 32
 1434              		@ frame_needed = 1, uses_anonymous_args = 0
 1435 0000 80B5     		push	{r7, lr}
 1436              	.LCFI51:
 1437              		.cfi_def_cfa_offset 8
 1438              		.cfi_offset 7, -8
 1439              		.cfi_offset 14, -4
 1440 0002 88B0     		sub	sp, sp, #32
 1441              	.LCFI52:
 1442              		.cfi_def_cfa_offset 40
 1443 0004 00AF     		add	r7, sp, #0
 1444              	.LCFI53:
 1445              		.cfi_def_cfa_register 7
 1446 0006 F860     		str	r0, [r7, #12]
 1447 0008 B960     		str	r1, [r7, #8]
 1448 000a 7A60     		str	r2, [r7, #4]
1025:./SystemView/SEGGER_RTT.c ****   unsigned                Status;
1026:./SystemView/SEGGER_RTT.c ****   unsigned                Avail;
1027:./SystemView/SEGGER_RTT.c ****   const char*             pData;
1028:./SystemView/SEGGER_RTT.c ****   SEGGER_RTT_BUFFER_UP*   pRing;
1029:./SystemView/SEGGER_RTT.c ****   //
1030:./SystemView/SEGGER_RTT.c ****   // Get "to-target" ring buffer.
1031:./SystemView/SEGGER_RTT.c ****   // It is save to cast that to a "to-host" buffer. Up and Down buffer differ in volatility of offs
1032:./SystemView/SEGGER_RTT.c ****   //
1033:./SystemView/SEGGER_RTT.c ****   pData = (const char *)pBuffer;
 1449              		.loc 1 1033 9
 1450 000c BB68     		ldr	r3, [r7, #8]
 1451 000e BB61     		str	r3, [r7, #24]
1034:./SystemView/SEGGER_RTT.c ****   pRing = (SEGGER_RTT_BUFFER_UP*)((uintptr_t)&_SEGGER_RTT.aDown[BufferIndex] + SEGGER_RTT_UNCACHED_
 1452              		.loc 1 1034 9
 1453 0010 FA68     		ldr	r2, [r7, #12]
 1454 0012 1346     		mov	r3, r2
 1455 0014 5B00     		lsls	r3, r3, #1
 1456 0016 1344     		add	r3, r3, r2
 1457 0018 DB00     		lsls	r3, r3, #3
 1458 001a 6033     		adds	r3, r3, #96
 1459 001c 1F4A     		ldr	r2, .L64
 1460 001e 1344     		add	r3, r3, r2
 1461 0020 7B61     		str	r3, [r7, #20]
1035:./SystemView/SEGGER_RTT.c ****   //
1036:./SystemView/SEGGER_RTT.c ****   // How we output depends upon the mode...
1037:./SystemView/SEGGER_RTT.c ****   //
1038:./SystemView/SEGGER_RTT.c ****   switch (pRing->Flags) {
 1462              		.loc 1 1038 16
 1463 0022 7B69     		ldr	r3, [r7, #20]
 1464 0024 5B69     		ldr	r3, [r3, #20]
 1465              		.loc 1 1038 3
 1466 0026 022B     		cmp	r3, #2
 1467 0028 29D0     		beq	.L56
 1468 002a 022B     		cmp	r3, #2
 1469 002c 2ED8     		bhi	.L57
 1470 002e 002B     		cmp	r3, #0
 1471 0030 02D0     		beq	.L58
ARM GAS  /var/folders/yl/_q9l42k90g1g4mdhbs226msm0000gn/T//ccXiy4OZ.s 			page 45


 1472 0032 012B     		cmp	r3, #1
 1473 0034 13D0     		beq	.L59
 1474 0036 29E0     		b	.L57
 1475              	.L58:
1039:./SystemView/SEGGER_RTT.c ****   case SEGGER_RTT_MODE_NO_BLOCK_SKIP:
1040:./SystemView/SEGGER_RTT.c ****     //
1041:./SystemView/SEGGER_RTT.c ****     // If we are in skip mode and there is no space for the whole
1042:./SystemView/SEGGER_RTT.c ****     // of this output, don't bother.
1043:./SystemView/SEGGER_RTT.c ****     //
1044:./SystemView/SEGGER_RTT.c ****     Avail = _GetAvailWriteSpace(pRing);
 1476              		.loc 1 1044 13
 1477 0038 7869     		ldr	r0, [r7, #20]
 1478 003a FFF7FEFF 		bl	_GetAvailWriteSpace
 1479 003e 3861     		str	r0, [r7, #16]
1045:./SystemView/SEGGER_RTT.c ****     if (Avail < NumBytes) {
 1480              		.loc 1 1045 8
 1481 0040 3A69     		ldr	r2, [r7, #16]
 1482 0042 7B68     		ldr	r3, [r7, #4]
 1483 0044 9A42     		cmp	r2, r3
 1484 0046 02D2     		bcs	.L60
1046:./SystemView/SEGGER_RTT.c ****       Status = 0u;
 1485              		.loc 1 1046 14
 1486 0048 0023     		movs	r3, #0
 1487 004a FB61     		str	r3, [r7, #28]
1047:./SystemView/SEGGER_RTT.c ****     } else {
1048:./SystemView/SEGGER_RTT.c ****       Status = NumBytes;
1049:./SystemView/SEGGER_RTT.c ****       _WriteNoCheck(pRing, pData, NumBytes);
1050:./SystemView/SEGGER_RTT.c ****     }
1051:./SystemView/SEGGER_RTT.c ****     break;
 1488              		.loc 1 1051 5
 1489 004c 21E0     		b	.L62
 1490              	.L60:
1048:./SystemView/SEGGER_RTT.c ****       _WriteNoCheck(pRing, pData, NumBytes);
 1491              		.loc 1 1048 14
 1492 004e 7B68     		ldr	r3, [r7, #4]
 1493 0050 FB61     		str	r3, [r7, #28]
1049:./SystemView/SEGGER_RTT.c ****     }
 1494              		.loc 1 1049 7
 1495 0052 7A68     		ldr	r2, [r7, #4]
 1496 0054 B969     		ldr	r1, [r7, #24]
 1497 0056 7869     		ldr	r0, [r7, #20]
 1498 0058 FFF7FEFF 		bl	_WriteNoCheck
 1499              		.loc 1 1051 5
 1500 005c 19E0     		b	.L62
 1501              	.L59:
1052:./SystemView/SEGGER_RTT.c ****   case SEGGER_RTT_MODE_NO_BLOCK_TRIM:
1053:./SystemView/SEGGER_RTT.c ****     //
1054:./SystemView/SEGGER_RTT.c ****     // If we are in trim mode, trim to what we can output without blocking.
1055:./SystemView/SEGGER_RTT.c ****     //
1056:./SystemView/SEGGER_RTT.c ****     Avail = _GetAvailWriteSpace(pRing);
 1502              		.loc 1 1056 13
 1503 005e 7869     		ldr	r0, [r7, #20]
 1504 0060 FFF7FEFF 		bl	_GetAvailWriteSpace
 1505 0064 3861     		str	r0, [r7, #16]
1057:./SystemView/SEGGER_RTT.c ****     Status = Avail < NumBytes ? Avail : NumBytes;
 1506              		.loc 1 1057 12
 1507 0066 7A68     		ldr	r2, [r7, #4]
ARM GAS  /var/folders/yl/_q9l42k90g1g4mdhbs226msm0000gn/T//ccXiy4OZ.s 			page 46


 1508 0068 3B69     		ldr	r3, [r7, #16]
 1509 006a 9342     		cmp	r3, r2
 1510 006c 28BF     		it	cs
 1511 006e 1346     		movcs	r3, r2
 1512 0070 FB61     		str	r3, [r7, #28]
1058:./SystemView/SEGGER_RTT.c ****     _WriteNoCheck(pRing, pData, Status);
 1513              		.loc 1 1058 5
 1514 0072 FA69     		ldr	r2, [r7, #28]
 1515 0074 B969     		ldr	r1, [r7, #24]
 1516 0076 7869     		ldr	r0, [r7, #20]
 1517 0078 FFF7FEFF 		bl	_WriteNoCheck
1059:./SystemView/SEGGER_RTT.c ****     break;
 1518              		.loc 1 1059 5
 1519 007c 09E0     		b	.L62
 1520              	.L56:
1060:./SystemView/SEGGER_RTT.c ****   case SEGGER_RTT_MODE_BLOCK_IF_FIFO_FULL:
1061:./SystemView/SEGGER_RTT.c ****     //
1062:./SystemView/SEGGER_RTT.c ****     // If we are in blocking mode, output everything.
1063:./SystemView/SEGGER_RTT.c ****     //
1064:./SystemView/SEGGER_RTT.c ****     Status = _WriteBlocking(pRing, pData, NumBytes);
 1521              		.loc 1 1064 14
 1522 007e 7A68     		ldr	r2, [r7, #4]
 1523 0080 B969     		ldr	r1, [r7, #24]
 1524 0082 7869     		ldr	r0, [r7, #20]
 1525 0084 FFF7FEFF 		bl	_WriteBlocking
 1526 0088 F861     		str	r0, [r7, #28]
1065:./SystemView/SEGGER_RTT.c ****     break;
 1527              		.loc 1 1065 5
 1528 008a 02E0     		b	.L62
 1529              	.L57:
1066:./SystemView/SEGGER_RTT.c ****   default:
1067:./SystemView/SEGGER_RTT.c ****     Status = 0u;
 1530              		.loc 1 1067 12
 1531 008c 0023     		movs	r3, #0
 1532 008e FB61     		str	r3, [r7, #28]
1068:./SystemView/SEGGER_RTT.c ****     break;
 1533              		.loc 1 1068 5
 1534 0090 00BF     		nop
 1535              	.L62:
1069:./SystemView/SEGGER_RTT.c ****   }
1070:./SystemView/SEGGER_RTT.c ****   //
1071:./SystemView/SEGGER_RTT.c ****   // Finish up.
1072:./SystemView/SEGGER_RTT.c ****   //
1073:./SystemView/SEGGER_RTT.c ****   return Status;
 1536              		.loc 1 1073 10
 1537 0092 FB69     		ldr	r3, [r7, #28]
1074:./SystemView/SEGGER_RTT.c **** }
 1538              		.loc 1 1074 1
 1539 0094 1846     		mov	r0, r3
 1540 0096 2037     		adds	r7, r7, #32
 1541              	.LCFI54:
 1542              		.cfi_def_cfa_offset 8
 1543 0098 BD46     		mov	sp, r7
 1544              	.LCFI55:
 1545              		.cfi_def_cfa_register 13
 1546              		@ sp needed
 1547 009a 80BD     		pop	{r7, pc}
ARM GAS  /var/folders/yl/_q9l42k90g1g4mdhbs226msm0000gn/T//ccXiy4OZ.s 			page 47


 1548              	.L65:
 1549              		.align	2
 1550              	.L64:
 1551 009c 00000000 		.word	_SEGGER_RTT
 1552              		.cfi_endproc
 1553              	.LFE10:
 1555              		.section	.text.SEGGER_RTT_WriteNoLock,"ax",%progbits
 1556              		.align	1
 1557              		.global	SEGGER_RTT_WriteNoLock
 1558              		.syntax unified
 1559              		.thumb
 1560              		.thumb_func
 1562              	SEGGER_RTT_WriteNoLock:
 1563              	.LFB11:
1075:./SystemView/SEGGER_RTT.c **** 
1076:./SystemView/SEGGER_RTT.c **** /*********************************************************************
1077:./SystemView/SEGGER_RTT.c **** *
1078:./SystemView/SEGGER_RTT.c **** *       SEGGER_RTT_WriteNoLock
1079:./SystemView/SEGGER_RTT.c **** *
1080:./SystemView/SEGGER_RTT.c **** *  Function description
1081:./SystemView/SEGGER_RTT.c **** *    Stores a specified number of characters in SEGGER RTT
1082:./SystemView/SEGGER_RTT.c **** *    control block which is then read by the host.
1083:./SystemView/SEGGER_RTT.c **** *    SEGGER_RTT_WriteNoLock does not lock the application.
1084:./SystemView/SEGGER_RTT.c **** *
1085:./SystemView/SEGGER_RTT.c **** *  Parameters
1086:./SystemView/SEGGER_RTT.c **** *    BufferIndex  Index of "Up"-buffer to be used (e.g. 0 for "Terminal").
1087:./SystemView/SEGGER_RTT.c **** *    pBuffer      Pointer to character array. Does not need to point to a \0 terminated string.
1088:./SystemView/SEGGER_RTT.c **** *    NumBytes     Number of bytes to be stored in the SEGGER RTT control block.
1089:./SystemView/SEGGER_RTT.c **** *
1090:./SystemView/SEGGER_RTT.c **** *  Return value
1091:./SystemView/SEGGER_RTT.c **** *    Number of bytes which have been stored in the "Up"-buffer.
1092:./SystemView/SEGGER_RTT.c **** *
1093:./SystemView/SEGGER_RTT.c **** *  Notes
1094:./SystemView/SEGGER_RTT.c **** *    (1) Data is stored according to buffer flags.
1095:./SystemView/SEGGER_RTT.c **** *    (2) For performance reasons this function does not call Init()
1096:./SystemView/SEGGER_RTT.c **** *        and may only be called after RTT has been initialized.
1097:./SystemView/SEGGER_RTT.c **** *        Either by calling SEGGER_RTT_Init() or calling another RTT API function first.
1098:./SystemView/SEGGER_RTT.c **** */
1099:./SystemView/SEGGER_RTT.c **** unsigned SEGGER_RTT_WriteNoLock(unsigned BufferIndex, const void* pBuffer, unsigned NumBytes) {
 1564              		.loc 1 1099 95
 1565              		.cfi_startproc
 1566              		@ args = 0, pretend = 0, frame = 32
 1567              		@ frame_needed = 1, uses_anonymous_args = 0
 1568 0000 80B5     		push	{r7, lr}
 1569              	.LCFI56:
 1570              		.cfi_def_cfa_offset 8
 1571              		.cfi_offset 7, -8
 1572              		.cfi_offset 14, -4
 1573 0002 88B0     		sub	sp, sp, #32
 1574              	.LCFI57:
 1575              		.cfi_def_cfa_offset 40
 1576 0004 00AF     		add	r7, sp, #0
 1577              	.LCFI58:
 1578              		.cfi_def_cfa_register 7
 1579 0006 F860     		str	r0, [r7, #12]
 1580 0008 B960     		str	r1, [r7, #8]
 1581 000a 7A60     		str	r2, [r7, #4]
ARM GAS  /var/folders/yl/_q9l42k90g1g4mdhbs226msm0000gn/T//ccXiy4OZ.s 			page 48


1100:./SystemView/SEGGER_RTT.c ****   unsigned              Status;
1101:./SystemView/SEGGER_RTT.c ****   unsigned              Avail;
1102:./SystemView/SEGGER_RTT.c ****   const char*           pData;
1103:./SystemView/SEGGER_RTT.c ****   SEGGER_RTT_BUFFER_UP* pRing;
1104:./SystemView/SEGGER_RTT.c ****   //
1105:./SystemView/SEGGER_RTT.c ****   // Get "to-host" ring buffer.
1106:./SystemView/SEGGER_RTT.c ****   //
1107:./SystemView/SEGGER_RTT.c ****   pData = (const char *)pBuffer;
 1582              		.loc 1 1107 9
 1583 000c BB68     		ldr	r3, [r7, #8]
 1584 000e BB61     		str	r3, [r7, #24]
1108:./SystemView/SEGGER_RTT.c ****   pRing = (SEGGER_RTT_BUFFER_UP*)((uintptr_t)&_SEGGER_RTT.aUp[BufferIndex] + SEGGER_RTT_UNCACHED_OF
 1585              		.loc 1 1108 9
 1586 0010 FB68     		ldr	r3, [r7, #12]
 1587 0012 5A1C     		adds	r2, r3, #1
 1588 0014 1346     		mov	r3, r2
 1589 0016 5B00     		lsls	r3, r3, #1
 1590 0018 1344     		add	r3, r3, r2
 1591 001a DB00     		lsls	r3, r3, #3
 1592 001c 1F4A     		ldr	r2, .L75
 1593 001e 1344     		add	r3, r3, r2
 1594 0020 7B61     		str	r3, [r7, #20]
1109:./SystemView/SEGGER_RTT.c ****   //
1110:./SystemView/SEGGER_RTT.c ****   // How we output depends upon the mode...
1111:./SystemView/SEGGER_RTT.c ****   //
1112:./SystemView/SEGGER_RTT.c ****   switch (pRing->Flags) {
 1595              		.loc 1 1112 16
 1596 0022 7B69     		ldr	r3, [r7, #20]
 1597 0024 5B69     		ldr	r3, [r3, #20]
 1598              		.loc 1 1112 3
 1599 0026 022B     		cmp	r3, #2
 1600 0028 29D0     		beq	.L67
 1601 002a 022B     		cmp	r3, #2
 1602 002c 2ED8     		bhi	.L68
 1603 002e 002B     		cmp	r3, #0
 1604 0030 02D0     		beq	.L69
 1605 0032 012B     		cmp	r3, #1
 1606 0034 13D0     		beq	.L70
 1607 0036 29E0     		b	.L68
 1608              	.L69:
1113:./SystemView/SEGGER_RTT.c ****   case SEGGER_RTT_MODE_NO_BLOCK_SKIP:
1114:./SystemView/SEGGER_RTT.c ****     //
1115:./SystemView/SEGGER_RTT.c ****     // If we are in skip mode and there is no space for the whole
1116:./SystemView/SEGGER_RTT.c ****     // of this output, don't bother.
1117:./SystemView/SEGGER_RTT.c ****     //
1118:./SystemView/SEGGER_RTT.c ****     Avail = _GetAvailWriteSpace(pRing);
 1609              		.loc 1 1118 13
 1610 0038 7869     		ldr	r0, [r7, #20]
 1611 003a FFF7FEFF 		bl	_GetAvailWriteSpace
 1612 003e 3861     		str	r0, [r7, #16]
1119:./SystemView/SEGGER_RTT.c ****     if (Avail < NumBytes) {
 1613              		.loc 1 1119 8
 1614 0040 3A69     		ldr	r2, [r7, #16]
 1615 0042 7B68     		ldr	r3, [r7, #4]
 1616 0044 9A42     		cmp	r2, r3
 1617 0046 02D2     		bcs	.L71
1120:./SystemView/SEGGER_RTT.c ****       Status = 0u;
ARM GAS  /var/folders/yl/_q9l42k90g1g4mdhbs226msm0000gn/T//ccXiy4OZ.s 			page 49


 1618              		.loc 1 1120 14
 1619 0048 0023     		movs	r3, #0
 1620 004a FB61     		str	r3, [r7, #28]
1121:./SystemView/SEGGER_RTT.c ****     } else {
1122:./SystemView/SEGGER_RTT.c ****       Status = NumBytes;
1123:./SystemView/SEGGER_RTT.c ****       _WriteNoCheck(pRing, pData, NumBytes);
1124:./SystemView/SEGGER_RTT.c ****     }
1125:./SystemView/SEGGER_RTT.c ****     break;
 1621              		.loc 1 1125 5
 1622 004c 21E0     		b	.L73
 1623              	.L71:
1122:./SystemView/SEGGER_RTT.c ****       _WriteNoCheck(pRing, pData, NumBytes);
 1624              		.loc 1 1122 14
 1625 004e 7B68     		ldr	r3, [r7, #4]
 1626 0050 FB61     		str	r3, [r7, #28]
1123:./SystemView/SEGGER_RTT.c ****     }
 1627              		.loc 1 1123 7
 1628 0052 7A68     		ldr	r2, [r7, #4]
 1629 0054 B969     		ldr	r1, [r7, #24]
 1630 0056 7869     		ldr	r0, [r7, #20]
 1631 0058 FFF7FEFF 		bl	_WriteNoCheck
 1632              		.loc 1 1125 5
 1633 005c 19E0     		b	.L73
 1634              	.L70:
1126:./SystemView/SEGGER_RTT.c ****   case SEGGER_RTT_MODE_NO_BLOCK_TRIM:
1127:./SystemView/SEGGER_RTT.c ****     //
1128:./SystemView/SEGGER_RTT.c ****     // If we are in trim mode, trim to what we can output without blocking.
1129:./SystemView/SEGGER_RTT.c ****     //
1130:./SystemView/SEGGER_RTT.c ****     Avail = _GetAvailWriteSpace(pRing);
 1635              		.loc 1 1130 13
 1636 005e 7869     		ldr	r0, [r7, #20]
 1637 0060 FFF7FEFF 		bl	_GetAvailWriteSpace
 1638 0064 3861     		str	r0, [r7, #16]
1131:./SystemView/SEGGER_RTT.c ****     Status = Avail < NumBytes ? Avail : NumBytes;
 1639              		.loc 1 1131 12
 1640 0066 7A68     		ldr	r2, [r7, #4]
 1641 0068 3B69     		ldr	r3, [r7, #16]
 1642 006a 9342     		cmp	r3, r2
 1643 006c 28BF     		it	cs
 1644 006e 1346     		movcs	r3, r2
 1645 0070 FB61     		str	r3, [r7, #28]
1132:./SystemView/SEGGER_RTT.c ****     _WriteNoCheck(pRing, pData, Status);
 1646              		.loc 1 1132 5
 1647 0072 FA69     		ldr	r2, [r7, #28]
 1648 0074 B969     		ldr	r1, [r7, #24]
 1649 0076 7869     		ldr	r0, [r7, #20]
 1650 0078 FFF7FEFF 		bl	_WriteNoCheck
1133:./SystemView/SEGGER_RTT.c ****     break;
 1651              		.loc 1 1133 5
 1652 007c 09E0     		b	.L73
 1653              	.L67:
1134:./SystemView/SEGGER_RTT.c ****   case SEGGER_RTT_MODE_BLOCK_IF_FIFO_FULL:
1135:./SystemView/SEGGER_RTT.c ****     //
1136:./SystemView/SEGGER_RTT.c ****     // If we are in blocking mode, output everything.
1137:./SystemView/SEGGER_RTT.c ****     //
1138:./SystemView/SEGGER_RTT.c ****     Status = _WriteBlocking(pRing, pData, NumBytes);
 1654              		.loc 1 1138 14
ARM GAS  /var/folders/yl/_q9l42k90g1g4mdhbs226msm0000gn/T//ccXiy4OZ.s 			page 50


 1655 007e 7A68     		ldr	r2, [r7, #4]
 1656 0080 B969     		ldr	r1, [r7, #24]
 1657 0082 7869     		ldr	r0, [r7, #20]
 1658 0084 FFF7FEFF 		bl	_WriteBlocking
 1659 0088 F861     		str	r0, [r7, #28]
1139:./SystemView/SEGGER_RTT.c ****     break;
 1660              		.loc 1 1139 5
 1661 008a 02E0     		b	.L73
 1662              	.L68:
1140:./SystemView/SEGGER_RTT.c ****   default:
1141:./SystemView/SEGGER_RTT.c ****     Status = 0u;
 1663              		.loc 1 1141 12
 1664 008c 0023     		movs	r3, #0
 1665 008e FB61     		str	r3, [r7, #28]
1142:./SystemView/SEGGER_RTT.c ****     break;
 1666              		.loc 1 1142 5
 1667 0090 00BF     		nop
 1668              	.L73:
1143:./SystemView/SEGGER_RTT.c ****   }
1144:./SystemView/SEGGER_RTT.c ****   //
1145:./SystemView/SEGGER_RTT.c ****   // Finish up.
1146:./SystemView/SEGGER_RTT.c ****   //
1147:./SystemView/SEGGER_RTT.c ****   return Status;
 1669              		.loc 1 1147 10
 1670 0092 FB69     		ldr	r3, [r7, #28]
1148:./SystemView/SEGGER_RTT.c **** }
 1671              		.loc 1 1148 1
 1672 0094 1846     		mov	r0, r3
 1673 0096 2037     		adds	r7, r7, #32
 1674              	.LCFI59:
 1675              		.cfi_def_cfa_offset 8
 1676 0098 BD46     		mov	sp, r7
 1677              	.LCFI60:
 1678              		.cfi_def_cfa_register 13
 1679              		@ sp needed
 1680 009a 80BD     		pop	{r7, pc}
 1681              	.L76:
 1682              		.align	2
 1683              	.L75:
 1684 009c 00000000 		.word	_SEGGER_RTT
 1685              		.cfi_endproc
 1686              	.LFE11:
 1688              		.section	.text.SEGGER_RTT_WriteDownBuffer,"ax",%progbits
 1689              		.align	1
 1690              		.global	SEGGER_RTT_WriteDownBuffer
 1691              		.syntax unified
 1692              		.thumb
 1693              		.thumb_func
 1695              	SEGGER_RTT_WriteDownBuffer:
 1696              	.LFB12:
1149:./SystemView/SEGGER_RTT.c **** 
1150:./SystemView/SEGGER_RTT.c **** /*********************************************************************
1151:./SystemView/SEGGER_RTT.c **** *
1152:./SystemView/SEGGER_RTT.c **** *       SEGGER_RTT_WriteDownBuffer
1153:./SystemView/SEGGER_RTT.c **** *
1154:./SystemView/SEGGER_RTT.c **** *  Function description
1155:./SystemView/SEGGER_RTT.c **** *    Stores a specified number of characters in SEGGER RTT control block in a <Down> buffer.
ARM GAS  /var/folders/yl/_q9l42k90g1g4mdhbs226msm0000gn/T//ccXiy4OZ.s 			page 51


1156:./SystemView/SEGGER_RTT.c **** *
1157:./SystemView/SEGGER_RTT.c **** *  Parameters
1158:./SystemView/SEGGER_RTT.c **** *    BufferIndex  Index of "Up"-buffer to be used (e.g. 0 for "Terminal").
1159:./SystemView/SEGGER_RTT.c **** *    pBuffer      Pointer to character array. Does not need to point to a \0 terminated string.
1160:./SystemView/SEGGER_RTT.c **** *    NumBytes     Number of bytes to be stored in the SEGGER RTT control block.
1161:./SystemView/SEGGER_RTT.c **** *
1162:./SystemView/SEGGER_RTT.c **** *  Return value
1163:./SystemView/SEGGER_RTT.c **** *    Number of bytes which have been stored in the "Down"-buffer.
1164:./SystemView/SEGGER_RTT.c **** *
1165:./SystemView/SEGGER_RTT.c **** *  Notes
1166:./SystemView/SEGGER_RTT.c **** *    (1) Data is stored according to buffer flags.
1167:./SystemView/SEGGER_RTT.c **** *
1168:./SystemView/SEGGER_RTT.c **** *  Additional information
1169:./SystemView/SEGGER_RTT.c **** *    This function must not be called when J-Link might also do RTT.
1170:./SystemView/SEGGER_RTT.c **** *    This function locks against all other RTT operations. I.e. during
1171:./SystemView/SEGGER_RTT.c **** *    the write operation, writing from the application is also locked.
1172:./SystemView/SEGGER_RTT.c **** *    If only one consumer writes to the down buffer,
1173:./SystemView/SEGGER_RTT.c **** *    call SEGGER_RTT_WriteDownBufferNoLock() instead.
1174:./SystemView/SEGGER_RTT.c **** */
1175:./SystemView/SEGGER_RTT.c **** unsigned SEGGER_RTT_WriteDownBuffer(unsigned BufferIndex, const void* pBuffer, unsigned NumBytes) {
 1697              		.loc 1 1175 99
 1698              		.cfi_startproc
 1699              		@ args = 0, pretend = 0, frame = 32
 1700              		@ frame_needed = 1, uses_anonymous_args = 0
 1701 0000 80B5     		push	{r7, lr}
 1702              	.LCFI61:
 1703              		.cfi_def_cfa_offset 8
 1704              		.cfi_offset 7, -8
 1705              		.cfi_offset 14, -4
 1706 0002 88B0     		sub	sp, sp, #32
 1707              	.LCFI62:
 1708              		.cfi_def_cfa_offset 40
 1709 0004 00AF     		add	r7, sp, #0
 1710              	.LCFI63:
 1711              		.cfi_def_cfa_register 7
 1712 0006 F860     		str	r0, [r7, #12]
 1713 0008 B960     		str	r1, [r7, #8]
 1714 000a 7A60     		str	r2, [r7, #4]
 1715              	.LBB6:
1176:./SystemView/SEGGER_RTT.c ****   unsigned Status;
1177:./SystemView/SEGGER_RTT.c **** 
1178:./SystemView/SEGGER_RTT.c ****   INIT();
 1716              		.loc 1 1178 3
 1717 000c 0E4B     		ldr	r3, .L80
 1718 000e FB61     		str	r3, [r7, #28]
 1719 0010 FB69     		ldr	r3, [r7, #28]
 1720 0012 1B78     		ldrb	r3, [r3]
 1721 0014 DBB2     		uxtb	r3, r3
 1722 0016 532B     		cmp	r3, #83
 1723 0018 01D0     		beq	.L78
 1724              		.loc 1 1178 3 is_stmt 0 discriminator 1
 1725 001a FFF7FEFF 		bl	_DoInit
 1726              	.L78:
 1727              	.LBE6:
 1728              	.LBB7:
1179:./SystemView/SEGGER_RTT.c ****   SEGGER_RTT_LOCK();
 1729              		.loc 1 1179 3 is_stmt 1
ARM GAS  /var/folders/yl/_q9l42k90g1g4mdhbs226msm0000gn/T//ccXiy4OZ.s 			page 52


 1730              		.syntax unified
 1731              	@ 1179 "./SystemView/SEGGER_RTT.c" 1
 1732 001e EFF31183 		mrs   r3, basepri  
 1733 0022 4FF02001 		mov   r1, #32       
 1734 0026 81F31188 		msr   basepri, r1  
 1735              		
 1736              	@ 0 "" 2
 1737              		.thumb
 1738              		.syntax unified
 1739 002a BB61     		str	r3, [r7, #24]
1180:./SystemView/SEGGER_RTT.c ****   Status = SEGGER_RTT_WriteDownBufferNoLock(BufferIndex, pBuffer, NumBytes);  // Call the non-locki
 1740              		.loc 1 1180 12
 1741 002c 7A68     		ldr	r2, [r7, #4]
 1742 002e B968     		ldr	r1, [r7, #8]
 1743 0030 F868     		ldr	r0, [r7, #12]
 1744 0032 FFF7FEFF 		bl	SEGGER_RTT_WriteDownBufferNoLock
 1745 0036 7861     		str	r0, [r7, #20]
1181:./SystemView/SEGGER_RTT.c ****   SEGGER_RTT_UNLOCK();
 1746              		.loc 1 1181 3
 1747 0038 BB69     		ldr	r3, [r7, #24]
 1748              		.syntax unified
 1749              	@ 1181 "./SystemView/SEGGER_RTT.c" 1
 1750 003a 83F31188 		msr   basepri, r3  
 1751              		
 1752              	@ 0 "" 2
 1753              		.thumb
 1754              		.syntax unified
 1755              	.LBE7:
1182:./SystemView/SEGGER_RTT.c ****   return Status;
 1756              		.loc 1 1182 10
 1757 003e 7B69     		ldr	r3, [r7, #20]
1183:./SystemView/SEGGER_RTT.c **** }
 1758              		.loc 1 1183 1
 1759 0040 1846     		mov	r0, r3
 1760 0042 2037     		adds	r7, r7, #32
 1761              	.LCFI64:
 1762              		.cfi_def_cfa_offset 8
 1763 0044 BD46     		mov	sp, r7
 1764              	.LCFI65:
 1765              		.cfi_def_cfa_register 13
 1766              		@ sp needed
 1767 0046 80BD     		pop	{r7, pc}
 1768              	.L81:
 1769              		.align	2
 1770              	.L80:
 1771 0048 00000000 		.word	_SEGGER_RTT
 1772              		.cfi_endproc
 1773              	.LFE12:
 1775              		.section	.text.SEGGER_RTT_Write,"ax",%progbits
 1776              		.align	1
 1777              		.global	SEGGER_RTT_Write
 1778              		.syntax unified
 1779              		.thumb
 1780              		.thumb_func
 1782              	SEGGER_RTT_Write:
 1783              	.LFB13:
1184:./SystemView/SEGGER_RTT.c **** 
ARM GAS  /var/folders/yl/_q9l42k90g1g4mdhbs226msm0000gn/T//ccXiy4OZ.s 			page 53


1185:./SystemView/SEGGER_RTT.c **** /*********************************************************************
1186:./SystemView/SEGGER_RTT.c **** *
1187:./SystemView/SEGGER_RTT.c **** *       SEGGER_RTT_Write
1188:./SystemView/SEGGER_RTT.c **** *
1189:./SystemView/SEGGER_RTT.c **** *  Function description
1190:./SystemView/SEGGER_RTT.c **** *    Stores a specified number of characters in SEGGER RTT
1191:./SystemView/SEGGER_RTT.c **** *    control block which is then read by the host.
1192:./SystemView/SEGGER_RTT.c **** *
1193:./SystemView/SEGGER_RTT.c **** *  Parameters
1194:./SystemView/SEGGER_RTT.c **** *    BufferIndex  Index of "Up"-buffer to be used (e.g. 0 for "Terminal").
1195:./SystemView/SEGGER_RTT.c **** *    pBuffer      Pointer to character array. Does not need to point to a \0 terminated string.
1196:./SystemView/SEGGER_RTT.c **** *    NumBytes     Number of bytes to be stored in the SEGGER RTT control block.
1197:./SystemView/SEGGER_RTT.c **** *
1198:./SystemView/SEGGER_RTT.c **** *  Return value
1199:./SystemView/SEGGER_RTT.c **** *    Number of bytes which have been stored in the "Up"-buffer.
1200:./SystemView/SEGGER_RTT.c **** *
1201:./SystemView/SEGGER_RTT.c **** *  Notes
1202:./SystemView/SEGGER_RTT.c **** *    (1) Data is stored according to buffer flags.
1203:./SystemView/SEGGER_RTT.c **** */
1204:./SystemView/SEGGER_RTT.c **** unsigned SEGGER_RTT_Write(unsigned BufferIndex, const void* pBuffer, unsigned NumBytes) {
 1784              		.loc 1 1204 89
 1785              		.cfi_startproc
 1786              		@ args = 0, pretend = 0, frame = 32
 1787              		@ frame_needed = 1, uses_anonymous_args = 0
 1788 0000 80B5     		push	{r7, lr}
 1789              	.LCFI66:
 1790              		.cfi_def_cfa_offset 8
 1791              		.cfi_offset 7, -8
 1792              		.cfi_offset 14, -4
 1793 0002 88B0     		sub	sp, sp, #32
 1794              	.LCFI67:
 1795              		.cfi_def_cfa_offset 40
 1796 0004 00AF     		add	r7, sp, #0
 1797              	.LCFI68:
 1798              		.cfi_def_cfa_register 7
 1799 0006 F860     		str	r0, [r7, #12]
 1800 0008 B960     		str	r1, [r7, #8]
 1801 000a 7A60     		str	r2, [r7, #4]
 1802              	.LBB8:
1205:./SystemView/SEGGER_RTT.c ****   unsigned Status;
1206:./SystemView/SEGGER_RTT.c **** 
1207:./SystemView/SEGGER_RTT.c ****   INIT();
 1803              		.loc 1 1207 3
 1804 000c 0E4B     		ldr	r3, .L85
 1805 000e FB61     		str	r3, [r7, #28]
 1806 0010 FB69     		ldr	r3, [r7, #28]
 1807 0012 1B78     		ldrb	r3, [r3]
 1808 0014 DBB2     		uxtb	r3, r3
 1809 0016 532B     		cmp	r3, #83
 1810 0018 01D0     		beq	.L83
 1811              		.loc 1 1207 3 is_stmt 0 discriminator 1
 1812 001a FFF7FEFF 		bl	_DoInit
 1813              	.L83:
 1814              	.LBE8:
 1815              	.LBB9:
1208:./SystemView/SEGGER_RTT.c ****   SEGGER_RTT_LOCK();
 1816              		.loc 1 1208 3 is_stmt 1
ARM GAS  /var/folders/yl/_q9l42k90g1g4mdhbs226msm0000gn/T//ccXiy4OZ.s 			page 54


 1817              		.syntax unified
 1818              	@ 1208 "./SystemView/SEGGER_RTT.c" 1
 1819 001e EFF31183 		mrs   r3, basepri  
 1820 0022 4FF02001 		mov   r1, #32       
 1821 0026 81F31188 		msr   basepri, r1  
 1822              		
 1823              	@ 0 "" 2
 1824              		.thumb
 1825              		.syntax unified
 1826 002a BB61     		str	r3, [r7, #24]
1209:./SystemView/SEGGER_RTT.c ****   Status = SEGGER_RTT_WriteNoLock(BufferIndex, pBuffer, NumBytes);  // Call the non-locking write f
 1827              		.loc 1 1209 12
 1828 002c 7A68     		ldr	r2, [r7, #4]
 1829 002e B968     		ldr	r1, [r7, #8]
 1830 0030 F868     		ldr	r0, [r7, #12]
 1831 0032 FFF7FEFF 		bl	SEGGER_RTT_WriteNoLock
 1832 0036 7861     		str	r0, [r7, #20]
1210:./SystemView/SEGGER_RTT.c ****   SEGGER_RTT_UNLOCK();
 1833              		.loc 1 1210 3
 1834 0038 BB69     		ldr	r3, [r7, #24]
 1835              		.syntax unified
 1836              	@ 1210 "./SystemView/SEGGER_RTT.c" 1
 1837 003a 83F31188 		msr   basepri, r3  
 1838              		
 1839              	@ 0 "" 2
 1840              		.thumb
 1841              		.syntax unified
 1842              	.LBE9:
1211:./SystemView/SEGGER_RTT.c ****   return Status;
 1843              		.loc 1 1211 10
 1844 003e 7B69     		ldr	r3, [r7, #20]
1212:./SystemView/SEGGER_RTT.c **** }
 1845              		.loc 1 1212 1
 1846 0040 1846     		mov	r0, r3
 1847 0042 2037     		adds	r7, r7, #32
 1848              	.LCFI69:
 1849              		.cfi_def_cfa_offset 8
 1850 0044 BD46     		mov	sp, r7
 1851              	.LCFI70:
 1852              		.cfi_def_cfa_register 13
 1853              		@ sp needed
 1854 0046 80BD     		pop	{r7, pc}
 1855              	.L86:
 1856              		.align	2
 1857              	.L85:
 1858 0048 00000000 		.word	_SEGGER_RTT
 1859              		.cfi_endproc
 1860              	.LFE13:
 1862              		.section	.text.SEGGER_RTT_WriteString,"ax",%progbits
 1863              		.align	1
 1864              		.global	SEGGER_RTT_WriteString
 1865              		.syntax unified
 1866              		.thumb
 1867              		.thumb_func
 1869              	SEGGER_RTT_WriteString:
 1870              	.LFB14:
1213:./SystemView/SEGGER_RTT.c **** 
ARM GAS  /var/folders/yl/_q9l42k90g1g4mdhbs226msm0000gn/T//ccXiy4OZ.s 			page 55


1214:./SystemView/SEGGER_RTT.c **** /*********************************************************************
1215:./SystemView/SEGGER_RTT.c **** *
1216:./SystemView/SEGGER_RTT.c **** *       SEGGER_RTT_WriteString
1217:./SystemView/SEGGER_RTT.c **** *
1218:./SystemView/SEGGER_RTT.c **** *  Function description
1219:./SystemView/SEGGER_RTT.c **** *    Stores string in SEGGER RTT control block.
1220:./SystemView/SEGGER_RTT.c **** *    This data is read by the host.
1221:./SystemView/SEGGER_RTT.c **** *
1222:./SystemView/SEGGER_RTT.c **** *  Parameters
1223:./SystemView/SEGGER_RTT.c **** *    BufferIndex  Index of "Up"-buffer to be used (e.g. 0 for "Terminal").
1224:./SystemView/SEGGER_RTT.c **** *    s            Pointer to string.
1225:./SystemView/SEGGER_RTT.c **** *
1226:./SystemView/SEGGER_RTT.c **** *  Return value
1227:./SystemView/SEGGER_RTT.c **** *    Number of bytes which have been stored in the "Up"-buffer.
1228:./SystemView/SEGGER_RTT.c **** *
1229:./SystemView/SEGGER_RTT.c **** *  Notes
1230:./SystemView/SEGGER_RTT.c **** *    (1) Data is stored according to buffer flags.
1231:./SystemView/SEGGER_RTT.c **** *    (2) String passed to this function has to be \0 terminated
1232:./SystemView/SEGGER_RTT.c **** *    (3) \0 termination character is *not* stored in RTT buffer
1233:./SystemView/SEGGER_RTT.c **** */
1234:./SystemView/SEGGER_RTT.c **** unsigned SEGGER_RTT_WriteString(unsigned BufferIndex, const char* s) {
 1871              		.loc 1 1234 70
 1872              		.cfi_startproc
 1873              		@ args = 0, pretend = 0, frame = 16
 1874              		@ frame_needed = 1, uses_anonymous_args = 0
 1875 0000 80B5     		push	{r7, lr}
 1876              	.LCFI71:
 1877              		.cfi_def_cfa_offset 8
 1878              		.cfi_offset 7, -8
 1879              		.cfi_offset 14, -4
 1880 0002 84B0     		sub	sp, sp, #16
 1881              	.LCFI72:
 1882              		.cfi_def_cfa_offset 24
 1883 0004 00AF     		add	r7, sp, #0
 1884              	.LCFI73:
 1885              		.cfi_def_cfa_register 7
 1886 0006 7860     		str	r0, [r7, #4]
 1887 0008 3960     		str	r1, [r7]
1235:./SystemView/SEGGER_RTT.c ****   unsigned Len;
1236:./SystemView/SEGGER_RTT.c **** 
1237:./SystemView/SEGGER_RTT.c ****   Len = STRLEN(s);
 1888              		.loc 1 1237 9
 1889 000a 3868     		ldr	r0, [r7]
 1890 000c FFF7FEFF 		bl	strlen
 1891 0010 F860     		str	r0, [r7, #12]
1238:./SystemView/SEGGER_RTT.c ****   return SEGGER_RTT_Write(BufferIndex, s, Len);
 1892              		.loc 1 1238 10
 1893 0012 FA68     		ldr	r2, [r7, #12]
 1894 0014 3968     		ldr	r1, [r7]
 1895 0016 7868     		ldr	r0, [r7, #4]
 1896 0018 FFF7FEFF 		bl	SEGGER_RTT_Write
 1897 001c 0346     		mov	r3, r0
1239:./SystemView/SEGGER_RTT.c **** }
 1898              		.loc 1 1239 1
 1899 001e 1846     		mov	r0, r3
 1900 0020 1037     		adds	r7, r7, #16
 1901              	.LCFI74:
ARM GAS  /var/folders/yl/_q9l42k90g1g4mdhbs226msm0000gn/T//ccXiy4OZ.s 			page 56


 1902              		.cfi_def_cfa_offset 8
 1903 0022 BD46     		mov	sp, r7
 1904              	.LCFI75:
 1905              		.cfi_def_cfa_register 13
 1906              		@ sp needed
 1907 0024 80BD     		pop	{r7, pc}
 1908              		.cfi_endproc
 1909              	.LFE14:
 1911              		.section	.text.SEGGER_RTT_PutCharSkipNoLock,"ax",%progbits
 1912              		.align	1
 1913              		.global	SEGGER_RTT_PutCharSkipNoLock
 1914              		.syntax unified
 1915              		.thumb
 1916              		.thumb_func
 1918              	SEGGER_RTT_PutCharSkipNoLock:
 1919              	.LFB15:
1240:./SystemView/SEGGER_RTT.c **** 
1241:./SystemView/SEGGER_RTT.c **** /*********************************************************************
1242:./SystemView/SEGGER_RTT.c **** *
1243:./SystemView/SEGGER_RTT.c **** *       SEGGER_RTT_PutCharSkipNoLock
1244:./SystemView/SEGGER_RTT.c **** *
1245:./SystemView/SEGGER_RTT.c **** *  Function description
1246:./SystemView/SEGGER_RTT.c **** *    Stores a single character/byte in SEGGER RTT buffer.
1247:./SystemView/SEGGER_RTT.c **** *    SEGGER_RTT_PutCharSkipNoLock does not lock the application and
1248:./SystemView/SEGGER_RTT.c **** *    skips the byte, if it does not fit into the buffer.
1249:./SystemView/SEGGER_RTT.c **** *
1250:./SystemView/SEGGER_RTT.c **** *  Parameters
1251:./SystemView/SEGGER_RTT.c **** *    BufferIndex  Index of "Up"-buffer to be used (e.g. 0 for "Terminal").
1252:./SystemView/SEGGER_RTT.c **** *    c            Byte to be stored.
1253:./SystemView/SEGGER_RTT.c **** *
1254:./SystemView/SEGGER_RTT.c **** *  Return value
1255:./SystemView/SEGGER_RTT.c **** *    Number of bytes which have been stored in the "Up"-buffer.
1256:./SystemView/SEGGER_RTT.c **** *
1257:./SystemView/SEGGER_RTT.c **** *  Notes
1258:./SystemView/SEGGER_RTT.c **** *    (1) If there is not enough space in the "Up"-buffer, the character is dropped.
1259:./SystemView/SEGGER_RTT.c **** *    (2) For performance reasons this function does not call Init()
1260:./SystemView/SEGGER_RTT.c **** *        and may only be called after RTT has been initialized.
1261:./SystemView/SEGGER_RTT.c **** *        Either by calling SEGGER_RTT_Init() or calling another RTT API function first.
1262:./SystemView/SEGGER_RTT.c **** */
1263:./SystemView/SEGGER_RTT.c **** 
1264:./SystemView/SEGGER_RTT.c **** unsigned SEGGER_RTT_PutCharSkipNoLock(unsigned BufferIndex, char c) {
 1920              		.loc 1 1264 69
 1921              		.cfi_startproc
 1922              		@ args = 0, pretend = 0, frame = 24
 1923              		@ frame_needed = 1, uses_anonymous_args = 0
 1924              		@ link register save eliminated.
 1925 0000 80B4     		push	{r7}
 1926              	.LCFI76:
 1927              		.cfi_def_cfa_offset 4
 1928              		.cfi_offset 7, -4
 1929 0002 87B0     		sub	sp, sp, #28
 1930              	.LCFI77:
 1931              		.cfi_def_cfa_offset 32
 1932 0004 00AF     		add	r7, sp, #0
 1933              	.LCFI78:
 1934              		.cfi_def_cfa_register 7
 1935 0006 7860     		str	r0, [r7, #4]
ARM GAS  /var/folders/yl/_q9l42k90g1g4mdhbs226msm0000gn/T//ccXiy4OZ.s 			page 57


 1936 0008 0B46     		mov	r3, r1
 1937 000a FB70     		strb	r3, [r7, #3]
1265:./SystemView/SEGGER_RTT.c ****   SEGGER_RTT_BUFFER_UP* pRing;
1266:./SystemView/SEGGER_RTT.c ****   unsigned              WrOff;
1267:./SystemView/SEGGER_RTT.c ****   unsigned              Status;
1268:./SystemView/SEGGER_RTT.c ****   volatile char*        pDst;
1269:./SystemView/SEGGER_RTT.c ****   //
1270:./SystemView/SEGGER_RTT.c ****   // Get "to-host" ring buffer.
1271:./SystemView/SEGGER_RTT.c ****   //
1272:./SystemView/SEGGER_RTT.c ****   pRing = (SEGGER_RTT_BUFFER_UP*)((uintptr_t)&_SEGGER_RTT.aUp[BufferIndex] + SEGGER_RTT_UNCACHED_OF
 1938              		.loc 1 1272 9
 1939 000c 7B68     		ldr	r3, [r7, #4]
 1940 000e 5A1C     		adds	r2, r3, #1
 1941 0010 1346     		mov	r3, r2
 1942 0012 5B00     		lsls	r3, r3, #1
 1943 0014 1344     		add	r3, r3, r2
 1944 0016 DB00     		lsls	r3, r3, #3
 1945 0018 164A     		ldr	r2, .L94
 1946 001a 1344     		add	r3, r3, r2
 1947 001c FB60     		str	r3, [r7, #12]
1273:./SystemView/SEGGER_RTT.c ****   //
1274:./SystemView/SEGGER_RTT.c ****   // Get write position and handle wrap-around if necessary
1275:./SystemView/SEGGER_RTT.c ****   //
1276:./SystemView/SEGGER_RTT.c ****   WrOff = pRing->WrOff + 1;
 1948              		.loc 1 1276 16
 1949 001e FB68     		ldr	r3, [r7, #12]
 1950 0020 DB68     		ldr	r3, [r3, #12]
 1951              		.loc 1 1276 9
 1952 0022 0133     		adds	r3, r3, #1
 1953 0024 7B61     		str	r3, [r7, #20]
1277:./SystemView/SEGGER_RTT.c ****   if (WrOff == pRing->SizeOfBuffer) {
 1954              		.loc 1 1277 21
 1955 0026 FB68     		ldr	r3, [r7, #12]
 1956 0028 9B68     		ldr	r3, [r3, #8]
 1957              		.loc 1 1277 6
 1958 002a 7A69     		ldr	r2, [r7, #20]
 1959 002c 9A42     		cmp	r2, r3
 1960 002e 01D1     		bne	.L90
1278:./SystemView/SEGGER_RTT.c ****     WrOff = 0;
 1961              		.loc 1 1278 11
 1962 0030 0023     		movs	r3, #0
 1963 0032 7B61     		str	r3, [r7, #20]
 1964              	.L90:
1279:./SystemView/SEGGER_RTT.c ****   }
1280:./SystemView/SEGGER_RTT.c ****   //
1281:./SystemView/SEGGER_RTT.c ****   // Output byte if free space is available
1282:./SystemView/SEGGER_RTT.c ****   //
1283:./SystemView/SEGGER_RTT.c ****   if (WrOff != pRing->RdOff) {
 1965              		.loc 1 1283 21
 1966 0034 FB68     		ldr	r3, [r7, #12]
 1967 0036 1B69     		ldr	r3, [r3, #16]
 1968              		.loc 1 1283 6
 1969 0038 7A69     		ldr	r2, [r7, #20]
 1970 003a 9A42     		cmp	r2, r3
 1971 003c 10D0     		beq	.L91
1284:./SystemView/SEGGER_RTT.c ****     pDst = (pRing->pBuffer + pRing->WrOff) + SEGGER_RTT_UNCACHED_OFF;
 1972              		.loc 1 1284 18
ARM GAS  /var/folders/yl/_q9l42k90g1g4mdhbs226msm0000gn/T//ccXiy4OZ.s 			page 58


 1973 003e FB68     		ldr	r3, [r7, #12]
 1974 0040 5A68     		ldr	r2, [r3, #4]
 1975              		.loc 1 1284 35
 1976 0042 FB68     		ldr	r3, [r7, #12]
 1977 0044 DB68     		ldr	r3, [r3, #12]
 1978              		.loc 1 1284 10
 1979 0046 1344     		add	r3, r3, r2
 1980 0048 BB60     		str	r3, [r7, #8]
1285:./SystemView/SEGGER_RTT.c ****     *pDst = c;
 1981              		.loc 1 1285 11
 1982 004a BB68     		ldr	r3, [r7, #8]
 1983 004c FA78     		ldrb	r2, [r7, #3]
 1984 004e 1A70     		strb	r2, [r3]
1286:./SystemView/SEGGER_RTT.c ****     RTT__DMB();                     // Force data write to be complete before writing the <WrOff>, 
 1985              		.loc 1 1286 5
 1986              		.syntax unified
 1987              	@ 1286 "./SystemView/SEGGER_RTT.c" 1
 1988 0050 BFF35F8F 		dmb
 1989              	
 1990              	@ 0 "" 2
1287:./SystemView/SEGGER_RTT.c ****     pRing->WrOff = WrOff;
 1991              		.loc 1 1287 18
 1992              		.thumb
 1993              		.syntax unified
 1994 0054 FB68     		ldr	r3, [r7, #12]
 1995 0056 7A69     		ldr	r2, [r7, #20]
 1996 0058 DA60     		str	r2, [r3, #12]
1288:./SystemView/SEGGER_RTT.c ****     Status = 1;
 1997              		.loc 1 1288 12
 1998 005a 0123     		movs	r3, #1
 1999 005c 3B61     		str	r3, [r7, #16]
 2000 005e 01E0     		b	.L92
 2001              	.L91:
1289:./SystemView/SEGGER_RTT.c ****   } else {
1290:./SystemView/SEGGER_RTT.c ****     Status = 0;
 2002              		.loc 1 1290 12
 2003 0060 0023     		movs	r3, #0
 2004 0062 3B61     		str	r3, [r7, #16]
 2005              	.L92:
1291:./SystemView/SEGGER_RTT.c ****   }
1292:./SystemView/SEGGER_RTT.c ****   //
1293:./SystemView/SEGGER_RTT.c ****   return Status;
 2006              		.loc 1 1293 10
 2007 0064 3B69     		ldr	r3, [r7, #16]
1294:./SystemView/SEGGER_RTT.c **** }
 2008              		.loc 1 1294 1
 2009 0066 1846     		mov	r0, r3
 2010 0068 1C37     		adds	r7, r7, #28
 2011              	.LCFI79:
 2012              		.cfi_def_cfa_offset 4
 2013 006a BD46     		mov	sp, r7
 2014              	.LCFI80:
 2015              		.cfi_def_cfa_register 13
 2016              		@ sp needed
 2017 006c 5DF8047B 		ldr	r7, [sp], #4
 2018              	.LCFI81:
 2019              		.cfi_restore 7
ARM GAS  /var/folders/yl/_q9l42k90g1g4mdhbs226msm0000gn/T//ccXiy4OZ.s 			page 59


 2020              		.cfi_def_cfa_offset 0
 2021 0070 7047     		bx	lr
 2022              	.L95:
 2023 0072 00BF     		.align	2
 2024              	.L94:
 2025 0074 00000000 		.word	_SEGGER_RTT
 2026              		.cfi_endproc
 2027              	.LFE15:
 2029              		.section	.text.SEGGER_RTT_PutCharSkip,"ax",%progbits
 2030              		.align	1
 2031              		.global	SEGGER_RTT_PutCharSkip
 2032              		.syntax unified
 2033              		.thumb
 2034              		.thumb_func
 2036              	SEGGER_RTT_PutCharSkip:
 2037              	.LFB16:
1295:./SystemView/SEGGER_RTT.c **** 
1296:./SystemView/SEGGER_RTT.c **** /*********************************************************************
1297:./SystemView/SEGGER_RTT.c **** *
1298:./SystemView/SEGGER_RTT.c **** *       SEGGER_RTT_PutCharSkip
1299:./SystemView/SEGGER_RTT.c **** *
1300:./SystemView/SEGGER_RTT.c **** *  Function description
1301:./SystemView/SEGGER_RTT.c **** *    Stores a single character/byte in SEGGER RTT buffer.
1302:./SystemView/SEGGER_RTT.c **** *
1303:./SystemView/SEGGER_RTT.c **** *  Parameters
1304:./SystemView/SEGGER_RTT.c **** *    BufferIndex  Index of "Up"-buffer to be used (e.g. 0 for "Terminal").
1305:./SystemView/SEGGER_RTT.c **** *    c            Byte to be stored.
1306:./SystemView/SEGGER_RTT.c **** *
1307:./SystemView/SEGGER_RTT.c **** *  Return value
1308:./SystemView/SEGGER_RTT.c **** *    Number of bytes which have been stored in the "Up"-buffer.
1309:./SystemView/SEGGER_RTT.c **** *
1310:./SystemView/SEGGER_RTT.c **** *  Notes
1311:./SystemView/SEGGER_RTT.c **** *    (1) If there is not enough space in the "Up"-buffer, the character is dropped.
1312:./SystemView/SEGGER_RTT.c **** */
1313:./SystemView/SEGGER_RTT.c **** 
1314:./SystemView/SEGGER_RTT.c **** unsigned SEGGER_RTT_PutCharSkip(unsigned BufferIndex, char c) {
 2038              		.loc 1 1314 63
 2039              		.cfi_startproc
 2040              		@ args = 0, pretend = 0, frame = 32
 2041              		@ frame_needed = 1, uses_anonymous_args = 0
 2042 0000 80B5     		push	{r7, lr}
 2043              	.LCFI82:
 2044              		.cfi_def_cfa_offset 8
 2045              		.cfi_offset 7, -8
 2046              		.cfi_offset 14, -4
 2047 0002 88B0     		sub	sp, sp, #32
 2048              	.LCFI83:
 2049              		.cfi_def_cfa_offset 40
 2050 0004 00AF     		add	r7, sp, #0
 2051              	.LCFI84:
 2052              		.cfi_def_cfa_register 7
 2053 0006 7860     		str	r0, [r7, #4]
 2054 0008 0B46     		mov	r3, r1
 2055 000a FB70     		strb	r3, [r7, #3]
 2056              	.LBB10:
1315:./SystemView/SEGGER_RTT.c ****   SEGGER_RTT_BUFFER_UP* pRing;
1316:./SystemView/SEGGER_RTT.c ****   unsigned              WrOff;
ARM GAS  /var/folders/yl/_q9l42k90g1g4mdhbs226msm0000gn/T//ccXiy4OZ.s 			page 60


1317:./SystemView/SEGGER_RTT.c ****   unsigned              Status;
1318:./SystemView/SEGGER_RTT.c ****   volatile char*        pDst;
1319:./SystemView/SEGGER_RTT.c ****   //
1320:./SystemView/SEGGER_RTT.c ****   // Prepare
1321:./SystemView/SEGGER_RTT.c ****   //
1322:./SystemView/SEGGER_RTT.c ****   INIT();
 2057              		.loc 1 1322 3
 2058 000c 214B     		ldr	r3, .L102
 2059 000e 7B61     		str	r3, [r7, #20]
 2060 0010 7B69     		ldr	r3, [r7, #20]
 2061 0012 1B78     		ldrb	r3, [r3]
 2062 0014 DBB2     		uxtb	r3, r3
 2063 0016 532B     		cmp	r3, #83
 2064 0018 01D0     		beq	.L97
 2065              		.loc 1 1322 3 is_stmt 0 discriminator 1
 2066 001a FFF7FEFF 		bl	_DoInit
 2067              	.L97:
 2068              	.LBE10:
 2069              	.LBB11:
1323:./SystemView/SEGGER_RTT.c ****   SEGGER_RTT_LOCK();
 2070              		.loc 1 1323 3 is_stmt 1
 2071              		.syntax unified
 2072              	@ 1323 "./SystemView/SEGGER_RTT.c" 1
 2073 001e EFF31183 		mrs   r3, basepri  
 2074 0022 4FF02001 		mov   r1, #32       
 2075 0026 81F31188 		msr   basepri, r1  
 2076              		
 2077              	@ 0 "" 2
 2078              		.thumb
 2079              		.syntax unified
 2080 002a 3B61     		str	r3, [r7, #16]
1324:./SystemView/SEGGER_RTT.c ****   //
1325:./SystemView/SEGGER_RTT.c ****   // Get "to-host" ring buffer.
1326:./SystemView/SEGGER_RTT.c ****   //
1327:./SystemView/SEGGER_RTT.c ****   pRing = (SEGGER_RTT_BUFFER_UP*)((uintptr_t)&_SEGGER_RTT.aUp[BufferIndex] + SEGGER_RTT_UNCACHED_OF
 2081              		.loc 1 1327 9
 2082 002c 7B68     		ldr	r3, [r7, #4]
 2083 002e 5A1C     		adds	r2, r3, #1
 2084 0030 1346     		mov	r3, r2
 2085 0032 5B00     		lsls	r3, r3, #1
 2086 0034 1344     		add	r3, r3, r2
 2087 0036 DB00     		lsls	r3, r3, #3
 2088 0038 164A     		ldr	r2, .L102
 2089 003a 1344     		add	r3, r3, r2
 2090 003c FB60     		str	r3, [r7, #12]
1328:./SystemView/SEGGER_RTT.c ****   //
1329:./SystemView/SEGGER_RTT.c ****   // Get write position and handle wrap-around if necessary
1330:./SystemView/SEGGER_RTT.c ****   //
1331:./SystemView/SEGGER_RTT.c ****   WrOff = pRing->WrOff + 1;
 2091              		.loc 1 1331 16
 2092 003e FB68     		ldr	r3, [r7, #12]
 2093 0040 DB68     		ldr	r3, [r3, #12]
 2094              		.loc 1 1331 9
 2095 0042 0133     		adds	r3, r3, #1
 2096 0044 FB61     		str	r3, [r7, #28]
1332:./SystemView/SEGGER_RTT.c ****   if (WrOff == pRing->SizeOfBuffer) {
 2097              		.loc 1 1332 21
ARM GAS  /var/folders/yl/_q9l42k90g1g4mdhbs226msm0000gn/T//ccXiy4OZ.s 			page 61


 2098 0046 FB68     		ldr	r3, [r7, #12]
 2099 0048 9B68     		ldr	r3, [r3, #8]
 2100              		.loc 1 1332 6
 2101 004a FA69     		ldr	r2, [r7, #28]
 2102 004c 9A42     		cmp	r2, r3
 2103 004e 01D1     		bne	.L98
1333:./SystemView/SEGGER_RTT.c ****     WrOff = 0;
 2104              		.loc 1 1333 11
 2105 0050 0023     		movs	r3, #0
 2106 0052 FB61     		str	r3, [r7, #28]
 2107              	.L98:
1334:./SystemView/SEGGER_RTT.c ****   }
1335:./SystemView/SEGGER_RTT.c ****   //
1336:./SystemView/SEGGER_RTT.c ****   // Output byte if free space is available
1337:./SystemView/SEGGER_RTT.c ****   //
1338:./SystemView/SEGGER_RTT.c ****   if (WrOff != pRing->RdOff) {
 2108              		.loc 1 1338 21
 2109 0054 FB68     		ldr	r3, [r7, #12]
 2110 0056 1B69     		ldr	r3, [r3, #16]
 2111              		.loc 1 1338 6
 2112 0058 FA69     		ldr	r2, [r7, #28]
 2113 005a 9A42     		cmp	r2, r3
 2114 005c 10D0     		beq	.L99
1339:./SystemView/SEGGER_RTT.c ****     pDst  = (pRing->pBuffer + pRing->WrOff) + SEGGER_RTT_UNCACHED_OFF;
 2115              		.loc 1 1339 19
 2116 005e FB68     		ldr	r3, [r7, #12]
 2117 0060 5A68     		ldr	r2, [r3, #4]
 2118              		.loc 1 1339 36
 2119 0062 FB68     		ldr	r3, [r7, #12]
 2120 0064 DB68     		ldr	r3, [r3, #12]
 2121              		.loc 1 1339 11
 2122 0066 1344     		add	r3, r3, r2
 2123 0068 BB60     		str	r3, [r7, #8]
1340:./SystemView/SEGGER_RTT.c ****     *pDst = c;
 2124              		.loc 1 1340 11
 2125 006a BB68     		ldr	r3, [r7, #8]
 2126 006c FA78     		ldrb	r2, [r7, #3]
 2127 006e 1A70     		strb	r2, [r3]
1341:./SystemView/SEGGER_RTT.c ****     RTT__DMB();                     // Force data write to be complete before writing the <WrOff>, 
 2128              		.loc 1 1341 5
 2129              		.syntax unified
 2130              	@ 1341 "./SystemView/SEGGER_RTT.c" 1
 2131 0070 BFF35F8F 		dmb
 2132              	
 2133              	@ 0 "" 2
1342:./SystemView/SEGGER_RTT.c ****     pRing->WrOff = WrOff;
 2134              		.loc 1 1342 18
 2135              		.thumb
 2136              		.syntax unified
 2137 0074 FB68     		ldr	r3, [r7, #12]
 2138 0076 FA69     		ldr	r2, [r7, #28]
 2139 0078 DA60     		str	r2, [r3, #12]
1343:./SystemView/SEGGER_RTT.c ****     Status = 1;
 2140              		.loc 1 1343 12
 2141 007a 0123     		movs	r3, #1
 2142 007c BB61     		str	r3, [r7, #24]
 2143 007e 01E0     		b	.L100
ARM GAS  /var/folders/yl/_q9l42k90g1g4mdhbs226msm0000gn/T//ccXiy4OZ.s 			page 62


 2144              	.L99:
1344:./SystemView/SEGGER_RTT.c ****   } else {
1345:./SystemView/SEGGER_RTT.c ****     Status = 0;
 2145              		.loc 1 1345 12
 2146 0080 0023     		movs	r3, #0
 2147 0082 BB61     		str	r3, [r7, #24]
 2148              	.L100:
1346:./SystemView/SEGGER_RTT.c ****   }
1347:./SystemView/SEGGER_RTT.c ****   //
1348:./SystemView/SEGGER_RTT.c ****   // Finish up.
1349:./SystemView/SEGGER_RTT.c ****   //
1350:./SystemView/SEGGER_RTT.c ****   SEGGER_RTT_UNLOCK();
 2149              		.loc 1 1350 3
 2150 0084 3B69     		ldr	r3, [r7, #16]
 2151              		.syntax unified
 2152              	@ 1350 "./SystemView/SEGGER_RTT.c" 1
 2153 0086 83F31188 		msr   basepri, r3  
 2154              		
 2155              	@ 0 "" 2
 2156              		.thumb
 2157              		.syntax unified
 2158              	.LBE11:
1351:./SystemView/SEGGER_RTT.c ****   //
1352:./SystemView/SEGGER_RTT.c ****   return Status;
 2159              		.loc 1 1352 10
 2160 008a BB69     		ldr	r3, [r7, #24]
1353:./SystemView/SEGGER_RTT.c **** }
 2161              		.loc 1 1353 1
 2162 008c 1846     		mov	r0, r3
 2163 008e 2037     		adds	r7, r7, #32
 2164              	.LCFI85:
 2165              		.cfi_def_cfa_offset 8
 2166 0090 BD46     		mov	sp, r7
 2167              	.LCFI86:
 2168              		.cfi_def_cfa_register 13
 2169              		@ sp needed
 2170 0092 80BD     		pop	{r7, pc}
 2171              	.L103:
 2172              		.align	2
 2173              	.L102:
 2174 0094 00000000 		.word	_SEGGER_RTT
 2175              		.cfi_endproc
 2176              	.LFE16:
 2178              		.section	.text.SEGGER_RTT_PutChar,"ax",%progbits
 2179              		.align	1
 2180              		.global	SEGGER_RTT_PutChar
 2181              		.syntax unified
 2182              		.thumb
 2183              		.thumb_func
 2185              	SEGGER_RTT_PutChar:
 2186              	.LFB17:
1354:./SystemView/SEGGER_RTT.c **** 
1355:./SystemView/SEGGER_RTT.c ****  /*********************************************************************
1356:./SystemView/SEGGER_RTT.c **** *
1357:./SystemView/SEGGER_RTT.c **** *       SEGGER_RTT_PutChar
1358:./SystemView/SEGGER_RTT.c **** *
1359:./SystemView/SEGGER_RTT.c **** *  Function description
ARM GAS  /var/folders/yl/_q9l42k90g1g4mdhbs226msm0000gn/T//ccXiy4OZ.s 			page 63


1360:./SystemView/SEGGER_RTT.c **** *    Stores a single character/byte in SEGGER RTT buffer.
1361:./SystemView/SEGGER_RTT.c **** *
1362:./SystemView/SEGGER_RTT.c **** *  Parameters
1363:./SystemView/SEGGER_RTT.c **** *    BufferIndex  Index of "Up"-buffer to be used (e.g. 0 for "Terminal").
1364:./SystemView/SEGGER_RTT.c **** *    c            Byte to be stored.
1365:./SystemView/SEGGER_RTT.c **** *
1366:./SystemView/SEGGER_RTT.c **** *  Return value
1367:./SystemView/SEGGER_RTT.c **** *    Number of bytes which have been stored in the "Up"-buffer.
1368:./SystemView/SEGGER_RTT.c **** *
1369:./SystemView/SEGGER_RTT.c **** *  Notes
1370:./SystemView/SEGGER_RTT.c **** *    (1) Data is stored according to buffer flags.
1371:./SystemView/SEGGER_RTT.c **** */
1372:./SystemView/SEGGER_RTT.c **** 
1373:./SystemView/SEGGER_RTT.c **** unsigned SEGGER_RTT_PutChar(unsigned BufferIndex, char c) {
 2187              		.loc 1 1373 59
 2188              		.cfi_startproc
 2189              		@ args = 0, pretend = 0, frame = 32
 2190              		@ frame_needed = 1, uses_anonymous_args = 0
 2191 0000 80B5     		push	{r7, lr}
 2192              	.LCFI87:
 2193              		.cfi_def_cfa_offset 8
 2194              		.cfi_offset 7, -8
 2195              		.cfi_offset 14, -4
 2196 0002 88B0     		sub	sp, sp, #32
 2197              	.LCFI88:
 2198              		.cfi_def_cfa_offset 40
 2199 0004 00AF     		add	r7, sp, #0
 2200              	.LCFI89:
 2201              		.cfi_def_cfa_register 7
 2202 0006 7860     		str	r0, [r7, #4]
 2203 0008 0B46     		mov	r3, r1
 2204 000a FB70     		strb	r3, [r7, #3]
 2205              	.LBB12:
1374:./SystemView/SEGGER_RTT.c ****   SEGGER_RTT_BUFFER_UP* pRing;
1375:./SystemView/SEGGER_RTT.c ****   unsigned              WrOff;
1376:./SystemView/SEGGER_RTT.c ****   unsigned              Status;
1377:./SystemView/SEGGER_RTT.c ****   volatile char*        pDst;
1378:./SystemView/SEGGER_RTT.c ****   //
1379:./SystemView/SEGGER_RTT.c ****   // Prepare
1380:./SystemView/SEGGER_RTT.c ****   //
1381:./SystemView/SEGGER_RTT.c ****   INIT();
 2206              		.loc 1 1381 3
 2207 000c 264B     		ldr	r3, .L112
 2208 000e 7B61     		str	r3, [r7, #20]
 2209 0010 7B69     		ldr	r3, [r7, #20]
 2210 0012 1B78     		ldrb	r3, [r3]
 2211 0014 DBB2     		uxtb	r3, r3
 2212 0016 532B     		cmp	r3, #83
 2213 0018 01D0     		beq	.L105
 2214              		.loc 1 1381 3 is_stmt 0 discriminator 1
 2215 001a FFF7FEFF 		bl	_DoInit
 2216              	.L105:
 2217              	.LBE12:
 2218              	.LBB13:
1382:./SystemView/SEGGER_RTT.c ****   SEGGER_RTT_LOCK();
 2219              		.loc 1 1382 3 is_stmt 1
 2220              		.syntax unified
ARM GAS  /var/folders/yl/_q9l42k90g1g4mdhbs226msm0000gn/T//ccXiy4OZ.s 			page 64


 2221              	@ 1382 "./SystemView/SEGGER_RTT.c" 1
 2222 001e EFF31183 		mrs   r3, basepri  
 2223 0022 4FF02001 		mov   r1, #32       
 2224 0026 81F31188 		msr   basepri, r1  
 2225              		
 2226              	@ 0 "" 2
 2227              		.thumb
 2228              		.syntax unified
 2229 002a 3B61     		str	r3, [r7, #16]
1383:./SystemView/SEGGER_RTT.c ****   //
1384:./SystemView/SEGGER_RTT.c ****   // Get "to-host" ring buffer.
1385:./SystemView/SEGGER_RTT.c ****   //
1386:./SystemView/SEGGER_RTT.c ****   pRing = (SEGGER_RTT_BUFFER_UP*)((uintptr_t)&_SEGGER_RTT.aUp[BufferIndex] + SEGGER_RTT_UNCACHED_OF
 2230              		.loc 1 1386 9
 2231 002c 7B68     		ldr	r3, [r7, #4]
 2232 002e 5A1C     		adds	r2, r3, #1
 2233 0030 1346     		mov	r3, r2
 2234 0032 5B00     		lsls	r3, r3, #1
 2235 0034 1344     		add	r3, r3, r2
 2236 0036 DB00     		lsls	r3, r3, #3
 2237 0038 1B4A     		ldr	r2, .L112
 2238 003a 1344     		add	r3, r3, r2
 2239 003c FB60     		str	r3, [r7, #12]
1387:./SystemView/SEGGER_RTT.c ****   //
1388:./SystemView/SEGGER_RTT.c ****   // Get write position and handle wrap-around if necessary
1389:./SystemView/SEGGER_RTT.c ****   //
1390:./SystemView/SEGGER_RTT.c ****   WrOff = pRing->WrOff + 1;
 2240              		.loc 1 1390 16
 2241 003e FB68     		ldr	r3, [r7, #12]
 2242 0040 DB68     		ldr	r3, [r3, #12]
 2243              		.loc 1 1390 9
 2244 0042 0133     		adds	r3, r3, #1
 2245 0044 FB61     		str	r3, [r7, #28]
1391:./SystemView/SEGGER_RTT.c ****   if (WrOff == pRing->SizeOfBuffer) {
 2246              		.loc 1 1391 21
 2247 0046 FB68     		ldr	r3, [r7, #12]
 2248 0048 9B68     		ldr	r3, [r3, #8]
 2249              		.loc 1 1391 6
 2250 004a FA69     		ldr	r2, [r7, #28]
 2251 004c 9A42     		cmp	r2, r3
 2252 004e 01D1     		bne	.L106
1392:./SystemView/SEGGER_RTT.c ****     WrOff = 0;
 2253              		.loc 1 1392 11
 2254 0050 0023     		movs	r3, #0
 2255 0052 FB61     		str	r3, [r7, #28]
 2256              	.L106:
1393:./SystemView/SEGGER_RTT.c ****   }
1394:./SystemView/SEGGER_RTT.c ****   //
1395:./SystemView/SEGGER_RTT.c ****   // Wait for free space if mode is set to blocking
1396:./SystemView/SEGGER_RTT.c ****   //
1397:./SystemView/SEGGER_RTT.c ****   if (pRing->Flags == SEGGER_RTT_MODE_BLOCK_IF_FIFO_FULL) {
 2257              		.loc 1 1397 12
 2258 0054 FB68     		ldr	r3, [r7, #12]
 2259 0056 5B69     		ldr	r3, [r3, #20]
 2260              		.loc 1 1397 6
 2261 0058 022B     		cmp	r3, #2
 2262 005a 05D1     		bne	.L107
ARM GAS  /var/folders/yl/_q9l42k90g1g4mdhbs226msm0000gn/T//ccXiy4OZ.s 			page 65


1398:./SystemView/SEGGER_RTT.c ****     while (WrOff == pRing->RdOff) {
 2263              		.loc 1 1398 11
 2264 005c 00BF     		nop
 2265              	.L108:
 2266              		.loc 1 1398 26 discriminator 1
 2267 005e FB68     		ldr	r3, [r7, #12]
 2268 0060 1B69     		ldr	r3, [r3, #16]
 2269              		.loc 1 1398 11 discriminator 1
 2270 0062 FA69     		ldr	r2, [r7, #28]
 2271 0064 9A42     		cmp	r2, r3
 2272 0066 FAD0     		beq	.L108
 2273              	.L107:
1399:./SystemView/SEGGER_RTT.c ****       ;
1400:./SystemView/SEGGER_RTT.c ****     }
1401:./SystemView/SEGGER_RTT.c ****   }
1402:./SystemView/SEGGER_RTT.c ****   //
1403:./SystemView/SEGGER_RTT.c ****   // Output byte if free space is available
1404:./SystemView/SEGGER_RTT.c ****   //
1405:./SystemView/SEGGER_RTT.c ****   if (WrOff != pRing->RdOff) {
 2274              		.loc 1 1405 21
 2275 0068 FB68     		ldr	r3, [r7, #12]
 2276 006a 1B69     		ldr	r3, [r3, #16]
 2277              		.loc 1 1405 6
 2278 006c FA69     		ldr	r2, [r7, #28]
 2279 006e 9A42     		cmp	r2, r3
 2280 0070 10D0     		beq	.L109
1406:./SystemView/SEGGER_RTT.c ****     pDst  = (pRing->pBuffer + pRing->WrOff) + SEGGER_RTT_UNCACHED_OFF;
 2281              		.loc 1 1406 19
 2282 0072 FB68     		ldr	r3, [r7, #12]
 2283 0074 5A68     		ldr	r2, [r3, #4]
 2284              		.loc 1 1406 36
 2285 0076 FB68     		ldr	r3, [r7, #12]
 2286 0078 DB68     		ldr	r3, [r3, #12]
 2287              		.loc 1 1406 11
 2288 007a 1344     		add	r3, r3, r2
 2289 007c BB60     		str	r3, [r7, #8]
1407:./SystemView/SEGGER_RTT.c ****     *pDst = c;
 2290              		.loc 1 1407 11
 2291 007e BB68     		ldr	r3, [r7, #8]
 2292 0080 FA78     		ldrb	r2, [r7, #3]
 2293 0082 1A70     		strb	r2, [r3]
1408:./SystemView/SEGGER_RTT.c ****     RTT__DMB();                     // Force data write to be complete before writing the <WrOff>, 
 2294              		.loc 1 1408 5
 2295              		.syntax unified
 2296              	@ 1408 "./SystemView/SEGGER_RTT.c" 1
 2297 0084 BFF35F8F 		dmb
 2298              	
 2299              	@ 0 "" 2
1409:./SystemView/SEGGER_RTT.c ****     pRing->WrOff = WrOff;
 2300              		.loc 1 1409 18
 2301              		.thumb
 2302              		.syntax unified
 2303 0088 FB68     		ldr	r3, [r7, #12]
 2304 008a FA69     		ldr	r2, [r7, #28]
 2305 008c DA60     		str	r2, [r3, #12]
1410:./SystemView/SEGGER_RTT.c ****     Status = 1;
 2306              		.loc 1 1410 12
ARM GAS  /var/folders/yl/_q9l42k90g1g4mdhbs226msm0000gn/T//ccXiy4OZ.s 			page 66


 2307 008e 0123     		movs	r3, #1
 2308 0090 BB61     		str	r3, [r7, #24]
 2309 0092 01E0     		b	.L110
 2310              	.L109:
1411:./SystemView/SEGGER_RTT.c ****   } else {
1412:./SystemView/SEGGER_RTT.c ****     Status = 0;
 2311              		.loc 1 1412 12
 2312 0094 0023     		movs	r3, #0
 2313 0096 BB61     		str	r3, [r7, #24]
 2314              	.L110:
1413:./SystemView/SEGGER_RTT.c ****   }
1414:./SystemView/SEGGER_RTT.c ****   //
1415:./SystemView/SEGGER_RTT.c ****   // Finish up.
1416:./SystemView/SEGGER_RTT.c ****   //
1417:./SystemView/SEGGER_RTT.c ****   SEGGER_RTT_UNLOCK();
 2315              		.loc 1 1417 3
 2316 0098 3B69     		ldr	r3, [r7, #16]
 2317              		.syntax unified
 2318              	@ 1417 "./SystemView/SEGGER_RTT.c" 1
 2319 009a 83F31188 		msr   basepri, r3  
 2320              		
 2321              	@ 0 "" 2
 2322              		.thumb
 2323              		.syntax unified
 2324              	.LBE13:
1418:./SystemView/SEGGER_RTT.c ****   return Status;
 2325              		.loc 1 1418 10
 2326 009e BB69     		ldr	r3, [r7, #24]
1419:./SystemView/SEGGER_RTT.c **** }
 2327              		.loc 1 1419 1
 2328 00a0 1846     		mov	r0, r3
 2329 00a2 2037     		adds	r7, r7, #32
 2330              	.LCFI90:
 2331              		.cfi_def_cfa_offset 8
 2332 00a4 BD46     		mov	sp, r7
 2333              	.LCFI91:
 2334              		.cfi_def_cfa_register 13
 2335              		@ sp needed
 2336 00a6 80BD     		pop	{r7, pc}
 2337              	.L113:
 2338              		.align	2
 2339              	.L112:
 2340 00a8 00000000 		.word	_SEGGER_RTT
 2341              		.cfi_endproc
 2342              	.LFE17:
 2344              		.section	.text.SEGGER_RTT_GetKey,"ax",%progbits
 2345              		.align	1
 2346              		.global	SEGGER_RTT_GetKey
 2347              		.syntax unified
 2348              		.thumb
 2349              		.thumb_func
 2351              	SEGGER_RTT_GetKey:
 2352              	.LFB18:
1420:./SystemView/SEGGER_RTT.c **** 
1421:./SystemView/SEGGER_RTT.c **** /*********************************************************************
1422:./SystemView/SEGGER_RTT.c **** *
1423:./SystemView/SEGGER_RTT.c **** *       SEGGER_RTT_GetKey
ARM GAS  /var/folders/yl/_q9l42k90g1g4mdhbs226msm0000gn/T//ccXiy4OZ.s 			page 67


1424:./SystemView/SEGGER_RTT.c **** *
1425:./SystemView/SEGGER_RTT.c **** *  Function description
1426:./SystemView/SEGGER_RTT.c **** *    Reads one character from the SEGGER RTT buffer.
1427:./SystemView/SEGGER_RTT.c **** *    Host has previously stored data there.
1428:./SystemView/SEGGER_RTT.c **** *
1429:./SystemView/SEGGER_RTT.c **** *  Return value
1430:./SystemView/SEGGER_RTT.c **** *    <  0 -   No character available (buffer empty).
1431:./SystemView/SEGGER_RTT.c **** *    >= 0 -   Character which has been read. (Possible values: 0 - 255)
1432:./SystemView/SEGGER_RTT.c **** *
1433:./SystemView/SEGGER_RTT.c **** *  Notes
1434:./SystemView/SEGGER_RTT.c **** *    (1) This function is only specified for accesses to RTT buffer 0.
1435:./SystemView/SEGGER_RTT.c **** */
1436:./SystemView/SEGGER_RTT.c **** int SEGGER_RTT_GetKey(void) {
 2353              		.loc 1 1436 29
 2354              		.cfi_startproc
 2355              		@ args = 0, pretend = 0, frame = 8
 2356              		@ frame_needed = 1, uses_anonymous_args = 0
 2357 0000 80B5     		push	{r7, lr}
 2358              	.LCFI92:
 2359              		.cfi_def_cfa_offset 8
 2360              		.cfi_offset 7, -8
 2361              		.cfi_offset 14, -4
 2362 0002 82B0     		sub	sp, sp, #8
 2363              	.LCFI93:
 2364              		.cfi_def_cfa_offset 16
 2365 0004 00AF     		add	r7, sp, #0
 2366              	.LCFI94:
 2367              		.cfi_def_cfa_register 7
1437:./SystemView/SEGGER_RTT.c ****   char c;
1438:./SystemView/SEGGER_RTT.c ****   int r;
1439:./SystemView/SEGGER_RTT.c **** 
1440:./SystemView/SEGGER_RTT.c ****   r = (int)SEGGER_RTT_Read(0u, &c, 1u);
 2368              		.loc 1 1440 12
 2369 0006 FB1C     		adds	r3, r7, #3
 2370 0008 0122     		movs	r2, #1
 2371 000a 1946     		mov	r1, r3
 2372 000c 0020     		movs	r0, #0
 2373 000e FFF7FEFF 		bl	SEGGER_RTT_Read
 2374 0012 0346     		mov	r3, r0
 2375              		.loc 1 1440 5
 2376 0014 7B60     		str	r3, [r7, #4]
1441:./SystemView/SEGGER_RTT.c ****   if (r == 1) {
 2377              		.loc 1 1441 6
 2378 0016 7B68     		ldr	r3, [r7, #4]
 2379 0018 012B     		cmp	r3, #1
 2380 001a 02D1     		bne	.L115
1442:./SystemView/SEGGER_RTT.c ****     r = (int)(unsigned char)c;
 2381              		.loc 1 1442 9
 2382 001c FB78     		ldrb	r3, [r7, #3]	@ zero_extendqisi2
 2383              		.loc 1 1442 7
 2384 001e 7B60     		str	r3, [r7, #4]
 2385 0020 02E0     		b	.L116
 2386              	.L115:
1443:./SystemView/SEGGER_RTT.c ****   } else {
1444:./SystemView/SEGGER_RTT.c ****     r = -1;
 2387              		.loc 1 1444 7
 2388 0022 4FF0FF33 		mov	r3, #-1
ARM GAS  /var/folders/yl/_q9l42k90g1g4mdhbs226msm0000gn/T//ccXiy4OZ.s 			page 68


 2389 0026 7B60     		str	r3, [r7, #4]
 2390              	.L116:
1445:./SystemView/SEGGER_RTT.c ****   }
1446:./SystemView/SEGGER_RTT.c ****   return r;
 2391              		.loc 1 1446 10
 2392 0028 7B68     		ldr	r3, [r7, #4]
1447:./SystemView/SEGGER_RTT.c **** }
 2393              		.loc 1 1447 1
 2394 002a 1846     		mov	r0, r3
 2395 002c 0837     		adds	r7, r7, #8
 2396              	.LCFI95:
 2397              		.cfi_def_cfa_offset 8
 2398 002e BD46     		mov	sp, r7
 2399              	.LCFI96:
 2400              		.cfi_def_cfa_register 13
 2401              		@ sp needed
 2402 0030 80BD     		pop	{r7, pc}
 2403              		.cfi_endproc
 2404              	.LFE18:
 2406              		.section	.text.SEGGER_RTT_WaitKey,"ax",%progbits
 2407              		.align	1
 2408              		.global	SEGGER_RTT_WaitKey
 2409              		.syntax unified
 2410              		.thumb
 2411              		.thumb_func
 2413              	SEGGER_RTT_WaitKey:
 2414              	.LFB19:
1448:./SystemView/SEGGER_RTT.c **** 
1449:./SystemView/SEGGER_RTT.c **** /*********************************************************************
1450:./SystemView/SEGGER_RTT.c **** *
1451:./SystemView/SEGGER_RTT.c **** *       SEGGER_RTT_WaitKey
1452:./SystemView/SEGGER_RTT.c **** *
1453:./SystemView/SEGGER_RTT.c **** *  Function description
1454:./SystemView/SEGGER_RTT.c **** *    Waits until at least one character is avaible in the SEGGER RTT buffer.
1455:./SystemView/SEGGER_RTT.c **** *    Once a character is available, it is read and this function returns.
1456:./SystemView/SEGGER_RTT.c **** *
1457:./SystemView/SEGGER_RTT.c **** *  Return value
1458:./SystemView/SEGGER_RTT.c **** *    >=0 -   Character which has been read.
1459:./SystemView/SEGGER_RTT.c **** *
1460:./SystemView/SEGGER_RTT.c **** *  Notes
1461:./SystemView/SEGGER_RTT.c **** *    (1) This function is only specified for accesses to RTT buffer 0
1462:./SystemView/SEGGER_RTT.c **** *    (2) This function is blocking if no character is present in RTT buffer
1463:./SystemView/SEGGER_RTT.c **** */
1464:./SystemView/SEGGER_RTT.c **** int SEGGER_RTT_WaitKey(void) {
 2415              		.loc 1 1464 30
 2416              		.cfi_startproc
 2417              		@ args = 0, pretend = 0, frame = 8
 2418              		@ frame_needed = 1, uses_anonymous_args = 0
 2419 0000 80B5     		push	{r7, lr}
 2420              	.LCFI97:
 2421              		.cfi_def_cfa_offset 8
 2422              		.cfi_offset 7, -8
 2423              		.cfi_offset 14, -4
 2424 0002 82B0     		sub	sp, sp, #8
 2425              	.LCFI98:
 2426              		.cfi_def_cfa_offset 16
 2427 0004 00AF     		add	r7, sp, #0
ARM GAS  /var/folders/yl/_q9l42k90g1g4mdhbs226msm0000gn/T//ccXiy4OZ.s 			page 69


 2428              	.LCFI99:
 2429              		.cfi_def_cfa_register 7
 2430              	.L119:
1465:./SystemView/SEGGER_RTT.c ****   int r;
1466:./SystemView/SEGGER_RTT.c **** 
1467:./SystemView/SEGGER_RTT.c ****   do {
1468:./SystemView/SEGGER_RTT.c ****     r = SEGGER_RTT_GetKey();
 2431              		.loc 1 1468 9 discriminator 1
 2432 0006 FFF7FEFF 		bl	SEGGER_RTT_GetKey
 2433 000a 7860     		str	r0, [r7, #4]
1469:./SystemView/SEGGER_RTT.c ****   } while (r < 0);
 2434              		.loc 1 1469 3 discriminator 1
 2435 000c 7B68     		ldr	r3, [r7, #4]
 2436 000e 002B     		cmp	r3, #0
 2437 0010 F9DB     		blt	.L119
1470:./SystemView/SEGGER_RTT.c ****   return r;
 2438              		.loc 1 1470 10
 2439 0012 7B68     		ldr	r3, [r7, #4]
1471:./SystemView/SEGGER_RTT.c **** }
 2440              		.loc 1 1471 1
 2441 0014 1846     		mov	r0, r3
 2442 0016 0837     		adds	r7, r7, #8
 2443              	.LCFI100:
 2444              		.cfi_def_cfa_offset 8
 2445 0018 BD46     		mov	sp, r7
 2446              	.LCFI101:
 2447              		.cfi_def_cfa_register 13
 2448              		@ sp needed
 2449 001a 80BD     		pop	{r7, pc}
 2450              		.cfi_endproc
 2451              	.LFE19:
 2453              		.section	.text.SEGGER_RTT_HasKey,"ax",%progbits
 2454              		.align	1
 2455              		.global	SEGGER_RTT_HasKey
 2456              		.syntax unified
 2457              		.thumb
 2458              		.thumb_func
 2460              	SEGGER_RTT_HasKey:
 2461              	.LFB20:
1472:./SystemView/SEGGER_RTT.c **** 
1473:./SystemView/SEGGER_RTT.c **** /*********************************************************************
1474:./SystemView/SEGGER_RTT.c **** *
1475:./SystemView/SEGGER_RTT.c **** *       SEGGER_RTT_HasKey
1476:./SystemView/SEGGER_RTT.c **** *
1477:./SystemView/SEGGER_RTT.c **** *  Function description
1478:./SystemView/SEGGER_RTT.c **** *    Checks if at least one character for reading is available in the SEGGER RTT buffer.
1479:./SystemView/SEGGER_RTT.c **** *
1480:./SystemView/SEGGER_RTT.c **** *  Return value
1481:./SystemView/SEGGER_RTT.c **** *    == 0 -     No characters are available to read.
1482:./SystemView/SEGGER_RTT.c **** *    == 1 -     At least one character is available.
1483:./SystemView/SEGGER_RTT.c **** *
1484:./SystemView/SEGGER_RTT.c **** *  Notes
1485:./SystemView/SEGGER_RTT.c **** *    (1) This function is only specified for accesses to RTT buffer 0
1486:./SystemView/SEGGER_RTT.c **** */
1487:./SystemView/SEGGER_RTT.c **** int SEGGER_RTT_HasKey(void) {
 2462              		.loc 1 1487 29
 2463              		.cfi_startproc
ARM GAS  /var/folders/yl/_q9l42k90g1g4mdhbs226msm0000gn/T//ccXiy4OZ.s 			page 70


 2464              		@ args = 0, pretend = 0, frame = 16
 2465              		@ frame_needed = 1, uses_anonymous_args = 0
 2466 0000 80B5     		push	{r7, lr}
 2467              	.LCFI102:
 2468              		.cfi_def_cfa_offset 8
 2469              		.cfi_offset 7, -8
 2470              		.cfi_offset 14, -4
 2471 0002 84B0     		sub	sp, sp, #16
 2472              	.LCFI103:
 2473              		.cfi_def_cfa_offset 24
 2474 0004 00AF     		add	r7, sp, #0
 2475              	.LCFI104:
 2476              		.cfi_def_cfa_register 7
 2477              	.LBB14:
1488:./SystemView/SEGGER_RTT.c ****   SEGGER_RTT_BUFFER_DOWN* pRing;
1489:./SystemView/SEGGER_RTT.c ****   unsigned RdOff;
1490:./SystemView/SEGGER_RTT.c ****   int r;
1491:./SystemView/SEGGER_RTT.c **** 
1492:./SystemView/SEGGER_RTT.c ****   INIT();
 2478              		.loc 1 1492 3
 2479 0006 0E4B     		ldr	r3, .L126
 2480 0008 BB60     		str	r3, [r7, #8]
 2481 000a BB68     		ldr	r3, [r7, #8]
 2482 000c 1B78     		ldrb	r3, [r3]
 2483 000e DBB2     		uxtb	r3, r3
 2484 0010 532B     		cmp	r3, #83
 2485 0012 01D0     		beq	.L122
 2486              		.loc 1 1492 3 is_stmt 0 discriminator 1
 2487 0014 FFF7FEFF 		bl	_DoInit
 2488              	.L122:
 2489              	.LBE14:
1493:./SystemView/SEGGER_RTT.c ****   pRing = (SEGGER_RTT_BUFFER_DOWN*)((uintptr_t)&_SEGGER_RTT.aDown[0] + SEGGER_RTT_UNCACHED_OFF);  /
 2490              		.loc 1 1493 9 is_stmt 1
 2491 0018 0A4B     		ldr	r3, .L126+4
 2492 001a 7B60     		str	r3, [r7, #4]
1494:./SystemView/SEGGER_RTT.c ****   RdOff = pRing->RdOff;
 2493              		.loc 1 1494 9
 2494 001c 7B68     		ldr	r3, [r7, #4]
 2495 001e 1B69     		ldr	r3, [r3, #16]
 2496 0020 3B60     		str	r3, [r7]
1495:./SystemView/SEGGER_RTT.c ****   if (RdOff != pRing->WrOff) {
 2497              		.loc 1 1495 21
 2498 0022 7B68     		ldr	r3, [r7, #4]
 2499 0024 DB68     		ldr	r3, [r3, #12]
 2500              		.loc 1 1495 6
 2501 0026 3A68     		ldr	r2, [r7]
 2502 0028 9A42     		cmp	r2, r3
 2503 002a 02D0     		beq	.L123
1496:./SystemView/SEGGER_RTT.c ****     r = 1;
 2504              		.loc 1 1496 7
 2505 002c 0123     		movs	r3, #1
 2506 002e FB60     		str	r3, [r7, #12]
 2507 0030 01E0     		b	.L124
 2508              	.L123:
1497:./SystemView/SEGGER_RTT.c ****   } else {
1498:./SystemView/SEGGER_RTT.c ****     r = 0;
 2509              		.loc 1 1498 7
ARM GAS  /var/folders/yl/_q9l42k90g1g4mdhbs226msm0000gn/T//ccXiy4OZ.s 			page 71


 2510 0032 0023     		movs	r3, #0
 2511 0034 FB60     		str	r3, [r7, #12]
 2512              	.L124:
1499:./SystemView/SEGGER_RTT.c ****   }
1500:./SystemView/SEGGER_RTT.c ****   return r;
 2513              		.loc 1 1500 10
 2514 0036 FB68     		ldr	r3, [r7, #12]
1501:./SystemView/SEGGER_RTT.c **** }
 2515              		.loc 1 1501 1
 2516 0038 1846     		mov	r0, r3
 2517 003a 1037     		adds	r7, r7, #16
 2518              	.LCFI105:
 2519              		.cfi_def_cfa_offset 8
 2520 003c BD46     		mov	sp, r7
 2521              	.LCFI106:
 2522              		.cfi_def_cfa_register 13
 2523              		@ sp needed
 2524 003e 80BD     		pop	{r7, pc}
 2525              	.L127:
 2526              		.align	2
 2527              	.L126:
 2528 0040 00000000 		.word	_SEGGER_RTT
 2529 0044 60000000 		.word	_SEGGER_RTT+96
 2530              		.cfi_endproc
 2531              	.LFE20:
 2533              		.section	.text.SEGGER_RTT_HasData,"ax",%progbits
 2534              		.align	1
 2535              		.global	SEGGER_RTT_HasData
 2536              		.syntax unified
 2537              		.thumb
 2538              		.thumb_func
 2540              	SEGGER_RTT_HasData:
 2541              	.LFB21:
1502:./SystemView/SEGGER_RTT.c **** 
1503:./SystemView/SEGGER_RTT.c **** /*********************************************************************
1504:./SystemView/SEGGER_RTT.c **** *
1505:./SystemView/SEGGER_RTT.c **** *       SEGGER_RTT_HasData
1506:./SystemView/SEGGER_RTT.c **** *
1507:./SystemView/SEGGER_RTT.c **** *  Function description
1508:./SystemView/SEGGER_RTT.c **** *    Check if there is data from the host in the given buffer.
1509:./SystemView/SEGGER_RTT.c **** *
1510:./SystemView/SEGGER_RTT.c **** *  Return value:
1511:./SystemView/SEGGER_RTT.c **** *  ==0:  No data
1512:./SystemView/SEGGER_RTT.c **** *  !=0:  Data in buffer
1513:./SystemView/SEGGER_RTT.c **** *
1514:./SystemView/SEGGER_RTT.c **** */
1515:./SystemView/SEGGER_RTT.c **** unsigned SEGGER_RTT_HasData(unsigned BufferIndex) {
 2542              		.loc 1 1515 51
 2543              		.cfi_startproc
 2544              		@ args = 0, pretend = 0, frame = 16
 2545              		@ frame_needed = 1, uses_anonymous_args = 0
 2546              		@ link register save eliminated.
 2547 0000 80B4     		push	{r7}
 2548              	.LCFI107:
 2549              		.cfi_def_cfa_offset 4
 2550              		.cfi_offset 7, -4
 2551 0002 85B0     		sub	sp, sp, #20
ARM GAS  /var/folders/yl/_q9l42k90g1g4mdhbs226msm0000gn/T//ccXiy4OZ.s 			page 72


 2552              	.LCFI108:
 2553              		.cfi_def_cfa_offset 24
 2554 0004 00AF     		add	r7, sp, #0
 2555              	.LCFI109:
 2556              		.cfi_def_cfa_register 7
 2557 0006 7860     		str	r0, [r7, #4]
1516:./SystemView/SEGGER_RTT.c ****   SEGGER_RTT_BUFFER_DOWN* pRing;
1517:./SystemView/SEGGER_RTT.c ****   unsigned                v;
1518:./SystemView/SEGGER_RTT.c **** 
1519:./SystemView/SEGGER_RTT.c ****   pRing = (SEGGER_RTT_BUFFER_DOWN*)((uintptr_t)&_SEGGER_RTT.aDown[BufferIndex] + SEGGER_RTT_UNCACHE
 2558              		.loc 1 1519 9
 2559 0008 7A68     		ldr	r2, [r7, #4]
 2560 000a 1346     		mov	r3, r2
 2561 000c 5B00     		lsls	r3, r3, #1
 2562 000e 1344     		add	r3, r3, r2
 2563 0010 DB00     		lsls	r3, r3, #3
 2564 0012 6033     		adds	r3, r3, #96
 2565 0014 074A     		ldr	r2, .L130
 2566 0016 1344     		add	r3, r3, r2
 2567 0018 FB60     		str	r3, [r7, #12]
1520:./SystemView/SEGGER_RTT.c ****   v = pRing->WrOff;
 2568              		.loc 1 1520 5
 2569 001a FB68     		ldr	r3, [r7, #12]
 2570 001c DB68     		ldr	r3, [r3, #12]
 2571 001e BB60     		str	r3, [r7, #8]
1521:./SystemView/SEGGER_RTT.c ****   return v - pRing->RdOff;
 2572              		.loc 1 1521 19
 2573 0020 FB68     		ldr	r3, [r7, #12]
 2574 0022 1B69     		ldr	r3, [r3, #16]
 2575              		.loc 1 1521 12
 2576 0024 BA68     		ldr	r2, [r7, #8]
 2577 0026 D31A     		subs	r3, r2, r3
1522:./SystemView/SEGGER_RTT.c **** }
 2578              		.loc 1 1522 1
 2579 0028 1846     		mov	r0, r3
 2580 002a 1437     		adds	r7, r7, #20
 2581              	.LCFI110:
 2582              		.cfi_def_cfa_offset 4
 2583 002c BD46     		mov	sp, r7
 2584              	.LCFI111:
 2585              		.cfi_def_cfa_register 13
 2586              		@ sp needed
 2587 002e 5DF8047B 		ldr	r7, [sp], #4
 2588              	.LCFI112:
 2589              		.cfi_restore 7
 2590              		.cfi_def_cfa_offset 0
 2591 0032 7047     		bx	lr
 2592              	.L131:
 2593              		.align	2
 2594              	.L130:
 2595 0034 00000000 		.word	_SEGGER_RTT
 2596              		.cfi_endproc
 2597              	.LFE21:
 2599              		.section	.text.SEGGER_RTT_HasDataUp,"ax",%progbits
 2600              		.align	1
 2601              		.global	SEGGER_RTT_HasDataUp
 2602              		.syntax unified
ARM GAS  /var/folders/yl/_q9l42k90g1g4mdhbs226msm0000gn/T//ccXiy4OZ.s 			page 73


 2603              		.thumb
 2604              		.thumb_func
 2606              	SEGGER_RTT_HasDataUp:
 2607              	.LFB22:
1523:./SystemView/SEGGER_RTT.c **** 
1524:./SystemView/SEGGER_RTT.c **** /*********************************************************************
1525:./SystemView/SEGGER_RTT.c **** *
1526:./SystemView/SEGGER_RTT.c **** *       SEGGER_RTT_HasDataUp
1527:./SystemView/SEGGER_RTT.c **** *
1528:./SystemView/SEGGER_RTT.c **** *  Function description
1529:./SystemView/SEGGER_RTT.c **** *    Check if there is data remaining to be sent in the given buffer.
1530:./SystemView/SEGGER_RTT.c **** *
1531:./SystemView/SEGGER_RTT.c **** *  Return value:
1532:./SystemView/SEGGER_RTT.c **** *  ==0:  No data
1533:./SystemView/SEGGER_RTT.c **** *  !=0:  Data in buffer
1534:./SystemView/SEGGER_RTT.c **** *
1535:./SystemView/SEGGER_RTT.c **** */
1536:./SystemView/SEGGER_RTT.c **** unsigned SEGGER_RTT_HasDataUp(unsigned BufferIndex) {
 2608              		.loc 1 1536 53
 2609              		.cfi_startproc
 2610              		@ args = 0, pretend = 0, frame = 16
 2611              		@ frame_needed = 1, uses_anonymous_args = 0
 2612              		@ link register save eliminated.
 2613 0000 80B4     		push	{r7}
 2614              	.LCFI113:
 2615              		.cfi_def_cfa_offset 4
 2616              		.cfi_offset 7, -4
 2617 0002 85B0     		sub	sp, sp, #20
 2618              	.LCFI114:
 2619              		.cfi_def_cfa_offset 24
 2620 0004 00AF     		add	r7, sp, #0
 2621              	.LCFI115:
 2622              		.cfi_def_cfa_register 7
 2623 0006 7860     		str	r0, [r7, #4]
1537:./SystemView/SEGGER_RTT.c ****   SEGGER_RTT_BUFFER_UP* pRing;
1538:./SystemView/SEGGER_RTT.c ****   unsigned                v;
1539:./SystemView/SEGGER_RTT.c **** 
1540:./SystemView/SEGGER_RTT.c ****   pRing = (SEGGER_RTT_BUFFER_UP*)((uintptr_t)&_SEGGER_RTT.aUp[BufferIndex] + SEGGER_RTT_UNCACHED_OF
 2624              		.loc 1 1540 9
 2625 0008 7B68     		ldr	r3, [r7, #4]
 2626 000a 5A1C     		adds	r2, r3, #1
 2627 000c 1346     		mov	r3, r2
 2628 000e 5B00     		lsls	r3, r3, #1
 2629 0010 1344     		add	r3, r3, r2
 2630 0012 DB00     		lsls	r3, r3, #3
 2631 0014 074A     		ldr	r2, .L134
 2632 0016 1344     		add	r3, r3, r2
 2633 0018 FB60     		str	r3, [r7, #12]
1541:./SystemView/SEGGER_RTT.c ****   v = pRing->RdOff;
 2634              		.loc 1 1541 5
 2635 001a FB68     		ldr	r3, [r7, #12]
 2636 001c 1B69     		ldr	r3, [r3, #16]
 2637 001e BB60     		str	r3, [r7, #8]
1542:./SystemView/SEGGER_RTT.c ****   return pRing->WrOff - v;
 2638              		.loc 1 1542 15
 2639 0020 FB68     		ldr	r3, [r7, #12]
 2640 0022 DA68     		ldr	r2, [r3, #12]
ARM GAS  /var/folders/yl/_q9l42k90g1g4mdhbs226msm0000gn/T//ccXiy4OZ.s 			page 74


 2641              		.loc 1 1542 23
 2642 0024 BB68     		ldr	r3, [r7, #8]
 2643 0026 D31A     		subs	r3, r2, r3
1543:./SystemView/SEGGER_RTT.c **** }
 2644              		.loc 1 1543 1
 2645 0028 1846     		mov	r0, r3
 2646 002a 1437     		adds	r7, r7, #20
 2647              	.LCFI116:
 2648              		.cfi_def_cfa_offset 4
 2649 002c BD46     		mov	sp, r7
 2650              	.LCFI117:
 2651              		.cfi_def_cfa_register 13
 2652              		@ sp needed
 2653 002e 5DF8047B 		ldr	r7, [sp], #4
 2654              	.LCFI118:
 2655              		.cfi_restore 7
 2656              		.cfi_def_cfa_offset 0
 2657 0032 7047     		bx	lr
 2658              	.L135:
 2659              		.align	2
 2660              	.L134:
 2661 0034 00000000 		.word	_SEGGER_RTT
 2662              		.cfi_endproc
 2663              	.LFE22:
 2665              		.section	.text.SEGGER_RTT_AllocDownBuffer,"ax",%progbits
 2666              		.align	1
 2667              		.global	SEGGER_RTT_AllocDownBuffer
 2668              		.syntax unified
 2669              		.thumb
 2670              		.thumb_func
 2672              	SEGGER_RTT_AllocDownBuffer:
 2673              	.LFB23:
1544:./SystemView/SEGGER_RTT.c **** 
1545:./SystemView/SEGGER_RTT.c **** /*********************************************************************
1546:./SystemView/SEGGER_RTT.c **** *
1547:./SystemView/SEGGER_RTT.c **** *       SEGGER_RTT_AllocDownBuffer
1548:./SystemView/SEGGER_RTT.c **** *
1549:./SystemView/SEGGER_RTT.c **** *  Function description
1550:./SystemView/SEGGER_RTT.c **** *    Run-time configuration of the next down-buffer (H->T).
1551:./SystemView/SEGGER_RTT.c **** *    The next buffer, which is not used yet is configured.
1552:./SystemView/SEGGER_RTT.c **** *    This includes: Buffer address, size, name, flags, ...
1553:./SystemView/SEGGER_RTT.c **** *
1554:./SystemView/SEGGER_RTT.c **** *  Parameters
1555:./SystemView/SEGGER_RTT.c **** *    sName        Pointer to a constant name string.
1556:./SystemView/SEGGER_RTT.c **** *    pBuffer      Pointer to a buffer to be used.
1557:./SystemView/SEGGER_RTT.c **** *    BufferSize   Size of the buffer.
1558:./SystemView/SEGGER_RTT.c **** *    Flags        Operating modes. Define behavior if buffer is full (not enough space for entire m
1559:./SystemView/SEGGER_RTT.c **** *                 Flags[31:24] are used for validity check and must be zero. Flags[23:2] are reserv
1560:./SystemView/SEGGER_RTT.c **** *
1561:./SystemView/SEGGER_RTT.c **** *  Return value
1562:./SystemView/SEGGER_RTT.c **** *    >= 0 - O.K. Buffer Index
1563:./SystemView/SEGGER_RTT.c **** *     < 0 - Error
1564:./SystemView/SEGGER_RTT.c **** */
1565:./SystemView/SEGGER_RTT.c **** int SEGGER_RTT_AllocDownBuffer(const char* sName, void* pBuffer, unsigned BufferSize, unsigned Flag
 2674              		.loc 1 1565 103
 2675              		.cfi_startproc
 2676              		@ args = 0, pretend = 0, frame = 32
ARM GAS  /var/folders/yl/_q9l42k90g1g4mdhbs226msm0000gn/T//ccXiy4OZ.s 			page 75


 2677              		@ frame_needed = 1, uses_anonymous_args = 0
 2678 0000 80B5     		push	{r7, lr}
 2679              	.LCFI119:
 2680              		.cfi_def_cfa_offset 8
 2681              		.cfi_offset 7, -8
 2682              		.cfi_offset 14, -4
 2683 0002 88B0     		sub	sp, sp, #32
 2684              	.LCFI120:
 2685              		.cfi_def_cfa_offset 40
 2686 0004 00AF     		add	r7, sp, #0
 2687              	.LCFI121:
 2688              		.cfi_def_cfa_register 7
 2689 0006 F860     		str	r0, [r7, #12]
 2690 0008 B960     		str	r1, [r7, #8]
 2691 000a 7A60     		str	r2, [r7, #4]
 2692 000c 3B60     		str	r3, [r7]
 2693              	.LBB15:
1566:./SystemView/SEGGER_RTT.c ****   int BufferIndex;
1567:./SystemView/SEGGER_RTT.c ****   volatile SEGGER_RTT_CB* pRTTCB;
1568:./SystemView/SEGGER_RTT.c **** 
1569:./SystemView/SEGGER_RTT.c ****   INIT();
 2694              		.loc 1 1569 3
 2695 000e 3C4B     		ldr	r3, .L145
 2696 0010 BB61     		str	r3, [r7, #24]
 2697 0012 BB69     		ldr	r3, [r7, #24]
 2698 0014 1B78     		ldrb	r3, [r3]
 2699 0016 DBB2     		uxtb	r3, r3
 2700 0018 532B     		cmp	r3, #83
 2701 001a 01D0     		beq	.L137
 2702              		.loc 1 1569 3 is_stmt 0 discriminator 1
 2703 001c FFF7FEFF 		bl	_DoInit
 2704              	.L137:
 2705              	.LBE15:
 2706              	.LBB16:
1570:./SystemView/SEGGER_RTT.c ****   SEGGER_RTT_LOCK();
 2707              		.loc 1 1570 3 is_stmt 1
 2708              		.syntax unified
 2709              	@ 1570 "./SystemView/SEGGER_RTT.c" 1
 2710 0020 EFF31183 		mrs   r3, basepri  
 2711 0024 4FF02001 		mov   r1, #32       
 2712 0028 81F31188 		msr   basepri, r1  
 2713              		
 2714              	@ 0 "" 2
 2715              		.thumb
 2716              		.syntax unified
 2717 002c 7B61     		str	r3, [r7, #20]
1571:./SystemView/SEGGER_RTT.c ****   pRTTCB = (volatile SEGGER_RTT_CB*)((uintptr_t)&_SEGGER_RTT + SEGGER_RTT_UNCACHED_OFF);  // Access
 2718              		.loc 1 1571 10
 2719 002e 344B     		ldr	r3, .L145
 2720 0030 3B61     		str	r3, [r7, #16]
1572:./SystemView/SEGGER_RTT.c ****   BufferIndex = 0;
 2721              		.loc 1 1572 15
 2722 0032 0023     		movs	r3, #0
 2723 0034 FB61     		str	r3, [r7, #28]
 2724              	.L140:
1573:./SystemView/SEGGER_RTT.c ****   do {
1574:./SystemView/SEGGER_RTT.c ****     if (pRTTCB->aDown[BufferIndex].pBuffer == NULL) {
ARM GAS  /var/folders/yl/_q9l42k90g1g4mdhbs226msm0000gn/T//ccXiy4OZ.s 			page 76


 2725              		.loc 1 1574 35
 2726 0036 3969     		ldr	r1, [r7, #16]
 2727 0038 FA69     		ldr	r2, [r7, #28]
 2728 003a 1346     		mov	r3, r2
 2729 003c 5B00     		lsls	r3, r3, #1
 2730 003e 1344     		add	r3, r3, r2
 2731 0040 DB00     		lsls	r3, r3, #3
 2732 0042 0B44     		add	r3, r3, r1
 2733 0044 6433     		adds	r3, r3, #100
 2734 0046 1B68     		ldr	r3, [r3]
 2735              		.loc 1 1574 8
 2736 0048 002B     		cmp	r3, #0
 2737 004a 08D0     		beq	.L144
1575:./SystemView/SEGGER_RTT.c ****       break;
1576:./SystemView/SEGGER_RTT.c ****     }
1577:./SystemView/SEGGER_RTT.c ****     BufferIndex++;
 2738              		.loc 1 1577 16
 2739 004c FB69     		ldr	r3, [r7, #28]
 2740 004e 0133     		adds	r3, r3, #1
 2741 0050 FB61     		str	r3, [r7, #28]
1578:./SystemView/SEGGER_RTT.c ****   } while (BufferIndex < pRTTCB->MaxNumDownBuffers);
 2742              		.loc 1 1578 32
 2743 0052 3B69     		ldr	r3, [r7, #16]
 2744 0054 5B69     		ldr	r3, [r3, #20]
 2745              		.loc 1 1578 3
 2746 0056 FA69     		ldr	r2, [r7, #28]
 2747 0058 9A42     		cmp	r2, r3
 2748 005a ECDB     		blt	.L140
 2749 005c 00E0     		b	.L139
 2750              	.L144:
1575:./SystemView/SEGGER_RTT.c ****       break;
 2751              		.loc 1 1575 7
 2752 005e 00BF     		nop
 2753              	.L139:
1579:./SystemView/SEGGER_RTT.c ****   if (BufferIndex < pRTTCB->MaxNumDownBuffers) {
 2754              		.loc 1 1579 27
 2755 0060 3B69     		ldr	r3, [r7, #16]
 2756 0062 5B69     		ldr	r3, [r3, #20]
 2757              		.loc 1 1579 6
 2758 0064 FA69     		ldr	r2, [r7, #28]
 2759 0066 9A42     		cmp	r2, r3
 2760 0068 3EDA     		bge	.L141
1580:./SystemView/SEGGER_RTT.c ****     pRTTCB->aDown[BufferIndex].sName        = sName;
 2761              		.loc 1 1580 45
 2762 006a 3969     		ldr	r1, [r7, #16]
 2763 006c FA69     		ldr	r2, [r7, #28]
 2764 006e 1346     		mov	r3, r2
 2765 0070 5B00     		lsls	r3, r3, #1
 2766 0072 1344     		add	r3, r3, r2
 2767 0074 DB00     		lsls	r3, r3, #3
 2768 0076 0B44     		add	r3, r3, r1
 2769 0078 6033     		adds	r3, r3, #96
 2770 007a FA68     		ldr	r2, [r7, #12]
 2771 007c 1A60     		str	r2, [r3]
1581:./SystemView/SEGGER_RTT.c ****     pRTTCB->aDown[BufferIndex].pBuffer      = (char*)pBuffer;
 2772              		.loc 1 1581 45
 2773 007e 3969     		ldr	r1, [r7, #16]
ARM GAS  /var/folders/yl/_q9l42k90g1g4mdhbs226msm0000gn/T//ccXiy4OZ.s 			page 77


 2774 0080 FA69     		ldr	r2, [r7, #28]
 2775 0082 1346     		mov	r3, r2
 2776 0084 5B00     		lsls	r3, r3, #1
 2777 0086 1344     		add	r3, r3, r2
 2778 0088 DB00     		lsls	r3, r3, #3
 2779 008a 0B44     		add	r3, r3, r1
 2780 008c 6433     		adds	r3, r3, #100
 2781 008e BA68     		ldr	r2, [r7, #8]
 2782 0090 1A60     		str	r2, [r3]
1582:./SystemView/SEGGER_RTT.c ****     pRTTCB->aDown[BufferIndex].SizeOfBuffer = BufferSize;
 2783              		.loc 1 1582 45
 2784 0092 3969     		ldr	r1, [r7, #16]
 2785 0094 FA69     		ldr	r2, [r7, #28]
 2786 0096 1346     		mov	r3, r2
 2787 0098 5B00     		lsls	r3, r3, #1
 2788 009a 1344     		add	r3, r3, r2
 2789 009c DB00     		lsls	r3, r3, #3
 2790 009e 0B44     		add	r3, r3, r1
 2791 00a0 6833     		adds	r3, r3, #104
 2792 00a2 7A68     		ldr	r2, [r7, #4]
 2793 00a4 1A60     		str	r2, [r3]
1583:./SystemView/SEGGER_RTT.c ****     pRTTCB->aDown[BufferIndex].RdOff        = 0u;
 2794              		.loc 1 1583 45
 2795 00a6 3969     		ldr	r1, [r7, #16]
 2796 00a8 FA69     		ldr	r2, [r7, #28]
 2797 00aa 1346     		mov	r3, r2
 2798 00ac 5B00     		lsls	r3, r3, #1
 2799 00ae 1344     		add	r3, r3, r2
 2800 00b0 DB00     		lsls	r3, r3, #3
 2801 00b2 0B44     		add	r3, r3, r1
 2802 00b4 7033     		adds	r3, r3, #112
 2803 00b6 0022     		movs	r2, #0
 2804 00b8 1A60     		str	r2, [r3]
1584:./SystemView/SEGGER_RTT.c ****     pRTTCB->aDown[BufferIndex].WrOff        = 0u;
 2805              		.loc 1 1584 45
 2806 00ba 3969     		ldr	r1, [r7, #16]
 2807 00bc FA69     		ldr	r2, [r7, #28]
 2808 00be 1346     		mov	r3, r2
 2809 00c0 5B00     		lsls	r3, r3, #1
 2810 00c2 1344     		add	r3, r3, r2
 2811 00c4 DB00     		lsls	r3, r3, #3
 2812 00c6 0B44     		add	r3, r3, r1
 2813 00c8 6C33     		adds	r3, r3, #108
 2814 00ca 0022     		movs	r2, #0
 2815 00cc 1A60     		str	r2, [r3]
1585:./SystemView/SEGGER_RTT.c ****     pRTTCB->aDown[BufferIndex].Flags        = Flags;
 2816              		.loc 1 1585 45
 2817 00ce 3969     		ldr	r1, [r7, #16]
 2818 00d0 FA69     		ldr	r2, [r7, #28]
 2819 00d2 1346     		mov	r3, r2
 2820 00d4 5B00     		lsls	r3, r3, #1
 2821 00d6 1344     		add	r3, r3, r2
 2822 00d8 DB00     		lsls	r3, r3, #3
 2823 00da 0B44     		add	r3, r3, r1
 2824 00dc 7433     		adds	r3, r3, #116
 2825 00de 3A68     		ldr	r2, [r7]
 2826 00e0 1A60     		str	r2, [r3]
ARM GAS  /var/folders/yl/_q9l42k90g1g4mdhbs226msm0000gn/T//ccXiy4OZ.s 			page 78


1586:./SystemView/SEGGER_RTT.c ****     RTT__DMB();                     // Force data write to be complete before writing the <WrOff>, 
 2827              		.loc 1 1586 5
 2828              		.syntax unified
 2829              	@ 1586 "./SystemView/SEGGER_RTT.c" 1
 2830 00e2 BFF35F8F 		dmb
 2831              	
 2832              	@ 0 "" 2
 2833              		.thumb
 2834              		.syntax unified
 2835 00e6 02E0     		b	.L142
 2836              	.L141:
1587:./SystemView/SEGGER_RTT.c ****   } else {
1588:./SystemView/SEGGER_RTT.c ****     BufferIndex = -1;
 2837              		.loc 1 1588 17
 2838 00e8 4FF0FF33 		mov	r3, #-1
 2839 00ec FB61     		str	r3, [r7, #28]
 2840              	.L142:
1589:./SystemView/SEGGER_RTT.c ****   }
1590:./SystemView/SEGGER_RTT.c ****   SEGGER_RTT_UNLOCK();
 2841              		.loc 1 1590 3
 2842 00ee 7B69     		ldr	r3, [r7, #20]
 2843              		.syntax unified
 2844              	@ 1590 "./SystemView/SEGGER_RTT.c" 1
 2845 00f0 83F31188 		msr   basepri, r3  
 2846              		
 2847              	@ 0 "" 2
 2848              		.thumb
 2849              		.syntax unified
 2850              	.LBE16:
1591:./SystemView/SEGGER_RTT.c ****   return BufferIndex;
 2851              		.loc 1 1591 10
 2852 00f4 FB69     		ldr	r3, [r7, #28]
1592:./SystemView/SEGGER_RTT.c **** }
 2853              		.loc 1 1592 1
 2854 00f6 1846     		mov	r0, r3
 2855 00f8 2037     		adds	r7, r7, #32
 2856              	.LCFI122:
 2857              		.cfi_def_cfa_offset 8
 2858 00fa BD46     		mov	sp, r7
 2859              	.LCFI123:
 2860              		.cfi_def_cfa_register 13
 2861              		@ sp needed
 2862 00fc 80BD     		pop	{r7, pc}
 2863              	.L146:
 2864 00fe 00BF     		.align	2
 2865              	.L145:
 2866 0100 00000000 		.word	_SEGGER_RTT
 2867              		.cfi_endproc
 2868              	.LFE23:
 2870              		.section	.text.SEGGER_RTT_AllocUpBuffer,"ax",%progbits
 2871              		.align	1
 2872              		.global	SEGGER_RTT_AllocUpBuffer
 2873              		.syntax unified
 2874              		.thumb
 2875              		.thumb_func
 2877              	SEGGER_RTT_AllocUpBuffer:
 2878              	.LFB24:
ARM GAS  /var/folders/yl/_q9l42k90g1g4mdhbs226msm0000gn/T//ccXiy4OZ.s 			page 79


1593:./SystemView/SEGGER_RTT.c **** 
1594:./SystemView/SEGGER_RTT.c **** /*********************************************************************
1595:./SystemView/SEGGER_RTT.c **** *
1596:./SystemView/SEGGER_RTT.c **** *       SEGGER_RTT_AllocUpBuffer
1597:./SystemView/SEGGER_RTT.c **** *
1598:./SystemView/SEGGER_RTT.c **** *  Function description
1599:./SystemView/SEGGER_RTT.c **** *    Run-time configuration of the next up-buffer (T->H).
1600:./SystemView/SEGGER_RTT.c **** *    The next buffer, which is not used yet is configured.
1601:./SystemView/SEGGER_RTT.c **** *    This includes: Buffer address, size, name, flags, ...
1602:./SystemView/SEGGER_RTT.c **** *
1603:./SystemView/SEGGER_RTT.c **** *  Parameters
1604:./SystemView/SEGGER_RTT.c **** *    sName        Pointer to a constant name string.
1605:./SystemView/SEGGER_RTT.c **** *    pBuffer      Pointer to a buffer to be used.
1606:./SystemView/SEGGER_RTT.c **** *    BufferSize   Size of the buffer.
1607:./SystemView/SEGGER_RTT.c **** *    Flags        Operating modes. Define behavior if buffer is full (not enough space for entire m
1608:./SystemView/SEGGER_RTT.c **** *                 Flags[31:24] are used for validity check and must be zero. Flags[23:2] are reserv
1609:./SystemView/SEGGER_RTT.c **** *
1610:./SystemView/SEGGER_RTT.c **** *  Return value
1611:./SystemView/SEGGER_RTT.c **** *    >= 0 - O.K. Buffer Index
1612:./SystemView/SEGGER_RTT.c **** *     < 0 - Error
1613:./SystemView/SEGGER_RTT.c **** */
1614:./SystemView/SEGGER_RTT.c **** int SEGGER_RTT_AllocUpBuffer(const char* sName, void* pBuffer, unsigned BufferSize, unsigned Flags)
 2879              		.loc 1 1614 101
 2880              		.cfi_startproc
 2881              		@ args = 0, pretend = 0, frame = 32
 2882              		@ frame_needed = 1, uses_anonymous_args = 0
 2883 0000 80B5     		push	{r7, lr}
 2884              	.LCFI124:
 2885              		.cfi_def_cfa_offset 8
 2886              		.cfi_offset 7, -8
 2887              		.cfi_offset 14, -4
 2888 0002 88B0     		sub	sp, sp, #32
 2889              	.LCFI125:
 2890              		.cfi_def_cfa_offset 40
 2891 0004 00AF     		add	r7, sp, #0
 2892              	.LCFI126:
 2893              		.cfi_def_cfa_register 7
 2894 0006 F860     		str	r0, [r7, #12]
 2895 0008 B960     		str	r1, [r7, #8]
 2896 000a 7A60     		str	r2, [r7, #4]
 2897 000c 3B60     		str	r3, [r7]
 2898              	.LBB17:
1615:./SystemView/SEGGER_RTT.c ****   int BufferIndex;
1616:./SystemView/SEGGER_RTT.c ****   volatile SEGGER_RTT_CB* pRTTCB;
1617:./SystemView/SEGGER_RTT.c **** 
1618:./SystemView/SEGGER_RTT.c ****   INIT();
 2899              		.loc 1 1618 3
 2900 000e 3D4B     		ldr	r3, .L156
 2901 0010 BB61     		str	r3, [r7, #24]
 2902 0012 BB69     		ldr	r3, [r7, #24]
 2903 0014 1B78     		ldrb	r3, [r3]
 2904 0016 DBB2     		uxtb	r3, r3
 2905 0018 532B     		cmp	r3, #83
 2906 001a 01D0     		beq	.L148
 2907              		.loc 1 1618 3 is_stmt 0 discriminator 1
 2908 001c FFF7FEFF 		bl	_DoInit
 2909              	.L148:
ARM GAS  /var/folders/yl/_q9l42k90g1g4mdhbs226msm0000gn/T//ccXiy4OZ.s 			page 80


 2910              	.LBE17:
 2911              	.LBB18:
1619:./SystemView/SEGGER_RTT.c ****   SEGGER_RTT_LOCK();
 2912              		.loc 1 1619 3 is_stmt 1
 2913              		.syntax unified
 2914              	@ 1619 "./SystemView/SEGGER_RTT.c" 1
 2915 0020 EFF31183 		mrs   r3, basepri  
 2916 0024 4FF02001 		mov   r1, #32       
 2917 0028 81F31188 		msr   basepri, r1  
 2918              		
 2919              	@ 0 "" 2
 2920              		.thumb
 2921              		.syntax unified
 2922 002c 7B61     		str	r3, [r7, #20]
1620:./SystemView/SEGGER_RTT.c ****   pRTTCB = (volatile SEGGER_RTT_CB*)((uintptr_t)&_SEGGER_RTT + SEGGER_RTT_UNCACHED_OFF);  // Access
 2923              		.loc 1 1620 10
 2924 002e 354B     		ldr	r3, .L156
 2925 0030 3B61     		str	r3, [r7, #16]
1621:./SystemView/SEGGER_RTT.c ****   BufferIndex = 0;
 2926              		.loc 1 1621 15
 2927 0032 0023     		movs	r3, #0
 2928 0034 FB61     		str	r3, [r7, #28]
 2929              	.L151:
1622:./SystemView/SEGGER_RTT.c ****   do {
1623:./SystemView/SEGGER_RTT.c ****     if (pRTTCB->aUp[BufferIndex].pBuffer == NULL) {
 2930              		.loc 1 1623 33
 2931 0036 3969     		ldr	r1, [r7, #16]
 2932 0038 FB69     		ldr	r3, [r7, #28]
 2933 003a 5A1C     		adds	r2, r3, #1
 2934 003c 1346     		mov	r3, r2
 2935 003e 5B00     		lsls	r3, r3, #1
 2936 0040 1344     		add	r3, r3, r2
 2937 0042 DB00     		lsls	r3, r3, #3
 2938 0044 0B44     		add	r3, r3, r1
 2939 0046 0433     		adds	r3, r3, #4
 2940 0048 1B68     		ldr	r3, [r3]
 2941              		.loc 1 1623 8
 2942 004a 002B     		cmp	r3, #0
 2943 004c 08D0     		beq	.L155
1624:./SystemView/SEGGER_RTT.c ****       break;
1625:./SystemView/SEGGER_RTT.c ****     }
1626:./SystemView/SEGGER_RTT.c ****     BufferIndex++;
 2944              		.loc 1 1626 16
 2945 004e FB69     		ldr	r3, [r7, #28]
 2946 0050 0133     		adds	r3, r3, #1
 2947 0052 FB61     		str	r3, [r7, #28]
1627:./SystemView/SEGGER_RTT.c ****   } while (BufferIndex < pRTTCB->MaxNumUpBuffers);
 2948              		.loc 1 1627 32
 2949 0054 3B69     		ldr	r3, [r7, #16]
 2950 0056 1B69     		ldr	r3, [r3, #16]
 2951              		.loc 1 1627 3
 2952 0058 FA69     		ldr	r2, [r7, #28]
 2953 005a 9A42     		cmp	r2, r3
 2954 005c EBDB     		blt	.L151
 2955 005e 00E0     		b	.L150
 2956              	.L155:
1624:./SystemView/SEGGER_RTT.c ****       break;
ARM GAS  /var/folders/yl/_q9l42k90g1g4mdhbs226msm0000gn/T//ccXiy4OZ.s 			page 81


 2957              		.loc 1 1624 7
 2958 0060 00BF     		nop
 2959              	.L150:
1628:./SystemView/SEGGER_RTT.c ****   if (BufferIndex < pRTTCB->MaxNumUpBuffers) {
 2960              		.loc 1 1628 27
 2961 0062 3B69     		ldr	r3, [r7, #16]
 2962 0064 1B69     		ldr	r3, [r3, #16]
 2963              		.loc 1 1628 6
 2964 0066 FA69     		ldr	r2, [r7, #28]
 2965 0068 9A42     		cmp	r2, r3
 2966 006a 3FDA     		bge	.L152
1629:./SystemView/SEGGER_RTT.c ****     pRTTCB->aUp[BufferIndex].sName        = sName;
 2967              		.loc 1 1629 43
 2968 006c 3969     		ldr	r1, [r7, #16]
 2969 006e FB69     		ldr	r3, [r7, #28]
 2970 0070 5A1C     		adds	r2, r3, #1
 2971 0072 1346     		mov	r3, r2
 2972 0074 5B00     		lsls	r3, r3, #1
 2973 0076 1344     		add	r3, r3, r2
 2974 0078 DB00     		lsls	r3, r3, #3
 2975 007a 0B44     		add	r3, r3, r1
 2976 007c FA68     		ldr	r2, [r7, #12]
 2977 007e 1A60     		str	r2, [r3]
1630:./SystemView/SEGGER_RTT.c ****     pRTTCB->aUp[BufferIndex].pBuffer      = (char*)pBuffer;
 2978              		.loc 1 1630 43
 2979 0080 3969     		ldr	r1, [r7, #16]
 2980 0082 FB69     		ldr	r3, [r7, #28]
 2981 0084 5A1C     		adds	r2, r3, #1
 2982 0086 1346     		mov	r3, r2
 2983 0088 5B00     		lsls	r3, r3, #1
 2984 008a 1344     		add	r3, r3, r2
 2985 008c DB00     		lsls	r3, r3, #3
 2986 008e 0B44     		add	r3, r3, r1
 2987 0090 0433     		adds	r3, r3, #4
 2988 0092 BA68     		ldr	r2, [r7, #8]
 2989 0094 1A60     		str	r2, [r3]
1631:./SystemView/SEGGER_RTT.c ****     pRTTCB->aUp[BufferIndex].SizeOfBuffer = BufferSize;
 2990              		.loc 1 1631 43
 2991 0096 3969     		ldr	r1, [r7, #16]
 2992 0098 FA69     		ldr	r2, [r7, #28]
 2993 009a 1346     		mov	r3, r2
 2994 009c 5B00     		lsls	r3, r3, #1
 2995 009e 1344     		add	r3, r3, r2
 2996 00a0 DB00     		lsls	r3, r3, #3
 2997 00a2 0B44     		add	r3, r3, r1
 2998 00a4 2033     		adds	r3, r3, #32
 2999 00a6 7A68     		ldr	r2, [r7, #4]
 3000 00a8 1A60     		str	r2, [r3]
1632:./SystemView/SEGGER_RTT.c ****     pRTTCB->aUp[BufferIndex].RdOff        = 0u;
 3001              		.loc 1 1632 43
 3002 00aa 3969     		ldr	r1, [r7, #16]
 3003 00ac FA69     		ldr	r2, [r7, #28]
 3004 00ae 1346     		mov	r3, r2
 3005 00b0 5B00     		lsls	r3, r3, #1
 3006 00b2 1344     		add	r3, r3, r2
 3007 00b4 DB00     		lsls	r3, r3, #3
 3008 00b6 0B44     		add	r3, r3, r1
ARM GAS  /var/folders/yl/_q9l42k90g1g4mdhbs226msm0000gn/T//ccXiy4OZ.s 			page 82


 3009 00b8 2833     		adds	r3, r3, #40
 3010 00ba 0022     		movs	r2, #0
 3011 00bc 1A60     		str	r2, [r3]
1633:./SystemView/SEGGER_RTT.c ****     pRTTCB->aUp[BufferIndex].WrOff        = 0u;
 3012              		.loc 1 1633 43
 3013 00be 3969     		ldr	r1, [r7, #16]
 3014 00c0 FA69     		ldr	r2, [r7, #28]
 3015 00c2 1346     		mov	r3, r2
 3016 00c4 5B00     		lsls	r3, r3, #1
 3017 00c6 1344     		add	r3, r3, r2
 3018 00c8 DB00     		lsls	r3, r3, #3
 3019 00ca 0B44     		add	r3, r3, r1
 3020 00cc 2433     		adds	r3, r3, #36
 3021 00ce 0022     		movs	r2, #0
 3022 00d0 1A60     		str	r2, [r3]
1634:./SystemView/SEGGER_RTT.c ****     pRTTCB->aUp[BufferIndex].Flags        = Flags;
 3023              		.loc 1 1634 43
 3024 00d2 3969     		ldr	r1, [r7, #16]
 3025 00d4 FA69     		ldr	r2, [r7, #28]
 3026 00d6 1346     		mov	r3, r2
 3027 00d8 5B00     		lsls	r3, r3, #1
 3028 00da 1344     		add	r3, r3, r2
 3029 00dc DB00     		lsls	r3, r3, #3
 3030 00de 0B44     		add	r3, r3, r1
 3031 00e0 2C33     		adds	r3, r3, #44
 3032 00e2 3A68     		ldr	r2, [r7]
 3033 00e4 1A60     		str	r2, [r3]
1635:./SystemView/SEGGER_RTT.c ****     RTT__DMB();                     // Force data write to be complete before writing the <WrOff>, 
 3034              		.loc 1 1635 5
 3035              		.syntax unified
 3036              	@ 1635 "./SystemView/SEGGER_RTT.c" 1
 3037 00e6 BFF35F8F 		dmb
 3038              	
 3039              	@ 0 "" 2
 3040              		.thumb
 3041              		.syntax unified
 3042 00ea 02E0     		b	.L153
 3043              	.L152:
1636:./SystemView/SEGGER_RTT.c ****   } else {
1637:./SystemView/SEGGER_RTT.c ****     BufferIndex = -1;
 3044              		.loc 1 1637 17
 3045 00ec 4FF0FF33 		mov	r3, #-1
 3046 00f0 FB61     		str	r3, [r7, #28]
 3047              	.L153:
1638:./SystemView/SEGGER_RTT.c ****   }
1639:./SystemView/SEGGER_RTT.c ****   SEGGER_RTT_UNLOCK();
 3048              		.loc 1 1639 3
 3049 00f2 7B69     		ldr	r3, [r7, #20]
 3050              		.syntax unified
 3051              	@ 1639 "./SystemView/SEGGER_RTT.c" 1
 3052 00f4 83F31188 		msr   basepri, r3  
 3053              		
 3054              	@ 0 "" 2
 3055              		.thumb
 3056              		.syntax unified
 3057              	.LBE18:
1640:./SystemView/SEGGER_RTT.c ****   return BufferIndex;
ARM GAS  /var/folders/yl/_q9l42k90g1g4mdhbs226msm0000gn/T//ccXiy4OZ.s 			page 83


 3058              		.loc 1 1640 10
 3059 00f8 FB69     		ldr	r3, [r7, #28]
1641:./SystemView/SEGGER_RTT.c **** }
 3060              		.loc 1 1641 1
 3061 00fa 1846     		mov	r0, r3
 3062 00fc 2037     		adds	r7, r7, #32
 3063              	.LCFI127:
 3064              		.cfi_def_cfa_offset 8
 3065 00fe BD46     		mov	sp, r7
 3066              	.LCFI128:
 3067              		.cfi_def_cfa_register 13
 3068              		@ sp needed
 3069 0100 80BD     		pop	{r7, pc}
 3070              	.L157:
 3071 0102 00BF     		.align	2
 3072              	.L156:
 3073 0104 00000000 		.word	_SEGGER_RTT
 3074              		.cfi_endproc
 3075              	.LFE24:
 3077              		.section	.text.SEGGER_RTT_ConfigUpBuffer,"ax",%progbits
 3078              		.align	1
 3079              		.global	SEGGER_RTT_ConfigUpBuffer
 3080              		.syntax unified
 3081              		.thumb
 3082              		.thumb_func
 3084              	SEGGER_RTT_ConfigUpBuffer:
 3085              	.LFB25:
1642:./SystemView/SEGGER_RTT.c **** 
1643:./SystemView/SEGGER_RTT.c **** /*********************************************************************
1644:./SystemView/SEGGER_RTT.c **** *
1645:./SystemView/SEGGER_RTT.c **** *       SEGGER_RTT_ConfigUpBuffer
1646:./SystemView/SEGGER_RTT.c **** *
1647:./SystemView/SEGGER_RTT.c **** *  Function description
1648:./SystemView/SEGGER_RTT.c **** *    Run-time configuration of a specific up-buffer (T->H).
1649:./SystemView/SEGGER_RTT.c **** *    Buffer to be configured is specified by index.
1650:./SystemView/SEGGER_RTT.c **** *    This includes: Buffer address, size, name, flags, ...
1651:./SystemView/SEGGER_RTT.c **** *
1652:./SystemView/SEGGER_RTT.c **** *  Parameters
1653:./SystemView/SEGGER_RTT.c **** *    BufferIndex  Index of the buffer to configure.
1654:./SystemView/SEGGER_RTT.c **** *    sName        Pointer to a constant name string.
1655:./SystemView/SEGGER_RTT.c **** *    pBuffer      Pointer to a buffer to be used.
1656:./SystemView/SEGGER_RTT.c **** *    BufferSize   Size of the buffer.
1657:./SystemView/SEGGER_RTT.c **** *    Flags        Operating modes. Define behavior if buffer is full (not enough space for entire m
1658:./SystemView/SEGGER_RTT.c **** *                 Flags[31:24] are used for validity check and must be zero. Flags[23:2] are reserv
1659:./SystemView/SEGGER_RTT.c **** *
1660:./SystemView/SEGGER_RTT.c **** *  Return value
1661:./SystemView/SEGGER_RTT.c **** *    >= 0 - O.K.
1662:./SystemView/SEGGER_RTT.c **** *     < 0 - Error
1663:./SystemView/SEGGER_RTT.c **** *
1664:./SystemView/SEGGER_RTT.c **** *  Additional information
1665:./SystemView/SEGGER_RTT.c **** *    Buffer 0 is configured on compile-time.
1666:./SystemView/SEGGER_RTT.c **** *    May only be called once per buffer.
1667:./SystemView/SEGGER_RTT.c **** *    Buffer name and flags can be reconfigured using the appropriate functions.
1668:./SystemView/SEGGER_RTT.c **** */
1669:./SystemView/SEGGER_RTT.c **** int SEGGER_RTT_ConfigUpBuffer(unsigned BufferIndex, const char* sName, void* pBuffer, unsigned Buff
 3086              		.loc 1 1669 124
 3087              		.cfi_startproc
ARM GAS  /var/folders/yl/_q9l42k90g1g4mdhbs226msm0000gn/T//ccXiy4OZ.s 			page 84


 3088              		@ args = 4, pretend = 0, frame = 40
 3089              		@ frame_needed = 1, uses_anonymous_args = 0
 3090 0000 80B5     		push	{r7, lr}
 3091              	.LCFI129:
 3092              		.cfi_def_cfa_offset 8
 3093              		.cfi_offset 7, -8
 3094              		.cfi_offset 14, -4
 3095 0002 8AB0     		sub	sp, sp, #40
 3096              	.LCFI130:
 3097              		.cfi_def_cfa_offset 48
 3098 0004 00AF     		add	r7, sp, #0
 3099              	.LCFI131:
 3100              		.cfi_def_cfa_register 7
 3101 0006 F860     		str	r0, [r7, #12]
 3102 0008 B960     		str	r1, [r7, #8]
 3103 000a 7A60     		str	r2, [r7, #4]
 3104 000c 3B60     		str	r3, [r7]
 3105              	.LBB19:
1670:./SystemView/SEGGER_RTT.c ****   int r;
1671:./SystemView/SEGGER_RTT.c ****   volatile SEGGER_RTT_CB* pRTTCB;
1672:./SystemView/SEGGER_RTT.c ****   volatile SEGGER_RTT_BUFFER_UP* pUp;
1673:./SystemView/SEGGER_RTT.c **** 
1674:./SystemView/SEGGER_RTT.c ****   INIT();
 3106              		.loc 1 1674 3
 3107 000e 204B     		ldr	r3, .L164
 3108 0010 3B62     		str	r3, [r7, #32]
 3109 0012 3B6A     		ldr	r3, [r7, #32]
 3110 0014 1B78     		ldrb	r3, [r3]
 3111 0016 DBB2     		uxtb	r3, r3
 3112 0018 532B     		cmp	r3, #83
 3113 001a 01D0     		beq	.L159
 3114              		.loc 1 1674 3 is_stmt 0 discriminator 1
 3115 001c FFF7FEFF 		bl	_DoInit
 3116              	.L159:
 3117              	.LBE19:
1675:./SystemView/SEGGER_RTT.c ****   pRTTCB = (volatile SEGGER_RTT_CB*)((uintptr_t)&_SEGGER_RTT + SEGGER_RTT_UNCACHED_OFF);  // Access
 3118              		.loc 1 1675 10 is_stmt 1
 3119 0020 1B4B     		ldr	r3, .L164
 3120 0022 FB61     		str	r3, [r7, #28]
1676:./SystemView/SEGGER_RTT.c ****   if (BufferIndex < SEGGER_RTT_MAX_NUM_UP_BUFFERS) {
 3121              		.loc 1 1676 6
 3122 0024 FB68     		ldr	r3, [r7, #12]
 3123 0026 022B     		cmp	r3, #2
 3124 0028 2AD8     		bhi	.L160
 3125              	.LBB20:
1677:./SystemView/SEGGER_RTT.c ****     SEGGER_RTT_LOCK();
 3126              		.loc 1 1677 5
 3127              		.syntax unified
 3128              	@ 1677 "./SystemView/SEGGER_RTT.c" 1
 3129 002a EFF31183 		mrs   r3, basepri  
 3130 002e 4FF02001 		mov   r1, #32       
 3131 0032 81F31188 		msr   basepri, r1  
 3132              		
 3133              	@ 0 "" 2
 3134              		.thumb
 3135              		.syntax unified
 3136 0036 BB61     		str	r3, [r7, #24]
ARM GAS  /var/folders/yl/_q9l42k90g1g4mdhbs226msm0000gn/T//ccXiy4OZ.s 			page 85


1678:./SystemView/SEGGER_RTT.c ****     pUp = &pRTTCB->aUp[BufferIndex];
 3137              		.loc 1 1678 9
 3138 0038 FB68     		ldr	r3, [r7, #12]
 3139 003a 5A1C     		adds	r2, r3, #1
 3140 003c 1346     		mov	r3, r2
 3141 003e 5B00     		lsls	r3, r3, #1
 3142 0040 1344     		add	r3, r3, r2
 3143 0042 DB00     		lsls	r3, r3, #3
 3144 0044 FA69     		ldr	r2, [r7, #28]
 3145 0046 1344     		add	r3, r3, r2
 3146 0048 7B61     		str	r3, [r7, #20]
1679:./SystemView/SEGGER_RTT.c ****     if (BufferIndex) {
 3147              		.loc 1 1679 8
 3148 004a FB68     		ldr	r3, [r7, #12]
 3149 004c 002B     		cmp	r3, #0
 3150 004e 0ED0     		beq	.L161
1680:./SystemView/SEGGER_RTT.c ****       pUp->sName        = sName;
 3151              		.loc 1 1680 25
 3152 0050 7B69     		ldr	r3, [r7, #20]
 3153 0052 BA68     		ldr	r2, [r7, #8]
 3154 0054 1A60     		str	r2, [r3]
1681:./SystemView/SEGGER_RTT.c ****       pUp->pBuffer      = (char*)pBuffer;
 3155              		.loc 1 1681 25
 3156 0056 7B69     		ldr	r3, [r7, #20]
 3157 0058 7A68     		ldr	r2, [r7, #4]
 3158 005a 5A60     		str	r2, [r3, #4]
1682:./SystemView/SEGGER_RTT.c ****       pUp->SizeOfBuffer = BufferSize;
 3159              		.loc 1 1682 25
 3160 005c 7B69     		ldr	r3, [r7, #20]
 3161 005e 3A68     		ldr	r2, [r7]
 3162 0060 9A60     		str	r2, [r3, #8]
1683:./SystemView/SEGGER_RTT.c ****       pUp->RdOff        = 0u;
 3163              		.loc 1 1683 25
 3164 0062 7B69     		ldr	r3, [r7, #20]
 3165 0064 0022     		movs	r2, #0
 3166 0066 1A61     		str	r2, [r3, #16]
1684:./SystemView/SEGGER_RTT.c ****       pUp->WrOff        = 0u;
 3167              		.loc 1 1684 25
 3168 0068 7B69     		ldr	r3, [r7, #20]
 3169 006a 0022     		movs	r2, #0
 3170 006c DA60     		str	r2, [r3, #12]
 3171              	.L161:
1685:./SystemView/SEGGER_RTT.c ****     }
1686:./SystemView/SEGGER_RTT.c ****     pUp->Flags          = Flags;
 3172              		.loc 1 1686 25
 3173 006e 7B69     		ldr	r3, [r7, #20]
 3174 0070 3A6B     		ldr	r2, [r7, #48]
 3175 0072 5A61     		str	r2, [r3, #20]
1687:./SystemView/SEGGER_RTT.c ****     SEGGER_RTT_UNLOCK();
 3176              		.loc 1 1687 5
 3177 0074 BB69     		ldr	r3, [r7, #24]
 3178              		.syntax unified
 3179              	@ 1687 "./SystemView/SEGGER_RTT.c" 1
 3180 0076 83F31188 		msr   basepri, r3  
 3181              		
 3182              	@ 0 "" 2
 3183              		.thumb
ARM GAS  /var/folders/yl/_q9l42k90g1g4mdhbs226msm0000gn/T//ccXiy4OZ.s 			page 86


 3184              		.syntax unified
 3185              	.LBE20:
1688:./SystemView/SEGGER_RTT.c ****     r =  0;
 3186              		.loc 1 1688 7
 3187 007a 0023     		movs	r3, #0
 3188 007c 7B62     		str	r3, [r7, #36]
 3189 007e 02E0     		b	.L162
 3190              	.L160:
1689:./SystemView/SEGGER_RTT.c ****   } else {
1690:./SystemView/SEGGER_RTT.c ****     r = -1;
 3191              		.loc 1 1690 7
 3192 0080 4FF0FF33 		mov	r3, #-1
 3193 0084 7B62     		str	r3, [r7, #36]
 3194              	.L162:
1691:./SystemView/SEGGER_RTT.c ****   }
1692:./SystemView/SEGGER_RTT.c ****   return r;
 3195              		.loc 1 1692 10
 3196 0086 7B6A     		ldr	r3, [r7, #36]
1693:./SystemView/SEGGER_RTT.c **** }
 3197              		.loc 1 1693 1
 3198 0088 1846     		mov	r0, r3
 3199 008a 2837     		adds	r7, r7, #40
 3200              	.LCFI132:
 3201              		.cfi_def_cfa_offset 8
 3202 008c BD46     		mov	sp, r7
 3203              	.LCFI133:
 3204              		.cfi_def_cfa_register 13
 3205              		@ sp needed
 3206 008e 80BD     		pop	{r7, pc}
 3207              	.L165:
 3208              		.align	2
 3209              	.L164:
 3210 0090 00000000 		.word	_SEGGER_RTT
 3211              		.cfi_endproc
 3212              	.LFE25:
 3214              		.section	.text.SEGGER_RTT_ConfigDownBuffer,"ax",%progbits
 3215              		.align	1
 3216              		.global	SEGGER_RTT_ConfigDownBuffer
 3217              		.syntax unified
 3218              		.thumb
 3219              		.thumb_func
 3221              	SEGGER_RTT_ConfigDownBuffer:
 3222              	.LFB26:
1694:./SystemView/SEGGER_RTT.c **** 
1695:./SystemView/SEGGER_RTT.c **** /*********************************************************************
1696:./SystemView/SEGGER_RTT.c **** *
1697:./SystemView/SEGGER_RTT.c **** *       SEGGER_RTT_ConfigDownBuffer
1698:./SystemView/SEGGER_RTT.c **** *
1699:./SystemView/SEGGER_RTT.c **** *  Function description
1700:./SystemView/SEGGER_RTT.c **** *    Run-time configuration of a specific down-buffer (H->T).
1701:./SystemView/SEGGER_RTT.c **** *    Buffer to be configured is specified by index.
1702:./SystemView/SEGGER_RTT.c **** *    This includes: Buffer address, size, name, flags, ...
1703:./SystemView/SEGGER_RTT.c **** *
1704:./SystemView/SEGGER_RTT.c **** *  Parameters
1705:./SystemView/SEGGER_RTT.c **** *    BufferIndex  Index of the buffer to configure.
1706:./SystemView/SEGGER_RTT.c **** *    sName        Pointer to a constant name string.
1707:./SystemView/SEGGER_RTT.c **** *    pBuffer      Pointer to a buffer to be used.
ARM GAS  /var/folders/yl/_q9l42k90g1g4mdhbs226msm0000gn/T//ccXiy4OZ.s 			page 87


1708:./SystemView/SEGGER_RTT.c **** *    BufferSize   Size of the buffer.
1709:./SystemView/SEGGER_RTT.c **** *    Flags        Operating modes. Define behavior if buffer is full (not enough space for entire m
1710:./SystemView/SEGGER_RTT.c **** *                 Flags[31:24] are used for validity check and must be zero. Flags[23:2] are reserv
1711:./SystemView/SEGGER_RTT.c **** *
1712:./SystemView/SEGGER_RTT.c **** *  Return value
1713:./SystemView/SEGGER_RTT.c **** *    >= 0  O.K.
1714:./SystemView/SEGGER_RTT.c **** *     < 0  Error
1715:./SystemView/SEGGER_RTT.c **** *
1716:./SystemView/SEGGER_RTT.c **** *  Additional information
1717:./SystemView/SEGGER_RTT.c **** *    Buffer 0 is configured on compile-time.
1718:./SystemView/SEGGER_RTT.c **** *    May only be called once per buffer.
1719:./SystemView/SEGGER_RTT.c **** *    Buffer name and flags can be reconfigured using the appropriate functions.
1720:./SystemView/SEGGER_RTT.c **** */
1721:./SystemView/SEGGER_RTT.c **** int SEGGER_RTT_ConfigDownBuffer(unsigned BufferIndex, const char* sName, void* pBuffer, unsigned Bu
 3223              		.loc 1 1721 126
 3224              		.cfi_startproc
 3225              		@ args = 4, pretend = 0, frame = 40
 3226              		@ frame_needed = 1, uses_anonymous_args = 0
 3227 0000 80B5     		push	{r7, lr}
 3228              	.LCFI134:
 3229              		.cfi_def_cfa_offset 8
 3230              		.cfi_offset 7, -8
 3231              		.cfi_offset 14, -4
 3232 0002 8AB0     		sub	sp, sp, #40
 3233              	.LCFI135:
 3234              		.cfi_def_cfa_offset 48
 3235 0004 00AF     		add	r7, sp, #0
 3236              	.LCFI136:
 3237              		.cfi_def_cfa_register 7
 3238 0006 F860     		str	r0, [r7, #12]
 3239 0008 B960     		str	r1, [r7, #8]
 3240 000a 7A60     		str	r2, [r7, #4]
 3241 000c 3B60     		str	r3, [r7]
 3242              	.LBB21:
1722:./SystemView/SEGGER_RTT.c ****   int r;
1723:./SystemView/SEGGER_RTT.c ****   volatile SEGGER_RTT_CB* pRTTCB;
1724:./SystemView/SEGGER_RTT.c ****   volatile SEGGER_RTT_BUFFER_DOWN* pDown;
1725:./SystemView/SEGGER_RTT.c **** 
1726:./SystemView/SEGGER_RTT.c ****   INIT();
 3243              		.loc 1 1726 3
 3244 000e 214B     		ldr	r3, .L172
 3245 0010 3B62     		str	r3, [r7, #32]
 3246 0012 3B6A     		ldr	r3, [r7, #32]
 3247 0014 1B78     		ldrb	r3, [r3]
 3248 0016 DBB2     		uxtb	r3, r3
 3249 0018 532B     		cmp	r3, #83
 3250 001a 01D0     		beq	.L167
 3251              		.loc 1 1726 3 is_stmt 0 discriminator 1
 3252 001c FFF7FEFF 		bl	_DoInit
 3253              	.L167:
 3254              	.LBE21:
1727:./SystemView/SEGGER_RTT.c ****   pRTTCB = (volatile SEGGER_RTT_CB*)((uintptr_t)&_SEGGER_RTT + SEGGER_RTT_UNCACHED_OFF);  // Access
 3255              		.loc 1 1727 10 is_stmt 1
 3256 0020 1C4B     		ldr	r3, .L172
 3257 0022 FB61     		str	r3, [r7, #28]
1728:./SystemView/SEGGER_RTT.c ****   if (BufferIndex < SEGGER_RTT_MAX_NUM_DOWN_BUFFERS) {
 3258              		.loc 1 1728 6
ARM GAS  /var/folders/yl/_q9l42k90g1g4mdhbs226msm0000gn/T//ccXiy4OZ.s 			page 88


 3259 0024 FB68     		ldr	r3, [r7, #12]
 3260 0026 022B     		cmp	r3, #2
 3261 0028 2CD8     		bhi	.L168
 3262              	.LBB22:
1729:./SystemView/SEGGER_RTT.c ****     SEGGER_RTT_LOCK();
 3263              		.loc 1 1729 5
 3264              		.syntax unified
 3265              	@ 1729 "./SystemView/SEGGER_RTT.c" 1
 3266 002a EFF31183 		mrs   r3, basepri  
 3267 002e 4FF02001 		mov   r1, #32       
 3268 0032 81F31188 		msr   basepri, r1  
 3269              		
 3270              	@ 0 "" 2
 3271              		.thumb
 3272              		.syntax unified
 3273 0036 BB61     		str	r3, [r7, #24]
1730:./SystemView/SEGGER_RTT.c ****     pDown = &pRTTCB->aDown[BufferIndex];
 3274              		.loc 1 1730 11
 3275 0038 FA68     		ldr	r2, [r7, #12]
 3276 003a 1346     		mov	r3, r2
 3277 003c 5B00     		lsls	r3, r3, #1
 3278 003e 1344     		add	r3, r3, r2
 3279 0040 DB00     		lsls	r3, r3, #3
 3280 0042 6033     		adds	r3, r3, #96
 3281 0044 FA69     		ldr	r2, [r7, #28]
 3282 0046 1344     		add	r3, r3, r2
 3283 0048 7B61     		str	r3, [r7, #20]
1731:./SystemView/SEGGER_RTT.c ****     if (BufferIndex) {
 3284              		.loc 1 1731 8
 3285 004a FB68     		ldr	r3, [r7, #12]
 3286 004c 002B     		cmp	r3, #0
 3287 004e 0ED0     		beq	.L169
1732:./SystemView/SEGGER_RTT.c ****       pDown->sName        = sName;
 3288              		.loc 1 1732 27
 3289 0050 7B69     		ldr	r3, [r7, #20]
 3290 0052 BA68     		ldr	r2, [r7, #8]
 3291 0054 1A60     		str	r2, [r3]
1733:./SystemView/SEGGER_RTT.c ****       pDown->pBuffer      = (char*)pBuffer;
 3292              		.loc 1 1733 27
 3293 0056 7B69     		ldr	r3, [r7, #20]
 3294 0058 7A68     		ldr	r2, [r7, #4]
 3295 005a 5A60     		str	r2, [r3, #4]
1734:./SystemView/SEGGER_RTT.c ****       pDown->SizeOfBuffer = BufferSize;
 3296              		.loc 1 1734 27
 3297 005c 7B69     		ldr	r3, [r7, #20]
 3298 005e 3A68     		ldr	r2, [r7]
 3299 0060 9A60     		str	r2, [r3, #8]
1735:./SystemView/SEGGER_RTT.c ****       pDown->RdOff        = 0u;
 3300              		.loc 1 1735 27
 3301 0062 7B69     		ldr	r3, [r7, #20]
 3302 0064 0022     		movs	r2, #0
 3303 0066 1A61     		str	r2, [r3, #16]
1736:./SystemView/SEGGER_RTT.c ****       pDown->WrOff        = 0u;
 3304              		.loc 1 1736 27
 3305 0068 7B69     		ldr	r3, [r7, #20]
 3306 006a 0022     		movs	r2, #0
 3307 006c DA60     		str	r2, [r3, #12]
ARM GAS  /var/folders/yl/_q9l42k90g1g4mdhbs226msm0000gn/T//ccXiy4OZ.s 			page 89


 3308              	.L169:
1737:./SystemView/SEGGER_RTT.c ****     }
1738:./SystemView/SEGGER_RTT.c ****     pDown->Flags          = Flags;
 3309              		.loc 1 1738 27
 3310 006e 7B69     		ldr	r3, [r7, #20]
 3311 0070 3A6B     		ldr	r2, [r7, #48]
 3312 0072 5A61     		str	r2, [r3, #20]
1739:./SystemView/SEGGER_RTT.c ****     RTT__DMB();                     // Force data write to be complete before writing the <WrOff>, 
 3313              		.loc 1 1739 5
 3314              		.syntax unified
 3315              	@ 1739 "./SystemView/SEGGER_RTT.c" 1
 3316 0074 BFF35F8F 		dmb
 3317              	
 3318              	@ 0 "" 2
1740:./SystemView/SEGGER_RTT.c ****     SEGGER_RTT_UNLOCK();
 3319              		.loc 1 1740 5
 3320              		.thumb
 3321              		.syntax unified
 3322 0078 BB69     		ldr	r3, [r7, #24]
 3323              		.syntax unified
 3324              	@ 1740 "./SystemView/SEGGER_RTT.c" 1
 3325 007a 83F31188 		msr   basepri, r3  
 3326              		
 3327              	@ 0 "" 2
 3328              		.thumb
 3329              		.syntax unified
 3330              	.LBE22:
1741:./SystemView/SEGGER_RTT.c ****     r =  0;
 3331              		.loc 1 1741 7
 3332 007e 0023     		movs	r3, #0
 3333 0080 7B62     		str	r3, [r7, #36]
 3334 0082 02E0     		b	.L170
 3335              	.L168:
1742:./SystemView/SEGGER_RTT.c ****   } else {
1743:./SystemView/SEGGER_RTT.c ****     r = -1;
 3336              		.loc 1 1743 7
 3337 0084 4FF0FF33 		mov	r3, #-1
 3338 0088 7B62     		str	r3, [r7, #36]
 3339              	.L170:
1744:./SystemView/SEGGER_RTT.c ****   }
1745:./SystemView/SEGGER_RTT.c ****   return r;
 3340              		.loc 1 1745 10
 3341 008a 7B6A     		ldr	r3, [r7, #36]
1746:./SystemView/SEGGER_RTT.c **** }
 3342              		.loc 1 1746 1
 3343 008c 1846     		mov	r0, r3
 3344 008e 2837     		adds	r7, r7, #40
 3345              	.LCFI137:
 3346              		.cfi_def_cfa_offset 8
 3347 0090 BD46     		mov	sp, r7
 3348              	.LCFI138:
 3349              		.cfi_def_cfa_register 13
 3350              		@ sp needed
 3351 0092 80BD     		pop	{r7, pc}
 3352              	.L173:
 3353              		.align	2
 3354              	.L172:
ARM GAS  /var/folders/yl/_q9l42k90g1g4mdhbs226msm0000gn/T//ccXiy4OZ.s 			page 90


 3355 0094 00000000 		.word	_SEGGER_RTT
 3356              		.cfi_endproc
 3357              	.LFE26:
 3359              		.section	.text.SEGGER_RTT_SetNameUpBuffer,"ax",%progbits
 3360              		.align	1
 3361              		.global	SEGGER_RTT_SetNameUpBuffer
 3362              		.syntax unified
 3363              		.thumb
 3364              		.thumb_func
 3366              	SEGGER_RTT_SetNameUpBuffer:
 3367              	.LFB27:
1747:./SystemView/SEGGER_RTT.c **** 
1748:./SystemView/SEGGER_RTT.c **** /*********************************************************************
1749:./SystemView/SEGGER_RTT.c **** *
1750:./SystemView/SEGGER_RTT.c **** *       SEGGER_RTT_SetNameUpBuffer
1751:./SystemView/SEGGER_RTT.c **** *
1752:./SystemView/SEGGER_RTT.c **** *  Function description
1753:./SystemView/SEGGER_RTT.c **** *    Run-time configuration of a specific up-buffer name (T->H).
1754:./SystemView/SEGGER_RTT.c **** *    Buffer to be configured is specified by index.
1755:./SystemView/SEGGER_RTT.c **** *
1756:./SystemView/SEGGER_RTT.c **** *  Parameters
1757:./SystemView/SEGGER_RTT.c **** *    BufferIndex  Index of the buffer to renamed.
1758:./SystemView/SEGGER_RTT.c **** *    sName        Pointer to a constant name string.
1759:./SystemView/SEGGER_RTT.c **** *
1760:./SystemView/SEGGER_RTT.c **** *  Return value
1761:./SystemView/SEGGER_RTT.c **** *    >= 0  O.K.
1762:./SystemView/SEGGER_RTT.c **** *     < 0  Error
1763:./SystemView/SEGGER_RTT.c **** */
1764:./SystemView/SEGGER_RTT.c **** int SEGGER_RTT_SetNameUpBuffer(unsigned BufferIndex, const char* sName) {
 3368              		.loc 1 1764 73
 3369              		.cfi_startproc
 3370              		@ args = 0, pretend = 0, frame = 32
 3371              		@ frame_needed = 1, uses_anonymous_args = 0
 3372 0000 80B5     		push	{r7, lr}
 3373              	.LCFI139:
 3374              		.cfi_def_cfa_offset 8
 3375              		.cfi_offset 7, -8
 3376              		.cfi_offset 14, -4
 3377 0002 88B0     		sub	sp, sp, #32
 3378              	.LCFI140:
 3379              		.cfi_def_cfa_offset 40
 3380 0004 00AF     		add	r7, sp, #0
 3381              	.LCFI141:
 3382              		.cfi_def_cfa_register 7
 3383 0006 7860     		str	r0, [r7, #4]
 3384 0008 3960     		str	r1, [r7]
 3385              	.LBB23:
1765:./SystemView/SEGGER_RTT.c ****   int r;
1766:./SystemView/SEGGER_RTT.c ****   volatile SEGGER_RTT_CB* pRTTCB;
1767:./SystemView/SEGGER_RTT.c ****   volatile SEGGER_RTT_BUFFER_UP* pUp;
1768:./SystemView/SEGGER_RTT.c **** 
1769:./SystemView/SEGGER_RTT.c ****   INIT();
 3386              		.loc 1 1769 3
 3387 000a 174B     		ldr	r3, .L179
 3388 000c BB61     		str	r3, [r7, #24]
 3389 000e BB69     		ldr	r3, [r7, #24]
 3390 0010 1B78     		ldrb	r3, [r3]
ARM GAS  /var/folders/yl/_q9l42k90g1g4mdhbs226msm0000gn/T//ccXiy4OZ.s 			page 91


 3391 0012 DBB2     		uxtb	r3, r3
 3392 0014 532B     		cmp	r3, #83
 3393 0016 01D0     		beq	.L175
 3394              		.loc 1 1769 3 is_stmt 0 discriminator 1
 3395 0018 FFF7FEFF 		bl	_DoInit
 3396              	.L175:
 3397              	.LBE23:
1770:./SystemView/SEGGER_RTT.c ****   pRTTCB = (volatile SEGGER_RTT_CB*)((uintptr_t)&_SEGGER_RTT + SEGGER_RTT_UNCACHED_OFF);  // Access
 3398              		.loc 1 1770 10 is_stmt 1
 3399 001c 124B     		ldr	r3, .L179
 3400 001e 7B61     		str	r3, [r7, #20]
1771:./SystemView/SEGGER_RTT.c ****   if (BufferIndex < SEGGER_RTT_MAX_NUM_UP_BUFFERS) {
 3401              		.loc 1 1771 6
 3402 0020 7B68     		ldr	r3, [r7, #4]
 3403 0022 022B     		cmp	r3, #2
 3404 0024 18D8     		bhi	.L176
 3405              	.LBB24:
1772:./SystemView/SEGGER_RTT.c ****     SEGGER_RTT_LOCK();
 3406              		.loc 1 1772 5
 3407              		.syntax unified
 3408              	@ 1772 "./SystemView/SEGGER_RTT.c" 1
 3409 0026 EFF31183 		mrs   r3, basepri  
 3410 002a 4FF02001 		mov   r1, #32       
 3411 002e 81F31188 		msr   basepri, r1  
 3412              		
 3413              	@ 0 "" 2
 3414              		.thumb
 3415              		.syntax unified
 3416 0032 3B61     		str	r3, [r7, #16]
1773:./SystemView/SEGGER_RTT.c ****     pUp = &pRTTCB->aUp[BufferIndex];
 3417              		.loc 1 1773 9
 3418 0034 7B68     		ldr	r3, [r7, #4]
 3419 0036 5A1C     		adds	r2, r3, #1
 3420 0038 1346     		mov	r3, r2
 3421 003a 5B00     		lsls	r3, r3, #1
 3422 003c 1344     		add	r3, r3, r2
 3423 003e DB00     		lsls	r3, r3, #3
 3424 0040 7A69     		ldr	r2, [r7, #20]
 3425 0042 1344     		add	r3, r3, r2
 3426 0044 FB60     		str	r3, [r7, #12]
1774:./SystemView/SEGGER_RTT.c ****     pUp->sName = sName;
 3427              		.loc 1 1774 16
 3428 0046 FB68     		ldr	r3, [r7, #12]
 3429 0048 3A68     		ldr	r2, [r7]
 3430 004a 1A60     		str	r2, [r3]
1775:./SystemView/SEGGER_RTT.c ****     SEGGER_RTT_UNLOCK();
 3431              		.loc 1 1775 5
 3432 004c 3B69     		ldr	r3, [r7, #16]
 3433              		.syntax unified
 3434              	@ 1775 "./SystemView/SEGGER_RTT.c" 1
 3435 004e 83F31188 		msr   basepri, r3  
 3436              		
 3437              	@ 0 "" 2
 3438              		.thumb
 3439              		.syntax unified
 3440              	.LBE24:
1776:./SystemView/SEGGER_RTT.c ****     r =  0;
ARM GAS  /var/folders/yl/_q9l42k90g1g4mdhbs226msm0000gn/T//ccXiy4OZ.s 			page 92


 3441              		.loc 1 1776 7
 3442 0052 0023     		movs	r3, #0
 3443 0054 FB61     		str	r3, [r7, #28]
 3444 0056 02E0     		b	.L177
 3445              	.L176:
1777:./SystemView/SEGGER_RTT.c ****   } else {
1778:./SystemView/SEGGER_RTT.c ****     r = -1;
 3446              		.loc 1 1778 7
 3447 0058 4FF0FF33 		mov	r3, #-1
 3448 005c FB61     		str	r3, [r7, #28]
 3449              	.L177:
1779:./SystemView/SEGGER_RTT.c ****   }
1780:./SystemView/SEGGER_RTT.c ****   return r;
 3450              		.loc 1 1780 10
 3451 005e FB69     		ldr	r3, [r7, #28]
1781:./SystemView/SEGGER_RTT.c **** }
 3452              		.loc 1 1781 1
 3453 0060 1846     		mov	r0, r3
 3454 0062 2037     		adds	r7, r7, #32
 3455              	.LCFI142:
 3456              		.cfi_def_cfa_offset 8
 3457 0064 BD46     		mov	sp, r7
 3458              	.LCFI143:
 3459              		.cfi_def_cfa_register 13
 3460              		@ sp needed
 3461 0066 80BD     		pop	{r7, pc}
 3462              	.L180:
 3463              		.align	2
 3464              	.L179:
 3465 0068 00000000 		.word	_SEGGER_RTT
 3466              		.cfi_endproc
 3467              	.LFE27:
 3469              		.section	.text.SEGGER_RTT_SetNameDownBuffer,"ax",%progbits
 3470              		.align	1
 3471              		.global	SEGGER_RTT_SetNameDownBuffer
 3472              		.syntax unified
 3473              		.thumb
 3474              		.thumb_func
 3476              	SEGGER_RTT_SetNameDownBuffer:
 3477              	.LFB28:
1782:./SystemView/SEGGER_RTT.c **** 
1783:./SystemView/SEGGER_RTT.c **** /*********************************************************************
1784:./SystemView/SEGGER_RTT.c **** *
1785:./SystemView/SEGGER_RTT.c **** *       SEGGER_RTT_SetNameDownBuffer
1786:./SystemView/SEGGER_RTT.c **** *
1787:./SystemView/SEGGER_RTT.c **** *  Function description
1788:./SystemView/SEGGER_RTT.c **** *    Run-time configuration of a specific Down-buffer name (T->H).
1789:./SystemView/SEGGER_RTT.c **** *    Buffer to be configured is specified by index.
1790:./SystemView/SEGGER_RTT.c **** *
1791:./SystemView/SEGGER_RTT.c **** *  Parameters
1792:./SystemView/SEGGER_RTT.c **** *    BufferIndex  Index of the buffer to renamed.
1793:./SystemView/SEGGER_RTT.c **** *    sName        Pointer to a constant name string.
1794:./SystemView/SEGGER_RTT.c **** *
1795:./SystemView/SEGGER_RTT.c **** *  Return value
1796:./SystemView/SEGGER_RTT.c **** *    >= 0  O.K.
1797:./SystemView/SEGGER_RTT.c **** *     < 0  Error
1798:./SystemView/SEGGER_RTT.c **** */
ARM GAS  /var/folders/yl/_q9l42k90g1g4mdhbs226msm0000gn/T//ccXiy4OZ.s 			page 93


1799:./SystemView/SEGGER_RTT.c **** int SEGGER_RTT_SetNameDownBuffer(unsigned BufferIndex, const char* sName) {
 3478              		.loc 1 1799 75
 3479              		.cfi_startproc
 3480              		@ args = 0, pretend = 0, frame = 32
 3481              		@ frame_needed = 1, uses_anonymous_args = 0
 3482 0000 80B5     		push	{r7, lr}
 3483              	.LCFI144:
 3484              		.cfi_def_cfa_offset 8
 3485              		.cfi_offset 7, -8
 3486              		.cfi_offset 14, -4
 3487 0002 88B0     		sub	sp, sp, #32
 3488              	.LCFI145:
 3489              		.cfi_def_cfa_offset 40
 3490 0004 00AF     		add	r7, sp, #0
 3491              	.LCFI146:
 3492              		.cfi_def_cfa_register 7
 3493 0006 7860     		str	r0, [r7, #4]
 3494 0008 3960     		str	r1, [r7]
 3495              	.LBB25:
1800:./SystemView/SEGGER_RTT.c ****   int r;
1801:./SystemView/SEGGER_RTT.c ****   volatile SEGGER_RTT_CB* pRTTCB;
1802:./SystemView/SEGGER_RTT.c ****   volatile SEGGER_RTT_BUFFER_DOWN* pDown;
1803:./SystemView/SEGGER_RTT.c **** 
1804:./SystemView/SEGGER_RTT.c ****   INIT();
 3496              		.loc 1 1804 3
 3497 000a 174B     		ldr	r3, .L186
 3498 000c BB61     		str	r3, [r7, #24]
 3499 000e BB69     		ldr	r3, [r7, #24]
 3500 0010 1B78     		ldrb	r3, [r3]
 3501 0012 DBB2     		uxtb	r3, r3
 3502 0014 532B     		cmp	r3, #83
 3503 0016 01D0     		beq	.L182
 3504              		.loc 1 1804 3 is_stmt 0 discriminator 1
 3505 0018 FFF7FEFF 		bl	_DoInit
 3506              	.L182:
 3507              	.LBE25:
1805:./SystemView/SEGGER_RTT.c ****   pRTTCB = (volatile SEGGER_RTT_CB*)((uintptr_t)&_SEGGER_RTT + SEGGER_RTT_UNCACHED_OFF);  // Access
 3508              		.loc 1 1805 10 is_stmt 1
 3509 001c 124B     		ldr	r3, .L186
 3510 001e 7B61     		str	r3, [r7, #20]
1806:./SystemView/SEGGER_RTT.c ****   if (BufferIndex < SEGGER_RTT_MAX_NUM_DOWN_BUFFERS) {
 3511              		.loc 1 1806 6
 3512 0020 7B68     		ldr	r3, [r7, #4]
 3513 0022 022B     		cmp	r3, #2
 3514 0024 18D8     		bhi	.L183
 3515              	.LBB26:
1807:./SystemView/SEGGER_RTT.c ****     SEGGER_RTT_LOCK();
 3516              		.loc 1 1807 5
 3517              		.syntax unified
 3518              	@ 1807 "./SystemView/SEGGER_RTT.c" 1
 3519 0026 EFF31183 		mrs   r3, basepri  
 3520 002a 4FF02001 		mov   r1, #32       
 3521 002e 81F31188 		msr   basepri, r1  
 3522              		
 3523              	@ 0 "" 2
 3524              		.thumb
 3525              		.syntax unified
ARM GAS  /var/folders/yl/_q9l42k90g1g4mdhbs226msm0000gn/T//ccXiy4OZ.s 			page 94


 3526 0032 3B61     		str	r3, [r7, #16]
1808:./SystemView/SEGGER_RTT.c ****     pDown = &pRTTCB->aDown[BufferIndex];
 3527              		.loc 1 1808 11
 3528 0034 7A68     		ldr	r2, [r7, #4]
 3529 0036 1346     		mov	r3, r2
 3530 0038 5B00     		lsls	r3, r3, #1
 3531 003a 1344     		add	r3, r3, r2
 3532 003c DB00     		lsls	r3, r3, #3
 3533 003e 6033     		adds	r3, r3, #96
 3534 0040 7A69     		ldr	r2, [r7, #20]
 3535 0042 1344     		add	r3, r3, r2
 3536 0044 FB60     		str	r3, [r7, #12]
1809:./SystemView/SEGGER_RTT.c ****     pDown->sName = sName;
 3537              		.loc 1 1809 18
 3538 0046 FB68     		ldr	r3, [r7, #12]
 3539 0048 3A68     		ldr	r2, [r7]
 3540 004a 1A60     		str	r2, [r3]
1810:./SystemView/SEGGER_RTT.c ****     SEGGER_RTT_UNLOCK();
 3541              		.loc 1 1810 5
 3542 004c 3B69     		ldr	r3, [r7, #16]
 3543              		.syntax unified
 3544              	@ 1810 "./SystemView/SEGGER_RTT.c" 1
 3545 004e 83F31188 		msr   basepri, r3  
 3546              		
 3547              	@ 0 "" 2
 3548              		.thumb
 3549              		.syntax unified
 3550              	.LBE26:
1811:./SystemView/SEGGER_RTT.c ****     r =  0;
 3551              		.loc 1 1811 7
 3552 0052 0023     		movs	r3, #0
 3553 0054 FB61     		str	r3, [r7, #28]
 3554 0056 02E0     		b	.L184
 3555              	.L183:
1812:./SystemView/SEGGER_RTT.c ****   } else {
1813:./SystemView/SEGGER_RTT.c ****     r = -1;
 3556              		.loc 1 1813 7
 3557 0058 4FF0FF33 		mov	r3, #-1
 3558 005c FB61     		str	r3, [r7, #28]
 3559              	.L184:
1814:./SystemView/SEGGER_RTT.c ****   }
1815:./SystemView/SEGGER_RTT.c ****   return r;
 3560              		.loc 1 1815 10
 3561 005e FB69     		ldr	r3, [r7, #28]
1816:./SystemView/SEGGER_RTT.c **** }
 3562              		.loc 1 1816 1
 3563 0060 1846     		mov	r0, r3
 3564 0062 2037     		adds	r7, r7, #32
 3565              	.LCFI147:
 3566              		.cfi_def_cfa_offset 8
 3567 0064 BD46     		mov	sp, r7
 3568              	.LCFI148:
 3569              		.cfi_def_cfa_register 13
 3570              		@ sp needed
 3571 0066 80BD     		pop	{r7, pc}
 3572              	.L187:
 3573              		.align	2
ARM GAS  /var/folders/yl/_q9l42k90g1g4mdhbs226msm0000gn/T//ccXiy4OZ.s 			page 95


 3574              	.L186:
 3575 0068 00000000 		.word	_SEGGER_RTT
 3576              		.cfi_endproc
 3577              	.LFE28:
 3579              		.section	.text.SEGGER_RTT_SetFlagsUpBuffer,"ax",%progbits
 3580              		.align	1
 3581              		.global	SEGGER_RTT_SetFlagsUpBuffer
 3582              		.syntax unified
 3583              		.thumb
 3584              		.thumb_func
 3586              	SEGGER_RTT_SetFlagsUpBuffer:
 3587              	.LFB29:
1817:./SystemView/SEGGER_RTT.c **** 
1818:./SystemView/SEGGER_RTT.c **** /*********************************************************************
1819:./SystemView/SEGGER_RTT.c **** *
1820:./SystemView/SEGGER_RTT.c **** *       SEGGER_RTT_SetFlagsUpBuffer
1821:./SystemView/SEGGER_RTT.c **** *
1822:./SystemView/SEGGER_RTT.c **** *  Function description
1823:./SystemView/SEGGER_RTT.c **** *    Run-time configuration of specific up-buffer flags (T->H).
1824:./SystemView/SEGGER_RTT.c **** *    Buffer to be configured is specified by index.
1825:./SystemView/SEGGER_RTT.c **** *
1826:./SystemView/SEGGER_RTT.c **** *  Parameters
1827:./SystemView/SEGGER_RTT.c **** *    BufferIndex  Index of the buffer.
1828:./SystemView/SEGGER_RTT.c **** *    Flags        Flags to set for the buffer.
1829:./SystemView/SEGGER_RTT.c **** *                 Flags[31:24] are used for validity check and must be zero. Flags[23:2] are reserv
1830:./SystemView/SEGGER_RTT.c **** *
1831:./SystemView/SEGGER_RTT.c **** *  Return value
1832:./SystemView/SEGGER_RTT.c **** *    >= 0  O.K.
1833:./SystemView/SEGGER_RTT.c **** *     < 0  Error
1834:./SystemView/SEGGER_RTT.c **** */
1835:./SystemView/SEGGER_RTT.c **** int SEGGER_RTT_SetFlagsUpBuffer(unsigned BufferIndex, unsigned Flags) {
 3588              		.loc 1 1835 71
 3589              		.cfi_startproc
 3590              		@ args = 0, pretend = 0, frame = 32
 3591              		@ frame_needed = 1, uses_anonymous_args = 0
 3592 0000 80B5     		push	{r7, lr}
 3593              	.LCFI149:
 3594              		.cfi_def_cfa_offset 8
 3595              		.cfi_offset 7, -8
 3596              		.cfi_offset 14, -4
 3597 0002 88B0     		sub	sp, sp, #32
 3598              	.LCFI150:
 3599              		.cfi_def_cfa_offset 40
 3600 0004 00AF     		add	r7, sp, #0
 3601              	.LCFI151:
 3602              		.cfi_def_cfa_register 7
 3603 0006 7860     		str	r0, [r7, #4]
 3604 0008 3960     		str	r1, [r7]
 3605              	.LBB27:
1836:./SystemView/SEGGER_RTT.c ****   int r;
1837:./SystemView/SEGGER_RTT.c ****   volatile SEGGER_RTT_CB* pRTTCB;
1838:./SystemView/SEGGER_RTT.c ****   volatile SEGGER_RTT_BUFFER_UP* pUp;
1839:./SystemView/SEGGER_RTT.c **** 
1840:./SystemView/SEGGER_RTT.c ****   INIT();
 3606              		.loc 1 1840 3
 3607 000a 174B     		ldr	r3, .L193
 3608 000c BB61     		str	r3, [r7, #24]
ARM GAS  /var/folders/yl/_q9l42k90g1g4mdhbs226msm0000gn/T//ccXiy4OZ.s 			page 96


 3609 000e BB69     		ldr	r3, [r7, #24]
 3610 0010 1B78     		ldrb	r3, [r3]
 3611 0012 DBB2     		uxtb	r3, r3
 3612 0014 532B     		cmp	r3, #83
 3613 0016 01D0     		beq	.L189
 3614              		.loc 1 1840 3 is_stmt 0 discriminator 1
 3615 0018 FFF7FEFF 		bl	_DoInit
 3616              	.L189:
 3617              	.LBE27:
1841:./SystemView/SEGGER_RTT.c ****   pRTTCB = (volatile SEGGER_RTT_CB*)((uintptr_t)&_SEGGER_RTT + SEGGER_RTT_UNCACHED_OFF);  // Access
 3618              		.loc 1 1841 10 is_stmt 1
 3619 001c 124B     		ldr	r3, .L193
 3620 001e 7B61     		str	r3, [r7, #20]
1842:./SystemView/SEGGER_RTT.c ****   if (BufferIndex < SEGGER_RTT_MAX_NUM_UP_BUFFERS) {
 3621              		.loc 1 1842 6
 3622 0020 7B68     		ldr	r3, [r7, #4]
 3623 0022 022B     		cmp	r3, #2
 3624 0024 18D8     		bhi	.L190
 3625              	.LBB28:
1843:./SystemView/SEGGER_RTT.c ****     SEGGER_RTT_LOCK();
 3626              		.loc 1 1843 5
 3627              		.syntax unified
 3628              	@ 1843 "./SystemView/SEGGER_RTT.c" 1
 3629 0026 EFF31183 		mrs   r3, basepri  
 3630 002a 4FF02001 		mov   r1, #32       
 3631 002e 81F31188 		msr   basepri, r1  
 3632              		
 3633              	@ 0 "" 2
 3634              		.thumb
 3635              		.syntax unified
 3636 0032 3B61     		str	r3, [r7, #16]
1844:./SystemView/SEGGER_RTT.c ****     pUp = &pRTTCB->aUp[BufferIndex];
 3637              		.loc 1 1844 9
 3638 0034 7B68     		ldr	r3, [r7, #4]
 3639 0036 5A1C     		adds	r2, r3, #1
 3640 0038 1346     		mov	r3, r2
 3641 003a 5B00     		lsls	r3, r3, #1
 3642 003c 1344     		add	r3, r3, r2
 3643 003e DB00     		lsls	r3, r3, #3
 3644 0040 7A69     		ldr	r2, [r7, #20]
 3645 0042 1344     		add	r3, r3, r2
 3646 0044 FB60     		str	r3, [r7, #12]
1845:./SystemView/SEGGER_RTT.c ****     pUp->Flags = Flags;
 3647              		.loc 1 1845 16
 3648 0046 FB68     		ldr	r3, [r7, #12]
 3649 0048 3A68     		ldr	r2, [r7]
 3650 004a 5A61     		str	r2, [r3, #20]
1846:./SystemView/SEGGER_RTT.c ****     SEGGER_RTT_UNLOCK();
 3651              		.loc 1 1846 5
 3652 004c 3B69     		ldr	r3, [r7, #16]
 3653              		.syntax unified
 3654              	@ 1846 "./SystemView/SEGGER_RTT.c" 1
 3655 004e 83F31188 		msr   basepri, r3  
 3656              		
 3657              	@ 0 "" 2
 3658              		.thumb
 3659              		.syntax unified
ARM GAS  /var/folders/yl/_q9l42k90g1g4mdhbs226msm0000gn/T//ccXiy4OZ.s 			page 97


 3660              	.LBE28:
1847:./SystemView/SEGGER_RTT.c ****     r =  0;
 3661              		.loc 1 1847 7
 3662 0052 0023     		movs	r3, #0
 3663 0054 FB61     		str	r3, [r7, #28]
 3664 0056 02E0     		b	.L191
 3665              	.L190:
1848:./SystemView/SEGGER_RTT.c ****   } else {
1849:./SystemView/SEGGER_RTT.c ****     r = -1;
 3666              		.loc 1 1849 7
 3667 0058 4FF0FF33 		mov	r3, #-1
 3668 005c FB61     		str	r3, [r7, #28]
 3669              	.L191:
1850:./SystemView/SEGGER_RTT.c ****   }
1851:./SystemView/SEGGER_RTT.c ****   return r;
 3670              		.loc 1 1851 10
 3671 005e FB69     		ldr	r3, [r7, #28]
1852:./SystemView/SEGGER_RTT.c **** }
 3672              		.loc 1 1852 1
 3673 0060 1846     		mov	r0, r3
 3674 0062 2037     		adds	r7, r7, #32
 3675              	.LCFI152:
 3676              		.cfi_def_cfa_offset 8
 3677 0064 BD46     		mov	sp, r7
 3678              	.LCFI153:
 3679              		.cfi_def_cfa_register 13
 3680              		@ sp needed
 3681 0066 80BD     		pop	{r7, pc}
 3682              	.L194:
 3683              		.align	2
 3684              	.L193:
 3685 0068 00000000 		.word	_SEGGER_RTT
 3686              		.cfi_endproc
 3687              	.LFE29:
 3689              		.section	.text.SEGGER_RTT_SetFlagsDownBuffer,"ax",%progbits
 3690              		.align	1
 3691              		.global	SEGGER_RTT_SetFlagsDownBuffer
 3692              		.syntax unified
 3693              		.thumb
 3694              		.thumb_func
 3696              	SEGGER_RTT_SetFlagsDownBuffer:
 3697              	.LFB30:
1853:./SystemView/SEGGER_RTT.c **** 
1854:./SystemView/SEGGER_RTT.c **** /*********************************************************************
1855:./SystemView/SEGGER_RTT.c **** *
1856:./SystemView/SEGGER_RTT.c **** *       SEGGER_RTT_SetFlagsDownBuffer
1857:./SystemView/SEGGER_RTT.c **** *
1858:./SystemView/SEGGER_RTT.c **** *  Function description
1859:./SystemView/SEGGER_RTT.c **** *    Run-time configuration of specific Down-buffer flags (T->H).
1860:./SystemView/SEGGER_RTT.c **** *    Buffer to be configured is specified by index.
1861:./SystemView/SEGGER_RTT.c **** *
1862:./SystemView/SEGGER_RTT.c **** *  Parameters
1863:./SystemView/SEGGER_RTT.c **** *    BufferIndex  Index of the buffer to renamed.
1864:./SystemView/SEGGER_RTT.c **** *    Flags        Flags to set for the buffer.
1865:./SystemView/SEGGER_RTT.c **** *                 Flags[31:24] are used for validity check and must be zero. Flags[23:2] are reserv
1866:./SystemView/SEGGER_RTT.c **** *
1867:./SystemView/SEGGER_RTT.c **** *  Return value
ARM GAS  /var/folders/yl/_q9l42k90g1g4mdhbs226msm0000gn/T//ccXiy4OZ.s 			page 98


1868:./SystemView/SEGGER_RTT.c **** *    >= 0  O.K.
1869:./SystemView/SEGGER_RTT.c **** *     < 0  Error
1870:./SystemView/SEGGER_RTT.c **** */
1871:./SystemView/SEGGER_RTT.c **** int SEGGER_RTT_SetFlagsDownBuffer(unsigned BufferIndex, unsigned Flags) {
 3698              		.loc 1 1871 73
 3699              		.cfi_startproc
 3700              		@ args = 0, pretend = 0, frame = 32
 3701              		@ frame_needed = 1, uses_anonymous_args = 0
 3702 0000 80B5     		push	{r7, lr}
 3703              	.LCFI154:
 3704              		.cfi_def_cfa_offset 8
 3705              		.cfi_offset 7, -8
 3706              		.cfi_offset 14, -4
 3707 0002 88B0     		sub	sp, sp, #32
 3708              	.LCFI155:
 3709              		.cfi_def_cfa_offset 40
 3710 0004 00AF     		add	r7, sp, #0
 3711              	.LCFI156:
 3712              		.cfi_def_cfa_register 7
 3713 0006 7860     		str	r0, [r7, #4]
 3714 0008 3960     		str	r1, [r7]
 3715              	.LBB29:
1872:./SystemView/SEGGER_RTT.c ****   int r;
1873:./SystemView/SEGGER_RTT.c ****   volatile SEGGER_RTT_CB* pRTTCB;
1874:./SystemView/SEGGER_RTT.c ****   volatile SEGGER_RTT_BUFFER_DOWN* pDown;
1875:./SystemView/SEGGER_RTT.c **** 
1876:./SystemView/SEGGER_RTT.c ****   INIT();
 3716              		.loc 1 1876 3
 3717 000a 174B     		ldr	r3, .L200
 3718 000c BB61     		str	r3, [r7, #24]
 3719 000e BB69     		ldr	r3, [r7, #24]
 3720 0010 1B78     		ldrb	r3, [r3]
 3721 0012 DBB2     		uxtb	r3, r3
 3722 0014 532B     		cmp	r3, #83
 3723 0016 01D0     		beq	.L196
 3724              		.loc 1 1876 3 is_stmt 0 discriminator 1
 3725 0018 FFF7FEFF 		bl	_DoInit
 3726              	.L196:
 3727              	.LBE29:
1877:./SystemView/SEGGER_RTT.c ****   pRTTCB = (volatile SEGGER_RTT_CB*)((uintptr_t)&_SEGGER_RTT + SEGGER_RTT_UNCACHED_OFF);  // Access
 3728              		.loc 1 1877 10 is_stmt 1
 3729 001c 124B     		ldr	r3, .L200
 3730 001e 7B61     		str	r3, [r7, #20]
1878:./SystemView/SEGGER_RTT.c ****   if (BufferIndex < SEGGER_RTT_MAX_NUM_DOWN_BUFFERS) {
 3731              		.loc 1 1878 6
 3732 0020 7B68     		ldr	r3, [r7, #4]
 3733 0022 022B     		cmp	r3, #2
 3734 0024 18D8     		bhi	.L197
 3735              	.LBB30:
1879:./SystemView/SEGGER_RTT.c ****     SEGGER_RTT_LOCK();
 3736              		.loc 1 1879 5
 3737              		.syntax unified
 3738              	@ 1879 "./SystemView/SEGGER_RTT.c" 1
 3739 0026 EFF31183 		mrs   r3, basepri  
 3740 002a 4FF02001 		mov   r1, #32       
 3741 002e 81F31188 		msr   basepri, r1  
 3742              		
ARM GAS  /var/folders/yl/_q9l42k90g1g4mdhbs226msm0000gn/T//ccXiy4OZ.s 			page 99


 3743              	@ 0 "" 2
 3744              		.thumb
 3745              		.syntax unified
 3746 0032 3B61     		str	r3, [r7, #16]
1880:./SystemView/SEGGER_RTT.c ****     pDown = &pRTTCB->aDown[BufferIndex];
 3747              		.loc 1 1880 11
 3748 0034 7A68     		ldr	r2, [r7, #4]
 3749 0036 1346     		mov	r3, r2
 3750 0038 5B00     		lsls	r3, r3, #1
 3751 003a 1344     		add	r3, r3, r2
 3752 003c DB00     		lsls	r3, r3, #3
 3753 003e 6033     		adds	r3, r3, #96
 3754 0040 7A69     		ldr	r2, [r7, #20]
 3755 0042 1344     		add	r3, r3, r2
 3756 0044 FB60     		str	r3, [r7, #12]
1881:./SystemView/SEGGER_RTT.c ****     pDown->Flags = Flags;
 3757              		.loc 1 1881 18
 3758 0046 FB68     		ldr	r3, [r7, #12]
 3759 0048 3A68     		ldr	r2, [r7]
 3760 004a 5A61     		str	r2, [r3, #20]
1882:./SystemView/SEGGER_RTT.c ****     SEGGER_RTT_UNLOCK();
 3761              		.loc 1 1882 5
 3762 004c 3B69     		ldr	r3, [r7, #16]
 3763              		.syntax unified
 3764              	@ 1882 "./SystemView/SEGGER_RTT.c" 1
 3765 004e 83F31188 		msr   basepri, r3  
 3766              		
 3767              	@ 0 "" 2
 3768              		.thumb
 3769              		.syntax unified
 3770              	.LBE30:
1883:./SystemView/SEGGER_RTT.c ****     r =  0;
 3771              		.loc 1 1883 7
 3772 0052 0023     		movs	r3, #0
 3773 0054 FB61     		str	r3, [r7, #28]
 3774 0056 02E0     		b	.L198
 3775              	.L197:
1884:./SystemView/SEGGER_RTT.c ****   } else {
1885:./SystemView/SEGGER_RTT.c ****     r = -1;
 3776              		.loc 1 1885 7
 3777 0058 4FF0FF33 		mov	r3, #-1
 3778 005c FB61     		str	r3, [r7, #28]
 3779              	.L198:
1886:./SystemView/SEGGER_RTT.c ****   }
1887:./SystemView/SEGGER_RTT.c ****   return r;
 3780              		.loc 1 1887 10
 3781 005e FB69     		ldr	r3, [r7, #28]
1888:./SystemView/SEGGER_RTT.c **** }
 3782              		.loc 1 1888 1
 3783 0060 1846     		mov	r0, r3
 3784 0062 2037     		adds	r7, r7, #32
 3785              	.LCFI157:
 3786              		.cfi_def_cfa_offset 8
 3787 0064 BD46     		mov	sp, r7
 3788              	.LCFI158:
 3789              		.cfi_def_cfa_register 13
 3790              		@ sp needed
ARM GAS  /var/folders/yl/_q9l42k90g1g4mdhbs226msm0000gn/T//ccXiy4OZ.s 			page 100


 3791 0066 80BD     		pop	{r7, pc}
 3792              	.L201:
 3793              		.align	2
 3794              	.L200:
 3795 0068 00000000 		.word	_SEGGER_RTT
 3796              		.cfi_endproc
 3797              	.LFE30:
 3799              		.section	.text.SEGGER_RTT_Init,"ax",%progbits
 3800              		.align	1
 3801              		.global	SEGGER_RTT_Init
 3802              		.syntax unified
 3803              		.thumb
 3804              		.thumb_func
 3806              	SEGGER_RTT_Init:
 3807              	.LFB31:
1889:./SystemView/SEGGER_RTT.c **** 
1890:./SystemView/SEGGER_RTT.c **** /*********************************************************************
1891:./SystemView/SEGGER_RTT.c **** *
1892:./SystemView/SEGGER_RTT.c **** *       SEGGER_RTT_Init
1893:./SystemView/SEGGER_RTT.c **** *
1894:./SystemView/SEGGER_RTT.c **** *  Function description
1895:./SystemView/SEGGER_RTT.c **** *    Initializes the RTT Control Block.
1896:./SystemView/SEGGER_RTT.c **** *    Should be used in RAM targets, at start of the application.
1897:./SystemView/SEGGER_RTT.c **** *
1898:./SystemView/SEGGER_RTT.c **** */
1899:./SystemView/SEGGER_RTT.c **** void SEGGER_RTT_Init (void) {
 3808              		.loc 1 1899 29
 3809              		.cfi_startproc
 3810              		@ args = 0, pretend = 0, frame = 0
 3811              		@ frame_needed = 1, uses_anonymous_args = 0
 3812 0000 80B5     		push	{r7, lr}
 3813              	.LCFI159:
 3814              		.cfi_def_cfa_offset 8
 3815              		.cfi_offset 7, -8
 3816              		.cfi_offset 14, -4
 3817 0002 00AF     		add	r7, sp, #0
 3818              	.LCFI160:
 3819              		.cfi_def_cfa_register 7
1900:./SystemView/SEGGER_RTT.c ****   _DoInit();
 3820              		.loc 1 1900 3
 3821 0004 FFF7FEFF 		bl	_DoInit
1901:./SystemView/SEGGER_RTT.c **** }
 3822              		.loc 1 1901 1
 3823 0008 00BF     		nop
 3824 000a 80BD     		pop	{r7, pc}
 3825              		.cfi_endproc
 3826              	.LFE31:
 3828              		.section	.text.SEGGER_RTT_SetTerminal,"ax",%progbits
 3829              		.align	1
 3830              		.global	SEGGER_RTT_SetTerminal
 3831              		.syntax unified
 3832              		.thumb
 3833              		.thumb_func
 3835              	SEGGER_RTT_SetTerminal:
 3836              	.LFB32:
1902:./SystemView/SEGGER_RTT.c **** 
1903:./SystemView/SEGGER_RTT.c **** /*********************************************************************
ARM GAS  /var/folders/yl/_q9l42k90g1g4mdhbs226msm0000gn/T//ccXiy4OZ.s 			page 101


1904:./SystemView/SEGGER_RTT.c **** *
1905:./SystemView/SEGGER_RTT.c **** *       SEGGER_RTT_SetTerminal
1906:./SystemView/SEGGER_RTT.c **** *
1907:./SystemView/SEGGER_RTT.c **** *  Function description
1908:./SystemView/SEGGER_RTT.c **** *    Sets the terminal to be used for output on channel 0.
1909:./SystemView/SEGGER_RTT.c **** *
1910:./SystemView/SEGGER_RTT.c **** *  Parameters
1911:./SystemView/SEGGER_RTT.c **** *    TerminalId  Index of the terminal.
1912:./SystemView/SEGGER_RTT.c **** *
1913:./SystemView/SEGGER_RTT.c **** *  Return value
1914:./SystemView/SEGGER_RTT.c **** *    >= 0  O.K.
1915:./SystemView/SEGGER_RTT.c **** *     < 0  Error (e.g. if RTT is configured for non-blocking mode and there was no space in the buf
1916:./SystemView/SEGGER_RTT.c **** *
1917:./SystemView/SEGGER_RTT.c **** *  Notes
1918:./SystemView/SEGGER_RTT.c **** *    (1) Buffer 0 is always reserved for terminal I/O, so we can use index 0 here, fixed
1919:./SystemView/SEGGER_RTT.c **** */
1920:./SystemView/SEGGER_RTT.c **** int SEGGER_RTT_SetTerminal (unsigned char TerminalId) {
 3837              		.loc 1 1920 55
 3838              		.cfi_startproc
 3839              		@ args = 0, pretend = 0, frame = 32
 3840              		@ frame_needed = 1, uses_anonymous_args = 0
 3841 0000 80B5     		push	{r7, lr}
 3842              	.LCFI161:
 3843              		.cfi_def_cfa_offset 8
 3844              		.cfi_offset 7, -8
 3845              		.cfi_offset 14, -4
 3846 0002 88B0     		sub	sp, sp, #32
 3847              	.LCFI162:
 3848              		.cfi_def_cfa_offset 40
 3849 0004 00AF     		add	r7, sp, #0
 3850              	.LCFI163:
 3851              		.cfi_def_cfa_register 7
 3852 0006 0346     		mov	r3, r0
 3853 0008 FB71     		strb	r3, [r7, #7]
 3854              	.LBB31:
1921:./SystemView/SEGGER_RTT.c ****   unsigned char         ac[2];
1922:./SystemView/SEGGER_RTT.c ****   SEGGER_RTT_BUFFER_UP* pRing;
1923:./SystemView/SEGGER_RTT.c ****   unsigned Avail;
1924:./SystemView/SEGGER_RTT.c ****   int r;
1925:./SystemView/SEGGER_RTT.c **** 
1926:./SystemView/SEGGER_RTT.c ****   INIT();
 3855              		.loc 1 1926 3
 3856 000a 274B     		ldr	r3, .L211
 3857 000c BB61     		str	r3, [r7, #24]
 3858 000e BB69     		ldr	r3, [r7, #24]
 3859 0010 1B78     		ldrb	r3, [r3]
 3860 0012 DBB2     		uxtb	r3, r3
 3861 0014 532B     		cmp	r3, #83
 3862 0016 01D0     		beq	.L204
 3863              		.loc 1 1926 3 is_stmt 0 discriminator 1
 3864 0018 FFF7FEFF 		bl	_DoInit
 3865              	.L204:
 3866              	.LBE31:
1927:./SystemView/SEGGER_RTT.c ****   r = 0;
 3867              		.loc 1 1927 5 is_stmt 1
 3868 001c 0023     		movs	r3, #0
 3869 001e FB61     		str	r3, [r7, #28]
ARM GAS  /var/folders/yl/_q9l42k90g1g4mdhbs226msm0000gn/T//ccXiy4OZ.s 			page 102


1928:./SystemView/SEGGER_RTT.c ****   ac[0] = 0xFFu;
 3870              		.loc 1 1928 9
 3871 0020 FF23     		movs	r3, #255
 3872 0022 3B72     		strb	r3, [r7, #8]
1929:./SystemView/SEGGER_RTT.c ****   if (TerminalId < sizeof(_aTerminalId)) { // We only support a certain number of channels
 3873              		.loc 1 1929 6
 3874 0024 FB79     		ldrb	r3, [r7, #7]	@ zero_extendqisi2
 3875 0026 0F2B     		cmp	r3, #15
 3876 0028 36D8     		bhi	.L205
1930:./SystemView/SEGGER_RTT.c ****     ac[1] = _aTerminalId[TerminalId];
 3877              		.loc 1 1930 25
 3878 002a FB79     		ldrb	r3, [r7, #7]	@ zero_extendqisi2
 3879 002c 1F4A     		ldr	r2, .L211+4
 3880 002e D35C     		ldrb	r3, [r2, r3]	@ zero_extendqisi2
 3881              		.loc 1 1930 11
 3882 0030 7B72     		strb	r3, [r7, #9]
1931:./SystemView/SEGGER_RTT.c ****     pRing = (SEGGER_RTT_BUFFER_UP*)((uintptr_t)&_SEGGER_RTT.aUp[0] + SEGGER_RTT_UNCACHED_OFF);  // 
 3883              		.loc 1 1931 11
 3884 0032 1F4B     		ldr	r3, .L211+8
 3885 0034 7B61     		str	r3, [r7, #20]
 3886              	.LBB32:
1932:./SystemView/SEGGER_RTT.c ****     SEGGER_RTT_LOCK();                     // Lock to make sure that no other task is writing into 
 3887              		.loc 1 1932 5
 3888              		.syntax unified
 3889              	@ 1932 "./SystemView/SEGGER_RTT.c" 1
 3890 0036 EFF31183 		mrs   r3, basepri  
 3891 003a 4FF02001 		mov   r1, #32       
 3892 003e 81F31188 		msr   basepri, r1  
 3893              		
 3894              	@ 0 "" 2
 3895              		.thumb
 3896              		.syntax unified
 3897 0042 3B61     		str	r3, [r7, #16]
1933:./SystemView/SEGGER_RTT.c ****     if ((pRing->Flags & SEGGER_RTT_MODE_MASK) == SEGGER_RTT_MODE_BLOCK_IF_FIFO_FULL) {
 3898              		.loc 1 1933 15
 3899 0044 7B69     		ldr	r3, [r7, #20]
 3900 0046 5B69     		ldr	r3, [r3, #20]
 3901              		.loc 1 1933 23
 3902 0048 03F00303 		and	r3, r3, #3
 3903              		.loc 1 1933 8
 3904 004c 022B     		cmp	r3, #2
 3905 004e 0AD1     		bne	.L206
1934:./SystemView/SEGGER_RTT.c ****       _ActiveTerminal = TerminalId;
 3906              		.loc 1 1934 23
 3907 0050 184A     		ldr	r2, .L211+12
 3908 0052 FB79     		ldrb	r3, [r7, #7]
 3909 0054 1370     		strb	r3, [r2]
1935:./SystemView/SEGGER_RTT.c ****       _WriteBlocking(pRing, (const char*)ac, 2u);
 3910              		.loc 1 1935 7
 3911 0056 07F10803 		add	r3, r7, #8
 3912 005a 0222     		movs	r2, #2
 3913 005c 1946     		mov	r1, r3
 3914 005e 7869     		ldr	r0, [r7, #20]
 3915 0060 FFF7FEFF 		bl	_WriteBlocking
 3916 0064 14E0     		b	.L207
 3917              	.L206:
1936:./SystemView/SEGGER_RTT.c ****     } else {                                                                            // Skipping
ARM GAS  /var/folders/yl/_q9l42k90g1g4mdhbs226msm0000gn/T//ccXiy4OZ.s 			page 103


1937:./SystemView/SEGGER_RTT.c ****       Avail = _GetAvailWriteSpace(pRing);
 3918              		.loc 1 1937 15
 3919 0066 7869     		ldr	r0, [r7, #20]
 3920 0068 FFF7FEFF 		bl	_GetAvailWriteSpace
 3921 006c F860     		str	r0, [r7, #12]
1938:./SystemView/SEGGER_RTT.c ****       if (Avail >= 2) {
 3922              		.loc 1 1938 10
 3923 006e FB68     		ldr	r3, [r7, #12]
 3924 0070 012B     		cmp	r3, #1
 3925 0072 0AD9     		bls	.L208
1939:./SystemView/SEGGER_RTT.c ****         _ActiveTerminal = TerminalId;    // Only change active terminal in case of success
 3926              		.loc 1 1939 25
 3927 0074 0F4A     		ldr	r2, .L211+12
 3928 0076 FB79     		ldrb	r3, [r7, #7]
 3929 0078 1370     		strb	r3, [r2]
1940:./SystemView/SEGGER_RTT.c ****         _WriteNoCheck(pRing, (const char*)ac, 2u);
 3930              		.loc 1 1940 9
 3931 007a 07F10803 		add	r3, r7, #8
 3932 007e 0222     		movs	r2, #2
 3933 0080 1946     		mov	r1, r3
 3934 0082 7869     		ldr	r0, [r7, #20]
 3935 0084 FFF7FEFF 		bl	_WriteNoCheck
 3936 0088 02E0     		b	.L207
 3937              	.L208:
1941:./SystemView/SEGGER_RTT.c ****       } else {
1942:./SystemView/SEGGER_RTT.c ****         r = -1;
 3938              		.loc 1 1942 11
 3939 008a 4FF0FF33 		mov	r3, #-1
 3940 008e FB61     		str	r3, [r7, #28]
 3941              	.L207:
1943:./SystemView/SEGGER_RTT.c ****       }
1944:./SystemView/SEGGER_RTT.c ****     }
1945:./SystemView/SEGGER_RTT.c ****     SEGGER_RTT_UNLOCK();
 3942              		.loc 1 1945 5
 3943 0090 3B69     		ldr	r3, [r7, #16]
 3944              		.syntax unified
 3945              	@ 1945 "./SystemView/SEGGER_RTT.c" 1
 3946 0092 83F31188 		msr   basepri, r3  
 3947              		
 3948              	@ 0 "" 2
 3949              		.thumb
 3950              		.syntax unified
 3951              	.LBE32:
 3952 0096 02E0     		b	.L209
 3953              	.L205:
1946:./SystemView/SEGGER_RTT.c ****   } else {
1947:./SystemView/SEGGER_RTT.c ****     r = -1;
 3954              		.loc 1 1947 7
 3955 0098 4FF0FF33 		mov	r3, #-1
 3956 009c FB61     		str	r3, [r7, #28]
 3957              	.L209:
1948:./SystemView/SEGGER_RTT.c ****   }
1949:./SystemView/SEGGER_RTT.c ****   return r;
 3958              		.loc 1 1949 10
 3959 009e FB69     		ldr	r3, [r7, #28]
1950:./SystemView/SEGGER_RTT.c **** }
 3960              		.loc 1 1950 1
ARM GAS  /var/folders/yl/_q9l42k90g1g4mdhbs226msm0000gn/T//ccXiy4OZ.s 			page 104


 3961 00a0 1846     		mov	r0, r3
 3962 00a2 2037     		adds	r7, r7, #32
 3963              	.LCFI164:
 3964              		.cfi_def_cfa_offset 8
 3965 00a4 BD46     		mov	sp, r7
 3966              	.LCFI165:
 3967              		.cfi_def_cfa_register 13
 3968              		@ sp needed
 3969 00a6 80BD     		pop	{r7, pc}
 3970              	.L212:
 3971              		.align	2
 3972              	.L211:
 3973 00a8 00000000 		.word	_SEGGER_RTT
 3974 00ac 00000000 		.word	_aTerminalId
 3975 00b0 18000000 		.word	_SEGGER_RTT+24
 3976 00b4 00000000 		.word	_ActiveTerminal
 3977              		.cfi_endproc
 3978              	.LFE32:
 3980              		.section	.text.SEGGER_RTT_TerminalOut,"ax",%progbits
 3981              		.align	1
 3982              		.global	SEGGER_RTT_TerminalOut
 3983              		.syntax unified
 3984              		.thumb
 3985              		.thumb_func
 3987              	SEGGER_RTT_TerminalOut:
 3988              	.LFB33:
1951:./SystemView/SEGGER_RTT.c **** 
1952:./SystemView/SEGGER_RTT.c **** /*********************************************************************
1953:./SystemView/SEGGER_RTT.c **** *
1954:./SystemView/SEGGER_RTT.c **** *       SEGGER_RTT_TerminalOut
1955:./SystemView/SEGGER_RTT.c **** *
1956:./SystemView/SEGGER_RTT.c **** *  Function description
1957:./SystemView/SEGGER_RTT.c **** *    Writes a string to the given terminal
1958:./SystemView/SEGGER_RTT.c **** *     without changing the terminal for channel 0.
1959:./SystemView/SEGGER_RTT.c **** *
1960:./SystemView/SEGGER_RTT.c **** *  Parameters
1961:./SystemView/SEGGER_RTT.c **** *    TerminalId   Index of the terminal.
1962:./SystemView/SEGGER_RTT.c **** *    s            String to be printed on the terminal.
1963:./SystemView/SEGGER_RTT.c **** *
1964:./SystemView/SEGGER_RTT.c **** *  Return value
1965:./SystemView/SEGGER_RTT.c **** *    >= 0 - Number of bytes written.
1966:./SystemView/SEGGER_RTT.c **** *     < 0 - Error.
1967:./SystemView/SEGGER_RTT.c **** *
1968:./SystemView/SEGGER_RTT.c **** */
1969:./SystemView/SEGGER_RTT.c **** int SEGGER_RTT_TerminalOut (unsigned char TerminalId, const char* s) {
 3989              		.loc 1 1969 70
 3990              		.cfi_startproc
 3991              		@ args = 0, pretend = 0, frame = 32
 3992              		@ frame_needed = 1, uses_anonymous_args = 0
 3993 0000 80B5     		push	{r7, lr}
 3994              	.LCFI166:
 3995              		.cfi_def_cfa_offset 8
 3996              		.cfi_offset 7, -8
 3997              		.cfi_offset 14, -4
 3998 0002 88B0     		sub	sp, sp, #32
 3999              	.LCFI167:
 4000              		.cfi_def_cfa_offset 40
ARM GAS  /var/folders/yl/_q9l42k90g1g4mdhbs226msm0000gn/T//ccXiy4OZ.s 			page 105


 4001 0004 00AF     		add	r7, sp, #0
 4002              	.LCFI168:
 4003              		.cfi_def_cfa_register 7
 4004 0006 0346     		mov	r3, r0
 4005 0008 3960     		str	r1, [r7]
 4006 000a FB71     		strb	r3, [r7, #7]
 4007              	.LBB33:
1970:./SystemView/SEGGER_RTT.c ****   int                   Status;
1971:./SystemView/SEGGER_RTT.c ****   unsigned              FragLen;
1972:./SystemView/SEGGER_RTT.c ****   unsigned              Avail;
1973:./SystemView/SEGGER_RTT.c ****   SEGGER_RTT_BUFFER_UP* pRing;
1974:./SystemView/SEGGER_RTT.c ****   //
1975:./SystemView/SEGGER_RTT.c ****   INIT();
 4008              		.loc 1 1975 3
 4009 000c 434B     		ldr	r3, .L227
 4010 000e BB61     		str	r3, [r7, #24]
 4011 0010 BB69     		ldr	r3, [r7, #24]
 4012 0012 1B78     		ldrb	r3, [r3]
 4013 0014 DBB2     		uxtb	r3, r3
 4014 0016 532B     		cmp	r3, #83
 4015 0018 01D0     		beq	.L214
 4016              		.loc 1 1975 3 is_stmt 0 discriminator 1
 4017 001a FFF7FEFF 		bl	_DoInit
 4018              	.L214:
 4019              	.LBE33:
1976:./SystemView/SEGGER_RTT.c ****   //
1977:./SystemView/SEGGER_RTT.c ****   // Validate terminal ID.
1978:./SystemView/SEGGER_RTT.c ****   //
1979:./SystemView/SEGGER_RTT.c ****   if (TerminalId < (char)sizeof(_aTerminalId)) { // We only support a certain number of channels
 4020              		.loc 1 1979 6 is_stmt 1
 4021 001e FB79     		ldrb	r3, [r7, #7]	@ zero_extendqisi2
 4022 0020 0F2B     		cmp	r3, #15
 4023 0022 73D8     		bhi	.L215
1980:./SystemView/SEGGER_RTT.c ****     //
1981:./SystemView/SEGGER_RTT.c ****     // Get "to-host" ring buffer.
1982:./SystemView/SEGGER_RTT.c ****     //
1983:./SystemView/SEGGER_RTT.c ****     pRing = (SEGGER_RTT_BUFFER_UP*)((uintptr_t)&_SEGGER_RTT.aUp[0] + SEGGER_RTT_UNCACHED_OFF);  // 
 4024              		.loc 1 1983 11
 4025 0024 3E4B     		ldr	r3, .L227+4
 4026 0026 7B61     		str	r3, [r7, #20]
1984:./SystemView/SEGGER_RTT.c ****     //
1985:./SystemView/SEGGER_RTT.c ****     // Need to be able to change terminal, write data, change back.
1986:./SystemView/SEGGER_RTT.c ****     // Compute the fixed and variable sizes.
1987:./SystemView/SEGGER_RTT.c ****     //
1988:./SystemView/SEGGER_RTT.c ****     FragLen = STRLEN(s);
 4027              		.loc 1 1988 15
 4028 0028 3868     		ldr	r0, [r7]
 4029 002a FFF7FEFF 		bl	strlen
 4030 002e 3861     		str	r0, [r7, #16]
 4031              	.LBB34:
1989:./SystemView/SEGGER_RTT.c ****     //
1990:./SystemView/SEGGER_RTT.c ****     // How we output depends upon the mode...
1991:./SystemView/SEGGER_RTT.c ****     //
1992:./SystemView/SEGGER_RTT.c ****     SEGGER_RTT_LOCK();
 4032              		.loc 1 1992 5
 4033              		.syntax unified
 4034              	@ 1992 "./SystemView/SEGGER_RTT.c" 1
ARM GAS  /var/folders/yl/_q9l42k90g1g4mdhbs226msm0000gn/T//ccXiy4OZ.s 			page 106


 4035 0030 EFF31183 		mrs   r3, basepri  
 4036 0034 4FF02001 		mov   r1, #32       
 4037 0038 81F31188 		msr   basepri, r1  
 4038              		
 4039              	@ 0 "" 2
 4040              		.thumb
 4041              		.syntax unified
 4042 003c FB60     		str	r3, [r7, #12]
1993:./SystemView/SEGGER_RTT.c ****     Avail = _GetAvailWriteSpace(pRing);
 4043              		.loc 1 1993 13
 4044 003e 7869     		ldr	r0, [r7, #20]
 4045 0040 FFF7FEFF 		bl	_GetAvailWriteSpace
 4046 0044 B860     		str	r0, [r7, #8]
1994:./SystemView/SEGGER_RTT.c ****     switch (pRing->Flags & SEGGER_RTT_MODE_MASK) {
 4047              		.loc 1 1994 18
 4048 0046 7B69     		ldr	r3, [r7, #20]
 4049 0048 5B69     		ldr	r3, [r3, #20]
 4050              		.loc 1 1994 26
 4051 004a 03F00303 		and	r3, r3, #3
 4052              		.loc 1 1994 5
 4053 004e 022B     		cmp	r3, #2
 4054 0050 41D0     		beq	.L216
 4055 0052 022B     		cmp	r3, #2
 4056 0054 52D8     		bhi	.L217
 4057 0056 002B     		cmp	r3, #0
 4058 0058 02D0     		beq	.L218
 4059 005a 012B     		cmp	r3, #1
 4060 005c 1BD0     		beq	.L219
 4061 005e 4DE0     		b	.L217
 4062              	.L218:
1995:./SystemView/SEGGER_RTT.c ****     case SEGGER_RTT_MODE_NO_BLOCK_SKIP:
1996:./SystemView/SEGGER_RTT.c ****       //
1997:./SystemView/SEGGER_RTT.c ****       // If we are in skip mode and there is no space for the whole
1998:./SystemView/SEGGER_RTT.c ****       // of this output, don't bother switching terminals at all.
1999:./SystemView/SEGGER_RTT.c ****       //
2000:./SystemView/SEGGER_RTT.c ****       if (Avail < (FragLen + 4u)) {
 4063              		.loc 1 2000 28
 4064 0060 3B69     		ldr	r3, [r7, #16]
 4065 0062 0433     		adds	r3, r3, #4
 4066              		.loc 1 2000 10
 4067 0064 BA68     		ldr	r2, [r7, #8]
 4068 0066 9A42     		cmp	r2, r3
 4069 0068 02D2     		bcs	.L220
2001:./SystemView/SEGGER_RTT.c ****         Status = 0;
 4070              		.loc 1 2001 16
 4071 006a 0023     		movs	r3, #0
 4072 006c FB61     		str	r3, [r7, #28]
2002:./SystemView/SEGGER_RTT.c ****       } else {
2003:./SystemView/SEGGER_RTT.c ****         _PostTerminalSwitch(pRing, TerminalId);
2004:./SystemView/SEGGER_RTT.c ****         Status = (int)_WriteBlocking(pRing, s, FragLen);
2005:./SystemView/SEGGER_RTT.c ****         _PostTerminalSwitch(pRing, _ActiveTerminal);
2006:./SystemView/SEGGER_RTT.c ****       }
2007:./SystemView/SEGGER_RTT.c ****       break;
 4073              		.loc 1 2007 7
 4074 006e 49E0     		b	.L222
 4075              	.L220:
2003:./SystemView/SEGGER_RTT.c ****         Status = (int)_WriteBlocking(pRing, s, FragLen);
ARM GAS  /var/folders/yl/_q9l42k90g1g4mdhbs226msm0000gn/T//ccXiy4OZ.s 			page 107


 4076              		.loc 1 2003 9
 4077 0070 FB79     		ldrb	r3, [r7, #7]	@ zero_extendqisi2
 4078 0072 1946     		mov	r1, r3
 4079 0074 7869     		ldr	r0, [r7, #20]
 4080 0076 FFF7FEFF 		bl	_PostTerminalSwitch
2004:./SystemView/SEGGER_RTT.c ****         _PostTerminalSwitch(pRing, _ActiveTerminal);
 4081              		.loc 1 2004 23
 4082 007a 3A69     		ldr	r2, [r7, #16]
 4083 007c 3968     		ldr	r1, [r7]
 4084 007e 7869     		ldr	r0, [r7, #20]
 4085 0080 FFF7FEFF 		bl	_WriteBlocking
 4086 0084 0346     		mov	r3, r0
2004:./SystemView/SEGGER_RTT.c ****         _PostTerminalSwitch(pRing, _ActiveTerminal);
 4087              		.loc 1 2004 16
 4088 0086 FB61     		str	r3, [r7, #28]
2005:./SystemView/SEGGER_RTT.c ****       }
 4089              		.loc 1 2005 9
 4090 0088 264B     		ldr	r3, .L227+8
 4091 008a 1B78     		ldrb	r3, [r3]	@ zero_extendqisi2
 4092 008c 1946     		mov	r1, r3
 4093 008e 7869     		ldr	r0, [r7, #20]
 4094 0090 FFF7FEFF 		bl	_PostTerminalSwitch
 4095              		.loc 1 2007 7
 4096 0094 36E0     		b	.L222
 4097              	.L219:
2008:./SystemView/SEGGER_RTT.c ****     case SEGGER_RTT_MODE_NO_BLOCK_TRIM:
2009:./SystemView/SEGGER_RTT.c ****       //
2010:./SystemView/SEGGER_RTT.c ****       // If we are in trim mode and there is not enough space for everything,
2011:./SystemView/SEGGER_RTT.c ****       // trim the output but always include the terminal switch.  If no room
2012:./SystemView/SEGGER_RTT.c ****       // for terminal switch, skip that totally.
2013:./SystemView/SEGGER_RTT.c ****       //
2014:./SystemView/SEGGER_RTT.c ****       if (Avail < 4u) {
 4098              		.loc 1 2014 10
 4099 0096 BB68     		ldr	r3, [r7, #8]
 4100 0098 032B     		cmp	r3, #3
 4101 009a 03D8     		bhi	.L223
2015:./SystemView/SEGGER_RTT.c ****         Status = -1;
 4102              		.loc 1 2015 16
 4103 009c 4FF0FF33 		mov	r3, #-1
 4104 00a0 FB61     		str	r3, [r7, #28]
2016:./SystemView/SEGGER_RTT.c ****       } else {
2017:./SystemView/SEGGER_RTT.c ****         _PostTerminalSwitch(pRing, TerminalId);
2018:./SystemView/SEGGER_RTT.c ****         Status = (int)_WriteBlocking(pRing, s, (FragLen < (Avail - 4u)) ? FragLen : (Avail - 4u));
2019:./SystemView/SEGGER_RTT.c ****         _PostTerminalSwitch(pRing, _ActiveTerminal);
2020:./SystemView/SEGGER_RTT.c ****       }
2021:./SystemView/SEGGER_RTT.c ****       break;
 4105              		.loc 1 2021 7
 4106 00a2 2FE0     		b	.L222
 4107              	.L223:
2017:./SystemView/SEGGER_RTT.c ****         Status = (int)_WriteBlocking(pRing, s, (FragLen < (Avail - 4u)) ? FragLen : (Avail - 4u));
 4108              		.loc 1 2017 9
 4109 00a4 FB79     		ldrb	r3, [r7, #7]	@ zero_extendqisi2
 4110 00a6 1946     		mov	r1, r3
 4111 00a8 7869     		ldr	r0, [r7, #20]
 4112 00aa FFF7FEFF 		bl	_PostTerminalSwitch
2018:./SystemView/SEGGER_RTT.c ****         _PostTerminalSwitch(pRing, _ActiveTerminal);
 4113              		.loc 1 2018 66
ARM GAS  /var/folders/yl/_q9l42k90g1g4mdhbs226msm0000gn/T//ccXiy4OZ.s 			page 108


 4114 00ae BB68     		ldr	r3, [r7, #8]
 4115 00b0 1A1F     		subs	r2, r3, #4
2018:./SystemView/SEGGER_RTT.c ****         _PostTerminalSwitch(pRing, _ActiveTerminal);
 4116              		.loc 1 2018 23
 4117 00b2 3B69     		ldr	r3, [r7, #16]
 4118 00b4 9342     		cmp	r3, r2
 4119 00b6 28BF     		it	cs
 4120 00b8 1346     		movcs	r3, r2
 4121 00ba 1A46     		mov	r2, r3
 4122 00bc 3968     		ldr	r1, [r7]
 4123 00be 7869     		ldr	r0, [r7, #20]
 4124 00c0 FFF7FEFF 		bl	_WriteBlocking
 4125 00c4 0346     		mov	r3, r0
2018:./SystemView/SEGGER_RTT.c ****         _PostTerminalSwitch(pRing, _ActiveTerminal);
 4126              		.loc 1 2018 16
 4127 00c6 FB61     		str	r3, [r7, #28]
2019:./SystemView/SEGGER_RTT.c ****       }
 4128              		.loc 1 2019 9
 4129 00c8 164B     		ldr	r3, .L227+8
 4130 00ca 1B78     		ldrb	r3, [r3]	@ zero_extendqisi2
 4131 00cc 1946     		mov	r1, r3
 4132 00ce 7869     		ldr	r0, [r7, #20]
 4133 00d0 FFF7FEFF 		bl	_PostTerminalSwitch
 4134              		.loc 1 2021 7
 4135 00d4 16E0     		b	.L222
 4136              	.L216:
2022:./SystemView/SEGGER_RTT.c ****     case SEGGER_RTT_MODE_BLOCK_IF_FIFO_FULL:
2023:./SystemView/SEGGER_RTT.c ****       //
2024:./SystemView/SEGGER_RTT.c ****       // If we are in blocking mode, output everything.
2025:./SystemView/SEGGER_RTT.c ****       //
2026:./SystemView/SEGGER_RTT.c ****       _PostTerminalSwitch(pRing, TerminalId);
 4137              		.loc 1 2026 7
 4138 00d6 FB79     		ldrb	r3, [r7, #7]	@ zero_extendqisi2
 4139 00d8 1946     		mov	r1, r3
 4140 00da 7869     		ldr	r0, [r7, #20]
 4141 00dc FFF7FEFF 		bl	_PostTerminalSwitch
2027:./SystemView/SEGGER_RTT.c ****       Status = (int)_WriteBlocking(pRing, s, FragLen);
 4142              		.loc 1 2027 21
 4143 00e0 3A69     		ldr	r2, [r7, #16]
 4144 00e2 3968     		ldr	r1, [r7]
 4145 00e4 7869     		ldr	r0, [r7, #20]
 4146 00e6 FFF7FEFF 		bl	_WriteBlocking
 4147 00ea 0346     		mov	r3, r0
 4148              		.loc 1 2027 14
 4149 00ec FB61     		str	r3, [r7, #28]
2028:./SystemView/SEGGER_RTT.c ****       _PostTerminalSwitch(pRing, _ActiveTerminal);
 4150              		.loc 1 2028 7
 4151 00ee 0D4B     		ldr	r3, .L227+8
 4152 00f0 1B78     		ldrb	r3, [r3]	@ zero_extendqisi2
 4153 00f2 1946     		mov	r1, r3
 4154 00f4 7869     		ldr	r0, [r7, #20]
 4155 00f6 FFF7FEFF 		bl	_PostTerminalSwitch
2029:./SystemView/SEGGER_RTT.c ****       break;
 4156              		.loc 1 2029 7
 4157 00fa 03E0     		b	.L222
 4158              	.L217:
2030:./SystemView/SEGGER_RTT.c ****     default:
ARM GAS  /var/folders/yl/_q9l42k90g1g4mdhbs226msm0000gn/T//ccXiy4OZ.s 			page 109


2031:./SystemView/SEGGER_RTT.c ****       Status = -1;
 4159              		.loc 1 2031 14
 4160 00fc 4FF0FF33 		mov	r3, #-1
 4161 0100 FB61     		str	r3, [r7, #28]
2032:./SystemView/SEGGER_RTT.c ****       break;
 4162              		.loc 1 2032 7
 4163 0102 00BF     		nop
 4164              	.L222:
2033:./SystemView/SEGGER_RTT.c ****     }
2034:./SystemView/SEGGER_RTT.c ****     //
2035:./SystemView/SEGGER_RTT.c ****     // Finish up.
2036:./SystemView/SEGGER_RTT.c ****     //
2037:./SystemView/SEGGER_RTT.c ****     SEGGER_RTT_UNLOCK();
 4165              		.loc 1 2037 5
 4166 0104 FB68     		ldr	r3, [r7, #12]
 4167              		.syntax unified
 4168              	@ 2037 "./SystemView/SEGGER_RTT.c" 1
 4169 0106 83F31188 		msr   basepri, r3  
 4170              		
 4171              	@ 0 "" 2
 4172              		.thumb
 4173              		.syntax unified
 4174              	.LBE34:
 4175 010a 02E0     		b	.L225
 4176              	.L215:
2038:./SystemView/SEGGER_RTT.c ****   } else {
2039:./SystemView/SEGGER_RTT.c ****     Status = -1;
 4177              		.loc 1 2039 12
 4178 010c 4FF0FF33 		mov	r3, #-1
 4179 0110 FB61     		str	r3, [r7, #28]
 4180              	.L225:
2040:./SystemView/SEGGER_RTT.c ****   }
2041:./SystemView/SEGGER_RTT.c ****   return Status;
 4181              		.loc 1 2041 10
 4182 0112 FB69     		ldr	r3, [r7, #28]
2042:./SystemView/SEGGER_RTT.c **** }
 4183              		.loc 1 2042 1
 4184 0114 1846     		mov	r0, r3
 4185 0116 2037     		adds	r7, r7, #32
 4186              	.LCFI169:
 4187              		.cfi_def_cfa_offset 8
 4188 0118 BD46     		mov	sp, r7
 4189              	.LCFI170:
 4190              		.cfi_def_cfa_register 13
 4191              		@ sp needed
 4192 011a 80BD     		pop	{r7, pc}
 4193              	.L228:
 4194              		.align	2
 4195              	.L227:
 4196 011c 00000000 		.word	_SEGGER_RTT
 4197 0120 18000000 		.word	_SEGGER_RTT+24
 4198 0124 00000000 		.word	_ActiveTerminal
 4199              		.cfi_endproc
 4200              	.LFE33:
 4202              		.section	.text.SEGGER_RTT_GetAvailWriteSpace,"ax",%progbits
 4203              		.align	1
 4204              		.global	SEGGER_RTT_GetAvailWriteSpace
ARM GAS  /var/folders/yl/_q9l42k90g1g4mdhbs226msm0000gn/T//ccXiy4OZ.s 			page 110


 4205              		.syntax unified
 4206              		.thumb
 4207              		.thumb_func
 4209              	SEGGER_RTT_GetAvailWriteSpace:
 4210              	.LFB34:
2043:./SystemView/SEGGER_RTT.c **** 
2044:./SystemView/SEGGER_RTT.c **** /*********************************************************************
2045:./SystemView/SEGGER_RTT.c **** *
2046:./SystemView/SEGGER_RTT.c **** *       SEGGER_RTT_GetAvailWriteSpace
2047:./SystemView/SEGGER_RTT.c **** *
2048:./SystemView/SEGGER_RTT.c **** *  Function description
2049:./SystemView/SEGGER_RTT.c **** *    Returns the number of bytes available in the ring buffer.
2050:./SystemView/SEGGER_RTT.c **** *
2051:./SystemView/SEGGER_RTT.c **** *  Parameters
2052:./SystemView/SEGGER_RTT.c **** *    BufferIndex  Index of the up buffer.
2053:./SystemView/SEGGER_RTT.c **** *
2054:./SystemView/SEGGER_RTT.c **** *  Return value
2055:./SystemView/SEGGER_RTT.c **** *    Number of bytes that are free in the selected up buffer.
2056:./SystemView/SEGGER_RTT.c **** */
2057:./SystemView/SEGGER_RTT.c **** unsigned SEGGER_RTT_GetAvailWriteSpace (unsigned BufferIndex) {
 4211              		.loc 1 2057 63
 4212              		.cfi_startproc
 4213              		@ args = 0, pretend = 0, frame = 16
 4214              		@ frame_needed = 1, uses_anonymous_args = 0
 4215 0000 80B5     		push	{r7, lr}
 4216              	.LCFI171:
 4217              		.cfi_def_cfa_offset 8
 4218              		.cfi_offset 7, -8
 4219              		.cfi_offset 14, -4
 4220 0002 84B0     		sub	sp, sp, #16
 4221              	.LCFI172:
 4222              		.cfi_def_cfa_offset 24
 4223 0004 00AF     		add	r7, sp, #0
 4224              	.LCFI173:
 4225              		.cfi_def_cfa_register 7
 4226 0006 7860     		str	r0, [r7, #4]
2058:./SystemView/SEGGER_RTT.c ****   SEGGER_RTT_BUFFER_UP* pRing;
2059:./SystemView/SEGGER_RTT.c **** 
2060:./SystemView/SEGGER_RTT.c ****   pRing = (SEGGER_RTT_BUFFER_UP*)((uintptr_t)&_SEGGER_RTT.aUp[BufferIndex] + SEGGER_RTT_UNCACHED_OF
 4227              		.loc 1 2060 9
 4228 0008 7B68     		ldr	r3, [r7, #4]
 4229 000a 5A1C     		adds	r2, r3, #1
 4230 000c 1346     		mov	r3, r2
 4231 000e 5B00     		lsls	r3, r3, #1
 4232 0010 1344     		add	r3, r3, r2
 4233 0012 DB00     		lsls	r3, r3, #3
 4234 0014 054A     		ldr	r2, .L231
 4235 0016 1344     		add	r3, r3, r2
 4236 0018 FB60     		str	r3, [r7, #12]
2061:./SystemView/SEGGER_RTT.c ****   return _GetAvailWriteSpace(pRing);
 4237              		.loc 1 2061 10
 4238 001a F868     		ldr	r0, [r7, #12]
 4239 001c FFF7FEFF 		bl	_GetAvailWriteSpace
 4240 0020 0346     		mov	r3, r0
2062:./SystemView/SEGGER_RTT.c **** }
 4241              		.loc 1 2062 1
 4242 0022 1846     		mov	r0, r3
ARM GAS  /var/folders/yl/_q9l42k90g1g4mdhbs226msm0000gn/T//ccXiy4OZ.s 			page 111


 4243 0024 1037     		adds	r7, r7, #16
 4244              	.LCFI174:
 4245              		.cfi_def_cfa_offset 8
 4246 0026 BD46     		mov	sp, r7
 4247              	.LCFI175:
 4248              		.cfi_def_cfa_register 13
 4249              		@ sp needed
 4250 0028 80BD     		pop	{r7, pc}
 4251              	.L232:
 4252 002a 00BF     		.align	2
 4253              	.L231:
 4254 002c 00000000 		.word	_SEGGER_RTT
 4255              		.cfi_endproc
 4256              	.LFE34:
 4258              		.section	.text.SEGGER_RTT_GetBytesInBuffer,"ax",%progbits
 4259              		.align	1
 4260              		.global	SEGGER_RTT_GetBytesInBuffer
 4261              		.syntax unified
 4262              		.thumb
 4263              		.thumb_func
 4265              	SEGGER_RTT_GetBytesInBuffer:
 4266              	.LFB35:
2063:./SystemView/SEGGER_RTT.c **** 
2064:./SystemView/SEGGER_RTT.c **** 
2065:./SystemView/SEGGER_RTT.c **** /*********************************************************************
2066:./SystemView/SEGGER_RTT.c **** *
2067:./SystemView/SEGGER_RTT.c **** *       SEGGER_RTT_GetBytesInBuffer()
2068:./SystemView/SEGGER_RTT.c **** *
2069:./SystemView/SEGGER_RTT.c **** *  Function description
2070:./SystemView/SEGGER_RTT.c **** *    Returns the number of bytes currently used in the up buffer.
2071:./SystemView/SEGGER_RTT.c **** *
2072:./SystemView/SEGGER_RTT.c **** *  Parameters
2073:./SystemView/SEGGER_RTT.c **** *    BufferIndex  Index of the up buffer.
2074:./SystemView/SEGGER_RTT.c **** *
2075:./SystemView/SEGGER_RTT.c **** *  Return value
2076:./SystemView/SEGGER_RTT.c **** *    Number of bytes that are used in the buffer.
2077:./SystemView/SEGGER_RTT.c **** */
2078:./SystemView/SEGGER_RTT.c **** unsigned SEGGER_RTT_GetBytesInBuffer(unsigned BufferIndex) {
 4267              		.loc 1 2078 60
 4268              		.cfi_startproc
 4269              		@ args = 0, pretend = 0, frame = 24
 4270              		@ frame_needed = 1, uses_anonymous_args = 0
 4271              		@ link register save eliminated.
 4272 0000 80B4     		push	{r7}
 4273              	.LCFI176:
 4274              		.cfi_def_cfa_offset 4
 4275              		.cfi_offset 7, -4
 4276 0002 87B0     		sub	sp, sp, #28
 4277              	.LCFI177:
 4278              		.cfi_def_cfa_offset 32
 4279 0004 00AF     		add	r7, sp, #0
 4280              	.LCFI178:
 4281              		.cfi_def_cfa_register 7
 4282 0006 7860     		str	r0, [r7, #4]
2079:./SystemView/SEGGER_RTT.c ****   unsigned RdOff;
2080:./SystemView/SEGGER_RTT.c ****   unsigned WrOff;
2081:./SystemView/SEGGER_RTT.c ****   unsigned r;
ARM GAS  /var/folders/yl/_q9l42k90g1g4mdhbs226msm0000gn/T//ccXiy4OZ.s 			page 112


2082:./SystemView/SEGGER_RTT.c ****   volatile SEGGER_RTT_CB* pRTTCB;
2083:./SystemView/SEGGER_RTT.c ****   //
2084:./SystemView/SEGGER_RTT.c ****   // Avoid warnings regarding volatile access order.  It's not a problem
2085:./SystemView/SEGGER_RTT.c ****   // in this case, but dampen compiler enthusiasm.
2086:./SystemView/SEGGER_RTT.c ****   //
2087:./SystemView/SEGGER_RTT.c ****   pRTTCB = (volatile SEGGER_RTT_CB*)((uintptr_t)&_SEGGER_RTT + SEGGER_RTT_UNCACHED_OFF);  // Access
 4283              		.loc 1 2087 10
 4284 0008 194B     		ldr	r3, .L237
 4285 000a 3B61     		str	r3, [r7, #16]
2088:./SystemView/SEGGER_RTT.c ****   RdOff = pRTTCB->aUp[BufferIndex].RdOff;
 4286              		.loc 1 2088 9
 4287 000c 3969     		ldr	r1, [r7, #16]
 4288 000e 7A68     		ldr	r2, [r7, #4]
 4289 0010 1346     		mov	r3, r2
 4290 0012 5B00     		lsls	r3, r3, #1
 4291 0014 1344     		add	r3, r3, r2
 4292 0016 DB00     		lsls	r3, r3, #3
 4293 0018 0B44     		add	r3, r3, r1
 4294 001a 2833     		adds	r3, r3, #40
 4295 001c 1B68     		ldr	r3, [r3]
 4296 001e FB60     		str	r3, [r7, #12]
2089:./SystemView/SEGGER_RTT.c ****   WrOff = pRTTCB->aUp[BufferIndex].WrOff;
 4297              		.loc 1 2089 9
 4298 0020 3969     		ldr	r1, [r7, #16]
 4299 0022 7A68     		ldr	r2, [r7, #4]
 4300 0024 1346     		mov	r3, r2
 4301 0026 5B00     		lsls	r3, r3, #1
 4302 0028 1344     		add	r3, r3, r2
 4303 002a DB00     		lsls	r3, r3, #3
 4304 002c 0B44     		add	r3, r3, r1
 4305 002e 2433     		adds	r3, r3, #36
 4306 0030 1B68     		ldr	r3, [r3]
 4307 0032 BB60     		str	r3, [r7, #8]
2090:./SystemView/SEGGER_RTT.c ****   if (RdOff <= WrOff) {
 4308              		.loc 1 2090 6
 4309 0034 FA68     		ldr	r2, [r7, #12]
 4310 0036 BB68     		ldr	r3, [r7, #8]
 4311 0038 9A42     		cmp	r2, r3
 4312 003a 04D8     		bhi	.L234
2091:./SystemView/SEGGER_RTT.c ****     r = WrOff - RdOff;
 4313              		.loc 1 2091 7
 4314 003c BA68     		ldr	r2, [r7, #8]
 4315 003e FB68     		ldr	r3, [r7, #12]
 4316 0040 D31A     		subs	r3, r2, r3
 4317 0042 7B61     		str	r3, [r7, #20]
 4318 0044 0DE0     		b	.L235
 4319              	.L234:
2092:./SystemView/SEGGER_RTT.c ****   } else {
2093:./SystemView/SEGGER_RTT.c ****     r = pRTTCB->aUp[BufferIndex].SizeOfBuffer - (WrOff - RdOff);
 4320              		.loc 1 2093 33
 4321 0046 3969     		ldr	r1, [r7, #16]
 4322 0048 7A68     		ldr	r2, [r7, #4]
 4323 004a 1346     		mov	r3, r2
 4324 004c 5B00     		lsls	r3, r3, #1
 4325 004e 1344     		add	r3, r3, r2
 4326 0050 DB00     		lsls	r3, r3, #3
 4327 0052 0B44     		add	r3, r3, r1
ARM GAS  /var/folders/yl/_q9l42k90g1g4mdhbs226msm0000gn/T//ccXiy4OZ.s 			page 113


 4328 0054 2033     		adds	r3, r3, #32
 4329 0056 1A68     		ldr	r2, [r3]
 4330              		.loc 1 2093 47
 4331 0058 F968     		ldr	r1, [r7, #12]
 4332 005a BB68     		ldr	r3, [r7, #8]
 4333 005c CB1A     		subs	r3, r1, r3
 4334              		.loc 1 2093 7
 4335 005e 1344     		add	r3, r3, r2
 4336 0060 7B61     		str	r3, [r7, #20]
 4337              	.L235:
2094:./SystemView/SEGGER_RTT.c ****   }
2095:./SystemView/SEGGER_RTT.c ****   return r;
 4338              		.loc 1 2095 10
 4339 0062 7B69     		ldr	r3, [r7, #20]
2096:./SystemView/SEGGER_RTT.c **** }
 4340              		.loc 1 2096 1
 4341 0064 1846     		mov	r0, r3
 4342 0066 1C37     		adds	r7, r7, #28
 4343              	.LCFI179:
 4344              		.cfi_def_cfa_offset 4
 4345 0068 BD46     		mov	sp, r7
 4346              	.LCFI180:
 4347              		.cfi_def_cfa_register 13
 4348              		@ sp needed
 4349 006a 5DF8047B 		ldr	r7, [sp], #4
 4350              	.LCFI181:
 4351              		.cfi_restore 7
 4352              		.cfi_def_cfa_offset 0
 4353 006e 7047     		bx	lr
 4354              	.L238:
 4355              		.align	2
 4356              	.L237:
 4357 0070 00000000 		.word	_SEGGER_RTT
 4358              		.cfi_endproc
 4359              	.LFE35:
 4361              		.section	.rodata._aInitStr.0,"a"
 4362              		.align	2
 4365              	_aInitStr.0:
 4366 0000 00000000 		.ascii	"\000\000\000\000\000\000TTR REGGES\000"
 4366      00005454 
 4366      52205245 
 4366      47474553 
 4366      00
 4367              		.text
 4368              	.Letext0:
 4369              		.file 2 "/Applications/ARM/arm-none-eabi/include/machine/_default_types.h"
 4370              		.file 3 "/Applications/ARM/arm-none-eabi/include/sys/_stdint.h"
 4371              		.file 4 "./SystemView/SEGGER_RTT.h"
ARM GAS  /var/folders/yl/_q9l42k90g1g4mdhbs226msm0000gn/T//ccXiy4OZ.s 			page 114


DEFINED SYMBOLS
                            *ABS*:0000000000000000 SEGGER_RTT.c
/var/folders/yl/_q9l42k90g1g4mdhbs226msm0000gn/T//ccXiy4OZ.s:20     .rodata._aTerminalId:0000000000000000 $d
/var/folders/yl/_q9l42k90g1g4mdhbs226msm0000gn/T//ccXiy4OZ.s:23     .rodata._aTerminalId:0000000000000000 _aTerminalId
/var/folders/yl/_q9l42k90g1g4mdhbs226msm0000gn/T//ccXiy4OZ.s:30     .bss._SEGGER_RTT:0000000000000000 _SEGGER_RTT
/var/folders/yl/_q9l42k90g1g4mdhbs226msm0000gn/T//ccXiy4OZ.s:27     .bss._SEGGER_RTT:0000000000000000 $d
/var/folders/yl/_q9l42k90g1g4mdhbs226msm0000gn/T//ccXiy4OZ.s:33     .bss._acUpBuffer:0000000000000000 $d
/var/folders/yl/_q9l42k90g1g4mdhbs226msm0000gn/T//ccXiy4OZ.s:36     .bss._acUpBuffer:0000000000000000 _acUpBuffer
/var/folders/yl/_q9l42k90g1g4mdhbs226msm0000gn/T//ccXiy4OZ.s:39     .bss._acDownBuffer:0000000000000000 $d
/var/folders/yl/_q9l42k90g1g4mdhbs226msm0000gn/T//ccXiy4OZ.s:42     .bss._acDownBuffer:0000000000000000 _acDownBuffer
/var/folders/yl/_q9l42k90g1g4mdhbs226msm0000gn/T//ccXiy4OZ.s:47     .bss._ActiveTerminal:0000000000000000 _ActiveTerminal
/var/folders/yl/_q9l42k90g1g4mdhbs226msm0000gn/T//ccXiy4OZ.s:48     .bss._ActiveTerminal:0000000000000000 $d
/var/folders/yl/_q9l42k90g1g4mdhbs226msm0000gn/T//ccXiy4OZ.s:50     .rodata:0000000000000000 $d
/var/folders/yl/_q9l42k90g1g4mdhbs226msm0000gn/T//ccXiy4OZ.s:54     .text._DoInit:0000000000000000 $t
/var/folders/yl/_q9l42k90g1g4mdhbs226msm0000gn/T//ccXiy4OZ.s:59     .text._DoInit:0000000000000000 _DoInit
/var/folders/yl/_q9l42k90g1g4mdhbs226msm0000gn/T//ccXiy4OZ.s:197    .text._DoInit:00000000000000a0 $d
/var/folders/yl/_q9l42k90g1g4mdhbs226msm0000gn/T//ccXiy4OZ.s:4365   .rodata._aInitStr.0:0000000000000000 _aInitStr.0
/var/folders/yl/_q9l42k90g1g4mdhbs226msm0000gn/T//ccXiy4OZ.s:206    .text._WriteBlocking:0000000000000000 $t
/var/folders/yl/_q9l42k90g1g4mdhbs226msm0000gn/T//ccXiy4OZ.s:211    .text._WriteBlocking:0000000000000000 _WriteBlocking
/var/folders/yl/_q9l42k90g1g4mdhbs226msm0000gn/T//ccXiy4OZ.s:363    .text._WriteNoCheck:0000000000000000 $t
/var/folders/yl/_q9l42k90g1g4mdhbs226msm0000gn/T//ccXiy4OZ.s:368    .text._WriteNoCheck:0000000000000000 _WriteNoCheck
/var/folders/yl/_q9l42k90g1g4mdhbs226msm0000gn/T//ccXiy4OZ.s:493    .text._PostTerminalSwitch:0000000000000000 $t
/var/folders/yl/_q9l42k90g1g4mdhbs226msm0000gn/T//ccXiy4OZ.s:498    .text._PostTerminalSwitch:0000000000000000 _PostTerminalSwitch
/var/folders/yl/_q9l42k90g1g4mdhbs226msm0000gn/T//ccXiy4OZ.s:546    .text._PostTerminalSwitch:0000000000000030 $d
/var/folders/yl/_q9l42k90g1g4mdhbs226msm0000gn/T//ccXiy4OZ.s:551    .text._GetAvailWriteSpace:0000000000000000 $t
/var/folders/yl/_q9l42k90g1g4mdhbs226msm0000gn/T//ccXiy4OZ.s:556    .text._GetAvailWriteSpace:0000000000000000 _GetAvailWriteSpace
/var/folders/yl/_q9l42k90g1g4mdhbs226msm0000gn/T//ccXiy4OZ.s:629    .text.SEGGER_RTT_ReadUpBufferNoLock:0000000000000000 $t
/var/folders/yl/_q9l42k90g1g4mdhbs226msm0000gn/T//ccXiy4OZ.s:635    .text.SEGGER_RTT_ReadUpBufferNoLock:0000000000000000 SEGGER_RTT_ReadUpBufferNoLock
/var/folders/yl/_q9l42k90g1g4mdhbs226msm0000gn/T//ccXiy4OZ.s:827    .text.SEGGER_RTT_ReadUpBufferNoLock:0000000000000108 $d
/var/folders/yl/_q9l42k90g1g4mdhbs226msm0000gn/T//ccXiy4OZ.s:832    .text.SEGGER_RTT_ReadNoLock:0000000000000000 $t
/var/folders/yl/_q9l42k90g1g4mdhbs226msm0000gn/T//ccXiy4OZ.s:838    .text.SEGGER_RTT_ReadNoLock:0000000000000000 SEGGER_RTT_ReadNoLock
/var/folders/yl/_q9l42k90g1g4mdhbs226msm0000gn/T//ccXiy4OZ.s:1030   .text.SEGGER_RTT_ReadNoLock:0000000000000108 $d
/var/folders/yl/_q9l42k90g1g4mdhbs226msm0000gn/T//ccXiy4OZ.s:1035   .text.SEGGER_RTT_ReadUpBuffer:0000000000000000 $t
/var/folders/yl/_q9l42k90g1g4mdhbs226msm0000gn/T//ccXiy4OZ.s:1041   .text.SEGGER_RTT_ReadUpBuffer:0000000000000000 SEGGER_RTT_ReadUpBuffer
/var/folders/yl/_q9l42k90g1g4mdhbs226msm0000gn/T//ccXiy4OZ.s:1105   .text.SEGGER_RTT_Read:0000000000000000 $t
/var/folders/yl/_q9l42k90g1g4mdhbs226msm0000gn/T//ccXiy4OZ.s:1111   .text.SEGGER_RTT_Read:0000000000000000 SEGGER_RTT_Read
/var/folders/yl/_q9l42k90g1g4mdhbs226msm0000gn/T//ccXiy4OZ.s:1175   .text.SEGGER_RTT_WriteWithOverwriteNoLock:0000000000000000 $t
/var/folders/yl/_q9l42k90g1g4mdhbs226msm0000gn/T//ccXiy4OZ.s:1181   .text.SEGGER_RTT_WriteWithOverwriteNoLock:0000000000000000 SEGGER_RTT_WriteWithOverwriteNoLock
/var/folders/yl/_q9l42k90g1g4mdhbs226msm0000gn/T//ccXiy4OZ.s:1418   .text.SEGGER_RTT_WriteWithOverwriteNoLock:0000000000000120 $d
/var/folders/yl/_q9l42k90g1g4mdhbs226msm0000gn/T//ccXiy4OZ.s:1423   .text.SEGGER_RTT_WriteDownBufferNoLock:0000000000000000 $t
/var/folders/yl/_q9l42k90g1g4mdhbs226msm0000gn/T//ccXiy4OZ.s:1429   .text.SEGGER_RTT_WriteDownBufferNoLock:0000000000000000 SEGGER_RTT_WriteDownBufferNoLock
/var/folders/yl/_q9l42k90g1g4mdhbs226msm0000gn/T//ccXiy4OZ.s:1551   .text.SEGGER_RTT_WriteDownBufferNoLock:000000000000009c $d
/var/folders/yl/_q9l42k90g1g4mdhbs226msm0000gn/T//ccXiy4OZ.s:1556   .text.SEGGER_RTT_WriteNoLock:0000000000000000 $t
/var/folders/yl/_q9l42k90g1g4mdhbs226msm0000gn/T//ccXiy4OZ.s:1562   .text.SEGGER_RTT_WriteNoLock:0000000000000000 SEGGER_RTT_WriteNoLock
/var/folders/yl/_q9l42k90g1g4mdhbs226msm0000gn/T//ccXiy4OZ.s:1684   .text.SEGGER_RTT_WriteNoLock:000000000000009c $d
/var/folders/yl/_q9l42k90g1g4mdhbs226msm0000gn/T//ccXiy4OZ.s:1689   .text.SEGGER_RTT_WriteDownBuffer:0000000000000000 $t
/var/folders/yl/_q9l42k90g1g4mdhbs226msm0000gn/T//ccXiy4OZ.s:1695   .text.SEGGER_RTT_WriteDownBuffer:0000000000000000 SEGGER_RTT_WriteDownBuffer
/var/folders/yl/_q9l42k90g1g4mdhbs226msm0000gn/T//ccXiy4OZ.s:1771   .text.SEGGER_RTT_WriteDownBuffer:0000000000000048 $d
/var/folders/yl/_q9l42k90g1g4mdhbs226msm0000gn/T//ccXiy4OZ.s:1776   .text.SEGGER_RTT_Write:0000000000000000 $t
/var/folders/yl/_q9l42k90g1g4mdhbs226msm0000gn/T//ccXiy4OZ.s:1782   .text.SEGGER_RTT_Write:0000000000000000 SEGGER_RTT_Write
/var/folders/yl/_q9l42k90g1g4mdhbs226msm0000gn/T//ccXiy4OZ.s:1858   .text.SEGGER_RTT_Write:0000000000000048 $d
/var/folders/yl/_q9l42k90g1g4mdhbs226msm0000gn/T//ccXiy4OZ.s:1863   .text.SEGGER_RTT_WriteString:0000000000000000 $t
/var/folders/yl/_q9l42k90g1g4mdhbs226msm0000gn/T//ccXiy4OZ.s:1869   .text.SEGGER_RTT_WriteString:0000000000000000 SEGGER_RTT_WriteString
/var/folders/yl/_q9l42k90g1g4mdhbs226msm0000gn/T//ccXiy4OZ.s:1912   .text.SEGGER_RTT_PutCharSkipNoLock:0000000000000000 $t
/var/folders/yl/_q9l42k90g1g4mdhbs226msm0000gn/T//ccXiy4OZ.s:1918   .text.SEGGER_RTT_PutCharSkipNoLock:0000000000000000 SEGGER_RTT_PutCharSkipNoLock
/var/folders/yl/_q9l42k90g1g4mdhbs226msm0000gn/T//ccXiy4OZ.s:2025   .text.SEGGER_RTT_PutCharSkipNoLock:0000000000000074 $d
/var/folders/yl/_q9l42k90g1g4mdhbs226msm0000gn/T//ccXiy4OZ.s:2030   .text.SEGGER_RTT_PutCharSkip:0000000000000000 $t
ARM GAS  /var/folders/yl/_q9l42k90g1g4mdhbs226msm0000gn/T//ccXiy4OZ.s 			page 115


/var/folders/yl/_q9l42k90g1g4mdhbs226msm0000gn/T//ccXiy4OZ.s:2036   .text.SEGGER_RTT_PutCharSkip:0000000000000000 SEGGER_RTT_PutCharSkip
/var/folders/yl/_q9l42k90g1g4mdhbs226msm0000gn/T//ccXiy4OZ.s:2174   .text.SEGGER_RTT_PutCharSkip:0000000000000094 $d
/var/folders/yl/_q9l42k90g1g4mdhbs226msm0000gn/T//ccXiy4OZ.s:2179   .text.SEGGER_RTT_PutChar:0000000000000000 $t
/var/folders/yl/_q9l42k90g1g4mdhbs226msm0000gn/T//ccXiy4OZ.s:2185   .text.SEGGER_RTT_PutChar:0000000000000000 SEGGER_RTT_PutChar
/var/folders/yl/_q9l42k90g1g4mdhbs226msm0000gn/T//ccXiy4OZ.s:2340   .text.SEGGER_RTT_PutChar:00000000000000a8 $d
/var/folders/yl/_q9l42k90g1g4mdhbs226msm0000gn/T//ccXiy4OZ.s:2345   .text.SEGGER_RTT_GetKey:0000000000000000 $t
/var/folders/yl/_q9l42k90g1g4mdhbs226msm0000gn/T//ccXiy4OZ.s:2351   .text.SEGGER_RTT_GetKey:0000000000000000 SEGGER_RTT_GetKey
/var/folders/yl/_q9l42k90g1g4mdhbs226msm0000gn/T//ccXiy4OZ.s:2407   .text.SEGGER_RTT_WaitKey:0000000000000000 $t
/var/folders/yl/_q9l42k90g1g4mdhbs226msm0000gn/T//ccXiy4OZ.s:2413   .text.SEGGER_RTT_WaitKey:0000000000000000 SEGGER_RTT_WaitKey
/var/folders/yl/_q9l42k90g1g4mdhbs226msm0000gn/T//ccXiy4OZ.s:2454   .text.SEGGER_RTT_HasKey:0000000000000000 $t
/var/folders/yl/_q9l42k90g1g4mdhbs226msm0000gn/T//ccXiy4OZ.s:2460   .text.SEGGER_RTT_HasKey:0000000000000000 SEGGER_RTT_HasKey
/var/folders/yl/_q9l42k90g1g4mdhbs226msm0000gn/T//ccXiy4OZ.s:2528   .text.SEGGER_RTT_HasKey:0000000000000040 $d
/var/folders/yl/_q9l42k90g1g4mdhbs226msm0000gn/T//ccXiy4OZ.s:2534   .text.SEGGER_RTT_HasData:0000000000000000 $t
/var/folders/yl/_q9l42k90g1g4mdhbs226msm0000gn/T//ccXiy4OZ.s:2540   .text.SEGGER_RTT_HasData:0000000000000000 SEGGER_RTT_HasData
/var/folders/yl/_q9l42k90g1g4mdhbs226msm0000gn/T//ccXiy4OZ.s:2595   .text.SEGGER_RTT_HasData:0000000000000034 $d
/var/folders/yl/_q9l42k90g1g4mdhbs226msm0000gn/T//ccXiy4OZ.s:2600   .text.SEGGER_RTT_HasDataUp:0000000000000000 $t
/var/folders/yl/_q9l42k90g1g4mdhbs226msm0000gn/T//ccXiy4OZ.s:2606   .text.SEGGER_RTT_HasDataUp:0000000000000000 SEGGER_RTT_HasDataUp
/var/folders/yl/_q9l42k90g1g4mdhbs226msm0000gn/T//ccXiy4OZ.s:2661   .text.SEGGER_RTT_HasDataUp:0000000000000034 $d
/var/folders/yl/_q9l42k90g1g4mdhbs226msm0000gn/T//ccXiy4OZ.s:2666   .text.SEGGER_RTT_AllocDownBuffer:0000000000000000 $t
/var/folders/yl/_q9l42k90g1g4mdhbs226msm0000gn/T//ccXiy4OZ.s:2672   .text.SEGGER_RTT_AllocDownBuffer:0000000000000000 SEGGER_RTT_AllocDownBuffer
/var/folders/yl/_q9l42k90g1g4mdhbs226msm0000gn/T//ccXiy4OZ.s:2866   .text.SEGGER_RTT_AllocDownBuffer:0000000000000100 $d
/var/folders/yl/_q9l42k90g1g4mdhbs226msm0000gn/T//ccXiy4OZ.s:2871   .text.SEGGER_RTT_AllocUpBuffer:0000000000000000 $t
/var/folders/yl/_q9l42k90g1g4mdhbs226msm0000gn/T//ccXiy4OZ.s:2877   .text.SEGGER_RTT_AllocUpBuffer:0000000000000000 SEGGER_RTT_AllocUpBuffer
/var/folders/yl/_q9l42k90g1g4mdhbs226msm0000gn/T//ccXiy4OZ.s:3073   .text.SEGGER_RTT_AllocUpBuffer:0000000000000104 $d
/var/folders/yl/_q9l42k90g1g4mdhbs226msm0000gn/T//ccXiy4OZ.s:3078   .text.SEGGER_RTT_ConfigUpBuffer:0000000000000000 $t
/var/folders/yl/_q9l42k90g1g4mdhbs226msm0000gn/T//ccXiy4OZ.s:3084   .text.SEGGER_RTT_ConfigUpBuffer:0000000000000000 SEGGER_RTT_ConfigUpBuffer
/var/folders/yl/_q9l42k90g1g4mdhbs226msm0000gn/T//ccXiy4OZ.s:3210   .text.SEGGER_RTT_ConfigUpBuffer:0000000000000090 $d
/var/folders/yl/_q9l42k90g1g4mdhbs226msm0000gn/T//ccXiy4OZ.s:3215   .text.SEGGER_RTT_ConfigDownBuffer:0000000000000000 $t
/var/folders/yl/_q9l42k90g1g4mdhbs226msm0000gn/T//ccXiy4OZ.s:3221   .text.SEGGER_RTT_ConfigDownBuffer:0000000000000000 SEGGER_RTT_ConfigDownBuffer
/var/folders/yl/_q9l42k90g1g4mdhbs226msm0000gn/T//ccXiy4OZ.s:3355   .text.SEGGER_RTT_ConfigDownBuffer:0000000000000094 $d
/var/folders/yl/_q9l42k90g1g4mdhbs226msm0000gn/T//ccXiy4OZ.s:3360   .text.SEGGER_RTT_SetNameUpBuffer:0000000000000000 $t
/var/folders/yl/_q9l42k90g1g4mdhbs226msm0000gn/T//ccXiy4OZ.s:3366   .text.SEGGER_RTT_SetNameUpBuffer:0000000000000000 SEGGER_RTT_SetNameUpBuffer
/var/folders/yl/_q9l42k90g1g4mdhbs226msm0000gn/T//ccXiy4OZ.s:3465   .text.SEGGER_RTT_SetNameUpBuffer:0000000000000068 $d
/var/folders/yl/_q9l42k90g1g4mdhbs226msm0000gn/T//ccXiy4OZ.s:3470   .text.SEGGER_RTT_SetNameDownBuffer:0000000000000000 $t
/var/folders/yl/_q9l42k90g1g4mdhbs226msm0000gn/T//ccXiy4OZ.s:3476   .text.SEGGER_RTT_SetNameDownBuffer:0000000000000000 SEGGER_RTT_SetNameDownBuffer
/var/folders/yl/_q9l42k90g1g4mdhbs226msm0000gn/T//ccXiy4OZ.s:3575   .text.SEGGER_RTT_SetNameDownBuffer:0000000000000068 $d
/var/folders/yl/_q9l42k90g1g4mdhbs226msm0000gn/T//ccXiy4OZ.s:3580   .text.SEGGER_RTT_SetFlagsUpBuffer:0000000000000000 $t
/var/folders/yl/_q9l42k90g1g4mdhbs226msm0000gn/T//ccXiy4OZ.s:3586   .text.SEGGER_RTT_SetFlagsUpBuffer:0000000000000000 SEGGER_RTT_SetFlagsUpBuffer
/var/folders/yl/_q9l42k90g1g4mdhbs226msm0000gn/T//ccXiy4OZ.s:3685   .text.SEGGER_RTT_SetFlagsUpBuffer:0000000000000068 $d
/var/folders/yl/_q9l42k90g1g4mdhbs226msm0000gn/T//ccXiy4OZ.s:3690   .text.SEGGER_RTT_SetFlagsDownBuffer:0000000000000000 $t
/var/folders/yl/_q9l42k90g1g4mdhbs226msm0000gn/T//ccXiy4OZ.s:3696   .text.SEGGER_RTT_SetFlagsDownBuffer:0000000000000000 SEGGER_RTT_SetFlagsDownBuffer
/var/folders/yl/_q9l42k90g1g4mdhbs226msm0000gn/T//ccXiy4OZ.s:3795   .text.SEGGER_RTT_SetFlagsDownBuffer:0000000000000068 $d
/var/folders/yl/_q9l42k90g1g4mdhbs226msm0000gn/T//ccXiy4OZ.s:3800   .text.SEGGER_RTT_Init:0000000000000000 $t
/var/folders/yl/_q9l42k90g1g4mdhbs226msm0000gn/T//ccXiy4OZ.s:3806   .text.SEGGER_RTT_Init:0000000000000000 SEGGER_RTT_Init
/var/folders/yl/_q9l42k90g1g4mdhbs226msm0000gn/T//ccXiy4OZ.s:3829   .text.SEGGER_RTT_SetTerminal:0000000000000000 $t
/var/folders/yl/_q9l42k90g1g4mdhbs226msm0000gn/T//ccXiy4OZ.s:3835   .text.SEGGER_RTT_SetTerminal:0000000000000000 SEGGER_RTT_SetTerminal
/var/folders/yl/_q9l42k90g1g4mdhbs226msm0000gn/T//ccXiy4OZ.s:3973   .text.SEGGER_RTT_SetTerminal:00000000000000a8 $d
/var/folders/yl/_q9l42k90g1g4mdhbs226msm0000gn/T//ccXiy4OZ.s:3981   .text.SEGGER_RTT_TerminalOut:0000000000000000 $t
/var/folders/yl/_q9l42k90g1g4mdhbs226msm0000gn/T//ccXiy4OZ.s:3987   .text.SEGGER_RTT_TerminalOut:0000000000000000 SEGGER_RTT_TerminalOut
/var/folders/yl/_q9l42k90g1g4mdhbs226msm0000gn/T//ccXiy4OZ.s:4196   .text.SEGGER_RTT_TerminalOut:000000000000011c $d
/var/folders/yl/_q9l42k90g1g4mdhbs226msm0000gn/T//ccXiy4OZ.s:4203   .text.SEGGER_RTT_GetAvailWriteSpace:0000000000000000 $t
/var/folders/yl/_q9l42k90g1g4mdhbs226msm0000gn/T//ccXiy4OZ.s:4209   .text.SEGGER_RTT_GetAvailWriteSpace:0000000000000000 SEGGER_RTT_GetAvailWriteSpace
/var/folders/yl/_q9l42k90g1g4mdhbs226msm0000gn/T//ccXiy4OZ.s:4254   .text.SEGGER_RTT_GetAvailWriteSpace:000000000000002c $d
/var/folders/yl/_q9l42k90g1g4mdhbs226msm0000gn/T//ccXiy4OZ.s:4259   .text.SEGGER_RTT_GetBytesInBuffer:0000000000000000 $t
/var/folders/yl/_q9l42k90g1g4mdhbs226msm0000gn/T//ccXiy4OZ.s:4265   .text.SEGGER_RTT_GetBytesInBuffer:0000000000000000 SEGGER_RTT_GetBytesInBuffer
/var/folders/yl/_q9l42k90g1g4mdhbs226msm0000gn/T//ccXiy4OZ.s:4357   .text.SEGGER_RTT_GetBytesInBuffer:0000000000000070 $d
/var/folders/yl/_q9l42k90g1g4mdhbs226msm0000gn/T//ccXiy4OZ.s:4362   .rodata._aInitStr.0:0000000000000000 $d
ARM GAS  /var/folders/yl/_q9l42k90g1g4mdhbs226msm0000gn/T//ccXiy4OZ.s 			page 116



UNDEFINED SYMBOLS
memset
memcpy
strlen
