ARM GAS  /var/folders/yl/_q9l42k90g1g4mdhbs226msm0000gn/T//ccnoQXKd.s 			page 1


   1              		.cpu cortex-m4
   2              		.arch armv7e-m
   3              		.fpu fpv4-sp-d16
   4              		.eabi_attribute 27, 1
   5              		.eabi_attribute 28, 1
   6              		.eabi_attribute 20, 1
   7              		.eabi_attribute 21, 1
   8              		.eabi_attribute 23, 3
   9              		.eabi_attribute 24, 1
  10              		.eabi_attribute 25, 1
  11              		.eabi_attribute 26, 1
  12              		.eabi_attribute 30, 1
  13              		.eabi_attribute 34, 1
  14              		.eabi_attribute 18, 4
  15              		.file	"main.c"
  16              		.text
  17              	.Ltext0:
  18              		.cfi_sections	.debug_frame
  19              		.global	__aeabi_f2d
  20              		.global	__aeabi_dmul
  21              		.global	__aeabi_d2f
  22              		.global	__aeabi_dsub
  23              		.section	.text.toEulerAngles,"ax",%progbits
  24              		.align	1
  25              		.global	toEulerAngles
  26              		.syntax unified
  27              		.thumb
  28              		.thumb_func
  30              	toEulerAngles:
  31              	.LVL0:
  32              	.LFB126:
  33              		.file 1 "./User/main.c"
   1:./User/main.c **** /**
   2:./User/main.c ****   ******************************************************************************
   3:./User/main.c ****   * @file    Project/STM32F4xx_StdPeriph_Templates/main.c 
   4:./User/main.c ****   * @author  MCD Application Team
   5:./User/main.c ****   * @version V1.8.1
   6:./User/main.c ****   * @date    27-January-2022
   7:./User/main.c ****   * @brief   Main program body
   8:./User/main.c ****   ******************************************************************************
   9:./User/main.c ****   * @attention
  10:./User/main.c ****   *
  11:./User/main.c ****   * Copyright (c) 2016 STMicroelectronics.
  12:./User/main.c ****   * All rights reserved.
  13:./User/main.c ****   *
  14:./User/main.c ****   * This software is licensed under terms that can be found in the LICENSE file
  15:./User/main.c ****   * in the root directory of this software component.
  16:./User/main.c ****   * If no LICENSE file comes with this software, it is provided AS-IS.
  17:./User/main.c ****   *
  18:./User/main.c ****   ******************************************************************************
  19:./User/main.c ****   */
  20:./User/main.c **** 
  21:./User/main.c **** /* Includes ------------------------------------------------------------------*/
  22:./User/main.c **** #include "main.h"
  23:./User/main.c **** #define DEBUG
  24:./User/main.c **** 
  25:./User/main.c **** volatile float deltaT = 0.003f;
ARM GAS  /var/folders/yl/_q9l42k90g1g4mdhbs226msm0000gn/T//ccnoQXKd.s 			page 2


  26:./User/main.c **** Angle angle;
  27:./User/main.c **** float height = 0.0f;
  28:./User/main.c **** int8_t correctFlag = -1;
  29:./User/main.c **** // quaternion of sensor frame relative to auxiliary frame
  30:./User/main.c **** volatile float q0 = 1.0f, q1 = 0.0f, q2 = 0.0f, q3 = 0.0f;
  31:./User/main.c **** float rollOffset=-2.14783647,pitchOffset = 2.14783647,rollOffsetSum, pitchOffsetSum;
  32:./User/main.c **** 
  33:./User/main.c **** void toEulerAngles(Angle *angle) {
  34              		.loc 1 33 34 view -0
  35              		.cfi_startproc
  36              		@ args = 0, pretend = 0, frame = 8
  37              		@ frame_needed = 0, uses_anonymous_args = 0
  38              		.loc 1 33 34 is_stmt 0 view .LVU1
  39 0000 2DE9F047 		push	{r4, r5, r6, r7, r8, r9, r10, lr}
  40              	.LCFI0:
  41              		.cfi_def_cfa_offset 32
  42              		.cfi_offset 4, -32
  43              		.cfi_offset 5, -28
  44              		.cfi_offset 6, -24
  45              		.cfi_offset 7, -20
  46              		.cfi_offset 8, -16
  47              		.cfi_offset 9, -12
  48              		.cfi_offset 10, -8
  49              		.cfi_offset 14, -4
  50 0004 2DED068B 		vpush.64	{d8, d9, d10}
  51              	.LCFI1:
  52              		.cfi_def_cfa_offset 56
  53              		.cfi_offset 80, -56
  54              		.cfi_offset 81, -52
  55              		.cfi_offset 82, -48
  56              		.cfi_offset 83, -44
  57              		.cfi_offset 84, -40
  58              		.cfi_offset 85, -36
  59 0008 82B0     		sub	sp, sp, #8
  60              	.LCFI2:
  61              		.cfi_def_cfa_offset 64
  62 000a 0546     		mov	r5, r0
  34:./User/main.c **** 	angle->yaw = atan2(2 * q1 * q2  + 2 * q0 * q3, -2 * q2 * q2 - 2 * q3* q3 + 1) * RAD_TO_DEGREE; 			
  63              		.loc 1 34 2 is_stmt 1 view .LVU2
  64              		.loc 1 34 23 is_stmt 0 view .LVU3
  65 000c DFF8B881 		ldr	r8, .L3+16
  66 0010 D8ED007A 		vldr.32	s15, [r8]
  67 0014 77EEA77A 		vadd.f32	s15, s15, s15
  68              		.loc 1 34 28 view .LVU4
  69 0018 674C     		ldr	r4, .L3
  70 001a 94ED008A 		vldr.32	s16, [r4]
  71 001e 27EE888A 		vmul.f32	s16, s15, s16
  72              		.loc 1 34 38 view .LVU5
  73 0022 DFF8A8A1 		ldr	r10, .L3+20
  74 0026 DAED007A 		vldr.32	s15, [r10]
  75 002a 77EEA77A 		vadd.f32	s15, s15, s15
  76              		.loc 1 34 43 view .LVU6
  77 002e DFF8A091 		ldr	r9, .L3+24
  78 0032 99ED007A 		vldr.32	s14, [r9]
  79 0036 67EE877A 		vmul.f32	s15, s15, s14
  80              		.loc 1 34 34 view .LVU7
  81 003a 38EE278A 		vadd.f32	s16, s16, s15
ARM GAS  /var/folders/yl/_q9l42k90g1g4mdhbs226msm0000gn/T//ccnoQXKd.s 			page 3


  82              		.loc 1 34 52 view .LVU8
  83 003e D4ED007A 		vldr.32	s15, [r4]
  84 0042 B8EE009A 		vmov.f32	s18, #-2.0e+0
  85 0046 67EE897A 		vmul.f32	s15, s15, s18
  86              		.loc 1 34 57 view .LVU9
  87 004a 94ED007A 		vldr.32	s14, [r4]
  88 004e 67EE877A 		vmul.f32	s15, s15, s14
  89              		.loc 1 34 66 view .LVU10
  90 0052 99ED007A 		vldr.32	s14, [r9]
  91 0056 37EE077A 		vadd.f32	s14, s14, s14
  92              		.loc 1 34 70 view .LVU11
  93 005a D9ED006A 		vldr.32	s13, [r9]
  94 005e 27EE267A 		vmul.f32	s14, s14, s13
  95              		.loc 1 34 62 view .LVU12
  96 0062 77EEC77A 		vsub.f32	s15, s15, s14
  97              		.loc 1 34 75 view .LVU13
  98 0066 F7EE008A 		vmov.f32	s17, #1.0e+0
  99              		.loc 1 34 15 view .LVU14
 100 006a 77EEA87A 		vadd.f32	s15, s15, s17
 101 006e 17EE900A 		vmov	r0, s15
 102              	.LVL1:
 103              		.loc 1 34 15 view .LVU15
 104 0072 FFF7FEFF 		bl	__aeabi_f2d
 105              	.LVL2:
 106 0076 41EC1A0B 		vmov	d10, r0, r1
 107 007a 18EE100A 		vmov	r0, s16
 108 007e FFF7FEFF 		bl	__aeabi_f2d
 109              	.LVL3:
 110 0082 B0EE4A1A 		vmov.f32	s2, s20
 111 0086 F0EE6A1A 		vmov.f32	s3, s21
 112 008a 41EC100B 		vmov	d0, r0, r1
 113 008e FFF7FEFF 		bl	atan2
 114              	.LVL4:
 115 0092 8DED000B 		vstr.64	d0, [sp]
 116              		.loc 1 34 80 view .LVU16
 117 0096 494B     		ldr	r3, .L3+4
 118 0098 1868     		ldr	r0, [r3]	@ float
 119 009a FFF7FEFF 		bl	__aeabi_f2d
 120              	.LVL5:
 121 009e 0646     		mov	r6, r0
 122 00a0 0F46     		mov	r7, r1
 123 00a2 0246     		mov	r2, r0
 124 00a4 0B46     		mov	r3, r1
 125 00a6 DDE90001 		ldrd	r0, [sp]
 126 00aa FFF7FEFF 		bl	__aeabi_dmul
 127              	.LVL6:
 128 00ae FFF7FEFF 		bl	__aeabi_d2f
 129              	.LVL7:
 130              		.loc 1 34 13 view .LVU17
 131 00b2 2860     		str	r0, [r5]	@ float
  35:./User/main.c **** 	// angle->pitch = asin(-2 * q1 * q3 + 2 * q0* q2) * RAD_TO_DEGREE - pitchOffset; 							    // pit
  36:./User/main.c **** 	// angle->roll = atan2(2 * q2 * q3 + 2 * q0 * q1, -2 * q1 * q1 - 2 * q2* q2 + 1) * RAD_TO_DEGREE -
  37:./User/main.c ****   angle->roll = asin(-2 * q1 * q3 + 2 * q0* q2) * RAD_TO_DEGREE - pitchOffset; 							    // pitch 
 132              		.loc 1 37 3 is_stmt 1 view .LVU18
 133              		.loc 1 37 25 is_stmt 0 view .LVU19
 134 00b4 98ED007A 		vldr.32	s14, [r8]
 135 00b8 27EE097A 		vmul.f32	s14, s14, s18
ARM GAS  /var/folders/yl/_q9l42k90g1g4mdhbs226msm0000gn/T//ccnoQXKd.s 			page 4


 136              		.loc 1 37 30 view .LVU20
 137 00bc D9ED007A 		vldr.32	s15, [r9]
 138 00c0 27EE277A 		vmul.f32	s14, s14, s15
 139              		.loc 1 37 39 view .LVU21
 140 00c4 DAED007A 		vldr.32	s15, [r10]
 141 00c8 77EEA77A 		vadd.f32	s15, s15, s15
 142              		.loc 1 37 43 view .LVU22
 143 00cc D4ED006A 		vldr.32	s13, [r4]
 144 00d0 67EEA67A 		vmul.f32	s15, s15, s13
 145              		.loc 1 37 17 view .LVU23
 146 00d4 77EE277A 		vadd.f32	s15, s14, s15
 147 00d8 17EE900A 		vmov	r0, s15
 148 00dc FFF7FEFF 		bl	__aeabi_f2d
 149              	.LVL8:
 150 00e0 41EC100B 		vmov	d0, r0, r1
 151 00e4 FFF7FEFF 		bl	asin
 152              	.LVL9:
 153 00e8 53EC102B 		vmov	r2, r3, d0
 154              		.loc 1 37 49 view .LVU24
 155 00ec 3046     		mov	r0, r6
 156 00ee 3946     		mov	r1, r7
 157 00f0 FFF7FEFF 		bl	__aeabi_dmul
 158              	.LVL10:
 159 00f4 CDE90001 		strd	r0, [sp]
 160              		.loc 1 37 65 view .LVU25
 161 00f8 314B     		ldr	r3, .L3+8
 162 00fa 1868     		ldr	r0, [r3]	@ float
 163 00fc FFF7FEFF 		bl	__aeabi_f2d
 164              	.LVL11:
 165 0100 0246     		mov	r2, r0
 166 0102 0B46     		mov	r3, r1
 167 0104 DDE90001 		ldrd	r0, [sp]
 168 0108 FFF7FEFF 		bl	__aeabi_dsub
 169              	.LVL12:
 170 010c FFF7FEFF 		bl	__aeabi_d2f
 171              	.LVL13:
 172              		.loc 1 37 15 view .LVU26
 173 0110 A860     		str	r0, [r5, #8]	@ float
  38:./User/main.c **** 	angle->pitch = atan2(2 * q2 * q3 + 2 * q0 * q1, -2 * q1 * q1 - 2 * q2* q2 + 1) * RAD_TO_DEGREE - r
 174              		.loc 1 38 2 is_stmt 1 view .LVU27
 175              		.loc 1 38 25 is_stmt 0 view .LVU28
 176 0112 D4ED007A 		vldr.32	s15, [r4]
 177 0116 77EEA77A 		vadd.f32	s15, s15, s15
 178              		.loc 1 38 30 view .LVU29
 179 011a 99ED008A 		vldr.32	s16, [r9]
 180 011e 27EE888A 		vmul.f32	s16, s15, s16
 181              		.loc 1 38 39 view .LVU30
 182 0122 DAED007A 		vldr.32	s15, [r10]
 183 0126 77EEA77A 		vadd.f32	s15, s15, s15
 184              		.loc 1 38 44 view .LVU31
 185 012a 98ED007A 		vldr.32	s14, [r8]
 186 012e 67EE877A 		vmul.f32	s15, s15, s14
 187              		.loc 1 38 35 view .LVU32
 188 0132 38EE278A 		vadd.f32	s16, s16, s15
 189              		.loc 1 38 53 view .LVU33
 190 0136 D8ED007A 		vldr.32	s15, [r8]
 191 013a 67EE897A 		vmul.f32	s15, s15, s18
ARM GAS  /var/folders/yl/_q9l42k90g1g4mdhbs226msm0000gn/T//ccnoQXKd.s 			page 5


 192              		.loc 1 38 58 view .LVU34
 193 013e 98ED007A 		vldr.32	s14, [r8]
 194 0142 67EE877A 		vmul.f32	s15, s15, s14
 195              		.loc 1 38 67 view .LVU35
 196 0146 94ED007A 		vldr.32	s14, [r4]
 197 014a 37EE077A 		vadd.f32	s14, s14, s14
 198              		.loc 1 38 71 view .LVU36
 199 014e D4ED006A 		vldr.32	s13, [r4]
 200 0152 27EE267A 		vmul.f32	s14, s14, s13
 201              		.loc 1 38 63 view .LVU37
 202 0156 77EEC77A 		vsub.f32	s15, s15, s14
 203              		.loc 1 38 17 view .LVU38
 204 015a 77EEA87A 		vadd.f32	s15, s15, s17
 205 015e 17EE900A 		vmov	r0, s15
 206 0162 FFF7FEFF 		bl	__aeabi_f2d
 207              	.LVL14:
 208 0166 41EC190B 		vmov	d9, r0, r1
 209 016a 18EE100A 		vmov	r0, s16
 210 016e FFF7FEFF 		bl	__aeabi_f2d
 211              	.LVL15:
 212 0172 B0EE491A 		vmov.f32	s2, s18
 213 0176 F0EE691A 		vmov.f32	s3, s19
 214 017a 41EC100B 		vmov	d0, r0, r1
 215 017e FFF7FEFF 		bl	atan2
 216              	.LVL16:
 217 0182 53EC102B 		vmov	r2, r3, d0
 218              		.loc 1 38 81 view .LVU39
 219 0186 3046     		mov	r0, r6
 220 0188 3946     		mov	r1, r7
 221 018a FFF7FEFF 		bl	__aeabi_dmul
 222              	.LVL17:
 223 018e 0646     		mov	r6, r0
 224 0190 0F46     		mov	r7, r1
 225              		.loc 1 38 97 view .LVU40
 226 0192 0C4B     		ldr	r3, .L3+12
 227 0194 1868     		ldr	r0, [r3]	@ float
 228 0196 FFF7FEFF 		bl	__aeabi_f2d
 229              	.LVL18:
 230 019a 0246     		mov	r2, r0
 231 019c 0B46     		mov	r3, r1
 232 019e 3046     		mov	r0, r6
 233 01a0 3946     		mov	r1, r7
 234 01a2 FFF7FEFF 		bl	__aeabi_dsub
 235              	.LVL19:
 236 01a6 FFF7FEFF 		bl	__aeabi_d2f
 237              	.LVL20:
 238              		.loc 1 38 15 view .LVU41
 239 01aa 6860     		str	r0, [r5, #4]	@ float
  39:./User/main.c **** }
 240              		.loc 1 39 1 view .LVU42
 241 01ac 02B0     		add	sp, sp, #8
 242              	.LCFI3:
 243              		.cfi_def_cfa_offset 56
 244              		@ sp needed
 245 01ae BDEC068B 		vldm	sp!, {d8-d10}
 246              	.LCFI4:
 247              		.cfi_restore 84
ARM GAS  /var/folders/yl/_q9l42k90g1g4mdhbs226msm0000gn/T//ccnoQXKd.s 			page 6


 248              		.cfi_restore 85
 249              		.cfi_restore 82
 250              		.cfi_restore 83
 251              		.cfi_restore 80
 252              		.cfi_restore 81
 253              		.cfi_def_cfa_offset 32
 254 01b2 BDE8F087 		pop	{r4, r5, r6, r7, r8, r9, r10, pc}
 255              	.LVL21:
 256              	.L4:
 257              		.loc 1 39 1 view .LVU43
 258 01b6 00BF     		.align	2
 259              	.L3:
 260 01b8 00000000 		.word	.LANCHOR1
 261 01bc 00000000 		.word	RAD_TO_DEGREE
 262 01c0 00000000 		.word	.LANCHOR4
 263 01c4 00000000 		.word	.LANCHOR5
 264 01c8 00000000 		.word	.LANCHOR0
 265 01cc 00000000 		.word	.LANCHOR2
 266 01d0 00000000 		.word	.LANCHOR3
 267              		.cfi_endproc
 268              	.LFE126:
 270              		.section	.rodata.main.str1.4,"aMS",%progbits,1
 271              		.align	2
 272              	.LC0:
 273 0000 48454920 		.ascii	"HEI GUAN\000"
 273      4755414E 
 273      00
 274 0009 000000   		.align	2
 275              	.LC1:
 276 000c 2A20426F 		.ascii	"* Boot Engines  \000"
 276      6F742045 
 276      6E67696E 
 276      65732020 
 276      00
 277 001d 000000   		.align	2
 278              	.LC2:
 279 0020 20205061 		.ascii	"  Parameter set \000"
 279      72616D65 
 279      74657220 
 279      73657420 
 279      00
 280 0031 000000   		.align	2
 281              	.LC3:
 282 0034 20205361 		.ascii	"  Save Changes  \000"
 282      76652043 
 282      68616E67 
 282      65732020 
 282      00
 283 0045 000000   		.align	2
 284              	.LC4:
 285 0048 2020426F 		.ascii	"  Boot Engines  \000"
 285      6F742045 
 285      6E67696E 
 285      65732020 
 285      00
 286 0059 000000   		.align	2
 287              	.LC5:
ARM GAS  /var/folders/yl/_q9l42k90g1g4mdhbs226msm0000gn/T//ccnoQXKd.s 			page 7


 288 005c 2A205061 		.ascii	"* Parameter set \000"
 288      72616D65 
 288      74657220 
 288      73657420 
 288      00
 289 006d 000000   		.align	2
 290              	.LC6:
 291 0070 2A205049 		.ascii	"* PID setting   \000"
 291      44207365 
 291      7474696E 
 291      67202020 
 291      00
 292 0081 000000   		.align	2
 293              	.LC7:
 294 0084 2020494D 		.ascii	"  IMU calibrate \000"
 294      55206361 
 294      6C696272 
 294      61746520 
 294      00
 295 0095 000000   		.align	2
 296              	.LC8:
 297 0098 20204261 		.ascii	"  Baro calibrate\000"
 297      726F2063 
 297      616C6962 
 297      72617465 
 297      00
 298 00a9 000000   		.align	2
 299              	.LC9:
 300 00ac 2A206B70 		.ascii	"* kp:\000"
 300      3A00
 301 00b2 0000     		.align	2
 302              	.LC10:
 303 00b4 20206B69 		.ascii	"  ki:\000"
 303      3A00
 304 00ba 0000     		.align	2
 305              	.LC11:
 306 00bc 20206B64 		.ascii	"  kd:\000"
 306      3A00
 307              		.global	__aeabi_dadd
 308 00c2 0000     		.align	2
 309              	.LC12:
 310 00c4 20206B70 		.ascii	"  kp:\000"
 310      3A00
 311 00ca 0000     		.align	2
 312              	.LC13:
 313 00cc 2A206B69 		.ascii	"* ki:\000"
 313      3A00
 314 00d2 0000     		.align	2
 315              	.LC14:
 316 00d4 2A206B64 		.ascii	"* kd:\000"
 316      3A00
 317 00da 0000     		.align	2
 318              	.LC15:
 319 00dc 20205049 		.ascii	"  PID setting   \000"
 319      44207365 
 319      7474696E 
 319      67202020 
ARM GAS  /var/folders/yl/_q9l42k90g1g4mdhbs226msm0000gn/T//ccnoQXKd.s 			page 8


 319      00
 320 00ed 000000   		.align	2
 321              	.LC16:
 322 00f0 2A20494D 		.ascii	"* IMU calibrate \000"
 322      55206361 
 322      6C696272 
 322      61746520 
 322      00
 323 0101 000000   		.align	2
 324              	.LC17:
 325 0104 20494D55 		.ascii	" IMU calibrating\000"
 325      2063616C 
 325      69627261 
 325      74696E67 
 325      00
 326 0115 000000   		.align	2
 327              	.LC18:
 328 0118 20202020 		.ascii	"                \000"
 328      20202020 
 328      20202020 
 328      20202020 
 328      00
 329 0129 000000   		.align	2
 330              	.LC19:
 331 012c 20202020 		.ascii	"    Success!    \000"
 331      53756363 
 331      65737321 
 331      20202020 
 331      00
 332 013d 000000   		.align	2
 333              	.LC20:
 334 0140 2A204261 		.ascii	"* Baro calibrate\000"
 334      726F2063 
 334      616C6962 
 334      72617465 
 334      00
 335 0151 000000   		.align	2
 336              	.LC21:
 337 0154 4261726F 		.ascii	"Baro calibrating\000"
 337      2063616C 
 337      69627261 
 337      74696E67 
 337      00
 338 0165 000000   		.align	2
 339              	.LC22:
 340 0168 2A205361 		.ascii	"* Save Changes  \000"
 340      76652043 
 340      68616E67 
 340      65732020 
 340      00
 341 0179 000000   		.align	2
 342              	.LC23:
 343 017c 20536176 		.ascii	" Saving Changes!\000"
 343      696E6720 
 343      4368616E 
 343      67657321 
 343      00
ARM GAS  /var/folders/yl/_q9l42k90g1g4mdhbs226msm0000gn/T//ccnoQXKd.s 			page 9


 344              		.section	.text.main,"ax",%progbits
 345              		.align	1
 346              		.global	main
 347              		.syntax unified
 348              		.thumb
 349              		.thumb_func
 351              	main:
 352              	.LFB127:
  40:./User/main.c **** 
  41:./User/main.c **** /**
  42:./User/main.c ****   * @brief  Main program
  43:./User/main.c ****   * @param  None
  44:./User/main.c ****   * @retval None
  45:./User/main.c ****   */
  46:./User/main.c **** int main(void)
  47:./User/main.c **** {
 353              		.loc 1 47 1 is_stmt 1 view -0
 354              		.cfi_startproc
 355              		@ args = 0, pretend = 0, frame = 0
 356              		@ frame_needed = 0, uses_anonymous_args = 0
 357 0000 2DE9F041 		push	{r4, r5, r6, r7, r8, lr}
 358              	.LCFI5:
 359              		.cfi_def_cfa_offset 24
 360              		.cfi_offset 4, -24
 361              		.cfi_offset 5, -20
 362              		.cfi_offset 6, -16
 363              		.cfi_offset 7, -12
 364              		.cfi_offset 8, -8
 365              		.cfi_offset 14, -4
  48:./User/main.c **** /* Initials -------------------------------------------------------------------*/ 
  49:./User/main.c **** 	LD2_init();
 366              		.loc 1 49 2 view .LVU45
 367 0004 FFF7FEFF 		bl	LD2_init
 368              	.LVL22:
  50:./User/main.c **** 	GY86_init();
 369              		.loc 1 50 2 view .LVU46
 370 0008 FFF7FEFF 		bl	GY86_init
 371              	.LVL23:
  51:./User/main.c **** 	OLED_Init();
 372              		.loc 1 51 2 view .LVU47
 373 000c FFF7FEFF 		bl	OLED_Init
 374              	.LVL24:
  52:./User/main.c **** 	OLED2_Init();
 375              		.loc 1 52 2 view .LVU48
 376 0010 FFF7FEFF 		bl	OLED2_Init
 377              	.LVL25:
  53:./User/main.c **** 	BLE_Init();
 378              		.loc 1 53 2 view .LVU49
 379 0014 FFF7FEFF 		bl	BLE_Init
 380              	.LVL26:
  54:./User/main.c **** 	REC_Init2();
 381              		.loc 1 54 2 view .LVU50
 382 0018 FFF7FEFF 		bl	REC_Init2
 383              	.LVL27:
  55:./User/main.c **** 	Motor_Init();
 384              		.loc 1 55 2 view .LVU51
 385 001c FFF7FEFF 		bl	Motor_Init
ARM GAS  /var/folders/yl/_q9l42k90g1g4mdhbs226msm0000gn/T//ccnoQXKd.s 			page 10


 386              	.LVL28:
  56:./User/main.c **** 	LD2_ON();
 387              		.loc 1 56 2 view .LVU52
 388 0020 FFF7FEFF 		bl	LD2_ON
 389              	.LVL29:
  57:./User/main.c ****   LoadParameters();
 390              		.loc 1 57 3 view .LVU53
 391 0024 FFF7FEFF 		bl	LoadParameters
 392              	.LVL30:
  58:./User/main.c ****   pidInit();
 393              		.loc 1 58 3 view .LVU54
 394 0028 FFF7FEFF 		bl	pidInit
 395              	.LVL31:
 396 002c 7EE0     		b	.L6
 397              	.LVL32:
 398              	.L95:
 399              	.LBB2:
  59:./User/main.c ****   while (1)
  60:./User/main.c ****   {
  61:./User/main.c ****     int8_t boot_delay_s_times = 0;
  62:./User/main.c ****     int8_t boot_flag = 0;
 400              		.loc 1 62 12 is_stmt 0 view .LVU55
 401 002e 0025     		movs	r5, #0
 402 0030 7AE0     		b	.L18
 403              	.LVL33:
 404              	.L94:
  63:./User/main.c ****     int8_t para_flag = 0;
  64:./User/main.c ****     int8_t para_PID_flag = 0;
  65:./User/main.c ****     int8_t para_IMU_flag = 0;
  66:./User/main.c ****     int8_t para_baro_flag = 0;
  67:./User/main.c ****     int8_t save_flag = 0;
  68:./User/main.c ****     OLED_ShowString(1,5,"HEI GUAN");
  69:./User/main.c ****     if (CH2[5]<1100){
  70:./User/main.c ****       OLED_ShowString(2,1,"* Boot Engines  ");
  71:./User/main.c ****       OLED_ShowString(3,1,"  Parameter set ");
  72:./User/main.c ****       OLED_ShowString(4,1,"  Save Changes  ");
  73:./User/main.c ****       while (CH2[2]>1900 && CH2[1]<1100 && CH2[1] <1100 && CH2[2]>1900){
  74:./User/main.c ****         Delay_s(1);
  75:./User/main.c ****         boot_delay_s_times++;
  76:./User/main.c ****         if (boot_delay_s_times==2){boot_flag = 1;break;}
  77:./User/main.c ****       }
  78:./User/main.c ****       while (boot_flag){
  79:./User/main.c ****         GY86_GetData();
 405              		.loc 1 79 9 is_stmt 1 view .LVU56
 406 0032 FFF7FEFF 		bl	GY86_GetData
 407              	.LVL34:
  80:./User/main.c ****         #ifdef DEBUG
  81:./User/main.c ****         // Motor_SetSpeed_All((CH2[3]));
  82:./User/main.c ****         // OLED_ShowString(2,1,"AX:");
  83:./User/main.c ****         // OLED_ShowString(3,1,"AY:"); 
  84:./User/main.c ****         // OLED_ShowString(4,1,"AZ:");
  85:./User/main.c ****         // OLED_ShowFNum(2,4,GY86DataList.AX,10,8);
  86:./User/main.c ****         // OLED_ShowFNum(3,4,GY86DataList.AY,10,8);
  87:./User/main.c ****         // OLED_ShowFNum(4,4,GY86DataList.AZ,10,8);
  88:./User/main.c ****         // OLED2_ShowString(2,1,"GX:");
  89:./User/main.c ****         // OLED2_ShowString(3,1,"GY:");
  90:./User/main.c ****         // OLED2_ShowString(4,1,"GZ:");
ARM GAS  /var/folders/yl/_q9l42k90g1g4mdhbs226msm0000gn/T//ccnoQXKd.s 			page 11


  91:./User/main.c ****         // OLED2_ShowFNum(2,4,GY86DataList.GX,10,8);
  92:./User/main.c ****         // OLED2_ShowFNum(3,4,GY86DataList.GY,10,8);
  93:./User/main.c ****         // OLED2_ShowFNum(4,4,GY86DataList.GZ,10,8);
  94:./User/main.c ****         // sendInfo();
  95:./User/main.c ****         #endif
  96:./User/main.c ****         deltaT = TIM4->CNT / 1000000.0f;
 408              		.loc 1 96 9 view .LVU57
 409              		.loc 1 96 22 is_stmt 0 view .LVU58
 410 0036 9C4B     		ldr	r3, .L114
 411 0038 D3ED097A 		vldr.32	s15, [r3, #36]	@ int
 412              		.loc 1 96 28 view .LVU59
 413 003c F8EE677A 		vcvt.f32.u32	s15, s15
 414 0040 DFED9A6A 		vldr.32	s13, .L114+4
 415 0044 87EEA67A 		vdiv.f32	s14, s15, s13
 416              		.loc 1 96 16 view .LVU60
 417 0048 994A     		ldr	r2, .L114+8
 418 004a 82ED007A 		vstr.32	s14, [r2]
  97:./User/main.c **** 		    TIM4->CNT = 0;
 419              		.loc 1 97 7 is_stmt 1 view .LVU61
 420              		.loc 1 97 17 is_stmt 0 view .LVU62
 421 004e 0022     		movs	r2, #0
 422 0050 5A62     		str	r2, [r3, #36]
  98:./User/main.c ****         MahonyAHRSupdate(GY86DataList.GX , GY86DataList.GY , GY86DataList.GZ , 
 423              		.loc 1 98 9 is_stmt 1 view .LVU63
 424 0052 984B     		ldr	r3, .L114+12
 425 0054 93ED040A 		vldr.32	s0, [r3, #16]
 426 0058 D3ED050A 		vldr.32	s1, [r3, #20]
 427 005c 93ED061A 		vldr.32	s2, [r3, #24]
 428 0060 D3ED001A 		vldr.32	s3, [r3]
 429 0064 93ED012A 		vldr.32	s4, [r3, #4]
 430 0068 D3ED022A 		vldr.32	s5, [r3, #8]
 431 006c 93ED073A 		vldr.32	s6, [r3, #28]
 432 0070 D3ED083A 		vldr.32	s7, [r3, #32]
 433 0074 93ED094A 		vldr.32	s8, [r3, #36]
 434 0078 FFF7FEFF 		bl	MahonyAHRSupdate
 435              	.LVL35:
  99:./User/main.c **** 						             GY86DataList.AX , GY86DataList.AY , GY86DataList.AZ , 
 100:./User/main.c ****                          GY86DataList.GaX, GY86DataList.GaY, GY86DataList.GaZ);
 101:./User/main.c ****         pidControl();
 436              		.loc 1 101 9 view .LVU64
 437 007c FFF7FEFF 		bl	pidControl
 438              	.LVL36:
 102:./User/main.c ****         toEulerAngles(&angle);
 439              		.loc 1 102 9 view .LVU65
 440 0080 8D4E     		ldr	r6, .L114+16
 441 0082 3046     		mov	r0, r6
 442 0084 FFF7FEFF 		bl	toEulerAngles
 443              	.LVL37:
 103:./User/main.c ****         if (angle.roll > 90 || angle.pitch>90)
 444              		.loc 1 103 9 view .LVU66
 445              		.loc 1 103 18 is_stmt 0 view .LVU67
 446 0088 D6ED027A 		vldr.32	s15, [r6, #8]
 447              		.loc 1 103 12 view .LVU68
 448 008c 9FED8B7A 		vldr.32	s14, .L114+20
 449 0090 F4EEC77A 		vcmpe.f32	s15, s14
 450 0094 F1EE10FA 		vmrs	APSR_nzcv, FPSCR
 451 0098 08DC     		bgt	.L76
ARM GAS  /var/folders/yl/_q9l42k90g1g4mdhbs226msm0000gn/T//ccnoQXKd.s 			page 12


 452              		.loc 1 103 37 discriminator 1 view .LVU69
 453 009a D6ED016A 		vldr.32	s13, [r6, #4]
 454              		.loc 1 103 29 discriminator 1 view .LVU70
 455 009e F4EEC76A 		vcmpe.f32	s13, s14
 456 00a2 F1EE10FA 		vmrs	APSR_nzcv, FPSCR
 457 00a6 02DD     		ble	.L11
 104:./User/main.c ****         {
 105:./User/main.c ****           boot_flag = 0;
 458              		.loc 1 105 21 view .LVU71
 459 00a8 0025     		movs	r5, #0
 460              	.LVL38:
 461              		.loc 1 105 21 view .LVU72
 462 00aa 00E0     		b	.L11
 463              	.LVL39:
 464              	.L76:
 465              		.loc 1 105 21 view .LVU73
 466 00ac 0025     		movs	r5, #0
 467              	.LVL40:
 468              	.L11:
 106:./User/main.c ****         }
 107:./User/main.c ****         
 108:./User/main.c ****         if (correctFlag != -1) {
 469              		.loc 1 108 9 is_stmt 1 view .LVU74
 470              		.loc 1 108 25 is_stmt 0 view .LVU75
 471 00ae 844B     		ldr	r3, .L114+24
 472 00b0 93F90030 		ldrsb	r3, [r3]
 473              		.loc 1 108 12 view .LVU76
 474 00b4 B3F1FF3F 		cmp	r3, #-1
 475 00b8 1FD0     		beq	.L12
 109:./User/main.c ****           if (correctFlag == 0) {
 476              		.loc 1 109 11 is_stmt 1 view .LVU77
 477              		.loc 1 109 14 is_stmt 0 view .LVU78
 478 00ba 3BB9     		cbnz	r3, .L13
 110:./User/main.c ****             rollOffsetSum = params_ram.rollOffset = 0.0f;
 479              		.loc 1 110 13 is_stmt 1 view .LVU79
 480              		.loc 1 110 51 is_stmt 0 view .LVU80
 481 00bc 8149     		ldr	r1, .L114+28
 482 00be 0022     		movs	r2, #0
 483 00c0 8A65     		str	r2, [r1, #88]	@ float
 484              		.loc 1 110 27 view .LVU81
 485 00c2 8148     		ldr	r0, .L114+32
 486 00c4 0260     		str	r2, [r0]	@ float
 111:./User/main.c ****             pitchOffsetSum = params_ram.pitchOffset = 0.0f;
 487              		.loc 1 111 13 is_stmt 1 view .LVU82
 488              		.loc 1 111 53 is_stmt 0 view .LVU83
 489 00c6 CA65     		str	r2, [r1, #92]	@ float
 490              		.loc 1 111 28 view .LVU84
 491 00c8 8049     		ldr	r1, .L114+36
 492 00ca 0A60     		str	r2, [r1]	@ float
 493              	.L13:
 112:./User/main.c ****           }
 113:./User/main.c ****           rollOffsetSum += angle.roll;
 494              		.loc 1 113 11 is_stmt 1 view .LVU85
 495              		.loc 1 113 25 is_stmt 0 view .LVU86
 496 00cc 7E4A     		ldr	r2, .L114+32
 497 00ce 92ED007A 		vldr.32	s14, [r2]
 498 00d2 77EE877A 		vadd.f32	s15, s15, s14
ARM GAS  /var/folders/yl/_q9l42k90g1g4mdhbs226msm0000gn/T//ccnoQXKd.s 			page 13


 499 00d6 C2ED007A 		vstr.32	s15, [r2]
 114:./User/main.c ****           pitchOffsetSum += angle.pitch;
 500              		.loc 1 114 11 is_stmt 1 view .LVU87
 501              		.loc 1 114 34 is_stmt 0 view .LVU88
 502 00da 774A     		ldr	r2, .L114+16
 503 00dc 92ED017A 		vldr.32	s14, [r2, #4]
 504              		.loc 1 114 26 view .LVU89
 505 00e0 7A4A     		ldr	r2, .L114+36
 506 00e2 D2ED006A 		vldr.32	s13, [r2]
 507 00e6 37EE267A 		vadd.f32	s14, s14, s13
 508 00ea 82ED007A 		vstr.32	s14, [r2]
 115:./User/main.c ****           if (++correctFlag == 100) {
 509              		.loc 1 115 11 is_stmt 1 view .LVU90
 510              		.loc 1 115 15 is_stmt 0 view .LVU91
 511 00ee 0133     		adds	r3, r3, #1
 512 00f0 5BB2     		sxtb	r3, r3
 513              		.loc 1 115 14 view .LVU92
 514 00f2 734A     		ldr	r2, .L114+24
 515 00f4 1370     		strb	r3, [r2]
 516 00f6 642B     		cmp	r3, #100
 517 00f8 4AD0     		beq	.L92
 518              	.L12:
 116:./User/main.c ****             rollOffset = rollOffsetSum / 100.0f;
 117:./User/main.c ****             pitchOffset = pitchOffsetSum / 100.0f;
 118:./User/main.c ****             correctFlag = -1;
 119:./User/main.c ****             // StoreParameters();
 120:./User/main.c ****             // LoadParameters();
 121:./User/main.c ****             OLED_ShowFNum(2,1,pitchOffset,10,9);
 122:./User/main.c ****             OLED_ShowFNum(3,1,rollOffset,10,9);
 123:./User/main.c ****             Delay_s(10);
 124:./User/main.c ****           }
 125:./User/main.c ****         }
 126:./User/main.c ****         if (boot_delay_s_times<2) boot_delay_s_times++;
 519              		.loc 1 126 9 is_stmt 1 view .LVU93
 520              		.loc 1 126 12 is_stmt 0 view .LVU94
 521 00fa 012C     		cmp	r4, #1
 522 00fc 6ADD     		ble	.L93
 523              	.L16:
 127:./User/main.c ****         while (CH2[6] >1900){
 524              		.loc 1 127 15 is_stmt 1 view .LVU95
 525              		.loc 1 127 19 is_stmt 0 view .LVU96
 526 00fe 744B     		ldr	r3, .L114+40
 527 0100 9A89     		ldrh	r2, [r3, #12]
 528              		.loc 1 127 15 view .LVU97
 529 0102 40F26C73 		movw	r3, #1900
 530 0106 9A42     		cmp	r2, r3
 531 0108 0ED9     		bls	.L18
 128:./User/main.c ****           Motor_SetSpeed_All(0);
 532              		.loc 1 128 11 is_stmt 1 view .LVU98
 533 010a 0020     		movs	r0, #0
 534 010c FFF7FEFF 		bl	Motor_SetSpeed_All
 535              	.LVL41:
 129:./User/main.c ****           correctFlag = 0;
 536              		.loc 1 129 11 view .LVU99
 537              		.loc 1 129 23 is_stmt 0 view .LVU100
 538 0110 6B4B     		ldr	r3, .L114+24
 539 0112 0022     		movs	r2, #0
ARM GAS  /var/folders/yl/_q9l42k90g1g4mdhbs226msm0000gn/T//ccnoQXKd.s 			page 14


 540 0114 1A70     		strb	r2, [r3]
 130:./User/main.c ****           Delay_s(1);
 541              		.loc 1 130 11 is_stmt 1 view .LVU101
 542 0116 0120     		movs	r0, #1
 543 0118 0021     		movs	r1, #0
 544 011a FFF7FEFF 		bl	Delay_s
 545              	.LVL42:
 131:./User/main.c ****           boot_delay_s_times--;
 546              		.loc 1 131 11 view .LVU102
 547              		.loc 1 131 29 is_stmt 0 view .LVU103
 548 011e 013C     		subs	r4, r4, #1
 549              	.LVL43:
 550              		.loc 1 131 29 view .LVU104
 551 0120 64B2     		sxtb	r4, r4
 552              	.LVL44:
 132:./User/main.c ****           if (boot_delay_s_times==0){boot_flag = 0;break;}
 553              		.loc 1 132 11 is_stmt 1 view .LVU105
 554              		.loc 1 132 14 is_stmt 0 view .LVU106
 555 0122 002C     		cmp	r4, #0
 556 0124 EBD1     		bne	.L16
 557              		.loc 1 132 48 view .LVU107
 558 0126 2546     		mov	r5, r4
 559              	.LVL45:
 560              	.L18:
  78:./User/main.c ****         GY86_GetData();
 561              		.loc 1 78 13 is_stmt 1 view .LVU108
 562 0128 002D     		cmp	r5, #0
 563 012a 82D1     		bne	.L94
 564              	.LVL46:
 565              	.L6:
  78:./User/main.c ****         GY86_GetData();
 566              		.loc 1 78 13 is_stmt 0 view .LVU109
 567              	.LBE2:
  59:./User/main.c ****   {
 568              		.loc 1 59 3 is_stmt 1 view .LVU110
 569              	.LBB3:
  61:./User/main.c ****     int8_t boot_flag = 0;
 570              		.loc 1 61 5 view .LVU111
  62:./User/main.c ****     int8_t para_flag = 0;
 571              		.loc 1 62 5 view .LVU112
  63:./User/main.c ****     int8_t para_PID_flag = 0;
 572              		.loc 1 63 5 view .LVU113
  64:./User/main.c ****     int8_t para_IMU_flag = 0;
 573              		.loc 1 64 5 view .LVU114
  65:./User/main.c ****     int8_t para_baro_flag = 0;
 574              		.loc 1 65 5 view .LVU115
  66:./User/main.c ****     int8_t save_flag = 0;
 575              		.loc 1 66 5 view .LVU116
  67:./User/main.c ****     OLED_ShowString(1,5,"HEI GUAN");
 576              		.loc 1 67 5 view .LVU117
  68:./User/main.c ****     if (CH2[5]<1100){
 577              		.loc 1 68 5 view .LVU118
 578 012c 694A     		ldr	r2, .L114+44
 579 012e 0521     		movs	r1, #5
 580 0130 0120     		movs	r0, #1
 581 0132 FFF7FEFF 		bl	OLED_ShowString
 582              	.LVL47:
ARM GAS  /var/folders/yl/_q9l42k90g1g4mdhbs226msm0000gn/T//ccnoQXKd.s 			page 15


  69:./User/main.c ****       OLED_ShowString(2,1,"* Boot Engines  ");
 583              		.loc 1 69 5 view .LVU119
  69:./User/main.c ****       OLED_ShowString(2,1,"* Boot Engines  ");
 584              		.loc 1 69 12 is_stmt 0 view .LVU120
 585 0136 664B     		ldr	r3, .L114+40
 586 0138 5B89     		ldrh	r3, [r3, #10]
  69:./User/main.c ****       OLED_ShowString(2,1,"* Boot Engines  ");
 587              		.loc 1 69 8 view .LVU121
 588 013a 40F24B42 		movw	r2, #1099
 589 013e 9342     		cmp	r3, r2
 590 0140 4DD8     		bhi	.L7
  70:./User/main.c ****       OLED_ShowString(3,1,"  Parameter set ");
 591              		.loc 1 70 7 is_stmt 1 view .LVU122
 592 0142 654A     		ldr	r2, .L114+48
 593 0144 0121     		movs	r1, #1
 594 0146 0220     		movs	r0, #2
 595 0148 FFF7FEFF 		bl	OLED_ShowString
 596              	.LVL48:
  71:./User/main.c ****       OLED_ShowString(4,1,"  Save Changes  ");
 597              		.loc 1 71 7 view .LVU123
 598 014c 634A     		ldr	r2, .L114+52
 599 014e 0121     		movs	r1, #1
 600 0150 0320     		movs	r0, #3
 601 0152 FFF7FEFF 		bl	OLED_ShowString
 602              	.LVL49:
  72:./User/main.c ****       while (CH2[2]>1900 && CH2[1]<1100 && CH2[1] <1100 && CH2[2]>1900){
 603              		.loc 1 72 7 view .LVU124
 604 0156 624A     		ldr	r2, .L114+56
 605 0158 0121     		movs	r1, #1
 606 015a 0420     		movs	r0, #4
 607 015c FFF7FEFF 		bl	OLED_ShowString
 608              	.LVL50:
  73:./User/main.c ****         Delay_s(1);
 609              		.loc 1 73 7 view .LVU125
  61:./User/main.c ****     int8_t boot_flag = 0;
 610              		.loc 1 61 12 is_stmt 0 view .LVU126
 611 0160 0024     		movs	r4, #0
 612              	.LVL51:
 613              	.L8:
  73:./User/main.c ****         Delay_s(1);
 614              		.loc 1 73 13 is_stmt 1 view .LVU127
  73:./User/main.c ****         Delay_s(1);
 615              		.loc 1 73 17 is_stmt 0 view .LVU128
 616 0162 5B4B     		ldr	r3, .L114+40
 617 0164 9A88     		ldrh	r2, [r3, #4]
  73:./User/main.c ****         Delay_s(1);
 618              		.loc 1 73 13 view .LVU129
 619 0166 40F26C73 		movw	r3, #1900
 620 016a 9A42     		cmp	r2, r3
 621 016c 35D9     		bls	.L75
  73:./User/main.c ****         Delay_s(1);
 622              		.loc 1 73 32 discriminator 1 view .LVU130
 623 016e 584B     		ldr	r3, .L114+40
 624 0170 5A88     		ldrh	r2, [r3, #2]
  73:./User/main.c ****         Delay_s(1);
 625              		.loc 1 73 26 discriminator 1 view .LVU131
 626 0172 40F24B43 		movw	r3, #1099
ARM GAS  /var/folders/yl/_q9l42k90g1g4mdhbs226msm0000gn/T//ccnoQXKd.s 			page 16


 627 0176 9A42     		cmp	r2, r3
 628 0178 3FF659AF 		bhi	.L95
  74:./User/main.c ****         boot_delay_s_times++;
 629              		.loc 1 74 9 is_stmt 1 view .LVU132
 630 017c 0120     		movs	r0, #1
 631 017e 0021     		movs	r1, #0
 632 0180 FFF7FEFF 		bl	Delay_s
 633              	.LVL52:
  75:./User/main.c ****         if (boot_delay_s_times==2){boot_flag = 1;break;}
 634              		.loc 1 75 9 view .LVU133
  75:./User/main.c ****         if (boot_delay_s_times==2){boot_flag = 1;break;}
 635              		.loc 1 75 27 is_stmt 0 view .LVU134
 636 0184 0134     		adds	r4, r4, #1
 637              	.LVL53:
  75:./User/main.c ****         if (boot_delay_s_times==2){boot_flag = 1;break;}
 638              		.loc 1 75 27 view .LVU135
 639 0186 64B2     		sxtb	r4, r4
 640              	.LVL54:
  76:./User/main.c ****       }
 641              		.loc 1 76 9 is_stmt 1 view .LVU136
  76:./User/main.c ****       }
 642              		.loc 1 76 12 is_stmt 0 view .LVU137
 643 0188 022C     		cmp	r4, #2
 644 018a EAD1     		bne	.L8
  76:./User/main.c ****       }
 645              		.loc 1 76 46 view .LVU138
 646 018c 0125     		movs	r5, #1
 647 018e CBE7     		b	.L18
 648              	.LVL55:
 649              	.L92:
 116:./User/main.c ****             pitchOffset = pitchOffsetSum / 100.0f;
 650              		.loc 1 116 13 is_stmt 1 view .LVU139
 116:./User/main.c ****             pitchOffset = pitchOffsetSum / 100.0f;
 651              		.loc 1 116 40 is_stmt 0 view .LVU140
 652 0190 DFED546A 		vldr.32	s13, .L114+60
 653 0194 87EEA66A 		vdiv.f32	s12, s15, s13
 116:./User/main.c ****             pitchOffset = pitchOffsetSum / 100.0f;
 654              		.loc 1 116 24 view .LVU141
 655 0198 534E     		ldr	r6, .L114+64
 656 019a 86ED006A 		vstr.32	s12, [r6]
 117:./User/main.c ****             correctFlag = -1;
 657              		.loc 1 117 13 is_stmt 1 view .LVU142
 117:./User/main.c ****             correctFlag = -1;
 658              		.loc 1 117 42 is_stmt 0 view .LVU143
 659 019e 87EE260A 		vdiv.f32	s0, s14, s13
 117:./User/main.c ****             correctFlag = -1;
 660              		.loc 1 117 25 view .LVU144
 661 01a2 524B     		ldr	r3, .L114+68
 662 01a4 83ED000A 		vstr.32	s0, [r3]
 118:./User/main.c ****             // StoreParameters();
 663              		.loc 1 118 13 is_stmt 1 view .LVU145
 118:./User/main.c ****             // StoreParameters();
 664              		.loc 1 118 25 is_stmt 0 view .LVU146
 665 01a8 1346     		mov	r3, r2
 666 01aa FF22     		movs	r2, #255
 667 01ac 1A70     		strb	r2, [r3]
 121:./User/main.c ****             OLED_ShowFNum(3,1,rollOffset,10,9);
ARM GAS  /var/folders/yl/_q9l42k90g1g4mdhbs226msm0000gn/T//ccnoQXKd.s 			page 17


 668              		.loc 1 121 13 is_stmt 1 view .LVU147
 669 01ae 0923     		movs	r3, #9
 670 01b0 0A22     		movs	r2, #10
 671 01b2 0121     		movs	r1, #1
 672 01b4 0220     		movs	r0, #2
 673 01b6 FFF7FEFF 		bl	OLED_ShowFNum
 674              	.LVL56:
 122:./User/main.c ****             Delay_s(10);
 675              		.loc 1 122 13 view .LVU148
 676 01ba 0923     		movs	r3, #9
 677 01bc 0A22     		movs	r2, #10
 678 01be 96ED000A 		vldr.32	s0, [r6]
 679 01c2 0121     		movs	r1, #1
 680 01c4 0320     		movs	r0, #3
 681 01c6 FFF7FEFF 		bl	OLED_ShowFNum
 682              	.LVL57:
 123:./User/main.c ****           }
 683              		.loc 1 123 13 view .LVU149
 684 01ca 0A20     		movs	r0, #10
 685 01cc 0021     		movs	r1, #0
 686 01ce FFF7FEFF 		bl	Delay_s
 687              	.LVL58:
 688 01d2 92E7     		b	.L12
 689              	.L93:
 126:./User/main.c ****         while (CH2[6] >1900){
 690              		.loc 1 126 35 discriminator 1 view .LVU150
 126:./User/main.c ****         while (CH2[6] >1900){
 691              		.loc 1 126 53 is_stmt 0 discriminator 1 view .LVU151
 692 01d4 0134     		adds	r4, r4, #1
 693              	.LVL59:
 126:./User/main.c ****         while (CH2[6] >1900){
 694              		.loc 1 126 53 discriminator 1 view .LVU152
 695 01d6 64B2     		sxtb	r4, r4
 696              	.LVL60:
 126:./User/main.c ****         while (CH2[6] >1900){
 697              		.loc 1 126 53 discriminator 1 view .LVU153
 698 01d8 91E7     		b	.L16
 699              	.LVL61:
 700              	.L75:
  62:./User/main.c ****     int8_t para_flag = 0;
 701              		.loc 1 62 12 view .LVU154
 702 01da 0025     		movs	r5, #0
 703 01dc A4E7     		b	.L18
 704              	.LVL62:
 705              	.L7:
 133:./User/main.c ****         }
 134:./User/main.c ****       }
 135:./User/main.c ****     }else if(CH2[5]<1600){ 
 706              		.loc 1 135 11 is_stmt 1 view .LVU155
 707              		.loc 1 135 13 is_stmt 0 view .LVU156
 708 01de B3F5C86F 		cmp	r3, #1600
 709 01e2 2DD3     		bcc	.L96
 136:./User/main.c ****       OLED_ShowString(2,1,"  Boot Engines  ");
 137:./User/main.c ****       OLED_ShowString(3,1,"* Parameter set ");
 138:./User/main.c ****       OLED_ShowString(4,1,"  Save Changes  ");
 139:./User/main.c ****       if (CH2[6] >1900) para_flag = 1;
 140:./User/main.c ****       while (para_flag)
ARM GAS  /var/folders/yl/_q9l42k90g1g4mdhbs226msm0000gn/T//ccnoQXKd.s 			page 18


 141:./User/main.c ****       {
 142:./User/main.c ****         Delay_ms(100);
 143:./User/main.c ****         if (CH2[5]<1100){  
 144:./User/main.c ****           OLED_ShowString(2,1,"* PID setting   ");
 145:./User/main.c ****           OLED_ShowString(3,1,"  IMU calibrate ");
 146:./User/main.c ****           OLED_ShowString(4,1,"  Baro calibrate");
 147:./User/main.c ****           if (CH2[6] >1900) para_PID_flag = 1;
 148:./User/main.c ****           while (para_PID_flag)
 149:./User/main.c ****           {
 150:./User/main.c ****             while (CH2[5]<1100&&para_PID_flag){  
 151:./User/main.c ****               OLED_ShowString(2,1,"* kp:");
 152:./User/main.c ****               OLED_ShowString(3,1,"  ki:");
 153:./User/main.c ****               OLED_ShowString(4,1,"  kd:");
 154:./User/main.c ****               OLED_ShowFNum(2,6,params_ram.kp,8,3);
 155:./User/main.c ****               OLED_ShowFNum(3,6,params_ram.ki,8,3);
 156:./User/main.c ****               OLED_ShowFNum(4,6,params_ram.kd,8,3);
 157:./User/main.c ****               if (CH2[4]<1100){
 158:./User/main.c ****                 params_ram.kp = params_ram.kp -1;
 159:./User/main.c ****                 Delay_s(1);
 160:./User/main.c ****               }else if(CH2[4]>1100&&CH2[4]<1200){
 161:./User/main.c ****                 params_ram.kp = params_ram.kp -0.1;
 162:./User/main.c ****                 Delay_ms(500);
 163:./User/main.c ****               }else if(CH2[4]>1200&&CH2[4]<1400){
 164:./User/main.c ****                 params_ram.kp = params_ram.kp -0.05;
 165:./User/main.c ****                 Delay_ms(500);
 166:./User/main.c ****               }else if(CH2[4]>1600&&CH2[4]<1800){
 167:./User/main.c ****                 params_ram.kp = params_ram.kp +0.05;
 168:./User/main.c ****                 Delay_ms(500);
 169:./User/main.c ****               }else if(CH2[4]>1800&&CH2[4]<1900){
 170:./User/main.c ****                 params_ram.kp = params_ram.kp +0.1;
 171:./User/main.c ****                 Delay_ms(500);
 172:./User/main.c ****               }else if(CH2[4]>1900){
 173:./User/main.c ****                 params_ram.kp = params_ram.kp +1;
 174:./User/main.c ****                 Delay_s(1);
 175:./User/main.c ****               }
 176:./User/main.c ****               if (CH2[1]<1100) {para_PID_flag = 0;}
 177:./User/main.c ****               Delay_ms(500);
 178:./User/main.c ****             }
 179:./User/main.c ****             while (CH2[5]>1200&&CH2[5]<1800&&para_PID_flag){ 
 180:./User/main.c ****               OLED_ShowString(2,1,"  kp:");
 181:./User/main.c ****               OLED_ShowString(3,1,"* ki:");
 182:./User/main.c ****               OLED_ShowString(4,1,"  kd:");
 183:./User/main.c ****               OLED_ShowFNum(2,6,params_ram.kp,8,3);
 184:./User/main.c ****               OLED_ShowFNum(3,6,params_ram.ki,8,3);
 185:./User/main.c ****               OLED_ShowFNum(4,6,params_ram.kd,8,3);
 186:./User/main.c ****               if (CH2[4]<1100){
 187:./User/main.c ****                 params_ram.ki = params_ram.ki -1;
 188:./User/main.c ****                 Delay_s(1);
 189:./User/main.c ****               }else if(CH2[4]>1100&&CH2[4]<1200){
 190:./User/main.c ****                 params_ram.ki = params_ram.ki -0.1;
 191:./User/main.c ****                 Delay_ms(500);
 192:./User/main.c ****               }else if(CH2[4]>1200&&CH2[4]<1400){
 193:./User/main.c ****                 params_ram.ki = params_ram.ki -0.05;
 194:./User/main.c ****                 Delay_ms(500);
 195:./User/main.c ****               }else if(CH2[4]>1600&&CH2[4]<1800){
 196:./User/main.c ****                 params_ram.ki = params_ram.ki +0.05;
 197:./User/main.c ****                 Delay_ms(500);
ARM GAS  /var/folders/yl/_q9l42k90g1g4mdhbs226msm0000gn/T//ccnoQXKd.s 			page 19


 198:./User/main.c ****               }else if(CH2[4]>1800&&CH2[4]<1900){
 199:./User/main.c ****                 params_ram.ki = params_ram.ki +0.1;
 200:./User/main.c ****                 Delay_ms(500);
 201:./User/main.c ****               }else if(CH2[4]>1900){
 202:./User/main.c ****                 params_ram.ki = params_ram.ki +1;
 203:./User/main.c ****                 Delay_s(1);
 204:./User/main.c ****               }
 205:./User/main.c ****               if (CH2[1]<1100) {para_PID_flag = 0;}
 206:./User/main.c ****               Delay_ms(500);
 207:./User/main.c ****             }
 208:./User/main.c ****             while (CH2[5]>1800&&para_PID_flag){  
 209:./User/main.c ****               OLED_ShowString(2,1,"  kp:");
 210:./User/main.c ****               OLED_ShowString(3,1,"  ki:");
 211:./User/main.c ****               OLED_ShowString(4,1,"* kd:");
 212:./User/main.c ****               OLED_ShowFNum(2,6,params_ram.kp,8,3);
 213:./User/main.c ****               OLED_ShowFNum(3,6,params_ram.ki,8,3);
 214:./User/main.c ****               OLED_ShowFNum(4,6,params_ram.kd,8,3);
 215:./User/main.c ****               if (CH2[4]<1100){
 216:./User/main.c ****                 params_ram.kd = params_ram.kd -1;
 217:./User/main.c ****                 Delay_s(1);
 218:./User/main.c ****               }else if(CH2[4]>1100&&CH2[4]<1200){
 219:./User/main.c ****                 params_ram.kd = params_ram.kd -0.1;
 220:./User/main.c ****                 Delay_ms(500);
 221:./User/main.c ****               }else if(CH2[4]>1200&&CH2[4]<1400){
 222:./User/main.c ****                 params_ram.kd = params_ram.kd -0.05;
 223:./User/main.c ****                 Delay_ms(500);
 224:./User/main.c ****               }else if(CH2[4]>1600&&CH2[4]<1800){
 225:./User/main.c ****                 params_ram.kd = params_ram.kd +0.05;
 226:./User/main.c ****                 Delay_ms(500);
 227:./User/main.c ****               }else if(CH2[4]>1800&&CH2[4]<1900){
 228:./User/main.c ****                 params_ram.kd = params_ram.kd +0.1;
 229:./User/main.c ****                 Delay_ms(500);
 230:./User/main.c ****               }else if(CH2[4]>1900){
 231:./User/main.c ****                 params_ram.kd = params_ram.kd +1;
 232:./User/main.c ****                 Delay_s(1);
 233:./User/main.c ****               }
 234:./User/main.c ****               if (CH2[1]<1100) {para_PID_flag = 0;}
 235:./User/main.c ****               Delay_ms(500);
 236:./User/main.c ****             }
 237:./User/main.c ****           }       
 238:./User/main.c ****         }else if(CH2[5]<1600){
 239:./User/main.c ****           OLED_ShowString(2,1,"  PID setting   ");
 240:./User/main.c ****           OLED_ShowString(3,1,"* IMU calibrate ");
 241:./User/main.c ****           OLED_ShowString(4,1,"  Baro calibrate");
 242:./User/main.c ****           if (CH2[6] >1900) para_IMU_flag = 1;
 243:./User/main.c ****           while (para_IMU_flag)
 244:./User/main.c ****           {
 245:./User/main.c ****             OLED_ShowString(2,1," IMU calibrating");
 246:./User/main.c ****             OLED_ShowString(3,1,"                ");
 247:./User/main.c ****             OLED_ShowString(4,1,"                ");
 248:./User/main.c ****             IMU_Calibrate();
 249:./User/main.c ****             OLED_ShowString(2,1," IMU calibrating");
 250:./User/main.c ****             OLED_ShowString(3,1,"    Success!    ");
 251:./User/main.c ****             OLED_ShowString(4,1,"                ");
 252:./User/main.c ****             para_IMU_flag = 0;
 253:./User/main.c ****             Delay_ms(500);
 254:./User/main.c ****           }
ARM GAS  /var/folders/yl/_q9l42k90g1g4mdhbs226msm0000gn/T//ccnoQXKd.s 			page 20


 255:./User/main.c ****         }else{
 256:./User/main.c ****           OLED_ShowString(2,1,"  PID setting   ");
 257:./User/main.c ****           OLED_ShowString(3,1,"  IMU calibrate ");
 258:./User/main.c ****           OLED_ShowString(4,1,"* Baro calibrate");
 259:./User/main.c ****           if (CH2[6] >1900) para_baro_flag = 1;
 260:./User/main.c ****           while (para_baro_flag)
 261:./User/main.c ****           {  
 262:./User/main.c ****             OLED_ShowString(2,1,"Baro calibrating");
 263:./User/main.c ****             OLED_ShowString(3,1,"                ");
 264:./User/main.c ****             OLED_ShowString(4,1,"                ");
 265:./User/main.c ****             // Baro_Calibrate();
 266:./User/main.c ****             if (CH2[1]<1100) {para_baro_flag = 0;}
 267:./User/main.c ****             Delay_ms(500);
 268:./User/main.c ****           }
 269:./User/main.c ****         }
 270:./User/main.c ****         if (CH2[1]<1100) {para_flag = 0;}
 271:./User/main.c ****       }    
 272:./User/main.c ****     }else{    
 273:./User/main.c ****       OLED_ShowString(2,1,"  Boot Engines  ");
 710              		.loc 1 273 7 is_stmt 1 view .LVU157
 711 01e4 424A     		ldr	r2, .L114+72
 712 01e6 0121     		movs	r1, #1
 713 01e8 0220     		movs	r0, #2
 714 01ea FFF7FEFF 		bl	OLED_ShowString
 715              	.LVL63:
 274:./User/main.c ****       OLED_ShowString(3,1,"  Parameter set ");
 716              		.loc 1 274 7 view .LVU158
 717 01ee 3B4A     		ldr	r2, .L114+52
 718 01f0 0121     		movs	r1, #1
 719 01f2 0320     		movs	r0, #3
 720 01f4 FFF7FEFF 		bl	OLED_ShowString
 721              	.LVL64:
 275:./User/main.c ****       OLED_ShowString(4,1,"* Save Changes  ");
 722              		.loc 1 275 7 view .LVU159
 723 01f8 3E4A     		ldr	r2, .L114+76
 724 01fa 0121     		movs	r1, #1
 725 01fc 0420     		movs	r0, #4
 726 01fe FFF7FEFF 		bl	OLED_ShowString
 727              	.LVL65:
 276:./User/main.c ****       if (CH2[6] >1900) save_flag = 1;
 728              		.loc 1 276 7 view .LVU160
 729              		.loc 1 276 14 is_stmt 0 view .LVU161
 730 0202 334B     		ldr	r3, .L114+40
 731 0204 9A89     		ldrh	r2, [r3, #12]
 732              		.loc 1 276 10 view .LVU162
 733 0206 40F26C73 		movw	r3, #1900
 734 020a 9A42     		cmp	r2, r3
 735 020c 00F26B83 		bhi	.L88
  67:./User/main.c ****     OLED_ShowString(1,5,"HEI GUAN");
 736              		.loc 1 67 12 view .LVU163
 737 0210 0023     		movs	r3, #0
 738              	.L71:
 739              	.LVL66:
 277:./User/main.c ****       while (save_flag)
 740              		.loc 1 277 13 is_stmt 1 view .LVU164
 741 0212 002B     		cmp	r3, #0
 742 0214 8AD0     		beq	.L6
ARM GAS  /var/folders/yl/_q9l42k90g1g4mdhbs226msm0000gn/T//ccnoQXKd.s 			page 21


 278:./User/main.c ****       {
 279:./User/main.c ****         OLED_ShowString(2,1," Saving Changes!");
 743              		.loc 1 279 9 view .LVU165
 744 0216 384A     		ldr	r2, .L114+80
 745 0218 0121     		movs	r1, #1
 746 021a 0220     		movs	r0, #2
 747 021c FFF7FEFF 		bl	OLED_ShowString
 748              	.LVL67:
 280:./User/main.c ****         OLED_ShowString(3,1,"                ");
 749              		.loc 1 280 9 view .LVU166
 750 0220 364C     		ldr	r4, .L114+84
 751 0222 2246     		mov	r2, r4
 752 0224 0121     		movs	r1, #1
 753 0226 0320     		movs	r0, #3
 754 0228 FFF7FEFF 		bl	OLED_ShowString
 755              	.LVL68:
 281:./User/main.c ****         OLED_ShowString(4,1,"                ");
 756              		.loc 1 281 9 view .LVU167
 757 022c 2246     		mov	r2, r4
 758 022e 0121     		movs	r1, #1
 759 0230 0420     		movs	r0, #4
 760 0232 FFF7FEFF 		bl	OLED_ShowString
 761              	.LVL69:
 282:./User/main.c ****         StoreParameters();
 762              		.loc 1 282 9 view .LVU168
 763 0236 FFF7FEFF 		bl	StoreParameters
 764              	.LVL70:
 283:./User/main.c ****         LoadParameters();
 765              		.loc 1 283 9 view .LVU169
 766 023a FFF7FEFF 		bl	LoadParameters
 767              	.LVL71:
 284:./User/main.c ****         save_flag = 0;
 768              		.loc 1 284 9 view .LVU170
 277:./User/main.c ****       {
 769              		.loc 1 277 13 view .LVU171
 770 023e 75E7     		b	.L6
 771              	.L96:
 136:./User/main.c ****       OLED_ShowString(3,1,"* Parameter set ");
 772              		.loc 1 136 7 view .LVU172
 773 0240 2B4A     		ldr	r2, .L114+72
 774 0242 0121     		movs	r1, #1
 775 0244 0220     		movs	r0, #2
 776 0246 FFF7FEFF 		bl	OLED_ShowString
 777              	.LVL72:
 137:./User/main.c ****       OLED_ShowString(4,1,"  Save Changes  ");
 778              		.loc 1 137 7 view .LVU173
 779 024a 2D4A     		ldr	r2, .L114+88
 780 024c 0121     		movs	r1, #1
 781 024e 0320     		movs	r0, #3
 782 0250 FFF7FEFF 		bl	OLED_ShowString
 783              	.LVL73:
 138:./User/main.c ****       if (CH2[6] >1900) para_flag = 1;
 784              		.loc 1 138 7 view .LVU174
 785 0254 224A     		ldr	r2, .L114+56
 786 0256 0121     		movs	r1, #1
 787 0258 0420     		movs	r0, #4
 788 025a FFF7FEFF 		bl	OLED_ShowString
ARM GAS  /var/folders/yl/_q9l42k90g1g4mdhbs226msm0000gn/T//ccnoQXKd.s 			page 22


 789              	.LVL74:
 139:./User/main.c ****       while (para_flag)
 790              		.loc 1 139 7 view .LVU175
 139:./User/main.c ****       while (para_flag)
 791              		.loc 1 139 14 is_stmt 0 view .LVU176
 792 025e 1C4B     		ldr	r3, .L114+40
 793 0260 9A89     		ldrh	r2, [r3, #12]
 139:./User/main.c ****       while (para_flag)
 794              		.loc 1 139 10 view .LVU177
 795 0262 40F26C73 		movw	r3, #1900
 796 0266 9A42     		cmp	r2, r3
 797 0268 00F23983 		bhi	.L79
  63:./User/main.c ****     int8_t para_PID_flag = 0;
 798              		.loc 1 63 12 view .LVU178
 799 026c 0027     		movs	r7, #0
 800              	.L22:
 801              	.LVL75:
 270:./User/main.c ****       }    
 802              		.loc 1 270 37 view .LVU179
 803 026e 0026     		movs	r6, #0
 804 0270 B046     		mov	r8, r6
 805 0272 3446     		mov	r4, r6
 806 0274 D5E2     		b	.L69
 807              	.LVL76:
 808              	.L113:
 144:./User/main.c ****           OLED_ShowString(3,1,"  IMU calibrate ");
 809              		.loc 1 144 11 is_stmt 1 view .LVU180
 810 0276 234A     		ldr	r2, .L114+92
 811 0278 0121     		movs	r1, #1
 812 027a 0220     		movs	r0, #2
 813 027c FFF7FEFF 		bl	OLED_ShowString
 814              	.LVL77:
 145:./User/main.c ****           OLED_ShowString(4,1,"  Baro calibrate");
 815              		.loc 1 145 11 view .LVU181
 816 0280 214A     		ldr	r2, .L114+96
 817 0282 0121     		movs	r1, #1
 818 0284 0320     		movs	r0, #3
 819 0286 FFF7FEFF 		bl	OLED_ShowString
 820              	.LVL78:
 146:./User/main.c ****           if (CH2[6] >1900) para_PID_flag = 1;
 821              		.loc 1 146 11 view .LVU182
 822 028a 204A     		ldr	r2, .L114+100
 823 028c 0121     		movs	r1, #1
 824 028e 0420     		movs	r0, #4
 825 0290 FFF7FEFF 		bl	OLED_ShowString
 826              	.LVL79:
 147:./User/main.c ****           while (para_PID_flag)
 827              		.loc 1 147 11 view .LVU183
 147:./User/main.c ****           while (para_PID_flag)
 828              		.loc 1 147 18 is_stmt 0 view .LVU184
 829 0294 0E4B     		ldr	r3, .L114+40
 830 0296 9A89     		ldrh	r2, [r3, #12]
 147:./User/main.c ****           while (para_PID_flag)
 831              		.loc 1 147 14 view .LVU185
 832 0298 40F26C73 		movw	r3, #1900
 833 029c 9A42     		cmp	r2, r3
 834 029e 00F28A82 		bhi	.L80
ARM GAS  /var/folders/yl/_q9l42k90g1g4mdhbs226msm0000gn/T//ccnoQXKd.s 			page 23


 835              	.LVL80:
 836              	.L54:
 148:./User/main.c ****           {
 837              		.loc 1 148 17 is_stmt 1 view .LVU186
 838 02a2 002C     		cmp	r4, #0
 839 02a4 4CD1     		bne	.L56
 840 02a6 B6E2     		b	.L57
 841              	.L115:
 842              		.align	2
 843              	.L114:
 844 02a8 00080040 		.word	1073743872
 845 02ac 00247449 		.word	1232348160
 846 02b0 00000000 		.word	.LANCHOR6
 847 02b4 00000000 		.word	GY86DataList
 848 02b8 00000000 		.word	.LANCHOR7
 849 02bc 0000B442 		.word	1119092736
 850 02c0 00000000 		.word	.LANCHOR8
 851 02c4 00000000 		.word	params_ram
 852 02c8 00000000 		.word	.LANCHOR9
 853 02cc 00000000 		.word	.LANCHOR10
 854 02d0 00000000 		.word	CH2
 855 02d4 00000000 		.word	.LC0
 856 02d8 0C000000 		.word	.LC1
 857 02dc 20000000 		.word	.LC2
 858 02e0 34000000 		.word	.LC3
 859 02e4 0000C842 		.word	1120403456
 860 02e8 00000000 		.word	.LANCHOR5
 861 02ec 00000000 		.word	.LANCHOR4
 862 02f0 48000000 		.word	.LC4
 863 02f4 68010000 		.word	.LC22
 864 02f8 7C010000 		.word	.LC23
 865 02fc 18010000 		.word	.LC18
 866 0300 5C000000 		.word	.LC5
 867 0304 70000000 		.word	.LC6
 868 0308 84000000 		.word	.LC7
 869 030c 98000000 		.word	.LC8
 870              	.L97:
 158:./User/main.c ****                 Delay_s(1);
 871              		.loc 1 158 17 view .LVU187
 158:./User/main.c ****                 Delay_s(1);
 872              		.loc 1 158 43 is_stmt 0 view .LVU188
 873 0310 D5ED137A 		vldr.32	s15, [r5, #76]
 158:./User/main.c ****                 Delay_s(1);
 874              		.loc 1 158 47 view .LVU189
 875 0314 B7EE007A 		vmov.f32	s14, #1.0e+0
 876 0318 77EEC77A 		vsub.f32	s15, s15, s14
 158:./User/main.c ****                 Delay_s(1);
 877              		.loc 1 158 31 view .LVU190
 878 031c C5ED137A 		vstr.32	s15, [r5, #76]
 159:./User/main.c ****               }else if(CH2[4]>1100&&CH2[4]<1200){
 879              		.loc 1 159 17 is_stmt 1 view .LVU191
 880 0320 0120     		movs	r0, #1
 881 0322 0021     		movs	r1, #0
 882 0324 FFF7FEFF 		bl	Delay_s
 883              	.LVL81:
 884              	.L28:
 176:./User/main.c ****               Delay_ms(500);
ARM GAS  /var/folders/yl/_q9l42k90g1g4mdhbs226msm0000gn/T//ccnoQXKd.s 			page 24


 885              		.loc 1 176 15 view .LVU192
 176:./User/main.c ****               Delay_ms(500);
 886              		.loc 1 176 22 is_stmt 0 view .LVU193
 887 0328 BD4B     		ldr	r3, .L116+16
 888 032a 5A88     		ldrh	r2, [r3, #2]
 176:./User/main.c ****               Delay_ms(500);
 889              		.loc 1 176 18 view .LVU194
 890 032c 40F24B43 		movw	r3, #1099
 891 0330 9A42     		cmp	r2, r3
 892 0332 00D8     		bhi	.L33
 176:./User/main.c ****               Delay_ms(500);
 893              		.loc 1 176 47 view .LVU195
 894 0334 0024     		movs	r4, #0
 895              	.LVL82:
 896              	.L33:
 177:./User/main.c ****             }
 897              		.loc 1 177 15 is_stmt 1 view .LVU196
 898 0336 4FF4FA70 		mov	r0, #500
 899 033a 0021     		movs	r1, #0
 900 033c FFF7FEFF 		bl	Delay_ms
 901              	.LVL83:
 902              	.L56:
 150:./User/main.c ****               OLED_ShowString(2,1,"* kp:");
 903              		.loc 1 150 19 view .LVU197
 150:./User/main.c ****               OLED_ShowString(2,1,"* kp:");
 904              		.loc 1 150 23 is_stmt 0 view .LVU198
 905 0340 B74B     		ldr	r3, .L116+16
 906 0342 5A89     		ldrh	r2, [r3, #10]
 150:./User/main.c ****               OLED_ShowString(2,1,"* kp:");
 907              		.loc 1 150 19 view .LVU199
 908 0344 40F24B43 		movw	r3, #1099
 909 0348 9A42     		cmp	r2, r3
 910 034a 00F2B780 		bhi	.L43
 150:./User/main.c ****               OLED_ShowString(2,1,"* kp:");
 911              		.loc 1 150 31 discriminator 1 view .LVU200
 912 034e 002C     		cmp	r4, #0
 913 0350 00F0B480 		beq	.L43
 151:./User/main.c ****               OLED_ShowString(3,1,"  ki:");
 914              		.loc 1 151 15 is_stmt 1 view .LVU201
 915 0354 B34A     		ldr	r2, .L116+20
 916 0356 0121     		movs	r1, #1
 917 0358 0220     		movs	r0, #2
 918 035a FFF7FEFF 		bl	OLED_ShowString
 919              	.LVL84:
 152:./User/main.c ****               OLED_ShowString(4,1,"  kd:");
 920              		.loc 1 152 15 view .LVU202
 921 035e B24A     		ldr	r2, .L116+24
 922 0360 0121     		movs	r1, #1
 923 0362 0320     		movs	r0, #3
 924 0364 FFF7FEFF 		bl	OLED_ShowString
 925              	.LVL85:
 153:./User/main.c ****               OLED_ShowFNum(2,6,params_ram.kp,8,3);
 926              		.loc 1 153 15 view .LVU203
 927 0368 B04A     		ldr	r2, .L116+28
 928 036a 0121     		movs	r1, #1
 929 036c 0420     		movs	r0, #4
 930 036e FFF7FEFF 		bl	OLED_ShowString
ARM GAS  /var/folders/yl/_q9l42k90g1g4mdhbs226msm0000gn/T//ccnoQXKd.s 			page 25


 931              	.LVL86:
 154:./User/main.c ****               OLED_ShowFNum(3,6,params_ram.ki,8,3);
 932              		.loc 1 154 15 view .LVU204
 933 0372 AF4D     		ldr	r5, .L116+32
 934 0374 0323     		movs	r3, #3
 935 0376 0822     		movs	r2, #8
 936 0378 95ED130A 		vldr.32	s0, [r5, #76]
 937 037c 0621     		movs	r1, #6
 938 037e 0220     		movs	r0, #2
 939 0380 FFF7FEFF 		bl	OLED_ShowFNum
 940              	.LVL87:
 155:./User/main.c ****               OLED_ShowFNum(4,6,params_ram.kd,8,3);
 941              		.loc 1 155 15 view .LVU205
 942 0384 0323     		movs	r3, #3
 943 0386 0822     		movs	r2, #8
 944 0388 95ED140A 		vldr.32	s0, [r5, #80]
 945 038c 0621     		movs	r1, #6
 946 038e 1846     		mov	r0, r3
 947 0390 FFF7FEFF 		bl	OLED_ShowFNum
 948              	.LVL88:
 156:./User/main.c ****               if (CH2[4]<1100){
 949              		.loc 1 156 15 view .LVU206
 950 0394 0323     		movs	r3, #3
 951 0396 0822     		movs	r2, #8
 952 0398 95ED150A 		vldr.32	s0, [r5, #84]
 953 039c 0621     		movs	r1, #6
 954 039e 0420     		movs	r0, #4
 955 03a0 FFF7FEFF 		bl	OLED_ShowFNum
 956              	.LVL89:
 157:./User/main.c ****                 params_ram.kp = params_ram.kp -1;
 957              		.loc 1 157 15 view .LVU207
 157:./User/main.c ****                 params_ram.kp = params_ram.kp -1;
 958              		.loc 1 157 22 is_stmt 0 view .LVU208
 959 03a4 9E4B     		ldr	r3, .L116+16
 960 03a6 1B89     		ldrh	r3, [r3, #8]
 157:./User/main.c ****                 params_ram.kp = params_ram.kp -1;
 961              		.loc 1 157 18 view .LVU209
 962 03a8 40F24B42 		movw	r2, #1099
 963 03ac 9342     		cmp	r3, r2
 964 03ae AFD9     		bls	.L97
 160:./User/main.c ****                 params_ram.kp = params_ram.kp -0.1;
 965              		.loc 1 160 21 is_stmt 1 view .LVU210
 160:./User/main.c ****                 params_ram.kp = params_ram.kp -0.1;
 966              		.loc 1 160 35 is_stmt 0 view .LVU211
 967 03b0 A3F24D42 		subw	r2, r3, #1101
 968 03b4 92B2     		uxth	r2, r2
 160:./User/main.c ****                 params_ram.kp = params_ram.kp -0.1;
 969              		.loc 1 160 23 view .LVU212
 970 03b6 622A     		cmp	r2, #98
 971 03b8 20D9     		bls	.L98
 163:./User/main.c ****                 params_ram.kp = params_ram.kp -0.05;
 972              		.loc 1 163 21 is_stmt 1 view .LVU213
 163:./User/main.c ****                 params_ram.kp = params_ram.kp -0.05;
 973              		.loc 1 163 35 is_stmt 0 view .LVU214
 974 03ba A3F2B142 		subw	r2, r3, #1201
 975 03be 92B2     		uxth	r2, r2
 163:./User/main.c ****                 params_ram.kp = params_ram.kp -0.05;
ARM GAS  /var/folders/yl/_q9l42k90g1g4mdhbs226msm0000gn/T//ccnoQXKd.s 			page 26


 976              		.loc 1 163 23 view .LVU215
 977 03c0 C62A     		cmp	r2, #198
 978 03c2 2DD9     		bls	.L99
 166:./User/main.c ****                 params_ram.kp = params_ram.kp +0.05;
 979              		.loc 1 166 21 is_stmt 1 view .LVU216
 166:./User/main.c ****                 params_ram.kp = params_ram.kp +0.05;
 980              		.loc 1 166 35 is_stmt 0 view .LVU217
 981 03c4 A3F24162 		subw	r2, r3, #1601
 982 03c8 92B2     		uxth	r2, r2
 166:./User/main.c ****                 params_ram.kp = params_ram.kp +0.05;
 983              		.loc 1 166 23 view .LVU218
 984 03ca C62A     		cmp	r2, #198
 985 03cc 3AD9     		bls	.L100
 169:./User/main.c ****                 params_ram.kp = params_ram.kp +0.1;
 986              		.loc 1 169 21 is_stmt 1 view .LVU219
 169:./User/main.c ****                 params_ram.kp = params_ram.kp +0.1;
 987              		.loc 1 169 35 is_stmt 0 view .LVU220
 988 03ce A3F20972 		subw	r2, r3, #1801
 989 03d2 92B2     		uxth	r2, r2
 169:./User/main.c ****                 params_ram.kp = params_ram.kp +0.1;
 990              		.loc 1 169 23 view .LVU221
 991 03d4 622A     		cmp	r2, #98
 992 03d6 47D9     		bls	.L101
 172:./User/main.c ****                 params_ram.kp = params_ram.kp +1;
 993              		.loc 1 172 21 is_stmt 1 view .LVU222
 172:./User/main.c ****                 params_ram.kp = params_ram.kp +1;
 994              		.loc 1 172 23 is_stmt 0 view .LVU223
 995 03d8 40F26C72 		movw	r2, #1900
 996 03dc 9342     		cmp	r3, r2
 997 03de A3D9     		bls	.L28
 173:./User/main.c ****                 Delay_s(1);
 998              		.loc 1 173 17 is_stmt 1 view .LVU224
 173:./User/main.c ****                 Delay_s(1);
 999              		.loc 1 173 43 is_stmt 0 view .LVU225
 1000 03e0 934B     		ldr	r3, .L116+32
 1001 03e2 D3ED137A 		vldr.32	s15, [r3, #76]
 173:./User/main.c ****                 Delay_s(1);
 1002              		.loc 1 173 47 view .LVU226
 1003 03e6 B7EE007A 		vmov.f32	s14, #1.0e+0
 1004 03ea 77EE877A 		vadd.f32	s15, s15, s14
 173:./User/main.c ****                 Delay_s(1);
 1005              		.loc 1 173 31 view .LVU227
 1006 03ee C3ED137A 		vstr.32	s15, [r3, #76]
 174:./User/main.c ****               }
 1007              		.loc 1 174 17 is_stmt 1 view .LVU228
 1008 03f2 0120     		movs	r0, #1
 1009 03f4 0021     		movs	r1, #0
 1010 03f6 FFF7FEFF 		bl	Delay_s
 1011              	.LVL90:
 1012 03fa 95E7     		b	.L28
 1013              	.L98:
 161:./User/main.c ****                 Delay_ms(500);
 1014              		.loc 1 161 17 view .LVU229
 161:./User/main.c ****                 Delay_ms(500);
 1015              		.loc 1 161 43 is_stmt 0 view .LVU230
 1016 03fc 8C4D     		ldr	r5, .L116+32
 1017 03fe E86C     		ldr	r0, [r5, #76]	@ float
ARM GAS  /var/folders/yl/_q9l42k90g1g4mdhbs226msm0000gn/T//ccnoQXKd.s 			page 27


 1018 0400 FFF7FEFF 		bl	__aeabi_f2d
 1019              	.LVL91:
 161:./User/main.c ****                 Delay_ms(500);
 1020              		.loc 1 161 47 view .LVU231
 1021 0404 82A3     		adr	r3, .L116
 1022 0406 D3E90023 		ldrd	r2, [r3]
 1023 040a FFF7FEFF 		bl	__aeabi_dsub
 1024              	.LVL92:
 1025 040e FFF7FEFF 		bl	__aeabi_d2f
 1026              	.LVL93:
 161:./User/main.c ****                 Delay_ms(500);
 1027              		.loc 1 161 31 view .LVU232
 1028 0412 E864     		str	r0, [r5, #76]	@ float
 162:./User/main.c ****               }else if(CH2[4]>1200&&CH2[4]<1400){
 1029              		.loc 1 162 17 is_stmt 1 view .LVU233
 1030 0414 4FF4FA70 		mov	r0, #500
 1031 0418 0021     		movs	r1, #0
 1032 041a FFF7FEFF 		bl	Delay_ms
 1033              	.LVL94:
 1034 041e 83E7     		b	.L28
 1035              	.L99:
 164:./User/main.c ****                 Delay_ms(500);
 1036              		.loc 1 164 17 view .LVU234
 164:./User/main.c ****                 Delay_ms(500);
 1037              		.loc 1 164 43 is_stmt 0 view .LVU235
 1038 0420 834D     		ldr	r5, .L116+32
 1039 0422 E86C     		ldr	r0, [r5, #76]	@ float
 1040 0424 FFF7FEFF 		bl	__aeabi_f2d
 1041              	.LVL95:
 164:./User/main.c ****                 Delay_ms(500);
 1042              		.loc 1 164 47 view .LVU236
 1043 0428 7BA3     		adr	r3, .L116+8
 1044 042a D3E90023 		ldrd	r2, [r3]
 1045 042e FFF7FEFF 		bl	__aeabi_dsub
 1046              	.LVL96:
 1047 0432 FFF7FEFF 		bl	__aeabi_d2f
 1048              	.LVL97:
 164:./User/main.c ****                 Delay_ms(500);
 1049              		.loc 1 164 31 view .LVU237
 1050 0436 E864     		str	r0, [r5, #76]	@ float
 165:./User/main.c ****               }else if(CH2[4]>1600&&CH2[4]<1800){
 1051              		.loc 1 165 17 is_stmt 1 view .LVU238
 1052 0438 4FF4FA70 		mov	r0, #500
 1053 043c 0021     		movs	r1, #0
 1054 043e FFF7FEFF 		bl	Delay_ms
 1055              	.LVL98:
 1056 0442 71E7     		b	.L28
 1057              	.L100:
 167:./User/main.c ****                 Delay_ms(500);
 1058              		.loc 1 167 17 view .LVU239
 167:./User/main.c ****                 Delay_ms(500);
 1059              		.loc 1 167 43 is_stmt 0 view .LVU240
 1060 0444 7A4D     		ldr	r5, .L116+32
 1061 0446 E86C     		ldr	r0, [r5, #76]	@ float
 1062 0448 FFF7FEFF 		bl	__aeabi_f2d
 1063              	.LVL99:
 167:./User/main.c ****                 Delay_ms(500);
ARM GAS  /var/folders/yl/_q9l42k90g1g4mdhbs226msm0000gn/T//ccnoQXKd.s 			page 28


 1064              		.loc 1 167 47 view .LVU241
 1065 044c 72A3     		adr	r3, .L116+8
 1066 044e D3E90023 		ldrd	r2, [r3]
 1067 0452 FFF7FEFF 		bl	__aeabi_dadd
 1068              	.LVL100:
 1069 0456 FFF7FEFF 		bl	__aeabi_d2f
 1070              	.LVL101:
 167:./User/main.c ****                 Delay_ms(500);
 1071              		.loc 1 167 31 view .LVU242
 1072 045a E864     		str	r0, [r5, #76]	@ float
 168:./User/main.c ****               }else if(CH2[4]>1800&&CH2[4]<1900){
 1073              		.loc 1 168 17 is_stmt 1 view .LVU243
 1074 045c 4FF4FA70 		mov	r0, #500
 1075 0460 0021     		movs	r1, #0
 1076 0462 FFF7FEFF 		bl	Delay_ms
 1077              	.LVL102:
 1078 0466 5FE7     		b	.L28
 1079              	.L101:
 170:./User/main.c ****                 Delay_ms(500);
 1080              		.loc 1 170 17 view .LVU244
 170:./User/main.c ****                 Delay_ms(500);
 1081              		.loc 1 170 43 is_stmt 0 view .LVU245
 1082 0468 714D     		ldr	r5, .L116+32
 1083 046a E86C     		ldr	r0, [r5, #76]	@ float
 1084 046c FFF7FEFF 		bl	__aeabi_f2d
 1085              	.LVL103:
 170:./User/main.c ****                 Delay_ms(500);
 1086              		.loc 1 170 47 view .LVU246
 1087 0470 67A3     		adr	r3, .L116
 1088 0472 D3E90023 		ldrd	r2, [r3]
 1089 0476 FFF7FEFF 		bl	__aeabi_dadd
 1090              	.LVL104:
 1091 047a FFF7FEFF 		bl	__aeabi_d2f
 1092              	.LVL105:
 170:./User/main.c ****                 Delay_ms(500);
 1093              		.loc 1 170 31 view .LVU247
 1094 047e E864     		str	r0, [r5, #76]	@ float
 171:./User/main.c ****               }else if(CH2[4]>1900){
 1095              		.loc 1 171 17 is_stmt 1 view .LVU248
 1096 0480 4FF4FA70 		mov	r0, #500
 1097 0484 0021     		movs	r1, #0
 1098 0486 FFF7FEFF 		bl	Delay_ms
 1099              	.LVL106:
 1100 048a 4DE7     		b	.L28
 1101              	.L102:
 187:./User/main.c ****                 Delay_s(1);
 1102              		.loc 1 187 17 view .LVU249
 187:./User/main.c ****                 Delay_s(1);
 1103              		.loc 1 187 43 is_stmt 0 view .LVU250
 1104 048c D5ED147A 		vldr.32	s15, [r5, #80]
 187:./User/main.c ****                 Delay_s(1);
 1105              		.loc 1 187 47 view .LVU251
 1106 0490 B7EE007A 		vmov.f32	s14, #1.0e+0
 1107 0494 77EEC77A 		vsub.f32	s15, s15, s14
 187:./User/main.c ****                 Delay_s(1);
 1108              		.loc 1 187 31 view .LVU252
 1109 0498 C5ED147A 		vstr.32	s15, [r5, #80]
ARM GAS  /var/folders/yl/_q9l42k90g1g4mdhbs226msm0000gn/T//ccnoQXKd.s 			page 29


 188:./User/main.c ****               }else if(CH2[4]>1100&&CH2[4]<1200){
 1110              		.loc 1 188 17 is_stmt 1 view .LVU253
 1111 049c 0120     		movs	r0, #1
 1112 049e 0021     		movs	r1, #0
 1113 04a0 FFF7FEFF 		bl	Delay_s
 1114              	.LVL107:
 1115              	.L37:
 205:./User/main.c ****               Delay_ms(500);
 1116              		.loc 1 205 15 view .LVU254
 205:./User/main.c ****               Delay_ms(500);
 1117              		.loc 1 205 22 is_stmt 0 view .LVU255
 1118 04a4 5E4B     		ldr	r3, .L116+16
 1119 04a6 5A88     		ldrh	r2, [r3, #2]
 205:./User/main.c ****               Delay_ms(500);
 1120              		.loc 1 205 18 view .LVU256
 1121 04a8 40F24B43 		movw	r3, #1099
 1122 04ac 9A42     		cmp	r2, r3
 1123 04ae 00D8     		bhi	.L42
 205:./User/main.c ****               Delay_ms(500);
 1124              		.loc 1 205 47 view .LVU257
 1125 04b0 0024     		movs	r4, #0
 1126              	.LVL108:
 1127              	.L42:
 206:./User/main.c ****             }
 1128              		.loc 1 206 15 is_stmt 1 view .LVU258
 1129 04b2 4FF4FA70 		mov	r0, #500
 1130 04b6 0021     		movs	r1, #0
 1131 04b8 FFF7FEFF 		bl	Delay_ms
 1132              	.LVL109:
 1133              	.L43:
 179:./User/main.c ****               OLED_ShowString(2,1,"  kp:");
 1134              		.loc 1 179 19 view .LVU259
 179:./User/main.c ****               OLED_ShowString(2,1,"  kp:");
 1135              		.loc 1 179 23 is_stmt 0 view .LVU260
 1136 04bc 584B     		ldr	r3, .L116+16
 1137 04be 5B89     		ldrh	r3, [r3, #10]
 179:./User/main.c ****               OLED_ShowString(2,1,"  kp:");
 1138              		.loc 1 179 31 view .LVU261
 1139 04c0 A3F2B143 		subw	r3, r3, #1201
 1140 04c4 9BB2     		uxth	r3, r3
 179:./User/main.c ****               OLED_ShowString(2,1,"  kp:");
 1141              		.loc 1 179 19 view .LVU262
 1142 04c6 40F25622 		movw	r2, #598
 1143 04ca 9342     		cmp	r3, r2
 1144 04cc 00F2CE80 		bhi	.L53
 179:./User/main.c ****               OLED_ShowString(2,1,"  kp:");
 1145              		.loc 1 179 44 discriminator 1 view .LVU263
 1146 04d0 002C     		cmp	r4, #0
 1147 04d2 00F0CB80 		beq	.L53
 180:./User/main.c ****               OLED_ShowString(3,1,"* ki:");
 1148              		.loc 1 180 15 is_stmt 1 view .LVU264
 1149 04d6 574A     		ldr	r2, .L116+36
 1150 04d8 0121     		movs	r1, #1
 1151 04da 0220     		movs	r0, #2
 1152 04dc FFF7FEFF 		bl	OLED_ShowString
 1153              	.LVL110:
 181:./User/main.c ****               OLED_ShowString(4,1,"  kd:");
ARM GAS  /var/folders/yl/_q9l42k90g1g4mdhbs226msm0000gn/T//ccnoQXKd.s 			page 30


 1154              		.loc 1 181 15 view .LVU265
 1155 04e0 554A     		ldr	r2, .L116+40
 1156 04e2 0121     		movs	r1, #1
 1157 04e4 0320     		movs	r0, #3
 1158 04e6 FFF7FEFF 		bl	OLED_ShowString
 1159              	.LVL111:
 182:./User/main.c ****               OLED_ShowFNum(2,6,params_ram.kp,8,3);
 1160              		.loc 1 182 15 view .LVU266
 1161 04ea 504A     		ldr	r2, .L116+28
 1162 04ec 0121     		movs	r1, #1
 1163 04ee 0420     		movs	r0, #4
 1164 04f0 FFF7FEFF 		bl	OLED_ShowString
 1165              	.LVL112:
 183:./User/main.c ****               OLED_ShowFNum(3,6,params_ram.ki,8,3);
 1166              		.loc 1 183 15 view .LVU267
 1167 04f4 4E4D     		ldr	r5, .L116+32
 1168 04f6 0323     		movs	r3, #3
 1169 04f8 0822     		movs	r2, #8
 1170 04fa 95ED130A 		vldr.32	s0, [r5, #76]
 1171 04fe 0621     		movs	r1, #6
 1172 0500 0220     		movs	r0, #2
 1173 0502 FFF7FEFF 		bl	OLED_ShowFNum
 1174              	.LVL113:
 184:./User/main.c ****               OLED_ShowFNum(4,6,params_ram.kd,8,3);
 1175              		.loc 1 184 15 view .LVU268
 1176 0506 0323     		movs	r3, #3
 1177 0508 0822     		movs	r2, #8
 1178 050a 95ED140A 		vldr.32	s0, [r5, #80]
 1179 050e 0621     		movs	r1, #6
 1180 0510 1846     		mov	r0, r3
 1181 0512 FFF7FEFF 		bl	OLED_ShowFNum
 1182              	.LVL114:
 185:./User/main.c ****               if (CH2[4]<1100){
 1183              		.loc 1 185 15 view .LVU269
 1184 0516 0323     		movs	r3, #3
 1185 0518 0822     		movs	r2, #8
 1186 051a 95ED150A 		vldr.32	s0, [r5, #84]
 1187 051e 0621     		movs	r1, #6
 1188 0520 0420     		movs	r0, #4
 1189 0522 FFF7FEFF 		bl	OLED_ShowFNum
 1190              	.LVL115:
 186:./User/main.c ****                 params_ram.ki = params_ram.ki -1;
 1191              		.loc 1 186 15 view .LVU270
 186:./User/main.c ****                 params_ram.ki = params_ram.ki -1;
 1192              		.loc 1 186 22 is_stmt 0 view .LVU271
 1193 0526 3E4B     		ldr	r3, .L116+16
 1194 0528 1B89     		ldrh	r3, [r3, #8]
 186:./User/main.c ****                 params_ram.ki = params_ram.ki -1;
 1195              		.loc 1 186 18 view .LVU272
 1196 052a 40F24B42 		movw	r2, #1099
 1197 052e 9342     		cmp	r3, r2
 1198 0530 ACD9     		bls	.L102
 189:./User/main.c ****                 params_ram.ki = params_ram.ki -0.1;
 1199              		.loc 1 189 21 is_stmt 1 view .LVU273
 189:./User/main.c ****                 params_ram.ki = params_ram.ki -0.1;
 1200              		.loc 1 189 35 is_stmt 0 view .LVU274
 1201 0532 A3F24D42 		subw	r2, r3, #1101
ARM GAS  /var/folders/yl/_q9l42k90g1g4mdhbs226msm0000gn/T//ccnoQXKd.s 			page 31


 1202 0536 92B2     		uxth	r2, r2
 189:./User/main.c ****                 params_ram.ki = params_ram.ki -0.1;
 1203              		.loc 1 189 23 view .LVU275
 1204 0538 622A     		cmp	r2, #98
 1205 053a 20D9     		bls	.L103
 192:./User/main.c ****                 params_ram.ki = params_ram.ki -0.05;
 1206              		.loc 1 192 21 is_stmt 1 view .LVU276
 192:./User/main.c ****                 params_ram.ki = params_ram.ki -0.05;
 1207              		.loc 1 192 35 is_stmt 0 view .LVU277
 1208 053c A3F2B142 		subw	r2, r3, #1201
 1209 0540 92B2     		uxth	r2, r2
 192:./User/main.c ****                 params_ram.ki = params_ram.ki -0.05;
 1210              		.loc 1 192 23 view .LVU278
 1211 0542 C62A     		cmp	r2, #198
 1212 0544 2DD9     		bls	.L104
 195:./User/main.c ****                 params_ram.ki = params_ram.ki +0.05;
 1213              		.loc 1 195 21 is_stmt 1 view .LVU279
 195:./User/main.c ****                 params_ram.ki = params_ram.ki +0.05;
 1214              		.loc 1 195 35 is_stmt 0 view .LVU280
 1215 0546 A3F24162 		subw	r2, r3, #1601
 1216 054a 92B2     		uxth	r2, r2
 195:./User/main.c ****                 params_ram.ki = params_ram.ki +0.05;
 1217              		.loc 1 195 23 view .LVU281
 1218 054c C62A     		cmp	r2, #198
 1219 054e 3AD9     		bls	.L105
 198:./User/main.c ****                 params_ram.ki = params_ram.ki +0.1;
 1220              		.loc 1 198 21 is_stmt 1 view .LVU282
 198:./User/main.c ****                 params_ram.ki = params_ram.ki +0.1;
 1221              		.loc 1 198 35 is_stmt 0 view .LVU283
 1222 0550 A3F20972 		subw	r2, r3, #1801
 1223 0554 92B2     		uxth	r2, r2
 198:./User/main.c ****                 params_ram.ki = params_ram.ki +0.1;
 1224              		.loc 1 198 23 view .LVU284
 1225 0556 622A     		cmp	r2, #98
 1226 0558 47D9     		bls	.L106
 201:./User/main.c ****                 params_ram.ki = params_ram.ki +1;
 1227              		.loc 1 201 21 is_stmt 1 view .LVU285
 201:./User/main.c ****                 params_ram.ki = params_ram.ki +1;
 1228              		.loc 1 201 23 is_stmt 0 view .LVU286
 1229 055a 40F26C72 		movw	r2, #1900
 1230 055e 9342     		cmp	r3, r2
 1231 0560 A0D9     		bls	.L37
 202:./User/main.c ****                 Delay_s(1);
 1232              		.loc 1 202 17 is_stmt 1 view .LVU287
 202:./User/main.c ****                 Delay_s(1);
 1233              		.loc 1 202 43 is_stmt 0 view .LVU288
 1234 0562 334B     		ldr	r3, .L116+32
 1235 0564 D3ED147A 		vldr.32	s15, [r3, #80]
 202:./User/main.c ****                 Delay_s(1);
 1236              		.loc 1 202 47 view .LVU289
 1237 0568 B7EE007A 		vmov.f32	s14, #1.0e+0
 1238 056c 77EE877A 		vadd.f32	s15, s15, s14
 202:./User/main.c ****                 Delay_s(1);
 1239              		.loc 1 202 31 view .LVU290
 1240 0570 C3ED147A 		vstr.32	s15, [r3, #80]
 203:./User/main.c ****               }
 1241              		.loc 1 203 17 is_stmt 1 view .LVU291
ARM GAS  /var/folders/yl/_q9l42k90g1g4mdhbs226msm0000gn/T//ccnoQXKd.s 			page 32


 1242 0574 0120     		movs	r0, #1
 1243 0576 0021     		movs	r1, #0
 1244 0578 FFF7FEFF 		bl	Delay_s
 1245              	.LVL116:
 1246 057c 92E7     		b	.L37
 1247              	.L103:
 190:./User/main.c ****                 Delay_ms(500);
 1248              		.loc 1 190 17 view .LVU292
 190:./User/main.c ****                 Delay_ms(500);
 1249              		.loc 1 190 43 is_stmt 0 view .LVU293
 1250 057e 2C4D     		ldr	r5, .L116+32
 1251 0580 286D     		ldr	r0, [r5, #80]	@ float
 1252 0582 FFF7FEFF 		bl	__aeabi_f2d
 1253              	.LVL117:
 190:./User/main.c ****                 Delay_ms(500);
 1254              		.loc 1 190 47 view .LVU294
 1255 0586 22A3     		adr	r3, .L116
 1256 0588 D3E90023 		ldrd	r2, [r3]
 1257 058c FFF7FEFF 		bl	__aeabi_dsub
 1258              	.LVL118:
 1259 0590 FFF7FEFF 		bl	__aeabi_d2f
 1260              	.LVL119:
 190:./User/main.c ****                 Delay_ms(500);
 1261              		.loc 1 190 31 view .LVU295
 1262 0594 2865     		str	r0, [r5, #80]	@ float
 191:./User/main.c ****               }else if(CH2[4]>1200&&CH2[4]<1400){
 1263              		.loc 1 191 17 is_stmt 1 view .LVU296
 1264 0596 4FF4FA70 		mov	r0, #500
 1265 059a 0021     		movs	r1, #0
 1266 059c FFF7FEFF 		bl	Delay_ms
 1267              	.LVL120:
 1268 05a0 80E7     		b	.L37
 1269              	.L104:
 193:./User/main.c ****                 Delay_ms(500);
 1270              		.loc 1 193 17 view .LVU297
 193:./User/main.c ****                 Delay_ms(500);
 1271              		.loc 1 193 43 is_stmt 0 view .LVU298
 1272 05a2 234D     		ldr	r5, .L116+32
 1273 05a4 286D     		ldr	r0, [r5, #80]	@ float
 1274 05a6 FFF7FEFF 		bl	__aeabi_f2d
 1275              	.LVL121:
 193:./User/main.c ****                 Delay_ms(500);
 1276              		.loc 1 193 47 view .LVU299
 1277 05aa 1BA3     		adr	r3, .L116+8
 1278 05ac D3E90023 		ldrd	r2, [r3]
 1279 05b0 FFF7FEFF 		bl	__aeabi_dsub
 1280              	.LVL122:
 1281 05b4 FFF7FEFF 		bl	__aeabi_d2f
 1282              	.LVL123:
 193:./User/main.c ****                 Delay_ms(500);
 1283              		.loc 1 193 31 view .LVU300
 1284 05b8 2865     		str	r0, [r5, #80]	@ float
 194:./User/main.c ****               }else if(CH2[4]>1600&&CH2[4]<1800){
 1285              		.loc 1 194 17 is_stmt 1 view .LVU301
 1286 05ba 4FF4FA70 		mov	r0, #500
 1287 05be 0021     		movs	r1, #0
 1288 05c0 FFF7FEFF 		bl	Delay_ms
ARM GAS  /var/folders/yl/_q9l42k90g1g4mdhbs226msm0000gn/T//ccnoQXKd.s 			page 33


 1289              	.LVL124:
 1290 05c4 6EE7     		b	.L37
 1291              	.L105:
 196:./User/main.c ****                 Delay_ms(500);
 1292              		.loc 1 196 17 view .LVU302
 196:./User/main.c ****                 Delay_ms(500);
 1293              		.loc 1 196 43 is_stmt 0 view .LVU303
 1294 05c6 1A4D     		ldr	r5, .L116+32
 1295 05c8 286D     		ldr	r0, [r5, #80]	@ float
 1296 05ca FFF7FEFF 		bl	__aeabi_f2d
 1297              	.LVL125:
 196:./User/main.c ****                 Delay_ms(500);
 1298              		.loc 1 196 47 view .LVU304
 1299 05ce 12A3     		adr	r3, .L116+8
 1300 05d0 D3E90023 		ldrd	r2, [r3]
 1301 05d4 FFF7FEFF 		bl	__aeabi_dadd
 1302              	.LVL126:
 1303 05d8 FFF7FEFF 		bl	__aeabi_d2f
 1304              	.LVL127:
 196:./User/main.c ****                 Delay_ms(500);
 1305              		.loc 1 196 31 view .LVU305
 1306 05dc 2865     		str	r0, [r5, #80]	@ float
 197:./User/main.c ****               }else if(CH2[4]>1800&&CH2[4]<1900){
 1307              		.loc 1 197 17 is_stmt 1 view .LVU306
 1308 05de 4FF4FA70 		mov	r0, #500
 1309 05e2 0021     		movs	r1, #0
 1310 05e4 FFF7FEFF 		bl	Delay_ms
 1311              	.LVL128:
 1312 05e8 5CE7     		b	.L37
 1313              	.L106:
 199:./User/main.c ****                 Delay_ms(500);
 1314              		.loc 1 199 17 view .LVU307
 199:./User/main.c ****                 Delay_ms(500);
 1315              		.loc 1 199 43 is_stmt 0 view .LVU308
 1316 05ea 114D     		ldr	r5, .L116+32
 1317 05ec 286D     		ldr	r0, [r5, #80]	@ float
 1318 05ee FFF7FEFF 		bl	__aeabi_f2d
 1319              	.LVL129:
 199:./User/main.c ****                 Delay_ms(500);
 1320              		.loc 1 199 47 view .LVU309
 1321 05f2 07A3     		adr	r3, .L116
 1322 05f4 D3E90023 		ldrd	r2, [r3]
 1323 05f8 FFF7FEFF 		bl	__aeabi_dadd
 1324              	.LVL130:
 1325 05fc FFF7FEFF 		bl	__aeabi_d2f
 1326              	.LVL131:
 199:./User/main.c ****                 Delay_ms(500);
 1327              		.loc 1 199 31 view .LVU310
 1328 0600 2865     		str	r0, [r5, #80]	@ float
 200:./User/main.c ****               }else if(CH2[4]>1900){
 1329              		.loc 1 200 17 is_stmt 1 view .LVU311
 1330 0602 4FF4FA70 		mov	r0, #500
 1331 0606 0021     		movs	r1, #0
 1332 0608 FFF7FEFF 		bl	Delay_ms
 1333              	.LVL132:
 1334 060c 4AE7     		b	.L37
 1335              	.L117:
ARM GAS  /var/folders/yl/_q9l42k90g1g4mdhbs226msm0000gn/T//ccnoQXKd.s 			page 34


 1336 060e 00BF     		.align	3
 1337              	.L116:
 1338 0610 9A999999 		.word	-1717986918
 1339 0614 9999B93F 		.word	1069128089
 1340 0618 9A999999 		.word	-1717986918
 1341 061c 9999A93F 		.word	1068079513
 1342 0620 00000000 		.word	CH2
 1343 0624 AC000000 		.word	.LC9
 1344 0628 B4000000 		.word	.LC10
 1345 062c BC000000 		.word	.LC11
 1346 0630 00000000 		.word	params_ram
 1347 0634 C4000000 		.word	.LC12
 1348 0638 CC000000 		.word	.LC13
 1349              	.L107:
 216:./User/main.c ****                 Delay_s(1);
 1350              		.loc 1 216 17 view .LVU312
 216:./User/main.c ****                 Delay_s(1);
 1351              		.loc 1 216 43 is_stmt 0 view .LVU313
 1352 063c D5ED157A 		vldr.32	s15, [r5, #84]
 216:./User/main.c ****                 Delay_s(1);
 1353              		.loc 1 216 47 view .LVU314
 1354 0640 B7EE007A 		vmov.f32	s14, #1.0e+0
 1355 0644 77EEC77A 		vsub.f32	s15, s15, s14
 216:./User/main.c ****                 Delay_s(1);
 1356              		.loc 1 216 31 view .LVU315
 1357 0648 C5ED157A 		vstr.32	s15, [r5, #84]
 217:./User/main.c ****               }else if(CH2[4]>1100&&CH2[4]<1200){
 1358              		.loc 1 217 17 is_stmt 1 view .LVU316
 1359 064c 0120     		movs	r0, #1
 1360 064e 0021     		movs	r1, #0
 1361 0650 FFF7FEFF 		bl	Delay_s
 1362              	.LVL133:
 1363              	.L47:
 234:./User/main.c ****               Delay_ms(500);
 1364              		.loc 1 234 15 view .LVU317
 234:./User/main.c ****               Delay_ms(500);
 1365              		.loc 1 234 22 is_stmt 0 view .LVU318
 1366 0654 AA4B     		ldr	r3, .L118+16
 1367 0656 5A88     		ldrh	r2, [r3, #2]
 234:./User/main.c ****               Delay_ms(500);
 1368              		.loc 1 234 18 view .LVU319
 1369 0658 40F24B43 		movw	r3, #1099
 1370 065c 9A42     		cmp	r2, r3
 1371 065e 00D8     		bhi	.L52
 234:./User/main.c ****               Delay_ms(500);
 1372              		.loc 1 234 47 view .LVU320
 1373 0660 0024     		movs	r4, #0
 1374              	.LVL134:
 1375              	.L52:
 235:./User/main.c ****             }
 1376              		.loc 1 235 15 is_stmt 1 view .LVU321
 1377 0662 4FF4FA70 		mov	r0, #500
 1378 0666 0021     		movs	r1, #0
 1379 0668 FFF7FEFF 		bl	Delay_ms
 1380              	.LVL135:
 1381              	.L53:
 208:./User/main.c ****               OLED_ShowString(2,1,"  kp:");
ARM GAS  /var/folders/yl/_q9l42k90g1g4mdhbs226msm0000gn/T//ccnoQXKd.s 			page 35


 1382              		.loc 1 208 19 view .LVU322
 208:./User/main.c ****               OLED_ShowString(2,1,"  kp:");
 1383              		.loc 1 208 23 is_stmt 0 view .LVU323
 1384 066c A44B     		ldr	r3, .L118+16
 1385 066e 5B89     		ldrh	r3, [r3, #10]
 208:./User/main.c ****               OLED_ShowString(2,1,"  kp:");
 1386              		.loc 1 208 19 view .LVU324
 1387 0670 B3F5E16F 		cmp	r3, #1800
 1388 0674 7FF615AE 		bls	.L54
 208:./User/main.c ****               OLED_ShowString(2,1,"  kp:");
 1389              		.loc 1 208 31 discriminator 1 view .LVU325
 1390 0678 002C     		cmp	r4, #0
 1391 067a 3FF412AE 		beq	.L54
 209:./User/main.c ****               OLED_ShowString(3,1,"  ki:");
 1392              		.loc 1 209 15 is_stmt 1 view .LVU326
 1393 067e A14A     		ldr	r2, .L118+20
 1394 0680 0121     		movs	r1, #1
 1395 0682 0220     		movs	r0, #2
 1396 0684 FFF7FEFF 		bl	OLED_ShowString
 1397              	.LVL136:
 210:./User/main.c ****               OLED_ShowString(4,1,"* kd:");
 1398              		.loc 1 210 15 view .LVU327
 1399 0688 9F4A     		ldr	r2, .L118+24
 1400 068a 0121     		movs	r1, #1
 1401 068c 0320     		movs	r0, #3
 1402 068e FFF7FEFF 		bl	OLED_ShowString
 1403              	.LVL137:
 211:./User/main.c ****               OLED_ShowFNum(2,6,params_ram.kp,8,3);
 1404              		.loc 1 211 15 view .LVU328
 1405 0692 9E4A     		ldr	r2, .L118+28
 1406 0694 0121     		movs	r1, #1
 1407 0696 0420     		movs	r0, #4
 1408 0698 FFF7FEFF 		bl	OLED_ShowString
 1409              	.LVL138:
 212:./User/main.c ****               OLED_ShowFNum(3,6,params_ram.ki,8,3);
 1410              		.loc 1 212 15 view .LVU329
 1411 069c 9C4D     		ldr	r5, .L118+32
 1412 069e 0323     		movs	r3, #3
 1413 06a0 0822     		movs	r2, #8
 1414 06a2 95ED130A 		vldr.32	s0, [r5, #76]
 1415 06a6 0621     		movs	r1, #6
 1416 06a8 0220     		movs	r0, #2
 1417 06aa FFF7FEFF 		bl	OLED_ShowFNum
 1418              	.LVL139:
 213:./User/main.c ****               OLED_ShowFNum(4,6,params_ram.kd,8,3);
 1419              		.loc 1 213 15 view .LVU330
 1420 06ae 0323     		movs	r3, #3
 1421 06b0 0822     		movs	r2, #8
 1422 06b2 95ED140A 		vldr.32	s0, [r5, #80]
 1423 06b6 0621     		movs	r1, #6
 1424 06b8 1846     		mov	r0, r3
 1425 06ba FFF7FEFF 		bl	OLED_ShowFNum
 1426              	.LVL140:
 214:./User/main.c ****               if (CH2[4]<1100){
 1427              		.loc 1 214 15 view .LVU331
 1428 06be 0323     		movs	r3, #3
 1429 06c0 0822     		movs	r2, #8
ARM GAS  /var/folders/yl/_q9l42k90g1g4mdhbs226msm0000gn/T//ccnoQXKd.s 			page 36


 1430 06c2 95ED150A 		vldr.32	s0, [r5, #84]
 1431 06c6 0621     		movs	r1, #6
 1432 06c8 0420     		movs	r0, #4
 1433 06ca FFF7FEFF 		bl	OLED_ShowFNum
 1434              	.LVL141:
 215:./User/main.c ****                 params_ram.kd = params_ram.kd -1;
 1435              		.loc 1 215 15 view .LVU332
 215:./User/main.c ****                 params_ram.kd = params_ram.kd -1;
 1436              		.loc 1 215 22 is_stmt 0 view .LVU333
 1437 06ce 8C4B     		ldr	r3, .L118+16
 1438 06d0 1B89     		ldrh	r3, [r3, #8]
 215:./User/main.c ****                 params_ram.kd = params_ram.kd -1;
 1439              		.loc 1 215 18 view .LVU334
 1440 06d2 40F24B42 		movw	r2, #1099
 1441 06d6 9342     		cmp	r3, r2
 1442 06d8 B0D9     		bls	.L107
 218:./User/main.c ****                 params_ram.kd = params_ram.kd -0.1;
 1443              		.loc 1 218 21 is_stmt 1 view .LVU335
 218:./User/main.c ****                 params_ram.kd = params_ram.kd -0.1;
 1444              		.loc 1 218 35 is_stmt 0 view .LVU336
 1445 06da A3F24D42 		subw	r2, r3, #1101
 1446 06de 92B2     		uxth	r2, r2
 218:./User/main.c ****                 params_ram.kd = params_ram.kd -0.1;
 1447              		.loc 1 218 23 view .LVU337
 1448 06e0 622A     		cmp	r2, #98
 1449 06e2 20D9     		bls	.L108
 221:./User/main.c ****                 params_ram.kd = params_ram.kd -0.05;
 1450              		.loc 1 221 21 is_stmt 1 view .LVU338
 221:./User/main.c ****                 params_ram.kd = params_ram.kd -0.05;
 1451              		.loc 1 221 35 is_stmt 0 view .LVU339
 1452 06e4 A3F2B142 		subw	r2, r3, #1201
 1453 06e8 92B2     		uxth	r2, r2
 221:./User/main.c ****                 params_ram.kd = params_ram.kd -0.05;
 1454              		.loc 1 221 23 view .LVU340
 1455 06ea C62A     		cmp	r2, #198
 1456 06ec 2DD9     		bls	.L109
 224:./User/main.c ****                 params_ram.kd = params_ram.kd +0.05;
 1457              		.loc 1 224 21 is_stmt 1 view .LVU341
 224:./User/main.c ****                 params_ram.kd = params_ram.kd +0.05;
 1458              		.loc 1 224 35 is_stmt 0 view .LVU342
 1459 06ee A3F24162 		subw	r2, r3, #1601
 1460 06f2 92B2     		uxth	r2, r2
 224:./User/main.c ****                 params_ram.kd = params_ram.kd +0.05;
 1461              		.loc 1 224 23 view .LVU343
 1462 06f4 C62A     		cmp	r2, #198
 1463 06f6 3AD9     		bls	.L110
 227:./User/main.c ****                 params_ram.kd = params_ram.kd +0.1;
 1464              		.loc 1 227 21 is_stmt 1 view .LVU344
 227:./User/main.c ****                 params_ram.kd = params_ram.kd +0.1;
 1465              		.loc 1 227 35 is_stmt 0 view .LVU345
 1466 06f8 A3F20972 		subw	r2, r3, #1801
 1467 06fc 92B2     		uxth	r2, r2
 227:./User/main.c ****                 params_ram.kd = params_ram.kd +0.1;
 1468              		.loc 1 227 23 view .LVU346
 1469 06fe 622A     		cmp	r2, #98
 1470 0700 47D9     		bls	.L111
 230:./User/main.c ****                 params_ram.kd = params_ram.kd +1;
ARM GAS  /var/folders/yl/_q9l42k90g1g4mdhbs226msm0000gn/T//ccnoQXKd.s 			page 37


 1471              		.loc 1 230 21 is_stmt 1 view .LVU347
 230:./User/main.c ****                 params_ram.kd = params_ram.kd +1;
 1472              		.loc 1 230 23 is_stmt 0 view .LVU348
 1473 0702 40F26C72 		movw	r2, #1900
 1474 0706 9342     		cmp	r3, r2
 1475 0708 A4D9     		bls	.L47
 231:./User/main.c ****                 Delay_s(1);
 1476              		.loc 1 231 17 is_stmt 1 view .LVU349
 231:./User/main.c ****                 Delay_s(1);
 1477              		.loc 1 231 43 is_stmt 0 view .LVU350
 1478 070a 814B     		ldr	r3, .L118+32
 1479 070c D3ED157A 		vldr.32	s15, [r3, #84]
 231:./User/main.c ****                 Delay_s(1);
 1480              		.loc 1 231 47 view .LVU351
 1481 0710 B7EE007A 		vmov.f32	s14, #1.0e+0
 1482 0714 77EE877A 		vadd.f32	s15, s15, s14
 231:./User/main.c ****                 Delay_s(1);
 1483              		.loc 1 231 31 view .LVU352
 1484 0718 C3ED157A 		vstr.32	s15, [r3, #84]
 232:./User/main.c ****               }
 1485              		.loc 1 232 17 is_stmt 1 view .LVU353
 1486 071c 0120     		movs	r0, #1
 1487 071e 0021     		movs	r1, #0
 1488 0720 FFF7FEFF 		bl	Delay_s
 1489              	.LVL142:
 1490 0724 96E7     		b	.L47
 1491              	.L108:
 219:./User/main.c ****                 Delay_ms(500);
 1492              		.loc 1 219 17 view .LVU354
 219:./User/main.c ****                 Delay_ms(500);
 1493              		.loc 1 219 43 is_stmt 0 view .LVU355
 1494 0726 7A4D     		ldr	r5, .L118+32
 1495 0728 686D     		ldr	r0, [r5, #84]	@ float
 1496 072a FFF7FEFF 		bl	__aeabi_f2d
 1497              	.LVL143:
 219:./User/main.c ****                 Delay_ms(500);
 1498              		.loc 1 219 47 view .LVU356
 1499 072e 70A3     		adr	r3, .L118
 1500 0730 D3E90023 		ldrd	r2, [r3]
 1501 0734 FFF7FEFF 		bl	__aeabi_dsub
 1502              	.LVL144:
 1503 0738 FFF7FEFF 		bl	__aeabi_d2f
 1504              	.LVL145:
 219:./User/main.c ****                 Delay_ms(500);
 1505              		.loc 1 219 31 view .LVU357
 1506 073c 6865     		str	r0, [r5, #84]	@ float
 220:./User/main.c ****               }else if(CH2[4]>1200&&CH2[4]<1400){
 1507              		.loc 1 220 17 is_stmt 1 view .LVU358
 1508 073e 4FF4FA70 		mov	r0, #500
 1509 0742 0021     		movs	r1, #0
 1510 0744 FFF7FEFF 		bl	Delay_ms
 1511              	.LVL146:
 1512 0748 84E7     		b	.L47
 1513              	.L109:
 222:./User/main.c ****                 Delay_ms(500);
 1514              		.loc 1 222 17 view .LVU359
 222:./User/main.c ****                 Delay_ms(500);
ARM GAS  /var/folders/yl/_q9l42k90g1g4mdhbs226msm0000gn/T//ccnoQXKd.s 			page 38


 1515              		.loc 1 222 43 is_stmt 0 view .LVU360
 1516 074a 714D     		ldr	r5, .L118+32
 1517 074c 686D     		ldr	r0, [r5, #84]	@ float
 1518 074e FFF7FEFF 		bl	__aeabi_f2d
 1519              	.LVL147:
 222:./User/main.c ****                 Delay_ms(500);
 1520              		.loc 1 222 47 view .LVU361
 1521 0752 69A3     		adr	r3, .L118+8
 1522 0754 D3E90023 		ldrd	r2, [r3]
 1523 0758 FFF7FEFF 		bl	__aeabi_dsub
 1524              	.LVL148:
 1525 075c FFF7FEFF 		bl	__aeabi_d2f
 1526              	.LVL149:
 222:./User/main.c ****                 Delay_ms(500);
 1527              		.loc 1 222 31 view .LVU362
 1528 0760 6865     		str	r0, [r5, #84]	@ float
 223:./User/main.c ****               }else if(CH2[4]>1600&&CH2[4]<1800){
 1529              		.loc 1 223 17 is_stmt 1 view .LVU363
 1530 0762 4FF4FA70 		mov	r0, #500
 1531 0766 0021     		movs	r1, #0
 1532 0768 FFF7FEFF 		bl	Delay_ms
 1533              	.LVL150:
 1534 076c 72E7     		b	.L47
 1535              	.L110:
 225:./User/main.c ****                 Delay_ms(500);
 1536              		.loc 1 225 17 view .LVU364
 225:./User/main.c ****                 Delay_ms(500);
 1537              		.loc 1 225 43 is_stmt 0 view .LVU365
 1538 076e 684D     		ldr	r5, .L118+32
 1539 0770 686D     		ldr	r0, [r5, #84]	@ float
 1540 0772 FFF7FEFF 		bl	__aeabi_f2d
 1541              	.LVL151:
 225:./User/main.c ****                 Delay_ms(500);
 1542              		.loc 1 225 47 view .LVU366
 1543 0776 60A3     		adr	r3, .L118+8
 1544 0778 D3E90023 		ldrd	r2, [r3]
 1545 077c FFF7FEFF 		bl	__aeabi_dadd
 1546              	.LVL152:
 1547 0780 FFF7FEFF 		bl	__aeabi_d2f
 1548              	.LVL153:
 225:./User/main.c ****                 Delay_ms(500);
 1549              		.loc 1 225 31 view .LVU367
 1550 0784 6865     		str	r0, [r5, #84]	@ float
 226:./User/main.c ****               }else if(CH2[4]>1800&&CH2[4]<1900){
 1551              		.loc 1 226 17 is_stmt 1 view .LVU368
 1552 0786 4FF4FA70 		mov	r0, #500
 1553 078a 0021     		movs	r1, #0
 1554 078c FFF7FEFF 		bl	Delay_ms
 1555              	.LVL154:
 1556 0790 60E7     		b	.L47
 1557              	.L111:
 228:./User/main.c ****                 Delay_ms(500);
 1558              		.loc 1 228 17 view .LVU369
 228:./User/main.c ****                 Delay_ms(500);
 1559              		.loc 1 228 43 is_stmt 0 view .LVU370
 1560 0792 5F4D     		ldr	r5, .L118+32
 1561 0794 686D     		ldr	r0, [r5, #84]	@ float
ARM GAS  /var/folders/yl/_q9l42k90g1g4mdhbs226msm0000gn/T//ccnoQXKd.s 			page 39


 1562 0796 FFF7FEFF 		bl	__aeabi_f2d
 1563              	.LVL155:
 228:./User/main.c ****                 Delay_ms(500);
 1564              		.loc 1 228 47 view .LVU371
 1565 079a 55A3     		adr	r3, .L118
 1566 079c D3E90023 		ldrd	r2, [r3]
 1567 07a0 FFF7FEFF 		bl	__aeabi_dadd
 1568              	.LVL156:
 1569 07a4 FFF7FEFF 		bl	__aeabi_d2f
 1570              	.LVL157:
 228:./User/main.c ****                 Delay_ms(500);
 1571              		.loc 1 228 31 view .LVU372
 1572 07a8 6865     		str	r0, [r5, #84]	@ float
 229:./User/main.c ****               }else if(CH2[4]>1900){
 1573              		.loc 1 229 17 is_stmt 1 view .LVU373
 1574 07aa 4FF4FA70 		mov	r0, #500
 1575 07ae 0021     		movs	r1, #0
 1576 07b0 FFF7FEFF 		bl	Delay_ms
 1577              	.LVL158:
 1578 07b4 4EE7     		b	.L47
 1579              	.L80:
 147:./User/main.c ****           while (para_PID_flag)
 1580              		.loc 1 147 43 is_stmt 0 view .LVU374
 1581 07b6 3C46     		mov	r4, r7
 1582              	.LVL159:
 147:./User/main.c ****           while (para_PID_flag)
 1583              		.loc 1 147 43 view .LVU375
 1584 07b8 73E5     		b	.L54
 1585              	.LVL160:
 1586              	.L112:
 245:./User/main.c ****             OLED_ShowString(3,1,"                ");
 1587              		.loc 1 245 13 is_stmt 1 view .LVU376
 1588 07ba DFF87881 		ldr	r8, .L118+68
 1589              	.LVL161:
 245:./User/main.c ****             OLED_ShowString(3,1,"                ");
 1590              		.loc 1 245 13 is_stmt 0 view .LVU377
 1591 07be 4246     		mov	r2, r8
 1592 07c0 0121     		movs	r1, #1
 1593 07c2 0220     		movs	r0, #2
 1594 07c4 FFF7FEFF 		bl	OLED_ShowString
 1595              	.LVL162:
 246:./User/main.c ****             OLED_ShowString(4,1,"                ");
 1596              		.loc 1 246 13 is_stmt 1 view .LVU378
 1597 07c8 524D     		ldr	r5, .L118+36
 1598 07ca 2A46     		mov	r2, r5
 1599 07cc 0121     		movs	r1, #1
 1600 07ce 0320     		movs	r0, #3
 1601 07d0 FFF7FEFF 		bl	OLED_ShowString
 1602              	.LVL163:
 247:./User/main.c ****             IMU_Calibrate();
 1603              		.loc 1 247 13 view .LVU379
 1604 07d4 2A46     		mov	r2, r5
 1605 07d6 0121     		movs	r1, #1
 1606 07d8 0420     		movs	r0, #4
 1607 07da FFF7FEFF 		bl	OLED_ShowString
 1608              	.LVL164:
 248:./User/main.c ****             OLED_ShowString(2,1," IMU calibrating");
ARM GAS  /var/folders/yl/_q9l42k90g1g4mdhbs226msm0000gn/T//ccnoQXKd.s 			page 40


 1609              		.loc 1 248 13 view .LVU380
 1610 07de FFF7FEFF 		bl	IMU_Calibrate
 1611              	.LVL165:
 249:./User/main.c ****             OLED_ShowString(3,1,"    Success!    ");
 1612              		.loc 1 249 13 view .LVU381
 1613 07e2 4246     		mov	r2, r8
 1614 07e4 0121     		movs	r1, #1
 1615 07e6 0220     		movs	r0, #2
 1616 07e8 FFF7FEFF 		bl	OLED_ShowString
 1617              	.LVL166:
 250:./User/main.c ****             OLED_ShowString(4,1,"                ");
 1618              		.loc 1 250 13 view .LVU382
 1619 07ec 4A4A     		ldr	r2, .L118+40
 1620 07ee 0121     		movs	r1, #1
 1621 07f0 0320     		movs	r0, #3
 1622 07f2 FFF7FEFF 		bl	OLED_ShowString
 1623              	.LVL167:
 251:./User/main.c ****             para_IMU_flag = 0;
 1624              		.loc 1 251 13 view .LVU383
 1625 07f6 2A46     		mov	r2, r5
 1626 07f8 0121     		movs	r1, #1
 1627 07fa 0420     		movs	r0, #4
 1628 07fc FFF7FEFF 		bl	OLED_ShowString
 1629              	.LVL168:
 252:./User/main.c ****             Delay_ms(500);
 1630              		.loc 1 252 13 view .LVU384
 253:./User/main.c ****           }
 1631              		.loc 1 253 13 view .LVU385
 1632 0800 4FF4FA70 		mov	r0, #500
 1633 0804 0021     		movs	r1, #0
 1634 0806 FFF7FEFF 		bl	Delay_ms
 1635              	.LVL169:
 243:./User/main.c ****           {
 1636              		.loc 1 243 17 view .LVU386
 252:./User/main.c ****             Delay_ms(500);
 1637              		.loc 1 252 27 is_stmt 0 view .LVU387
 1638 080a 4FF00008 		mov	r8, #0
 1639 080e 02E0     		b	.L57
 1640              	.LVL170:
 1641              	.L59:
 243:./User/main.c ****           {
 1642              		.loc 1 243 17 is_stmt 1 view .LVU388
 1643 0810 B8F1000F 		cmp	r8, #0
 1644 0814 D1D1     		bne	.L112
 1645              	.LVL171:
 1646              	.L57:
 270:./User/main.c ****       }    
 1647              		.loc 1 270 9 view .LVU389
 270:./User/main.c ****       }    
 1648              		.loc 1 270 16 is_stmt 0 view .LVU390
 1649 0816 3A4B     		ldr	r3, .L118+16
 1650 0818 5A88     		ldrh	r2, [r3, #2]
 270:./User/main.c ****       }    
 1651              		.loc 1 270 12 view .LVU391
 1652 081a 40F24B43 		movw	r3, #1099
 1653 081e 9A42     		cmp	r2, r3
 1654 0820 5FD9     		bls	.L87
ARM GAS  /var/folders/yl/_q9l42k90g1g4mdhbs226msm0000gn/T//ccnoQXKd.s 			page 41


 1655              	.LVL172:
 1656              	.L69:
 140:./User/main.c ****       {
 1657              		.loc 1 140 13 is_stmt 1 view .LVU392
 1658 0822 002F     		cmp	r7, #0
 1659 0824 3FF482AC 		beq	.L6
 142:./User/main.c ****         if (CH2[5]<1100){  
 1660              		.loc 1 142 9 view .LVU393
 1661 0828 6420     		movs	r0, #100
 1662 082a 0021     		movs	r1, #0
 1663 082c FFF7FEFF 		bl	Delay_ms
 1664              	.LVL173:
 143:./User/main.c ****           OLED_ShowString(2,1,"* PID setting   ");
 1665              		.loc 1 143 9 view .LVU394
 143:./User/main.c ****           OLED_ShowString(2,1,"* PID setting   ");
 1666              		.loc 1 143 16 is_stmt 0 view .LVU395
 1667 0830 334B     		ldr	r3, .L118+16
 1668 0832 5B89     		ldrh	r3, [r3, #10]
 143:./User/main.c ****           OLED_ShowString(2,1,"* PID setting   ");
 1669              		.loc 1 143 12 view .LVU396
 1670 0834 40F24B42 		movw	r2, #1099
 1671 0838 9342     		cmp	r3, r2
 1672 083a 7FF61CAD 		bls	.L113
 238:./User/main.c ****           OLED_ShowString(2,1,"  PID setting   ");
 1673              		.loc 1 238 15 is_stmt 1 view .LVU397
 238:./User/main.c ****           OLED_ShowString(2,1,"  PID setting   ");
 1674              		.loc 1 238 17 is_stmt 0 view .LVU398
 1675 083e B3F5C86F 		cmp	r3, #1600
 1676 0842 16D2     		bcs	.L58
 239:./User/main.c ****           OLED_ShowString(3,1,"* IMU calibrate ");
 1677              		.loc 1 239 11 is_stmt 1 view .LVU399
 1678 0844 354A     		ldr	r2, .L118+44
 1679 0846 0121     		movs	r1, #1
 1680 0848 0220     		movs	r0, #2
 1681 084a FFF7FEFF 		bl	OLED_ShowString
 1682              	.LVL174:
 240:./User/main.c ****           OLED_ShowString(4,1,"  Baro calibrate");
 1683              		.loc 1 240 11 view .LVU400
 1684 084e 344A     		ldr	r2, .L118+48
 1685 0850 0121     		movs	r1, #1
 1686 0852 0320     		movs	r0, #3
 1687 0854 FFF7FEFF 		bl	OLED_ShowString
 1688              	.LVL175:
 241:./User/main.c ****           if (CH2[6] >1900) para_IMU_flag = 1;
 1689              		.loc 1 241 11 view .LVU401
 1690 0858 324A     		ldr	r2, .L118+52
 1691 085a 0121     		movs	r1, #1
 1692 085c 0420     		movs	r0, #4
 1693 085e FFF7FEFF 		bl	OLED_ShowString
 1694              	.LVL176:
 242:./User/main.c ****           while (para_IMU_flag)
 1695              		.loc 1 242 11 view .LVU402
 242:./User/main.c ****           while (para_IMU_flag)
 1696              		.loc 1 242 18 is_stmt 0 view .LVU403
 1697 0862 274B     		ldr	r3, .L118+16
 1698 0864 9A89     		ldrh	r2, [r3, #12]
 242:./User/main.c ****           while (para_IMU_flag)
ARM GAS  /var/folders/yl/_q9l42k90g1g4mdhbs226msm0000gn/T//ccnoQXKd.s 			page 42


 1699              		.loc 1 242 14 view .LVU404
 1700 0866 40F26C73 		movw	r3, #1900
 1701 086a 9A42     		cmp	r2, r3
 1702 086c D0D9     		bls	.L59
 242:./User/main.c ****           while (para_IMU_flag)
 1703              		.loc 1 242 43 view .LVU405
 1704 086e B846     		mov	r8, r7
 1705              	.LVL177:
 242:./User/main.c ****           while (para_IMU_flag)
 1706              		.loc 1 242 43 view .LVU406
 1707 0870 CEE7     		b	.L59
 1708              	.LVL178:
 1709              	.L58:
 256:./User/main.c ****           OLED_ShowString(3,1,"  IMU calibrate ");
 1710              		.loc 1 256 11 is_stmt 1 view .LVU407
 1711 0872 2A4A     		ldr	r2, .L118+44
 1712 0874 0121     		movs	r1, #1
 1713 0876 0220     		movs	r0, #2
 1714 0878 FFF7FEFF 		bl	OLED_ShowString
 1715              	.LVL179:
 257:./User/main.c ****           OLED_ShowString(4,1,"* Baro calibrate");
 1716              		.loc 1 257 11 view .LVU408
 1717 087c 2A4A     		ldr	r2, .L118+56
 1718 087e 0121     		movs	r1, #1
 1719 0880 0320     		movs	r0, #3
 1720 0882 FFF7FEFF 		bl	OLED_ShowString
 1721              	.LVL180:
 258:./User/main.c ****           if (CH2[6] >1900) para_baro_flag = 1;
 1722              		.loc 1 258 11 view .LVU409
 1723 0886 294A     		ldr	r2, .L118+60
 1724 0888 0121     		movs	r1, #1
 1725 088a 0420     		movs	r0, #4
 1726 088c FFF7FEFF 		bl	OLED_ShowString
 1727              	.LVL181:
 259:./User/main.c ****           while (para_baro_flag)
 1728              		.loc 1 259 11 view .LVU410
 259:./User/main.c ****           while (para_baro_flag)
 1729              		.loc 1 259 18 is_stmt 0 view .LVU411
 1730 0890 1B4B     		ldr	r3, .L118+16
 1731 0892 9A89     		ldrh	r2, [r3, #12]
 259:./User/main.c ****           while (para_baro_flag)
 1732              		.loc 1 259 14 view .LVU412
 1733 0894 40F26C73 		movw	r3, #1900
 1734 0898 9A42     		cmp	r2, r3
 1735 089a 06D9     		bls	.L65
 259:./User/main.c ****           while (para_baro_flag)
 1736              		.loc 1 259 44 view .LVU413
 1737 089c 3E46     		mov	r6, r7
 1738              	.LVL182:
 259:./User/main.c ****           while (para_baro_flag)
 1739              		.loc 1 259 44 view .LVU414
 1740 089e 04E0     		b	.L65
 1741              	.L64:
 1742              	.LVL183:
 267:./User/main.c ****           }
 1743              		.loc 1 267 13 is_stmt 1 view .LVU415
 1744 08a0 4FF4FA70 		mov	r0, #500
ARM GAS  /var/folders/yl/_q9l42k90g1g4mdhbs226msm0000gn/T//ccnoQXKd.s 			page 43


 1745 08a4 0021     		movs	r1, #0
 1746 08a6 FFF7FEFF 		bl	Delay_ms
 1747              	.LVL184:
 1748              	.L65:
 260:./User/main.c ****           {  
 1749              		.loc 1 260 17 view .LVU416
 1750 08aa 002E     		cmp	r6, #0
 1751 08ac B3D0     		beq	.L57
 262:./User/main.c ****             OLED_ShowString(3,1,"                ");
 1752              		.loc 1 262 13 view .LVU417
 1753 08ae 204A     		ldr	r2, .L118+64
 1754 08b0 0121     		movs	r1, #1
 1755 08b2 0220     		movs	r0, #2
 1756 08b4 FFF7FEFF 		bl	OLED_ShowString
 1757              	.LVL185:
 263:./User/main.c ****             OLED_ShowString(4,1,"                ");
 1758              		.loc 1 263 13 view .LVU418
 1759 08b8 164D     		ldr	r5, .L118+36
 1760 08ba 2A46     		mov	r2, r5
 1761 08bc 0121     		movs	r1, #1
 1762 08be 0320     		movs	r0, #3
 1763 08c0 FFF7FEFF 		bl	OLED_ShowString
 1764              	.LVL186:
 264:./User/main.c ****             // Baro_Calibrate();
 1765              		.loc 1 264 13 view .LVU419
 1766 08c4 2A46     		mov	r2, r5
 1767 08c6 0121     		movs	r1, #1
 1768 08c8 0420     		movs	r0, #4
 1769 08ca FFF7FEFF 		bl	OLED_ShowString
 1770              	.LVL187:
 266:./User/main.c ****             Delay_ms(500);
 1771              		.loc 1 266 13 view .LVU420
 266:./User/main.c ****             Delay_ms(500);
 1772              		.loc 1 266 20 is_stmt 0 view .LVU421
 1773 08ce 0C4B     		ldr	r3, .L118+16
 1774 08d0 5A88     		ldrh	r2, [r3, #2]
 266:./User/main.c ****             Delay_ms(500);
 1775              		.loc 1 266 16 view .LVU422
 1776 08d2 40F24B43 		movw	r3, #1099
 1777 08d6 9A42     		cmp	r2, r3
 1778 08d8 E2D8     		bhi	.L64
 266:./User/main.c ****             Delay_ms(500);
 1779              		.loc 1 266 46 view .LVU423
 1780 08da 0026     		movs	r6, #0
 1781              	.LVL188:
 266:./User/main.c ****             Delay_ms(500);
 1782              		.loc 1 266 46 view .LVU424
 1783 08dc E0E7     		b	.L64
 1784              	.LVL189:
 1785              	.L79:
 139:./User/main.c ****       while (para_flag)
 1786              		.loc 1 139 35 view .LVU425
 1787 08de 0127     		movs	r7, #1
 1788 08e0 C5E4     		b	.L22
 1789              	.LVL190:
 1790              	.L87:
 270:./User/main.c ****       }    
ARM GAS  /var/folders/yl/_q9l42k90g1g4mdhbs226msm0000gn/T//ccnoQXKd.s 			page 44


 1791              		.loc 1 270 37 view .LVU426
 1792 08e2 0027     		movs	r7, #0
 1793              	.LVL191:
 270:./User/main.c ****       }    
 1794              		.loc 1 270 37 view .LVU427
 1795 08e4 9DE7     		b	.L69
 1796              	.LVL192:
 1797              	.L88:
 276:./User/main.c ****       while (save_flag)
 1798              		.loc 1 276 35 view .LVU428
 1799 08e6 0123     		movs	r3, #1
 1800 08e8 93E4     		b	.L71
 1801              	.L119:
 1802 08ea 00BFAFF3 		.align	3
 1802      0080
 1803              	.L118:
 1804 08f0 9A999999 		.word	-1717986918
 1805 08f4 9999B93F 		.word	1069128089
 1806 08f8 9A999999 		.word	-1717986918
 1807 08fc 9999A93F 		.word	1068079513
 1808 0900 00000000 		.word	CH2
 1809 0904 C4000000 		.word	.LC12
 1810 0908 B4000000 		.word	.LC10
 1811 090c D4000000 		.word	.LC14
 1812 0910 00000000 		.word	params_ram
 1813 0914 18010000 		.word	.LC18
 1814 0918 2C010000 		.word	.LC19
 1815 091c DC000000 		.word	.LC15
 1816 0920 F0000000 		.word	.LC16
 1817 0924 98000000 		.word	.LC8
 1818 0928 84000000 		.word	.LC7
 1819 092c 40010000 		.word	.LC20
 1820 0930 54010000 		.word	.LC21
 1821 0934 04010000 		.word	.LC17
 1822              	.LBE3:
 1823              		.cfi_endproc
 1824              	.LFE127:
 1826              		.global	pitchOffsetSum
 1827              		.global	rollOffsetSum
 1828              		.global	pitchOffset
 1829              		.global	rollOffset
 1830              		.global	q3
 1831              		.global	q2
 1832              		.global	q1
 1833              		.global	q0
 1834              		.global	correctFlag
 1835              		.global	height
 1836              		.global	angle
 1837              		.global	deltaT
 1838              		.section	.bss.angle,"aw",%nobits
 1839              		.align	2
 1840              		.set	.LANCHOR7,. + 0
 1843              	angle:
 1844 0000 00000000 		.space	12
 1844      00000000 
 1844      00000000 
 1845              		.section	.bss.height,"aw",%nobits
ARM GAS  /var/folders/yl/_q9l42k90g1g4mdhbs226msm0000gn/T//ccnoQXKd.s 			page 45


 1846              		.align	2
 1849              	height:
 1850 0000 00000000 		.space	4
 1851              		.section	.bss.pitchOffsetSum,"aw",%nobits
 1852              		.align	2
 1853              		.set	.LANCHOR10,. + 0
 1856              	pitchOffsetSum:
 1857 0000 00000000 		.space	4
 1858              		.section	.bss.q1,"aw",%nobits
 1859              		.align	2
 1860              		.set	.LANCHOR0,. + 0
 1863              	q1:
 1864 0000 00000000 		.space	4
 1865              		.section	.bss.q2,"aw",%nobits
 1866              		.align	2
 1867              		.set	.LANCHOR1,. + 0
 1870              	q2:
 1871 0000 00000000 		.space	4
 1872              		.section	.bss.q3,"aw",%nobits
 1873              		.align	2
 1874              		.set	.LANCHOR3,. + 0
 1877              	q3:
 1878 0000 00000000 		.space	4
 1879              		.section	.bss.rollOffsetSum,"aw",%nobits
 1880              		.align	2
 1881              		.set	.LANCHOR9,. + 0
 1884              	rollOffsetSum:
 1885 0000 00000000 		.space	4
 1886              		.section	.data.correctFlag,"aw"
 1887              		.set	.LANCHOR8,. + 0
 1890              	correctFlag:
 1891 0000 FF       		.byte	-1
 1892              		.section	.data.deltaT,"aw"
 1893              		.align	2
 1894              		.set	.LANCHOR6,. + 0
 1897              	deltaT:
 1898 0000 A69B443B 		.word	994352038
 1899              		.section	.data.pitchOffset,"aw"
 1900              		.align	2
 1901              		.set	.LANCHOR4,. + 0
 1904              	pitchOffset:
 1905 0000 27760940 		.word	1074361895
 1906              		.section	.data.q0,"aw"
 1907              		.align	2
 1908              		.set	.LANCHOR2,. + 0
 1911              	q0:
 1912 0000 0000803F 		.word	1065353216
 1913              		.section	.data.rollOffset,"aw"
 1914              		.align	2
 1915              		.set	.LANCHOR5,. + 0
 1918              	rollOffset:
 1919 0000 277609C0 		.word	-1073121753
 1920              		.text
 1921              	.Letext0:
 1922              		.file 2 "/Applications/ARM/arm-none-eabi/include/machine/_default_types.h"
 1923              		.file 3 "/Applications/ARM/arm-none-eabi/include/sys/_stdint.h"
 1924              		.file 4 "./CORE/stm32f4xx.h"
ARM GAS  /var/folders/yl/_q9l42k90g1g4mdhbs226msm0000gn/T//ccnoQXKd.s 			page 46


 1925              		.file 5 "./User/Parameters.h"
 1926              		.file 6 "./Hardware/GY86.h"
 1927              		.file 7 "./User/AHRS.h"
 1928              		.file 8 "./Hardware/Receiver.h"
 1929              		.file 9 "./User/PID.h"
 1930              		.file 10 "./Hardware/PWM.h"
 1931              		.file 11 "./User/Delay.h"
 1932              		.file 12 "./Hardware/OLED.h"
 1933              		.file 13 "./User/GuassNewton.h"
 1934              		.file 14 "./Hardware/LD2.h"
 1935              		.file 15 "./Hardware/OLED2.h"
 1936              		.file 16 "./Hardware/ATKBLE01.h"
 1937              		.file 17 "/Applications/ARM/arm-none-eabi/include/math.h"
ARM GAS  /var/folders/yl/_q9l42k90g1g4mdhbs226msm0000gn/T//ccnoQXKd.s 			page 47


DEFINED SYMBOLS
                            *ABS*:0000000000000000 main.c
/var/folders/yl/_q9l42k90g1g4mdhbs226msm0000gn/T//ccnoQXKd.s:24     .text.toEulerAngles:0000000000000000 $t
/var/folders/yl/_q9l42k90g1g4mdhbs226msm0000gn/T//ccnoQXKd.s:30     .text.toEulerAngles:0000000000000000 toEulerAngles
/var/folders/yl/_q9l42k90g1g4mdhbs226msm0000gn/T//ccnoQXKd.s:260    .text.toEulerAngles:00000000000001b8 $d
/var/folders/yl/_q9l42k90g1g4mdhbs226msm0000gn/T//ccnoQXKd.s:271    .rodata.main.str1.4:0000000000000000 $d
/var/folders/yl/_q9l42k90g1g4mdhbs226msm0000gn/T//ccnoQXKd.s:345    .text.main:0000000000000000 $t
/var/folders/yl/_q9l42k90g1g4mdhbs226msm0000gn/T//ccnoQXKd.s:351    .text.main:0000000000000000 main
/var/folders/yl/_q9l42k90g1g4mdhbs226msm0000gn/T//ccnoQXKd.s:844    .text.main:00000000000002a8 $d
/var/folders/yl/_q9l42k90g1g4mdhbs226msm0000gn/T//ccnoQXKd.s:873    .text.main:0000000000000310 $t
/var/folders/yl/_q9l42k90g1g4mdhbs226msm0000gn/T//ccnoQXKd.s:1338   .text.main:0000000000000610 $d
/var/folders/yl/_q9l42k90g1g4mdhbs226msm0000gn/T//ccnoQXKd.s:1352   .text.main:000000000000063c $t
/var/folders/yl/_q9l42k90g1g4mdhbs226msm0000gn/T//ccnoQXKd.s:1804   .text.main:00000000000008f0 $d
/var/folders/yl/_q9l42k90g1g4mdhbs226msm0000gn/T//ccnoQXKd.s:1856   .bss.pitchOffsetSum:0000000000000000 pitchOffsetSum
/var/folders/yl/_q9l42k90g1g4mdhbs226msm0000gn/T//ccnoQXKd.s:1884   .bss.rollOffsetSum:0000000000000000 rollOffsetSum
/var/folders/yl/_q9l42k90g1g4mdhbs226msm0000gn/T//ccnoQXKd.s:1904   .data.pitchOffset:0000000000000000 pitchOffset
/var/folders/yl/_q9l42k90g1g4mdhbs226msm0000gn/T//ccnoQXKd.s:1918   .data.rollOffset:0000000000000000 rollOffset
/var/folders/yl/_q9l42k90g1g4mdhbs226msm0000gn/T//ccnoQXKd.s:1877   .bss.q3:0000000000000000 q3
/var/folders/yl/_q9l42k90g1g4mdhbs226msm0000gn/T//ccnoQXKd.s:1870   .bss.q2:0000000000000000 q2
/var/folders/yl/_q9l42k90g1g4mdhbs226msm0000gn/T//ccnoQXKd.s:1863   .bss.q1:0000000000000000 q1
/var/folders/yl/_q9l42k90g1g4mdhbs226msm0000gn/T//ccnoQXKd.s:1911   .data.q0:0000000000000000 q0
/var/folders/yl/_q9l42k90g1g4mdhbs226msm0000gn/T//ccnoQXKd.s:1890   .data.correctFlag:0000000000000000 correctFlag
/var/folders/yl/_q9l42k90g1g4mdhbs226msm0000gn/T//ccnoQXKd.s:1849   .bss.height:0000000000000000 height
/var/folders/yl/_q9l42k90g1g4mdhbs226msm0000gn/T//ccnoQXKd.s:1843   .bss.angle:0000000000000000 angle
/var/folders/yl/_q9l42k90g1g4mdhbs226msm0000gn/T//ccnoQXKd.s:1897   .data.deltaT:0000000000000000 deltaT
/var/folders/yl/_q9l42k90g1g4mdhbs226msm0000gn/T//ccnoQXKd.s:1839   .bss.angle:0000000000000000 $d
/var/folders/yl/_q9l42k90g1g4mdhbs226msm0000gn/T//ccnoQXKd.s:1846   .bss.height:0000000000000000 $d
/var/folders/yl/_q9l42k90g1g4mdhbs226msm0000gn/T//ccnoQXKd.s:1852   .bss.pitchOffsetSum:0000000000000000 $d
/var/folders/yl/_q9l42k90g1g4mdhbs226msm0000gn/T//ccnoQXKd.s:1859   .bss.q1:0000000000000000 $d
/var/folders/yl/_q9l42k90g1g4mdhbs226msm0000gn/T//ccnoQXKd.s:1866   .bss.q2:0000000000000000 $d
/var/folders/yl/_q9l42k90g1g4mdhbs226msm0000gn/T//ccnoQXKd.s:1873   .bss.q3:0000000000000000 $d
/var/folders/yl/_q9l42k90g1g4mdhbs226msm0000gn/T//ccnoQXKd.s:1880   .bss.rollOffsetSum:0000000000000000 $d
/var/folders/yl/_q9l42k90g1g4mdhbs226msm0000gn/T//ccnoQXKd.s:1893   .data.deltaT:0000000000000000 $d
/var/folders/yl/_q9l42k90g1g4mdhbs226msm0000gn/T//ccnoQXKd.s:1900   .data.pitchOffset:0000000000000000 $d
/var/folders/yl/_q9l42k90g1g4mdhbs226msm0000gn/T//ccnoQXKd.s:1907   .data.q0:0000000000000000 $d
/var/folders/yl/_q9l42k90g1g4mdhbs226msm0000gn/T//ccnoQXKd.s:1914   .data.rollOffset:0000000000000000 $d

UNDEFINED SYMBOLS
__aeabi_f2d
__aeabi_dmul
__aeabi_d2f
__aeabi_dsub
atan2
asin
RAD_TO_DEGREE
__aeabi_dadd
LD2_init
GY86_init
OLED_Init
OLED2_Init
BLE_Init
REC_Init2
Motor_Init
LD2_ON
LoadParameters
pidInit
GY86_GetData
ARM GAS  /var/folders/yl/_q9l42k90g1g4mdhbs226msm0000gn/T//ccnoQXKd.s 			page 48


MahonyAHRSupdate
pidControl
Motor_SetSpeed_All
Delay_s
OLED_ShowString
OLED_ShowFNum
StoreParameters
GY86DataList
params_ram
CH2
Delay_ms
IMU_Calibrate
