ARM GAS  /var/folders/yl/_q9l42k90g1g4mdhbs226msm0000gn/T//ccJ8gp5W.s 			page 1


   1              		.cpu cortex-m4
   2              		.arch armv7e-m
   3              		.fpu fpv4-sp-d16
   4              		.eabi_attribute 27, 1
   5              		.eabi_attribute 28, 1
   6              		.eabi_attribute 20, 1
   7              		.eabi_attribute 21, 1
   8              		.eabi_attribute 23, 3
   9              		.eabi_attribute 24, 1
  10              		.eabi_attribute 25, 1
  11              		.eabi_attribute 26, 1
  12              		.eabi_attribute 30, 1
  13              		.eabi_attribute 34, 1
  14              		.eabi_attribute 18, 4
  15              		.file	"OLED.c"
  16              		.text
  17              	.Ltext0:
  18              		.cfi_sections	.debug_frame
  19              		.section	.text.OLED_I2C_Init,"ax",%progbits
  20              		.align	1
  21              		.global	OLED_I2C_Init
  22              		.syntax unified
  23              		.thumb
  24              		.thumb_func
  26              	OLED_I2C_Init:
  27              	.LFB123:
  28              		.file 1 "./Hardware/OLED.c"
   1:./Hardware/OLED.c **** 
   2:./Hardware/OLED.c **** #include "OLED.h"
   3:./Hardware/OLED.c **** 
   4:./Hardware/OLED.c **** /*引脚配置*/
   5:./Hardware/OLED.c **** #define OLED_W_SCL(x)		GPIO_WriteBit(GPIOC, GPIO_Pin_6, (BitAction)(x))
   6:./Hardware/OLED.c **** #define OLED_W_SDA(x)		GPIO_WriteBit(GPIOC, GPIO_Pin_5, (BitAction)(x))
   7:./Hardware/OLED.c **** 
   8:./Hardware/OLED.c **** /*引脚初始化*/
   9:./Hardware/OLED.c **** void OLED_I2C_Init(void)
  10:./Hardware/OLED.c **** {
  29              		.loc 1 10 1 view -0
  30              		.cfi_startproc
  31              		@ args = 0, pretend = 0, frame = 8
  32              		@ frame_needed = 0, uses_anonymous_args = 0
  33 0000 30B5     		push	{r4, r5, lr}
  34              	.LCFI0:
  35              		.cfi_def_cfa_offset 12
  36              		.cfi_offset 4, -12
  37              		.cfi_offset 5, -8
  38              		.cfi_offset 14, -4
  39 0002 83B0     		sub	sp, sp, #12
  40              	.LCFI1:
  41              		.cfi_def_cfa_offset 24
  11:./Hardware/OLED.c **** 	//初始化PB6和PB7作为模拟SCL与SDA
  12:./Hardware/OLED.c **** 	GPIO_InitTypeDef GPIO_InitStructure;
  42              		.loc 1 12 2 view .LVU1
  13:./Hardware/OLED.c **** 	RCC_AHB1PeriphClockCmd(RCC_AHB1Periph_GPIOC, ENABLE);
  43              		.loc 1 13 2 view .LVU2
  44 0004 0121     		movs	r1, #1
  45 0006 0420     		movs	r0, #4
ARM GAS  /var/folders/yl/_q9l42k90g1g4mdhbs226msm0000gn/T//ccJ8gp5W.s 			page 2


  46 0008 FFF7FEFF 		bl	RCC_AHB1PeriphClockCmd
  47              	.LVL0:
  14:./Hardware/OLED.c **** 	GPIO_InitStructure.GPIO_Pin = GPIO_Pin_6 | GPIO_Pin_5;
  48              		.loc 1 14 2 view .LVU3
  49              		.loc 1 14 30 is_stmt 0 view .LVU4
  50 000c 6023     		movs	r3, #96
  51 000e 0093     		str	r3, [sp]
  15:./Hardware/OLED.c **** 	GPIO_InitStructure.GPIO_Speed = GPIO_Speed_100MHz;
  52              		.loc 1 15 2 is_stmt 1 view .LVU5
  53              		.loc 1 15 32 is_stmt 0 view .LVU6
  54 0010 0323     		movs	r3, #3
  55 0012 8DF80530 		strb	r3, [sp, #5]
  16:./Hardware/OLED.c **** 	GPIO_InitStructure.GPIO_Mode = GPIO_Mode_OUT;
  56              		.loc 1 16 2 is_stmt 1 view .LVU7
  57              		.loc 1 16 31 is_stmt 0 view .LVU8
  58 0016 0125     		movs	r5, #1
  59 0018 8DF80450 		strb	r5, [sp, #4]
  17:./Hardware/OLED.c **** 	GPIO_InitStructure.GPIO_OType = GPIO_OType_OD;
  60              		.loc 1 17 2 is_stmt 1 view .LVU9
  61              		.loc 1 17 32 is_stmt 0 view .LVU10
  62 001c 8DF80650 		strb	r5, [sp, #6]
  18:./Hardware/OLED.c **** 	GPIO_Init(GPIOC, &GPIO_InitStructure);
  63              		.loc 1 18 2 is_stmt 1 view .LVU11
  64 0020 154C     		ldr	r4, .L3
  65 0022 6946     		mov	r1, sp
  66 0024 2046     		mov	r0, r4
  67 0026 FFF7FEFF 		bl	GPIO_Init
  68              	.LVL1:
  19:./Hardware/OLED.c **** 		
  20:./Hardware/OLED.c **** 	GPIO_InitStructure.GPIO_Pin = GPIO_Pin_8 | GPIO_Pin_9;
  69              		.loc 1 20 2 view .LVU12
  70              		.loc 1 20 30 is_stmt 0 view .LVU13
  71 002a 4FF44073 		mov	r3, #768
  72 002e 0093     		str	r3, [sp]
  21:./Hardware/OLED.c **** 	GPIO_InitStructure.GPIO_Mode = GPIO_Mode_OUT;
  73              		.loc 1 21 2 is_stmt 1 view .LVU14
  74              		.loc 1 21 31 is_stmt 0 view .LVU15
  75 0030 8DF80450 		strb	r5, [sp, #4]
  22:./Hardware/OLED.c **** 	GPIO_InitStructure.GPIO_OType = GPIO_OType_PP;
  76              		.loc 1 22 2 is_stmt 1 view .LVU16
  77              		.loc 1 22 32 is_stmt 0 view .LVU17
  78 0034 0023     		movs	r3, #0
  79 0036 8DF80630 		strb	r3, [sp, #6]
  23:./Hardware/OLED.c **** 	GPIO_InitStructure.GPIO_Speed = GPIO_Speed_50MHz;
  80              		.loc 1 23 2 is_stmt 1 view .LVU18
  81              		.loc 1 23 32 is_stmt 0 view .LVU19
  82 003a 0223     		movs	r3, #2
  83 003c 8DF80530 		strb	r3, [sp, #5]
  24:./Hardware/OLED.c **** 	GPIO_InitStructure.GPIO_PuPd = GPIO_PuPd_UP;
  84              		.loc 1 24 2 is_stmt 1 view .LVU20
  85              		.loc 1 24 31 is_stmt 0 view .LVU21
  86 0040 8DF80750 		strb	r5, [sp, #7]
  25:./Hardware/OLED.c **** 	GPIO_Init(GPIOC,&GPIO_InitStructure);
  87              		.loc 1 25 2 is_stmt 1 view .LVU22
  88 0044 6946     		mov	r1, sp
  89 0046 2046     		mov	r0, r4
  90 0048 FFF7FEFF 		bl	GPIO_Init
ARM GAS  /var/folders/yl/_q9l42k90g1g4mdhbs226msm0000gn/T//ccJ8gp5W.s 			page 3


  91              	.LVL2:
  26:./Hardware/OLED.c **** 	GPIO_SetBits(GPIOC,GPIO_Pin_8);
  92              		.loc 1 26 2 view .LVU23
  93 004c 4FF48071 		mov	r1, #256
  94 0050 2046     		mov	r0, r4
  95 0052 FFF7FEFF 		bl	GPIO_SetBits
  96              	.LVL3:
  27:./Hardware/OLED.c **** 	GPIO_ResetBits(GPIOC,GPIO_Pin_9);
  97              		.loc 1 27 2 view .LVU24
  98 0056 4FF40071 		mov	r1, #512
  99 005a 2046     		mov	r0, r4
 100 005c FFF7FEFF 		bl	GPIO_ResetBits
 101              	.LVL4:
  28:./Hardware/OLED.c **** 	
  29:./Hardware/OLED.c **** 	
  30:./Hardware/OLED.c **** 	
  31:./Hardware/OLED.c **** 	OLED_W_SCL(1);
 102              		.loc 1 31 2 view .LVU25
 103 0060 2A46     		mov	r2, r5
 104 0062 4021     		movs	r1, #64
 105 0064 2046     		mov	r0, r4
 106 0066 FFF7FEFF 		bl	GPIO_WriteBit
 107              	.LVL5:
  32:./Hardware/OLED.c **** 	OLED_W_SDA(1);
 108              		.loc 1 32 2 view .LVU26
 109 006a 2A46     		mov	r2, r5
 110 006c 2021     		movs	r1, #32
 111 006e 2046     		mov	r0, r4
 112 0070 FFF7FEFF 		bl	GPIO_WriteBit
 113              	.LVL6:
  33:./Hardware/OLED.c **** }
 114              		.loc 1 33 1 is_stmt 0 view .LVU27
 115 0074 03B0     		add	sp, sp, #12
 116              	.LCFI2:
 117              		.cfi_def_cfa_offset 12
 118              		@ sp needed
 119 0076 30BD     		pop	{r4, r5, pc}
 120              	.L4:
 121              		.align	2
 122              	.L3:
 123 0078 00080240 		.word	1073874944
 124              		.cfi_endproc
 125              	.LFE123:
 127              		.section	.text.OLED_I2C_Start,"ax",%progbits
 128              		.align	1
 129              		.global	OLED_I2C_Start
 130              		.syntax unified
 131              		.thumb
 132              		.thumb_func
 134              	OLED_I2C_Start:
 135              	.LFB124:
  34:./Hardware/OLED.c **** 
  35:./Hardware/OLED.c **** 
  36:./Hardware/OLED.c **** 
  37:./Hardware/OLED.c **** /*OLED字模库，宽8像素，高16像素*/
  38:./Hardware/OLED.c **** const uint8_t OLED_F08x16[][16]=
  39:./Hardware/OLED.c **** {
ARM GAS  /var/folders/yl/_q9l42k90g1g4mdhbs226msm0000gn/T//ccJ8gp5W.s 			page 4


  40:./Hardware/OLED.c **** 	{
  41:./Hardware/OLED.c **** 	0x00,0x00,0x00,0x00,0x00,0x00,0x00,0x00,
  42:./Hardware/OLED.c **** 	0x00,0x00,0x00,0x00,0x00,0x00,0x00,0x00,//  0
  43:./Hardware/OLED.c **** 	},{
  44:./Hardware/OLED.c **** 	0x00,0x00,0x00,0xF8,0x00,0x00,0x00,0x00,
  45:./Hardware/OLED.c **** 	0x00,0x00,0x00,0x33,0x30,0x00,0x00,0x00,//! 1
  46:./Hardware/OLED.c **** 	},{
  47:./Hardware/OLED.c **** 	0x00,0x10,0x0C,0x06,0x10,0x0C,0x06,0x00,
  48:./Hardware/OLED.c **** 	0x00,0x00,0x00,0x00,0x00,0x00,0x00,0x00,//" 2
  49:./Hardware/OLED.c **** 	},{
  50:./Hardware/OLED.c **** 	0x40,0xC0,0x78,0x40,0xC0,0x78,0x40,0x00,
  51:./Hardware/OLED.c **** 	0x04,0x3F,0x04,0x04,0x3F,0x04,0x04,0x00,//# 3
  52:./Hardware/OLED.c **** 	},{
  53:./Hardware/OLED.c **** 	0x00,0x70,0x88,0xFC,0x08,0x30,0x00,0x00,
  54:./Hardware/OLED.c **** 	0x00,0x18,0x20,0xFF,0x21,0x1E,0x00,0x00,//$ 4
  55:./Hardware/OLED.c **** 	},{
  56:./Hardware/OLED.c **** 	0xF0,0x08,0xF0,0x00,0xE0,0x18,0x00,0x00,
  57:./Hardware/OLED.c **** 	0x00,0x21,0x1C,0x03,0x1E,0x21,0x1E,0x00,//% 5
  58:./Hardware/OLED.c **** 	},{
  59:./Hardware/OLED.c **** 	0x00,0xF0,0x08,0x88,0x70,0x00,0x00,0x00,
  60:./Hardware/OLED.c **** 	0x1E,0x21,0x23,0x24,0x19,0x27,0x21,0x10,//& 6
  61:./Hardware/OLED.c **** 	},{
  62:./Hardware/OLED.c **** 	0x10,0x16,0x0E,0x00,0x00,0x00,0x00,0x00,
  63:./Hardware/OLED.c **** 	0x00,0x00,0x00,0x00,0x00,0x00,0x00,0x00,//' 7
  64:./Hardware/OLED.c **** 	},{
  65:./Hardware/OLED.c **** 	0x00,0x00,0x00,0xE0,0x18,0x04,0x02,0x00,
  66:./Hardware/OLED.c **** 	0x00,0x00,0x00,0x07,0x18,0x20,0x40,0x00,//( 8
  67:./Hardware/OLED.c **** 	},{
  68:./Hardware/OLED.c **** 	0x00,0x02,0x04,0x18,0xE0,0x00,0x00,0x00,
  69:./Hardware/OLED.c **** 	0x00,0x40,0x20,0x18,0x07,0x00,0x00,0x00,//) 9
  70:./Hardware/OLED.c **** 	},{
  71:./Hardware/OLED.c **** 	0x40,0x40,0x80,0xF0,0x80,0x40,0x40,0x00,
  72:./Hardware/OLED.c **** 	0x02,0x02,0x01,0x0F,0x01,0x02,0x02,0x00,//* 10
  73:./Hardware/OLED.c **** 	},{
  74:./Hardware/OLED.c **** 	0x00,0x00,0x00,0xF0,0x00,0x00,0x00,0x00,
  75:./Hardware/OLED.c **** 	0x01,0x01,0x01,0x1F,0x01,0x01,0x01,0x00,//+ 11
  76:./Hardware/OLED.c **** 	},{
  77:./Hardware/OLED.c **** 	0x00,0x00,0x00,0x00,0x00,0x00,0x00,0x00,
  78:./Hardware/OLED.c **** 	0x80,0xB0,0x70,0x00,0x00,0x00,0x00,0x00,//, 12
  79:./Hardware/OLED.c **** 	},{
  80:./Hardware/OLED.c **** 	0x00,0x00,0x00,0x00,0x00,0x00,0x00,0x00,
  81:./Hardware/OLED.c **** 	0x00,0x01,0x01,0x01,0x01,0x01,0x01,0x01,//- 13
  82:./Hardware/OLED.c **** 	},{
  83:./Hardware/OLED.c **** 	0x00,0x00,0x00,0x00,0x00,0x00,0x00,0x00,
  84:./Hardware/OLED.c **** 	0x00,0x30,0x30,0x00,0x00,0x00,0x00,0x00,//. 14
  85:./Hardware/OLED.c **** 	},{
  86:./Hardware/OLED.c **** 	0x00,0x00,0x00,0x00,0x80,0x60,0x18,0x04,
  87:./Hardware/OLED.c **** 	0x00,0x60,0x18,0x06,0x01,0x00,0x00,0x00,/// 15
  88:./Hardware/OLED.c **** 	},{
  89:./Hardware/OLED.c **** 	0x00,0xE0,0x10,0x08,0x08,0x10,0xE0,0x00,
  90:./Hardware/OLED.c **** 	0x00,0x0F,0x10,0x20,0x20,0x10,0x0F,0x00,//0 16
  91:./Hardware/OLED.c **** 	},{
  92:./Hardware/OLED.c **** 	0x00,0x10,0x10,0xF8,0x00,0x00,0x00,0x00,
  93:./Hardware/OLED.c **** 	0x00,0x20,0x20,0x3F,0x20,0x20,0x00,0x00,//1 17
  94:./Hardware/OLED.c **** 	},{
  95:./Hardware/OLED.c **** 	0x00,0x70,0x08,0x08,0x08,0x88,0x70,0x00,
  96:./Hardware/OLED.c **** 	0x00,0x30,0x28,0x24,0x22,0x21,0x30,0x00,//2 18
ARM GAS  /var/folders/yl/_q9l42k90g1g4mdhbs226msm0000gn/T//ccJ8gp5W.s 			page 5


  97:./Hardware/OLED.c **** 	},{
  98:./Hardware/OLED.c **** 	0x00,0x30,0x08,0x88,0x88,0x48,0x30,0x00,
  99:./Hardware/OLED.c **** 	0x00,0x18,0x20,0x20,0x20,0x11,0x0E,0x00,//3 19
 100:./Hardware/OLED.c **** 	},{
 101:./Hardware/OLED.c **** 	0x00,0x00,0xC0,0x20,0x10,0xF8,0x00,0x00,
 102:./Hardware/OLED.c **** 	0x00,0x07,0x04,0x24,0x24,0x3F,0x24,0x00,//4 20
 103:./Hardware/OLED.c **** 	},{
 104:./Hardware/OLED.c **** 	0x00,0xF8,0x08,0x88,0x88,0x08,0x08,0x00,
 105:./Hardware/OLED.c **** 	0x00,0x19,0x21,0x20,0x20,0x11,0x0E,0x00,//5 21
 106:./Hardware/OLED.c **** 	},{
 107:./Hardware/OLED.c **** 	0x00,0xE0,0x10,0x88,0x88,0x18,0x00,0x00,
 108:./Hardware/OLED.c **** 	0x00,0x0F,0x11,0x20,0x20,0x11,0x0E,0x00,//6 22
 109:./Hardware/OLED.c **** 	},{
 110:./Hardware/OLED.c **** 	0x00,0x38,0x08,0x08,0xC8,0x38,0x08,0x00,
 111:./Hardware/OLED.c **** 	0x00,0x00,0x00,0x3F,0x00,0x00,0x00,0x00,//7 23
 112:./Hardware/OLED.c **** 	},{
 113:./Hardware/OLED.c **** 	0x00,0x70,0x88,0x08,0x08,0x88,0x70,0x00,
 114:./Hardware/OLED.c **** 	0x00,0x1C,0x22,0x21,0x21,0x22,0x1C,0x00,//8 24
 115:./Hardware/OLED.c **** 	},{
 116:./Hardware/OLED.c **** 	0x00,0xE0,0x10,0x08,0x08,0x10,0xE0,0x00,
 117:./Hardware/OLED.c **** 	0x00,0x00,0x31,0x22,0x22,0x11,0x0F,0x00,//9 25
 118:./Hardware/OLED.c **** 	},{
 119:./Hardware/OLED.c **** 	0x00,0x00,0x00,0xC0,0xC0,0x00,0x00,0x00,
 120:./Hardware/OLED.c **** 	0x00,0x00,0x00,0x30,0x30,0x00,0x00,0x00,//: 26
 121:./Hardware/OLED.c **** 	},{
 122:./Hardware/OLED.c **** 	0x00,0x00,0x00,0x80,0x00,0x00,0x00,0x00,
 123:./Hardware/OLED.c **** 	0x00,0x00,0x80,0x60,0x00,0x00,0x00,0x00,//; 27
 124:./Hardware/OLED.c **** 	},{
 125:./Hardware/OLED.c **** 	0x00,0x00,0x80,0x40,0x20,0x10,0x08,0x00,
 126:./Hardware/OLED.c **** 	0x00,0x01,0x02,0x04,0x08,0x10,0x20,0x00,//< 28
 127:./Hardware/OLED.c **** 	},{
 128:./Hardware/OLED.c **** 	0x40,0x40,0x40,0x40,0x40,0x40,0x40,0x00,
 129:./Hardware/OLED.c **** 	0x04,0x04,0x04,0x04,0x04,0x04,0x04,0x00,//= 29
 130:./Hardware/OLED.c **** 	},{
 131:./Hardware/OLED.c **** 	0x00,0x08,0x10,0x20,0x40,0x80,0x00,0x00,
 132:./Hardware/OLED.c **** 	0x00,0x20,0x10,0x08,0x04,0x02,0x01,0x00,//> 30
 133:./Hardware/OLED.c **** 	},{
 134:./Hardware/OLED.c **** 	0x00,0x70,0x48,0x08,0x08,0x08,0xF0,0x00,
 135:./Hardware/OLED.c **** 	0x00,0x00,0x00,0x30,0x36,0x01,0x00,0x00,//? 31
 136:./Hardware/OLED.c **** 	},{
 137:./Hardware/OLED.c **** 	0xC0,0x30,0xC8,0x28,0xE8,0x10,0xE0,0x00,
 138:./Hardware/OLED.c **** 	0x07,0x18,0x27,0x24,0x23,0x14,0x0B,0x00,//@ 32
 139:./Hardware/OLED.c **** 	},{
 140:./Hardware/OLED.c **** 	0x00,0x00,0xC0,0x38,0xE0,0x00,0x00,0x00,
 141:./Hardware/OLED.c **** 	0x20,0x3C,0x23,0x02,0x02,0x27,0x38,0x20,//A 33
 142:./Hardware/OLED.c **** 	},{
 143:./Hardware/OLED.c **** 	0x08,0xF8,0x88,0x88,0x88,0x70,0x00,0x00,
 144:./Hardware/OLED.c **** 	0x20,0x3F,0x20,0x20,0x20,0x11,0x0E,0x00,//B 34
 145:./Hardware/OLED.c **** 	},{
 146:./Hardware/OLED.c **** 	0xC0,0x30,0x08,0x08,0x08,0x08,0x38,0x00,
 147:./Hardware/OLED.c **** 	0x07,0x18,0x20,0x20,0x20,0x10,0x08,0x00,//C 35
 148:./Hardware/OLED.c **** 	},{
 149:./Hardware/OLED.c **** 	0x08,0xF8,0x08,0x08,0x08,0x10,0xE0,0x00,
 150:./Hardware/OLED.c **** 	0x20,0x3F,0x20,0x20,0x20,0x10,0x0F,0x00,//D 36
 151:./Hardware/OLED.c **** 	},{
 152:./Hardware/OLED.c **** 	0x08,0xF8,0x88,0x88,0xE8,0x08,0x10,0x00,
 153:./Hardware/OLED.c **** 	0x20,0x3F,0x20,0x20,0x23,0x20,0x18,0x00,//E 37
ARM GAS  /var/folders/yl/_q9l42k90g1g4mdhbs226msm0000gn/T//ccJ8gp5W.s 			page 6


 154:./Hardware/OLED.c **** 	},{
 155:./Hardware/OLED.c **** 	0x08,0xF8,0x88,0x88,0xE8,0x08,0x10,0x00,
 156:./Hardware/OLED.c **** 	0x20,0x3F,0x20,0x00,0x03,0x00,0x00,0x00,//F 38
 157:./Hardware/OLED.c **** 	},{
 158:./Hardware/OLED.c **** 	0xC0,0x30,0x08,0x08,0x08,0x38,0x00,0x00,
 159:./Hardware/OLED.c **** 	0x07,0x18,0x20,0x20,0x22,0x1E,0x02,0x00,//G 39
 160:./Hardware/OLED.c **** 	},{
 161:./Hardware/OLED.c **** 	0x08,0xF8,0x08,0x00,0x00,0x08,0xF8,0x08,
 162:./Hardware/OLED.c **** 	0x20,0x3F,0x21,0x01,0x01,0x21,0x3F,0x20,//H 40
 163:./Hardware/OLED.c **** 	},{
 164:./Hardware/OLED.c **** 	0x00,0x08,0x08,0xF8,0x08,0x08,0x00,0x00,
 165:./Hardware/OLED.c **** 	0x00,0x20,0x20,0x3F,0x20,0x20,0x00,0x00,//I 41
 166:./Hardware/OLED.c **** 	},{
 167:./Hardware/OLED.c **** 	0x00,0x00,0x08,0x08,0xF8,0x08,0x08,0x00,
 168:./Hardware/OLED.c **** 	0xC0,0x80,0x80,0x80,0x7F,0x00,0x00,0x00,//J 42
 169:./Hardware/OLED.c **** 	},{
 170:./Hardware/OLED.c **** 	0x08,0xF8,0x88,0xC0,0x28,0x18,0x08,0x00,
 171:./Hardware/OLED.c **** 	0x20,0x3F,0x20,0x01,0x26,0x38,0x20,0x00,//K 43
 172:./Hardware/OLED.c **** 	},{
 173:./Hardware/OLED.c **** 	0x08,0xF8,0x08,0x00,0x00,0x00,0x00,0x00,
 174:./Hardware/OLED.c **** 	0x20,0x3F,0x20,0x20,0x20,0x20,0x30,0x00,//L 44
 175:./Hardware/OLED.c **** 	},{
 176:./Hardware/OLED.c **** 	0x08,0xF8,0xF8,0x00,0xF8,0xF8,0x08,0x00,
 177:./Hardware/OLED.c **** 	0x20,0x3F,0x00,0x3F,0x00,0x3F,0x20,0x00,//M 45
 178:./Hardware/OLED.c **** 	},{
 179:./Hardware/OLED.c **** 	0x08,0xF8,0x30,0xC0,0x00,0x08,0xF8,0x08,
 180:./Hardware/OLED.c **** 	0x20,0x3F,0x20,0x00,0x07,0x18,0x3F,0x00,//N 46
 181:./Hardware/OLED.c **** 	},{
 182:./Hardware/OLED.c **** 	0xE0,0x10,0x08,0x08,0x08,0x10,0xE0,0x00,
 183:./Hardware/OLED.c **** 	0x0F,0x10,0x20,0x20,0x20,0x10,0x0F,0x00,//O 47
 184:./Hardware/OLED.c **** 	},{
 185:./Hardware/OLED.c **** 	0x08,0xF8,0x08,0x08,0x08,0x08,0xF0,0x00,
 186:./Hardware/OLED.c **** 	0x20,0x3F,0x21,0x01,0x01,0x01,0x00,0x00,//P 48
 187:./Hardware/OLED.c **** 	},{
 188:./Hardware/OLED.c **** 	0xE0,0x10,0x08,0x08,0x08,0x10,0xE0,0x00,
 189:./Hardware/OLED.c **** 	0x0F,0x18,0x24,0x24,0x38,0x50,0x4F,0x00,//Q 49
 190:./Hardware/OLED.c **** 	},{
 191:./Hardware/OLED.c **** 	0x08,0xF8,0x88,0x88,0x88,0x88,0x70,0x00,
 192:./Hardware/OLED.c **** 	0x20,0x3F,0x20,0x00,0x03,0x0C,0x30,0x20,//R 50
 193:./Hardware/OLED.c **** 	},{
 194:./Hardware/OLED.c **** 	0x00,0x70,0x88,0x08,0x08,0x08,0x38,0x00,
 195:./Hardware/OLED.c **** 	0x00,0x38,0x20,0x21,0x21,0x22,0x1C,0x00,//S 51
 196:./Hardware/OLED.c **** 	},{
 197:./Hardware/OLED.c **** 	0x18,0x08,0x08,0xF8,0x08,0x08,0x18,0x00,
 198:./Hardware/OLED.c **** 	0x00,0x00,0x20,0x3F,0x20,0x00,0x00,0x00,//T 52
 199:./Hardware/OLED.c **** 	},{
 200:./Hardware/OLED.c **** 	0x08,0xF8,0x08,0x00,0x00,0x08,0xF8,0x08,
 201:./Hardware/OLED.c **** 	0x00,0x1F,0x20,0x20,0x20,0x20,0x1F,0x00,//U 53
 202:./Hardware/OLED.c **** 	},{
 203:./Hardware/OLED.c **** 	0x08,0x78,0x88,0x00,0x00,0xC8,0x38,0x08,
 204:./Hardware/OLED.c **** 	0x00,0x00,0x07,0x38,0x0E,0x01,0x00,0x00,//V 54
 205:./Hardware/OLED.c **** 	},{
 206:./Hardware/OLED.c **** 	0xF8,0x08,0x00,0xF8,0x00,0x08,0xF8,0x00,
 207:./Hardware/OLED.c **** 	0x03,0x3C,0x07,0x00,0x07,0x3C,0x03,0x00,//W 55
 208:./Hardware/OLED.c **** 	},{
 209:./Hardware/OLED.c **** 	0x08,0x18,0x68,0x80,0x80,0x68,0x18,0x08,
 210:./Hardware/OLED.c **** 	0x20,0x30,0x2C,0x03,0x03,0x2C,0x30,0x20,//X 56
ARM GAS  /var/folders/yl/_q9l42k90g1g4mdhbs226msm0000gn/T//ccJ8gp5W.s 			page 7


 211:./Hardware/OLED.c **** 	},{
 212:./Hardware/OLED.c **** 	0x08,0x38,0xC8,0x00,0xC8,0x38,0x08,0x00,
 213:./Hardware/OLED.c **** 	0x00,0x00,0x20,0x3F,0x20,0x00,0x00,0x00,//Y 57
 214:./Hardware/OLED.c **** 	},{
 215:./Hardware/OLED.c **** 	0x10,0x08,0x08,0x08,0xC8,0x38,0x08,0x00,
 216:./Hardware/OLED.c **** 	0x20,0x38,0x26,0x21,0x20,0x20,0x18,0x00,//Z 58
 217:./Hardware/OLED.c **** 	},{
 218:./Hardware/OLED.c **** 	0x00,0x00,0x00,0xFE,0x02,0x02,0x02,0x00,
 219:./Hardware/OLED.c **** 	0x00,0x00,0x00,0x7F,0x40,0x40,0x40,0x00,//[ 59
 220:./Hardware/OLED.c **** 	},{
 221:./Hardware/OLED.c **** 	0x00,0x0C,0x30,0xC0,0x00,0x00,0x00,0x00,
 222:./Hardware/OLED.c **** 	0x00,0x00,0x00,0x01,0x06,0x38,0xC0,0x00,//\ 60
 223:./Hardware/OLED.c **** 	},{
 224:./Hardware/OLED.c **** 	0x00,0x02,0x02,0x02,0xFE,0x00,0x00,0x00,
 225:./Hardware/OLED.c **** 	0x00,0x40,0x40,0x40,0x7F,0x00,0x00,0x00,//] 61
 226:./Hardware/OLED.c **** 	},{
 227:./Hardware/OLED.c **** 	0x00,0x00,0x04,0x02,0x02,0x02,0x04,0x00,
 228:./Hardware/OLED.c **** 	0x00,0x00,0x00,0x00,0x00,0x00,0x00,0x00,//^ 62
 229:./Hardware/OLED.c **** 	},{
 230:./Hardware/OLED.c **** 	0x00,0x00,0x00,0x00,0x00,0x00,0x00,0x00,
 231:./Hardware/OLED.c **** 	0x80,0x80,0x80,0x80,0x80,0x80,0x80,0x80,//_ 63
 232:./Hardware/OLED.c **** 	},{
 233:./Hardware/OLED.c **** 	0x00,0x02,0x02,0x04,0x00,0x00,0x00,0x00,
 234:./Hardware/OLED.c **** 	0x00,0x00,0x00,0x00,0x00,0x00,0x00,0x00,//` 64
 235:./Hardware/OLED.c **** 	},{
 236:./Hardware/OLED.c **** 	0x00,0x00,0x80,0x80,0x80,0x80,0x00,0x00,
 237:./Hardware/OLED.c **** 	0x00,0x19,0x24,0x22,0x22,0x22,0x3F,0x20,//a 65
 238:./Hardware/OLED.c **** 	},{
 239:./Hardware/OLED.c **** 	0x08,0xF8,0x00,0x80,0x80,0x00,0x00,0x00,
 240:./Hardware/OLED.c **** 	0x00,0x3F,0x11,0x20,0x20,0x11,0x0E,0x00,//b 66
 241:./Hardware/OLED.c **** 	},{
 242:./Hardware/OLED.c **** 	0x00,0x00,0x00,0x80,0x80,0x80,0x00,0x00,
 243:./Hardware/OLED.c **** 	0x00,0x0E,0x11,0x20,0x20,0x20,0x11,0x00,//c 67
 244:./Hardware/OLED.c **** 	},{
 245:./Hardware/OLED.c **** 	0x00,0x00,0x00,0x80,0x80,0x88,0xF8,0x00,
 246:./Hardware/OLED.c **** 	0x00,0x0E,0x11,0x20,0x20,0x10,0x3F,0x20,//d 68
 247:./Hardware/OLED.c **** 	},{
 248:./Hardware/OLED.c **** 	0x00,0x00,0x80,0x80,0x80,0x80,0x00,0x00,
 249:./Hardware/OLED.c **** 	0x00,0x1F,0x22,0x22,0x22,0x22,0x13,0x00,//e 69
 250:./Hardware/OLED.c **** 	},{
 251:./Hardware/OLED.c **** 	0x00,0x80,0x80,0xF0,0x88,0x88,0x88,0x18,
 252:./Hardware/OLED.c **** 	0x00,0x20,0x20,0x3F,0x20,0x20,0x00,0x00,//f 70
 253:./Hardware/OLED.c **** 	},{
 254:./Hardware/OLED.c **** 	0x00,0x00,0x80,0x80,0x80,0x80,0x80,0x00,
 255:./Hardware/OLED.c **** 	0x00,0x6B,0x94,0x94,0x94,0x93,0x60,0x00,//g 71
 256:./Hardware/OLED.c **** 	},{
 257:./Hardware/OLED.c **** 	0x08,0xF8,0x00,0x80,0x80,0x80,0x00,0x00,
 258:./Hardware/OLED.c **** 	0x20,0x3F,0x21,0x00,0x00,0x20,0x3F,0x20,//h 72
 259:./Hardware/OLED.c **** 	},{
 260:./Hardware/OLED.c **** 	0x00,0x80,0x98,0x98,0x00,0x00,0x00,0x00,
 261:./Hardware/OLED.c **** 	0x00,0x20,0x20,0x3F,0x20,0x20,0x00,0x00,//i 73
 262:./Hardware/OLED.c **** 	},{
 263:./Hardware/OLED.c **** 	0x00,0x00,0x00,0x80,0x98,0x98,0x00,0x00,
 264:./Hardware/OLED.c **** 	0x00,0xC0,0x80,0x80,0x80,0x7F,0x00,0x00,//j 74
 265:./Hardware/OLED.c **** 	},{
 266:./Hardware/OLED.c **** 	0x08,0xF8,0x00,0x00,0x80,0x80,0x80,0x00,
 267:./Hardware/OLED.c **** 	0x20,0x3F,0x24,0x02,0x2D,0x30,0x20,0x00,//k 75
ARM GAS  /var/folders/yl/_q9l42k90g1g4mdhbs226msm0000gn/T//ccJ8gp5W.s 			page 8


 268:./Hardware/OLED.c **** 	},{
 269:./Hardware/OLED.c **** 	0x00,0x08,0x08,0xF8,0x00,0x00,0x00,0x00,
 270:./Hardware/OLED.c **** 	0x00,0x20,0x20,0x3F,0x20,0x20,0x00,0x00,//l 76
 271:./Hardware/OLED.c **** 	},{
 272:./Hardware/OLED.c **** 	0x80,0x80,0x80,0x80,0x80,0x80,0x80,0x00,
 273:./Hardware/OLED.c **** 	0x20,0x3F,0x20,0x00,0x3F,0x20,0x00,0x3F,//m 77
 274:./Hardware/OLED.c **** 	},{
 275:./Hardware/OLED.c **** 	0x80,0x80,0x00,0x80,0x80,0x80,0x00,0x00,
 276:./Hardware/OLED.c **** 	0x20,0x3F,0x21,0x00,0x00,0x20,0x3F,0x20,//n 78
 277:./Hardware/OLED.c **** 	},{
 278:./Hardware/OLED.c **** 	0x00,0x00,0x80,0x80,0x80,0x80,0x00,0x00,
 279:./Hardware/OLED.c **** 	0x00,0x1F,0x20,0x20,0x20,0x20,0x1F,0x00,//o 79
 280:./Hardware/OLED.c **** 	},{
 281:./Hardware/OLED.c **** 	0x80,0x80,0x00,0x80,0x80,0x00,0x00,0x00,
 282:./Hardware/OLED.c **** 	0x80,0xFF,0xA1,0x20,0x20,0x11,0x0E,0x00,//p 80
 283:./Hardware/OLED.c **** 	},{
 284:./Hardware/OLED.c **** 	0x00,0x00,0x00,0x80,0x80,0x80,0x80,0x00,
 285:./Hardware/OLED.c **** 	0x00,0x0E,0x11,0x20,0x20,0xA0,0xFF,0x80,//q 81
 286:./Hardware/OLED.c **** 	},{
 287:./Hardware/OLED.c **** 	0x80,0x80,0x80,0x00,0x80,0x80,0x80,0x00,
 288:./Hardware/OLED.c **** 	0x20,0x20,0x3F,0x21,0x20,0x00,0x01,0x00,//r 82
 289:./Hardware/OLED.c **** 	},{
 290:./Hardware/OLED.c **** 	0x00,0x00,0x80,0x80,0x80,0x80,0x80,0x00,
 291:./Hardware/OLED.c **** 	0x00,0x33,0x24,0x24,0x24,0x24,0x19,0x00,//s 83
 292:./Hardware/OLED.c **** 	},{
 293:./Hardware/OLED.c **** 	0x00,0x80,0x80,0xE0,0x80,0x80,0x00,0x00,
 294:./Hardware/OLED.c **** 	0x00,0x00,0x00,0x1F,0x20,0x20,0x00,0x00,//t 84
 295:./Hardware/OLED.c **** 	},{
 296:./Hardware/OLED.c **** 	0x80,0x80,0x00,0x00,0x00,0x80,0x80,0x00,
 297:./Hardware/OLED.c **** 	0x00,0x1F,0x20,0x20,0x20,0x10,0x3F,0x20,//u 85
 298:./Hardware/OLED.c **** 	},{
 299:./Hardware/OLED.c **** 	0x80,0x80,0x80,0x00,0x00,0x80,0x80,0x80,
 300:./Hardware/OLED.c **** 	0x00,0x01,0x0E,0x30,0x08,0x06,0x01,0x00,//v 86
 301:./Hardware/OLED.c **** 	},{
 302:./Hardware/OLED.c **** 	0x80,0x80,0x00,0x80,0x00,0x80,0x80,0x80,
 303:./Hardware/OLED.c **** 	0x0F,0x30,0x0C,0x03,0x0C,0x30,0x0F,0x00,//w 87
 304:./Hardware/OLED.c **** 	},{
 305:./Hardware/OLED.c **** 	0x00,0x80,0x80,0x00,0x80,0x80,0x80,0x00,
 306:./Hardware/OLED.c **** 	0x00,0x20,0x31,0x2E,0x0E,0x31,0x20,0x00,//x 88
 307:./Hardware/OLED.c **** 	},{
 308:./Hardware/OLED.c **** 	0x80,0x80,0x80,0x00,0x00,0x80,0x80,0x80,
 309:./Hardware/OLED.c **** 	0x80,0x81,0x8E,0x70,0x18,0x06,0x01,0x00,//y 89
 310:./Hardware/OLED.c **** 	},{
 311:./Hardware/OLED.c **** 	0x00,0x80,0x80,0x80,0x80,0x80,0x80,0x00,
 312:./Hardware/OLED.c **** 	0x00,0x21,0x30,0x2C,0x22,0x21,0x30,0x00,//z 90
 313:./Hardware/OLED.c **** 	},{
 314:./Hardware/OLED.c **** 	0x00,0x00,0x00,0x00,0x80,0x7C,0x02,0x02,
 315:./Hardware/OLED.c **** 	0x00,0x00,0x00,0x00,0x00,0x3F,0x40,0x40,//{ 91
 316:./Hardware/OLED.c **** 	},{
 317:./Hardware/OLED.c **** 	0x00,0x00,0x00,0x00,0xFF,0x00,0x00,0x00,
 318:./Hardware/OLED.c **** 	0x00,0x00,0x00,0x00,0xFF,0x00,0x00,0x00,//| 92
 319:./Hardware/OLED.c **** 	},{
 320:./Hardware/OLED.c **** 	0x00,0x02,0x02,0x7C,0x80,0x00,0x00,0x00,
 321:./Hardware/OLED.c **** 	0x00,0x40,0x40,0x3F,0x00,0x00,0x00,0x00,//} 93
 322:./Hardware/OLED.c **** 	},{
 323:./Hardware/OLED.c **** 	0x00,0x06,0x01,0x01,0x02,0x02,0x04,0x04,
 324:./Hardware/OLED.c **** 	0x00,0x00,0x00,0x00,0x00,0x00,0x00,0x00,//~ 94
ARM GAS  /var/folders/yl/_q9l42k90g1g4mdhbs226msm0000gn/T//ccJ8gp5W.s 			page 9


 325:./Hardware/OLED.c **** 	},
 326:./Hardware/OLED.c **** };
 327:./Hardware/OLED.c **** 
 328:./Hardware/OLED.c **** 
 329:./Hardware/OLED.c **** 
 330:./Hardware/OLED.c **** /**
 331:./Hardware/OLED.c ****   * @brief  I2C开始
 332:./Hardware/OLED.c ****   * @param  无
 333:./Hardware/OLED.c ****   * @retval 无
 334:./Hardware/OLED.c ****   */
 335:./Hardware/OLED.c **** void OLED_I2C_Start(void)
 336:./Hardware/OLED.c **** {
 136              		.loc 1 336 1 is_stmt 1 view -0
 137              		.cfi_startproc
 138              		@ args = 0, pretend = 0, frame = 0
 139              		@ frame_needed = 0, uses_anonymous_args = 0
 140 0000 10B5     		push	{r4, lr}
 141              	.LCFI3:
 142              		.cfi_def_cfa_offset 8
 143              		.cfi_offset 4, -8
 144              		.cfi_offset 14, -4
 337:./Hardware/OLED.c **** 	OLED_W_SDA(1);
 145              		.loc 1 337 2 view .LVU29
 146 0002 0B4C     		ldr	r4, .L7
 147 0004 0122     		movs	r2, #1
 148 0006 2021     		movs	r1, #32
 149 0008 2046     		mov	r0, r4
 150 000a FFF7FEFF 		bl	GPIO_WriteBit
 151              	.LVL7:
 338:./Hardware/OLED.c **** 	OLED_W_SCL(1);
 152              		.loc 1 338 2 view .LVU30
 153 000e 0122     		movs	r2, #1
 154 0010 4021     		movs	r1, #64
 155 0012 2046     		mov	r0, r4
 156 0014 FFF7FEFF 		bl	GPIO_WriteBit
 157              	.LVL8:
 339:./Hardware/OLED.c **** 	OLED_W_SDA(0);
 158              		.loc 1 339 2 view .LVU31
 159 0018 0022     		movs	r2, #0
 160 001a 2021     		movs	r1, #32
 161 001c 2046     		mov	r0, r4
 162 001e FFF7FEFF 		bl	GPIO_WriteBit
 163              	.LVL9:
 340:./Hardware/OLED.c **** 	OLED_W_SCL(0);
 164              		.loc 1 340 2 view .LVU32
 165 0022 0022     		movs	r2, #0
 166 0024 4021     		movs	r1, #64
 167 0026 2046     		mov	r0, r4
 168 0028 FFF7FEFF 		bl	GPIO_WriteBit
 169              	.LVL10:
 341:./Hardware/OLED.c **** }
 170              		.loc 1 341 1 is_stmt 0 view .LVU33
 171 002c 10BD     		pop	{r4, pc}
 172              	.L8:
 173 002e 00BF     		.align	2
 174              	.L7:
 175 0030 00080240 		.word	1073874944
ARM GAS  /var/folders/yl/_q9l42k90g1g4mdhbs226msm0000gn/T//ccJ8gp5W.s 			page 10


 176              		.cfi_endproc
 177              	.LFE124:
 179              		.section	.text.OLED_I2C_Stop,"ax",%progbits
 180              		.align	1
 181              		.global	OLED_I2C_Stop
 182              		.syntax unified
 183              		.thumb
 184              		.thumb_func
 186              	OLED_I2C_Stop:
 187              	.LFB125:
 342:./Hardware/OLED.c **** 
 343:./Hardware/OLED.c **** /**
 344:./Hardware/OLED.c ****   * @brief  I2C停止
 345:./Hardware/OLED.c ****   * @param  无
 346:./Hardware/OLED.c ****   * @retval 无
 347:./Hardware/OLED.c ****   */
 348:./Hardware/OLED.c **** void OLED_I2C_Stop(void)
 349:./Hardware/OLED.c **** {
 188              		.loc 1 349 1 is_stmt 1 view -0
 189              		.cfi_startproc
 190              		@ args = 0, pretend = 0, frame = 0
 191              		@ frame_needed = 0, uses_anonymous_args = 0
 192 0000 10B5     		push	{r4, lr}
 193              	.LCFI4:
 194              		.cfi_def_cfa_offset 8
 195              		.cfi_offset 4, -8
 196              		.cfi_offset 14, -4
 350:./Hardware/OLED.c **** 	OLED_W_SDA(0);
 197              		.loc 1 350 2 view .LVU35
 198 0002 084C     		ldr	r4, .L11
 199 0004 0022     		movs	r2, #0
 200 0006 2021     		movs	r1, #32
 201 0008 2046     		mov	r0, r4
 202 000a FFF7FEFF 		bl	GPIO_WriteBit
 203              	.LVL11:
 351:./Hardware/OLED.c **** 	OLED_W_SCL(1);
 204              		.loc 1 351 2 view .LVU36
 205 000e 0122     		movs	r2, #1
 206 0010 4021     		movs	r1, #64
 207 0012 2046     		mov	r0, r4
 208 0014 FFF7FEFF 		bl	GPIO_WriteBit
 209              	.LVL12:
 352:./Hardware/OLED.c **** 	OLED_W_SDA(1);
 210              		.loc 1 352 2 view .LVU37
 211 0018 0122     		movs	r2, #1
 212 001a 2021     		movs	r1, #32
 213 001c 2046     		mov	r0, r4
 214 001e FFF7FEFF 		bl	GPIO_WriteBit
 215              	.LVL13:
 353:./Hardware/OLED.c **** }
 216              		.loc 1 353 1 is_stmt 0 view .LVU38
 217 0022 10BD     		pop	{r4, pc}
 218              	.L12:
 219              		.align	2
 220              	.L11:
 221 0024 00080240 		.word	1073874944
 222              		.cfi_endproc
ARM GAS  /var/folders/yl/_q9l42k90g1g4mdhbs226msm0000gn/T//ccJ8gp5W.s 			page 11


 223              	.LFE125:
 225              		.section	.text.OLED_I2C_SendByte,"ax",%progbits
 226              		.align	1
 227              		.global	OLED_I2C_SendByte
 228              		.syntax unified
 229              		.thumb
 230              		.thumb_func
 232              	OLED_I2C_SendByte:
 233              	.LVL14:
 234              	.LFB126:
 354:./Hardware/OLED.c **** 
 355:./Hardware/OLED.c **** /**
 356:./Hardware/OLED.c ****   * @brief  I2C发送一个字节
 357:./Hardware/OLED.c ****   * @param  Byte 要发送的一个字节
 358:./Hardware/OLED.c ****   * @retval 无
 359:./Hardware/OLED.c ****   */
 360:./Hardware/OLED.c **** void OLED_I2C_SendByte(uint8_t Byte)
 361:./Hardware/OLED.c **** {
 235              		.loc 1 361 1 is_stmt 1 view -0
 236              		.cfi_startproc
 237              		@ args = 0, pretend = 0, frame = 0
 238              		@ frame_needed = 0, uses_anonymous_args = 0
 239              		.loc 1 361 1 is_stmt 0 view .LVU40
 240 0000 70B5     		push	{r4, r5, r6, lr}
 241              	.LCFI5:
 242              		.cfi_def_cfa_offset 16
 243              		.cfi_offset 4, -16
 244              		.cfi_offset 5, -12
 245              		.cfi_offset 6, -8
 246              		.cfi_offset 14, -4
 247 0002 0646     		mov	r6, r0
 362:./Hardware/OLED.c **** 	uint8_t i;
 248              		.loc 1 362 2 is_stmt 1 view .LVU41
 363:./Hardware/OLED.c **** 	for (i = 0; i < 8; i++)
 249              		.loc 1 363 2 view .LVU42
 250              	.LVL15:
 251              		.loc 1 363 9 is_stmt 0 view .LVU43
 252 0004 0024     		movs	r4, #0
 253              		.loc 1 363 2 view .LVU44
 254 0006 13E0     		b	.L14
 255              	.LVL16:
 256              	.L15:
 364:./Hardware/OLED.c **** 	{
 365:./Hardware/OLED.c **** 		OLED_W_SDA(Byte & (0x80 >> i));
 257              		.loc 1 365 3 is_stmt 1 discriminator 3 view .LVU45
 258 0008 8022     		movs	r2, #128
 259 000a 2241     		asrs	r2, r2, r4
 260 000c 0F4D     		ldr	r5, .L17
 261 000e 3240     		ands	r2, r2, r6
 262 0010 2021     		movs	r1, #32
 263 0012 2846     		mov	r0, r5
 264 0014 FFF7FEFF 		bl	GPIO_WriteBit
 265              	.LVL17:
 366:./Hardware/OLED.c **** 		OLED_W_SCL(1);
 266              		.loc 1 366 3 discriminator 3 view .LVU46
 267 0018 0122     		movs	r2, #1
 268 001a 4021     		movs	r1, #64
ARM GAS  /var/folders/yl/_q9l42k90g1g4mdhbs226msm0000gn/T//ccJ8gp5W.s 			page 12


 269 001c 2846     		mov	r0, r5
 270 001e FFF7FEFF 		bl	GPIO_WriteBit
 271              	.LVL18:
 367:./Hardware/OLED.c **** 		OLED_W_SCL(0);
 272              		.loc 1 367 3 discriminator 3 view .LVU47
 273 0022 0022     		movs	r2, #0
 274 0024 4021     		movs	r1, #64
 275 0026 2846     		mov	r0, r5
 276 0028 FFF7FEFF 		bl	GPIO_WriteBit
 277              	.LVL19:
 363:./Hardware/OLED.c **** 	{
 278              		.loc 1 363 21 discriminator 3 view .LVU48
 363:./Hardware/OLED.c **** 	{
 279              		.loc 1 363 22 is_stmt 0 discriminator 3 view .LVU49
 280 002c 0134     		adds	r4, r4, #1
 281              	.LVL20:
 363:./Hardware/OLED.c **** 	{
 282              		.loc 1 363 22 discriminator 3 view .LVU50
 283 002e E4B2     		uxtb	r4, r4
 284              	.LVL21:
 285              	.L14:
 363:./Hardware/OLED.c **** 	{
 286              		.loc 1 363 14 is_stmt 1 discriminator 1 view .LVU51
 363:./Hardware/OLED.c **** 	{
 287              		.loc 1 363 2 is_stmt 0 discriminator 1 view .LVU52
 288 0030 072C     		cmp	r4, #7
 289 0032 E9D9     		bls	.L15
 368:./Hardware/OLED.c **** 	}
 369:./Hardware/OLED.c **** 	OLED_W_SCL(1);	//额外的一个时钟，不处理应答信号
 290              		.loc 1 369 2 is_stmt 1 view .LVU53
 291 0034 054C     		ldr	r4, .L17
 292              	.LVL22:
 293              		.loc 1 369 2 is_stmt 0 view .LVU54
 294 0036 0122     		movs	r2, #1
 295 0038 4021     		movs	r1, #64
 296 003a 2046     		mov	r0, r4
 297 003c FFF7FEFF 		bl	GPIO_WriteBit
 298              	.LVL23:
 370:./Hardware/OLED.c **** 	OLED_W_SCL(0);
 299              		.loc 1 370 2 is_stmt 1 view .LVU55
 300 0040 0022     		movs	r2, #0
 301 0042 4021     		movs	r1, #64
 302 0044 2046     		mov	r0, r4
 303 0046 FFF7FEFF 		bl	GPIO_WriteBit
 304              	.LVL24:
 371:./Hardware/OLED.c **** }
 305              		.loc 1 371 1 is_stmt 0 view .LVU56
 306 004a 70BD     		pop	{r4, r5, r6, pc}
 307              	.L18:
 308              		.align	2
 309              	.L17:
 310 004c 00080240 		.word	1073874944
 311              		.cfi_endproc
 312              	.LFE126:
 314              		.section	.text.OLED_WriteCommand,"ax",%progbits
 315              		.align	1
 316              		.global	OLED_WriteCommand
ARM GAS  /var/folders/yl/_q9l42k90g1g4mdhbs226msm0000gn/T//ccJ8gp5W.s 			page 13


 317              		.syntax unified
 318              		.thumb
 319              		.thumb_func
 321              	OLED_WriteCommand:
 322              	.LVL25:
 323              	.LFB127:
 372:./Hardware/OLED.c **** 
 373:./Hardware/OLED.c **** /**
 374:./Hardware/OLED.c ****   * @brief  OLED写命令
 375:./Hardware/OLED.c ****   * @param  Command 要写入的命令
 376:./Hardware/OLED.c ****   * @retval 无
 377:./Hardware/OLED.c ****   */
 378:./Hardware/OLED.c **** void OLED_WriteCommand(uint8_t Command)
 379:./Hardware/OLED.c **** {
 324              		.loc 1 379 1 is_stmt 1 view -0
 325              		.cfi_startproc
 326              		@ args = 0, pretend = 0, frame = 0
 327              		@ frame_needed = 0, uses_anonymous_args = 0
 328              		.loc 1 379 1 is_stmt 0 view .LVU58
 329 0000 10B5     		push	{r4, lr}
 330              	.LCFI6:
 331              		.cfi_def_cfa_offset 8
 332              		.cfi_offset 4, -8
 333              		.cfi_offset 14, -4
 334 0002 0446     		mov	r4, r0
 380:./Hardware/OLED.c **** 	OLED_I2C_Start();
 335              		.loc 1 380 2 is_stmt 1 view .LVU59
 336 0004 FFF7FEFF 		bl	OLED_I2C_Start
 337              	.LVL26:
 381:./Hardware/OLED.c **** 	OLED_I2C_SendByte(0x78);		//从机地址
 338              		.loc 1 381 2 view .LVU60
 339 0008 7820     		movs	r0, #120
 340 000a FFF7FEFF 		bl	OLED_I2C_SendByte
 341              	.LVL27:
 382:./Hardware/OLED.c **** 	OLED_I2C_SendByte(0x00);		//写命令
 342              		.loc 1 382 2 view .LVU61
 343 000e 0020     		movs	r0, #0
 344 0010 FFF7FEFF 		bl	OLED_I2C_SendByte
 345              	.LVL28:
 383:./Hardware/OLED.c **** 	OLED_I2C_SendByte(Command); 
 346              		.loc 1 383 2 view .LVU62
 347 0014 2046     		mov	r0, r4
 348 0016 FFF7FEFF 		bl	OLED_I2C_SendByte
 349              	.LVL29:
 384:./Hardware/OLED.c **** 	OLED_I2C_Stop();
 350              		.loc 1 384 2 view .LVU63
 351 001a FFF7FEFF 		bl	OLED_I2C_Stop
 352              	.LVL30:
 385:./Hardware/OLED.c **** }
 353              		.loc 1 385 1 is_stmt 0 view .LVU64
 354 001e 10BD     		pop	{r4, pc}
 355              		.cfi_endproc
 356              	.LFE127:
 358              		.section	.text.OLED_WriteData,"ax",%progbits
 359              		.align	1
 360              		.global	OLED_WriteData
 361              		.syntax unified
ARM GAS  /var/folders/yl/_q9l42k90g1g4mdhbs226msm0000gn/T//ccJ8gp5W.s 			page 14


 362              		.thumb
 363              		.thumb_func
 365              	OLED_WriteData:
 366              	.LVL31:
 367              	.LFB128:
 386:./Hardware/OLED.c **** 
 387:./Hardware/OLED.c **** /**
 388:./Hardware/OLED.c ****   * @brief  OLED写数据
 389:./Hardware/OLED.c ****   * @param  Data 要写入的数据
 390:./Hardware/OLED.c ****   * @retval 无
 391:./Hardware/OLED.c ****   */
 392:./Hardware/OLED.c **** void OLED_WriteData(uint8_t Data)
 393:./Hardware/OLED.c **** {
 368              		.loc 1 393 1 is_stmt 1 view -0
 369              		.cfi_startproc
 370              		@ args = 0, pretend = 0, frame = 0
 371              		@ frame_needed = 0, uses_anonymous_args = 0
 372              		.loc 1 393 1 is_stmt 0 view .LVU66
 373 0000 10B5     		push	{r4, lr}
 374              	.LCFI7:
 375              		.cfi_def_cfa_offset 8
 376              		.cfi_offset 4, -8
 377              		.cfi_offset 14, -4
 378 0002 0446     		mov	r4, r0
 394:./Hardware/OLED.c **** 	OLED_I2C_Start();
 379              		.loc 1 394 2 is_stmt 1 view .LVU67
 380 0004 FFF7FEFF 		bl	OLED_I2C_Start
 381              	.LVL32:
 395:./Hardware/OLED.c **** 	OLED_I2C_SendByte(0x78);		//从机地址
 382              		.loc 1 395 2 view .LVU68
 383 0008 7820     		movs	r0, #120
 384 000a FFF7FEFF 		bl	OLED_I2C_SendByte
 385              	.LVL33:
 396:./Hardware/OLED.c **** 	OLED_I2C_SendByte(0x40);		//写数据
 386              		.loc 1 396 2 view .LVU69
 387 000e 4020     		movs	r0, #64
 388 0010 FFF7FEFF 		bl	OLED_I2C_SendByte
 389              	.LVL34:
 397:./Hardware/OLED.c **** 	OLED_I2C_SendByte(Data);
 390              		.loc 1 397 2 view .LVU70
 391 0014 2046     		mov	r0, r4
 392 0016 FFF7FEFF 		bl	OLED_I2C_SendByte
 393              	.LVL35:
 398:./Hardware/OLED.c **** 	OLED_I2C_Stop();
 394              		.loc 1 398 2 view .LVU71
 395 001a FFF7FEFF 		bl	OLED_I2C_Stop
 396              	.LVL36:
 399:./Hardware/OLED.c **** }
 397              		.loc 1 399 1 is_stmt 0 view .LVU72
 398 001e 10BD     		pop	{r4, pc}
 399              		.cfi_endproc
 400              	.LFE128:
 402              		.section	.text.OLED_SetCursor,"ax",%progbits
 403              		.align	1
 404              		.global	OLED_SetCursor
 405              		.syntax unified
 406              		.thumb
ARM GAS  /var/folders/yl/_q9l42k90g1g4mdhbs226msm0000gn/T//ccJ8gp5W.s 			page 15


 407              		.thumb_func
 409              	OLED_SetCursor:
 410              	.LVL37:
 411              	.LFB129:
 400:./Hardware/OLED.c **** 
 401:./Hardware/OLED.c **** /**
 402:./Hardware/OLED.c ****   * @brief  OLED设置光标位置
 403:./Hardware/OLED.c ****   * @param  Y 以左上角为原点，向下方向的坐标，范围：0~7
 404:./Hardware/OLED.c ****   * @param  X 以左上角为原点，向右方向的坐标，范围：0~127
 405:./Hardware/OLED.c ****   * @retval 无
 406:./Hardware/OLED.c ****   */
 407:./Hardware/OLED.c **** void OLED_SetCursor(uint8_t Y, uint8_t X)
 408:./Hardware/OLED.c **** {
 412              		.loc 1 408 1 is_stmt 1 view -0
 413              		.cfi_startproc
 414              		@ args = 0, pretend = 0, frame = 0
 415              		@ frame_needed = 0, uses_anonymous_args = 0
 416              		.loc 1 408 1 is_stmt 0 view .LVU74
 417 0000 10B5     		push	{r4, lr}
 418              	.LCFI8:
 419              		.cfi_def_cfa_offset 8
 420              		.cfi_offset 4, -8
 421              		.cfi_offset 14, -4
 422 0002 0C46     		mov	r4, r1
 409:./Hardware/OLED.c **** 	OLED_WriteCommand(0xB0 | Y);					//设置Y位置
 423              		.loc 1 409 2 is_stmt 1 view .LVU75
 424 0004 40F0B000 		orr	r0, r0, #176
 425              	.LVL38:
 426              		.loc 1 409 2 is_stmt 0 view .LVU76
 427 0008 FFF7FEFF 		bl	OLED_WriteCommand
 428              	.LVL39:
 410:./Hardware/OLED.c **** 	OLED_WriteCommand(0x10 | ((X & 0xF0) >> 4));	//设置X位置高4位
 429              		.loc 1 410 2 is_stmt 1 view .LVU77
 430              		.loc 1 410 39 is_stmt 0 view .LVU78
 431 000c 2009     		lsrs	r0, r4, #4
 432              		.loc 1 410 2 view .LVU79
 433 000e 40F01000 		orr	r0, r0, #16
 434 0012 FFF7FEFF 		bl	OLED_WriteCommand
 435              	.LVL40:
 411:./Hardware/OLED.c **** 	OLED_WriteCommand(0x00 | (X & 0x0F));			//设置X位置低4位
 436              		.loc 1 411 2 is_stmt 1 view .LVU80
 437 0016 04F00F00 		and	r0, r4, #15
 438 001a FFF7FEFF 		bl	OLED_WriteCommand
 439              	.LVL41:
 412:./Hardware/OLED.c **** }
 440              		.loc 1 412 1 is_stmt 0 view .LVU81
 441 001e 10BD     		pop	{r4, pc}
 442              		.cfi_endproc
 443              	.LFE129:
 445              		.section	.text.OLED_Clear,"ax",%progbits
 446              		.align	1
 447              		.global	OLED_Clear
 448              		.syntax unified
 449              		.thumb
 450              		.thumb_func
 452              	OLED_Clear:
 453              	.LFB130:
ARM GAS  /var/folders/yl/_q9l42k90g1g4mdhbs226msm0000gn/T//ccJ8gp5W.s 			page 16


 413:./Hardware/OLED.c **** 
 414:./Hardware/OLED.c **** /**
 415:./Hardware/OLED.c ****   * @brief  OLED清屏
 416:./Hardware/OLED.c ****   * @param  无
 417:./Hardware/OLED.c ****   * @retval 无
 418:./Hardware/OLED.c ****   */
 419:./Hardware/OLED.c **** void OLED_Clear(void)
 420:./Hardware/OLED.c **** {  
 454              		.loc 1 420 1 is_stmt 1 view -0
 455              		.cfi_startproc
 456              		@ args = 0, pretend = 0, frame = 0
 457              		@ frame_needed = 0, uses_anonymous_args = 0
 458 0000 38B5     		push	{r3, r4, r5, lr}
 459              	.LCFI9:
 460              		.cfi_def_cfa_offset 16
 461              		.cfi_offset 3, -16
 462              		.cfi_offset 4, -12
 463              		.cfi_offset 5, -8
 464              		.cfi_offset 14, -4
 421:./Hardware/OLED.c **** 	uint8_t i, j;
 465              		.loc 1 421 2 view .LVU83
 422:./Hardware/OLED.c **** 	for (j = 0; j < 8; j++)
 466              		.loc 1 422 2 view .LVU84
 467              	.LVL42:
 468              		.loc 1 422 9 is_stmt 0 view .LVU85
 469 0002 0025     		movs	r5, #0
 470              		.loc 1 422 2 view .LVU86
 471 0004 09E0     		b	.L26
 472              	.LVL43:
 473              	.L28:
 423:./Hardware/OLED.c **** 	{
 424:./Hardware/OLED.c **** 		OLED_SetCursor(j, 0);
 425:./Hardware/OLED.c **** 		for(i = 0; i < 128; i++)
 426:./Hardware/OLED.c **** 		{
 427:./Hardware/OLED.c **** 			OLED_WriteData(0x00);
 474              		.loc 1 427 4 is_stmt 1 discriminator 3 view .LVU87
 475 0006 0020     		movs	r0, #0
 476 0008 FFF7FEFF 		bl	OLED_WriteData
 477              	.LVL44:
 425:./Hardware/OLED.c **** 		{
 478              		.loc 1 425 23 discriminator 3 view .LVU88
 425:./Hardware/OLED.c **** 		{
 479              		.loc 1 425 24 is_stmt 0 discriminator 3 view .LVU89
 480 000c 0134     		adds	r4, r4, #1
 481              	.LVL45:
 425:./Hardware/OLED.c **** 		{
 482              		.loc 1 425 24 discriminator 3 view .LVU90
 483 000e E4B2     		uxtb	r4, r4
 484              	.LVL46:
 485              	.L27:
 425:./Hardware/OLED.c **** 		{
 486              		.loc 1 425 14 is_stmt 1 discriminator 1 view .LVU91
 425:./Hardware/OLED.c **** 		{
 487              		.loc 1 425 3 is_stmt 0 discriminator 1 view .LVU92
 488 0010 14F0800F 		tst	r4, #128
 489 0014 F7D0     		beq	.L28
 422:./Hardware/OLED.c **** 	for (j = 0; j < 8; j++)
ARM GAS  /var/folders/yl/_q9l42k90g1g4mdhbs226msm0000gn/T//ccJ8gp5W.s 			page 17


 490              		.loc 1 422 21 is_stmt 1 discriminator 2 view .LVU93
 422:./Hardware/OLED.c **** 	for (j = 0; j < 8; j++)
 491              		.loc 1 422 22 is_stmt 0 discriminator 2 view .LVU94
 492 0016 0135     		adds	r5, r5, #1
 493              	.LVL47:
 422:./Hardware/OLED.c **** 	for (j = 0; j < 8; j++)
 494              		.loc 1 422 22 discriminator 2 view .LVU95
 495 0018 EDB2     		uxtb	r5, r5
 496              	.LVL48:
 497              	.L26:
 422:./Hardware/OLED.c **** 	for (j = 0; j < 8; j++)
 498              		.loc 1 422 14 is_stmt 1 discriminator 1 view .LVU96
 422:./Hardware/OLED.c **** 	for (j = 0; j < 8; j++)
 499              		.loc 1 422 2 is_stmt 0 discriminator 1 view .LVU97
 500 001a 072D     		cmp	r5, #7
 501 001c 05D8     		bhi	.L31
 424:./Hardware/OLED.c **** 		for(i = 0; i < 128; i++)
 502              		.loc 1 424 3 is_stmt 1 view .LVU98
 503 001e 0021     		movs	r1, #0
 504 0020 2846     		mov	r0, r5
 505 0022 FFF7FEFF 		bl	OLED_SetCursor
 506              	.LVL49:
 425:./Hardware/OLED.c **** 		{
 507              		.loc 1 425 3 view .LVU99
 425:./Hardware/OLED.c **** 		{
 508              		.loc 1 425 9 is_stmt 0 view .LVU100
 509 0026 0024     		movs	r4, #0
 425:./Hardware/OLED.c **** 		{
 510              		.loc 1 425 3 view .LVU101
 511 0028 F2E7     		b	.L27
 512              	.LVL50:
 513              	.L31:
 428:./Hardware/OLED.c **** 		}
 429:./Hardware/OLED.c **** 	}
 430:./Hardware/OLED.c **** }
 514              		.loc 1 430 1 view .LVU102
 515 002a 38BD     		pop	{r3, r4, r5, pc}
 516              		.loc 1 430 1 view .LVU103
 517              		.cfi_endproc
 518              	.LFE130:
 520              		.section	.text.OLED_ShowChar,"ax",%progbits
 521              		.align	1
 522              		.global	OLED_ShowChar
 523              		.syntax unified
 524              		.thumb
 525              		.thumb_func
 527              	OLED_ShowChar:
 528              	.LVL51:
 529              	.LFB131:
 431:./Hardware/OLED.c **** 
 432:./Hardware/OLED.c **** /**
 433:./Hardware/OLED.c ****   * @brief  OLED显示一个字符
 434:./Hardware/OLED.c ****   * @param  Line 行位置，范围：1~4
 435:./Hardware/OLED.c ****   * @param  Column 列位置，范围：1~16
 436:./Hardware/OLED.c ****   * @param  Char 要显示的一个字符，范围：ASCII可见字符
 437:./Hardware/OLED.c ****   * @retval 无
 438:./Hardware/OLED.c ****   */
ARM GAS  /var/folders/yl/_q9l42k90g1g4mdhbs226msm0000gn/T//ccJ8gp5W.s 			page 18


 439:./Hardware/OLED.c **** void OLED_ShowChar(uint8_t Line, uint8_t Column, char Char)
 440:./Hardware/OLED.c **** {      	
 530              		.loc 1 440 1 is_stmt 1 view -0
 531              		.cfi_startproc
 532              		@ args = 0, pretend = 0, frame = 0
 533              		@ frame_needed = 0, uses_anonymous_args = 0
 534              		.loc 1 440 1 is_stmt 0 view .LVU105
 535 0000 F8B5     		push	{r3, r4, r5, r6, r7, lr}
 536              	.LCFI10:
 537              		.cfi_def_cfa_offset 24
 538              		.cfi_offset 3, -24
 539              		.cfi_offset 4, -20
 540              		.cfi_offset 5, -16
 541              		.cfi_offset 6, -12
 542              		.cfi_offset 7, -8
 543              		.cfi_offset 14, -4
 544 0002 1546     		mov	r5, r2
 441:./Hardware/OLED.c **** 	uint8_t i;
 545              		.loc 1 441 2 is_stmt 1 view .LVU106
 442:./Hardware/OLED.c **** 	OLED_SetCursor((Line - 1) * 2, (Column - 1) * 8);		//设置光标位置在上半部分
 546              		.loc 1 442 2 view .LVU107
 547 0004 461E     		subs	r6, r0, #1
 548 0006 7600     		lsls	r6, r6, #1
 549 0008 F6B2     		uxtb	r6, r6
 550 000a 4F1E     		subs	r7, r1, #1
 551 000c FF00     		lsls	r7, r7, #3
 552 000e FFB2     		uxtb	r7, r7
 553 0010 3946     		mov	r1, r7
 554              	.LVL52:
 555              		.loc 1 442 2 is_stmt 0 view .LVU108
 556 0012 3046     		mov	r0, r6
 557              	.LVL53:
 558              		.loc 1 442 2 view .LVU109
 559 0014 FFF7FEFF 		bl	OLED_SetCursor
 560              	.LVL54:
 443:./Hardware/OLED.c **** 	for (i = 0; i < 8; i++)
 561              		.loc 1 443 2 is_stmt 1 view .LVU110
 562              		.loc 1 443 9 is_stmt 0 view .LVU111
 563 0018 0024     		movs	r4, #0
 564              		.loc 1 443 2 view .LVU112
 565 001a 09E0     		b	.L33
 566              	.LVL55:
 567              	.L34:
 444:./Hardware/OLED.c **** 	{
 445:./Hardware/OLED.c **** 		OLED_WriteData(OLED_F08x16[Char - ' '][i]);			//显示上半部分内容
 568              		.loc 1 445 3 is_stmt 1 discriminator 3 view .LVU113
 569              		.loc 1 445 35 is_stmt 0 discriminator 3 view .LVU114
 570 001c A5F12003 		sub	r3, r5, #32
 571              		.loc 1 445 3 discriminator 3 view .LVU115
 572 0020 0F4A     		ldr	r2, .L38
 573 0022 02EB0313 		add	r3, r2, r3, lsl #4
 574 0026 185D     		ldrb	r0, [r3, r4]	@ zero_extendqisi2
 575 0028 FFF7FEFF 		bl	OLED_WriteData
 576              	.LVL56:
 443:./Hardware/OLED.c **** 	for (i = 0; i < 8; i++)
 577              		.loc 1 443 21 is_stmt 1 discriminator 3 view .LVU116
 443:./Hardware/OLED.c **** 	for (i = 0; i < 8; i++)
ARM GAS  /var/folders/yl/_q9l42k90g1g4mdhbs226msm0000gn/T//ccJ8gp5W.s 			page 19


 578              		.loc 1 443 22 is_stmt 0 discriminator 3 view .LVU117
 579 002c 0134     		adds	r4, r4, #1
 580              	.LVL57:
 443:./Hardware/OLED.c **** 	for (i = 0; i < 8; i++)
 581              		.loc 1 443 22 discriminator 3 view .LVU118
 582 002e E4B2     		uxtb	r4, r4
 583              	.LVL58:
 584              	.L33:
 443:./Hardware/OLED.c **** 	for (i = 0; i < 8; i++)
 585              		.loc 1 443 14 is_stmt 1 discriminator 1 view .LVU119
 443:./Hardware/OLED.c **** 	for (i = 0; i < 8; i++)
 586              		.loc 1 443 2 is_stmt 0 discriminator 1 view .LVU120
 587 0030 072C     		cmp	r4, #7
 588 0032 F3D9     		bls	.L34
 446:./Hardware/OLED.c **** 	}
 447:./Hardware/OLED.c **** 	OLED_SetCursor((Line - 1) * 2 + 1, (Column - 1) * 8);	//设置光标位置在下半部分
 589              		.loc 1 447 2 is_stmt 1 view .LVU121
 590 0034 701C     		adds	r0, r6, #1
 591 0036 3946     		mov	r1, r7
 592 0038 C0B2     		uxtb	r0, r0
 593 003a FFF7FEFF 		bl	OLED_SetCursor
 594              	.LVL59:
 448:./Hardware/OLED.c **** 	for (i = 0; i < 8; i++)
 595              		.loc 1 448 2 view .LVU122
 596              		.loc 1 448 9 is_stmt 0 view .LVU123
 597 003e 0024     		movs	r4, #0
 598              		.loc 1 448 2 view .LVU124
 599 0040 0BE0     		b	.L35
 600              	.LVL60:
 601              	.L36:
 449:./Hardware/OLED.c **** 	{
 450:./Hardware/OLED.c **** 		OLED_WriteData(OLED_F08x16[Char - ' '][i + 8]);		//显示下半部分内容
 602              		.loc 1 450 3 is_stmt 1 discriminator 3 view .LVU125
 603              		.loc 1 450 35 is_stmt 0 discriminator 3 view .LVU126
 604 0042 A5F12003 		sub	r3, r5, #32
 605              		.loc 1 450 44 discriminator 3 view .LVU127
 606 0046 04F10802 		add	r2, r4, #8
 607              		.loc 1 450 3 discriminator 3 view .LVU128
 608 004a 0549     		ldr	r1, .L38
 609 004c 01EB0313 		add	r3, r1, r3, lsl #4
 610 0050 985C     		ldrb	r0, [r3, r2]	@ zero_extendqisi2
 611 0052 FFF7FEFF 		bl	OLED_WriteData
 612              	.LVL61:
 448:./Hardware/OLED.c **** 	for (i = 0; i < 8; i++)
 613              		.loc 1 448 21 is_stmt 1 discriminator 3 view .LVU129
 448:./Hardware/OLED.c **** 	for (i = 0; i < 8; i++)
 614              		.loc 1 448 22 is_stmt 0 discriminator 3 view .LVU130
 615 0056 0134     		adds	r4, r4, #1
 616              	.LVL62:
 448:./Hardware/OLED.c **** 	for (i = 0; i < 8; i++)
 617              		.loc 1 448 22 discriminator 3 view .LVU131
 618 0058 E4B2     		uxtb	r4, r4
 619              	.LVL63:
 620              	.L35:
 448:./Hardware/OLED.c **** 	for (i = 0; i < 8; i++)
 621              		.loc 1 448 14 is_stmt 1 discriminator 1 view .LVU132
 448:./Hardware/OLED.c **** 	for (i = 0; i < 8; i++)
ARM GAS  /var/folders/yl/_q9l42k90g1g4mdhbs226msm0000gn/T//ccJ8gp5W.s 			page 20


 622              		.loc 1 448 2 is_stmt 0 discriminator 1 view .LVU133
 623 005a 072C     		cmp	r4, #7
 624 005c F1D9     		bls	.L36
 451:./Hardware/OLED.c **** 	}
 452:./Hardware/OLED.c **** }
 625              		.loc 1 452 1 view .LVU134
 626 005e F8BD     		pop	{r3, r4, r5, r6, r7, pc}
 627              	.LVL64:
 628              	.L39:
 629              		.loc 1 452 1 view .LVU135
 630              		.align	2
 631              	.L38:
 632 0060 00000000 		.word	.LANCHOR0
 633              		.cfi_endproc
 634              	.LFE131:
 636              		.section	.text.OLED_ShowString,"ax",%progbits
 637              		.align	1
 638              		.global	OLED_ShowString
 639              		.syntax unified
 640              		.thumb
 641              		.thumb_func
 643              	OLED_ShowString:
 644              	.LVL65:
 645              	.LFB132:
 453:./Hardware/OLED.c **** 
 454:./Hardware/OLED.c **** /**
 455:./Hardware/OLED.c ****   * @brief  OLED显示字符串
 456:./Hardware/OLED.c ****   * @param  Line 起始行位置，范围：1~4
 457:./Hardware/OLED.c ****   * @param  Column 起始列位置，范围：1~16
 458:./Hardware/OLED.c ****   * @param  String 要显示的字符串，范围：ASCII可见字符
 459:./Hardware/OLED.c ****   * @retval 无
 460:./Hardware/OLED.c ****   */
 461:./Hardware/OLED.c **** void OLED_ShowString(uint8_t Line, uint8_t Column, char *String)
 462:./Hardware/OLED.c **** {
 646              		.loc 1 462 1 is_stmt 1 view -0
 647              		.cfi_startproc
 648              		@ args = 0, pretend = 0, frame = 0
 649              		@ frame_needed = 0, uses_anonymous_args = 0
 650              		.loc 1 462 1 is_stmt 0 view .LVU137
 651 0000 F8B5     		push	{r3, r4, r5, r6, r7, lr}
 652              	.LCFI11:
 653              		.cfi_def_cfa_offset 24
 654              		.cfi_offset 3, -24
 655              		.cfi_offset 4, -20
 656              		.cfi_offset 5, -16
 657              		.cfi_offset 6, -12
 658              		.cfi_offset 7, -8
 659              		.cfi_offset 14, -4
 660 0002 0746     		mov	r7, r0
 661 0004 0E46     		mov	r6, r1
 662 0006 1546     		mov	r5, r2
 463:./Hardware/OLED.c **** 	uint8_t i;
 663              		.loc 1 463 2 is_stmt 1 view .LVU138
 464:./Hardware/OLED.c **** 	for (i = 0; String[i] != '\0'; i++)
 664              		.loc 1 464 2 view .LVU139
 665              	.LVL66:
 666              		.loc 1 464 9 is_stmt 0 view .LVU140
ARM GAS  /var/folders/yl/_q9l42k90g1g4mdhbs226msm0000gn/T//ccJ8gp5W.s 			page 21


 667 0008 0024     		movs	r4, #0
 668              		.loc 1 464 2 view .LVU141
 669 000a 06E0     		b	.L41
 670              	.LVL67:
 671              	.L42:
 465:./Hardware/OLED.c **** 	{
 466:./Hardware/OLED.c **** 		OLED_ShowChar(Line, Column + i, String[i]);
 672              		.loc 1 466 3 is_stmt 1 discriminator 3 view .LVU142
 673 000c A119     		adds	r1, r4, r6
 674 000e C9B2     		uxtb	r1, r1
 675 0010 3846     		mov	r0, r7
 676 0012 FFF7FEFF 		bl	OLED_ShowChar
 677              	.LVL68:
 464:./Hardware/OLED.c **** 	for (i = 0; String[i] != '\0'; i++)
 678              		.loc 1 464 33 discriminator 3 view .LVU143
 464:./Hardware/OLED.c **** 	for (i = 0; String[i] != '\0'; i++)
 679              		.loc 1 464 34 is_stmt 0 discriminator 3 view .LVU144
 680 0016 0134     		adds	r4, r4, #1
 681              	.LVL69:
 464:./Hardware/OLED.c **** 	for (i = 0; String[i] != '\0'; i++)
 682              		.loc 1 464 34 discriminator 3 view .LVU145
 683 0018 E4B2     		uxtb	r4, r4
 684              	.LVL70:
 685              	.L41:
 464:./Hardware/OLED.c **** 	for (i = 0; String[i] != '\0'; i++)
 686              		.loc 1 464 14 is_stmt 1 discriminator 1 view .LVU146
 464:./Hardware/OLED.c **** 	for (i = 0; String[i] != '\0'; i++)
 687              		.loc 1 464 20 is_stmt 0 discriminator 1 view .LVU147
 688 001a 2A5D     		ldrb	r2, [r5, r4]	@ zero_extendqisi2
 464:./Hardware/OLED.c **** 	for (i = 0; String[i] != '\0'; i++)
 689              		.loc 1 464 2 discriminator 1 view .LVU148
 690 001c 002A     		cmp	r2, #0
 691 001e F5D1     		bne	.L42
 467:./Hardware/OLED.c **** 	}
 468:./Hardware/OLED.c **** }
 692              		.loc 1 468 1 view .LVU149
 693 0020 F8BD     		pop	{r3, r4, r5, r6, r7, pc}
 694              		.loc 1 468 1 view .LVU150
 695              		.cfi_endproc
 696              	.LFE132:
 698              		.section	.text.OLED_Pow,"ax",%progbits
 699              		.align	1
 700              		.global	OLED_Pow
 701              		.syntax unified
 702              		.thumb
 703              		.thumb_func
 705              	OLED_Pow:
 706              	.LVL71:
 707              	.LFB133:
 469:./Hardware/OLED.c **** 
 470:./Hardware/OLED.c **** /**
 471:./Hardware/OLED.c ****   * @brief  OLED次方函数
 472:./Hardware/OLED.c ****   * @retval 返回值等于X的Y次方
 473:./Hardware/OLED.c ****   */
 474:./Hardware/OLED.c **** uint32_t OLED_Pow(uint32_t X, uint32_t Y)
 475:./Hardware/OLED.c **** {
 708              		.loc 1 475 1 is_stmt 1 view -0
ARM GAS  /var/folders/yl/_q9l42k90g1g4mdhbs226msm0000gn/T//ccJ8gp5W.s 			page 22


 709              		.cfi_startproc
 710              		@ args = 0, pretend = 0, frame = 0
 711              		@ frame_needed = 0, uses_anonymous_args = 0
 712              		@ link register save eliminated.
 713              		.loc 1 475 1 is_stmt 0 view .LVU152
 714 0000 0246     		mov	r2, r0
 476:./Hardware/OLED.c **** 	uint32_t Result = 1;
 715              		.loc 1 476 2 is_stmt 1 view .LVU153
 716              	.LVL72:
 477:./Hardware/OLED.c **** 	while (Y--)
 717              		.loc 1 477 2 view .LVU154
 476:./Hardware/OLED.c **** 	uint32_t Result = 1;
 718              		.loc 1 476 11 is_stmt 0 view .LVU155
 719 0002 0120     		movs	r0, #1
 720              	.LVL73:
 721              		.loc 1 477 8 view .LVU156
 722 0004 02E0     		b	.L45
 723              	.LVL74:
 724              	.L46:
 478:./Hardware/OLED.c **** 	{
 479:./Hardware/OLED.c **** 		Result *= X;
 725              		.loc 1 479 3 is_stmt 1 view .LVU157
 726              		.loc 1 479 10 is_stmt 0 view .LVU158
 727 0006 02FB00F0 		mul	r0, r2, r0
 728              	.LVL75:
 477:./Hardware/OLED.c **** 	while (Y--)
 729              		.loc 1 477 10 view .LVU159
 730 000a 1946     		mov	r1, r3
 731              	.LVL76:
 732              	.L45:
 477:./Hardware/OLED.c **** 	while (Y--)
 733              		.loc 1 477 8 is_stmt 1 view .LVU160
 477:./Hardware/OLED.c **** 	while (Y--)
 734              		.loc 1 477 10 is_stmt 0 view .LVU161
 735 000c 4B1E     		subs	r3, r1, #1
 736              	.LVL77:
 477:./Hardware/OLED.c **** 	while (Y--)
 737              		.loc 1 477 8 view .LVU162
 738 000e 0029     		cmp	r1, #0
 739 0010 F9D1     		bne	.L46
 480:./Hardware/OLED.c **** 	}
 481:./Hardware/OLED.c **** 	return Result;
 740              		.loc 1 481 2 is_stmt 1 view .LVU163
 482:./Hardware/OLED.c **** }
 741              		.loc 1 482 1 is_stmt 0 view .LVU164
 742 0012 7047     		bx	lr
 743              		.cfi_endproc
 744              	.LFE133:
 746              		.section	.text.OLED_ShowNum,"ax",%progbits
 747              		.align	1
 748              		.global	OLED_ShowNum
 749              		.syntax unified
 750              		.thumb
 751              		.thumb_func
 753              	OLED_ShowNum:
 754              	.LVL78:
 755              	.LFB134:
ARM GAS  /var/folders/yl/_q9l42k90g1g4mdhbs226msm0000gn/T//ccJ8gp5W.s 			page 23


 483:./Hardware/OLED.c **** 
 484:./Hardware/OLED.c **** /**
 485:./Hardware/OLED.c ****   * @brief  OLED显示数字（十进制，正数）
 486:./Hardware/OLED.c ****   * @param  Line 起始行位置，范围：1~4
 487:./Hardware/OLED.c ****   * @param  Column 起始列位置，范围：1~16
 488:./Hardware/OLED.c ****   * @param  Number 要显示的数字，范围：0~4294967295
 489:./Hardware/OLED.c ****   * @param  Length 要显示数字的长度，范围：1~10
 490:./Hardware/OLED.c ****   * @retval 无
 491:./Hardware/OLED.c ****   */
 492:./Hardware/OLED.c **** void OLED_ShowNum(uint8_t Line, uint8_t Column, uint32_t Number, uint8_t Length)
 493:./Hardware/OLED.c **** {
 756              		.loc 1 493 1 is_stmt 1 view -0
 757              		.cfi_startproc
 758              		@ args = 0, pretend = 0, frame = 0
 759              		@ frame_needed = 0, uses_anonymous_args = 0
 760              		.loc 1 493 1 is_stmt 0 view .LVU166
 761 0000 2DE9F843 		push	{r3, r4, r5, r6, r7, r8, r9, lr}
 762              	.LCFI12:
 763              		.cfi_def_cfa_offset 32
 764              		.cfi_offset 3, -32
 765              		.cfi_offset 4, -28
 766              		.cfi_offset 5, -24
 767              		.cfi_offset 6, -20
 768              		.cfi_offset 7, -16
 769              		.cfi_offset 8, -12
 770              		.cfi_offset 9, -8
 771              		.cfi_offset 14, -4
 772 0004 8146     		mov	r9, r0
 773 0006 8846     		mov	r8, r1
 774 0008 1746     		mov	r7, r2
 775 000a 1E46     		mov	r6, r3
 494:./Hardware/OLED.c **** 	uint8_t i;
 776              		.loc 1 494 2 is_stmt 1 view .LVU167
 495:./Hardware/OLED.c **** 	for (i = 0; i < Length; i++)							
 777              		.loc 1 495 2 view .LVU168
 778              	.LVL79:
 779              		.loc 1 495 9 is_stmt 0 view .LVU169
 780 000c 0024     		movs	r4, #0
 781              		.loc 1 495 2 view .LVU170
 782 000e 19E0     		b	.L48
 783              	.LVL80:
 784              	.L49:
 496:./Hardware/OLED.c **** 	{
 497:./Hardware/OLED.c **** 		OLED_ShowChar(Line, Column + i, Number / OLED_Pow(10, Length - i - 1) % 10 + '0');
 785              		.loc 1 497 3 is_stmt 1 discriminator 3 view .LVU171
 786 0010 04EB0805 		add	r5, r4, r8
 787 0014 EDB2     		uxtb	r5, r5
 788              		.loc 1 497 64 is_stmt 0 discriminator 3 view .LVU172
 789 0016 311B     		subs	r1, r6, r4
 790              		.loc 1 497 44 discriminator 3 view .LVU173
 791 0018 0139     		subs	r1, r1, #1
 792 001a 0A20     		movs	r0, #10
 793 001c FFF7FEFF 		bl	OLED_Pow
 794              	.LVL81:
 795              		.loc 1 497 42 discriminator 3 view .LVU174
 796 0020 B7FBF0F0 		udiv	r0, r7, r0
 797              		.loc 1 497 73 discriminator 3 view .LVU175
ARM GAS  /var/folders/yl/_q9l42k90g1g4mdhbs226msm0000gn/T//ccJ8gp5W.s 			page 24


 798 0024 094A     		ldr	r2, .L51
 799 0026 A2FB0032 		umull	r3, r2, r2, r0
 800 002a D208     		lsrs	r2, r2, #3
 801 002c 02EB8202 		add	r2, r2, r2, lsl #2
 802 0030 A0EB4202 		sub	r2, r0, r2, lsl #1
 803              		.loc 1 497 3 discriminator 3 view .LVU176
 804 0034 3032     		adds	r2, r2, #48
 805 0036 D2B2     		uxtb	r2, r2
 806 0038 2946     		mov	r1, r5
 807 003a 4846     		mov	r0, r9
 808 003c FFF7FEFF 		bl	OLED_ShowChar
 809              	.LVL82:
 495:./Hardware/OLED.c **** 	for (i = 0; i < Length; i++)							
 810              		.loc 1 495 26 is_stmt 1 discriminator 3 view .LVU177
 495:./Hardware/OLED.c **** 	for (i = 0; i < Length; i++)							
 811              		.loc 1 495 27 is_stmt 0 discriminator 3 view .LVU178
 812 0040 0134     		adds	r4, r4, #1
 813              	.LVL83:
 495:./Hardware/OLED.c **** 	for (i = 0; i < Length; i++)							
 814              		.loc 1 495 27 discriminator 3 view .LVU179
 815 0042 E4B2     		uxtb	r4, r4
 816              	.LVL84:
 817              	.L48:
 495:./Hardware/OLED.c **** 	for (i = 0; i < Length; i++)							
 818              		.loc 1 495 14 is_stmt 1 discriminator 1 view .LVU180
 495:./Hardware/OLED.c **** 	for (i = 0; i < Length; i++)							
 819              		.loc 1 495 2 is_stmt 0 discriminator 1 view .LVU181
 820 0044 B442     		cmp	r4, r6
 821 0046 E3D3     		bcc	.L49
 498:./Hardware/OLED.c **** 	}
 499:./Hardware/OLED.c **** }
 822              		.loc 1 499 1 view .LVU182
 823 0048 BDE8F883 		pop	{r3, r4, r5, r6, r7, r8, r9, pc}
 824              	.LVL85:
 825              	.L52:
 826              		.loc 1 499 1 view .LVU183
 827              		.align	2
 828              	.L51:
 829 004c CDCCCCCC 		.word	-858993459
 830              		.cfi_endproc
 831              	.LFE134:
 833              		.section	.text.OLED_ShowSignedNum,"ax",%progbits
 834              		.align	1
 835              		.global	OLED_ShowSignedNum
 836              		.syntax unified
 837              		.thumb
 838              		.thumb_func
 840              	OLED_ShowSignedNum:
 841              	.LVL86:
 842              	.LFB135:
 500:./Hardware/OLED.c **** 
 501:./Hardware/OLED.c **** /**
 502:./Hardware/OLED.c ****   * @brief  OLED显示数字（十进制，带符号数）
 503:./Hardware/OLED.c ****   * @param  Line 起始行位置，范围：1~4
 504:./Hardware/OLED.c ****   * @param  Column 起始列位置，范围：1~16
 505:./Hardware/OLED.c ****   * @param  Number 要显示的数字，范围：-2147483648~2147483647
 506:./Hardware/OLED.c ****   * @param  Length 要显示数字的长度，范围：1~10
ARM GAS  /var/folders/yl/_q9l42k90g1g4mdhbs226msm0000gn/T//ccJ8gp5W.s 			page 25


 507:./Hardware/OLED.c ****   * @retval 无
 508:./Hardware/OLED.c ****   */
 509:./Hardware/OLED.c **** void OLED_ShowSignedNum(uint8_t Line, uint8_t Column, int32_t Number, uint8_t Length)
 510:./Hardware/OLED.c **** {
 843              		.loc 1 510 1 is_stmt 1 view -0
 844              		.cfi_startproc
 845              		@ args = 0, pretend = 0, frame = 0
 846              		@ frame_needed = 0, uses_anonymous_args = 0
 847              		.loc 1 510 1 is_stmt 0 view .LVU185
 848 0000 2DE9F843 		push	{r3, r4, r5, r6, r7, r8, r9, lr}
 849              	.LCFI13:
 850              		.cfi_def_cfa_offset 32
 851              		.cfi_offset 3, -32
 852              		.cfi_offset 4, -28
 853              		.cfi_offset 5, -24
 854              		.cfi_offset 6, -20
 855              		.cfi_offset 7, -16
 856              		.cfi_offset 8, -12
 857              		.cfi_offset 9, -8
 858              		.cfi_offset 14, -4
 859 0004 8046     		mov	r8, r0
 860 0006 8946     		mov	r9, r1
 861 0008 1E46     		mov	r6, r3
 511:./Hardware/OLED.c **** 	uint8_t i;
 862              		.loc 1 511 2 is_stmt 1 view .LVU186
 512:./Hardware/OLED.c **** 	uint32_t Number1;
 863              		.loc 1 512 2 view .LVU187
 513:./Hardware/OLED.c **** 	if (Number >= 0)
 864              		.loc 1 513 2 view .LVU188
 865              		.loc 1 513 5 is_stmt 0 view .LVU189
 866 000a 171E     		subs	r7, r2, #0
 867 000c 04DB     		blt	.L54
 514:./Hardware/OLED.c **** 	{
 515:./Hardware/OLED.c **** 		OLED_ShowChar(Line, Column, '+');
 868              		.loc 1 515 3 is_stmt 1 view .LVU190
 869 000e 2B22     		movs	r2, #43
 870              	.LVL87:
 871              		.loc 1 515 3 is_stmt 0 view .LVU191
 872 0010 FFF7FEFF 		bl	OLED_ShowChar
 873              	.LVL88:
 516:./Hardware/OLED.c **** 		Number1 = Number;
 874              		.loc 1 516 3 is_stmt 1 view .LVU192
 875              	.L55:
 517:./Hardware/OLED.c **** 	}
 518:./Hardware/OLED.c **** 	else
 519:./Hardware/OLED.c **** 	{
 520:./Hardware/OLED.c **** 		OLED_ShowChar(Line, Column, '-');
 521:./Hardware/OLED.c **** 		Number1 = -Number;
 522:./Hardware/OLED.c **** 	}
 523:./Hardware/OLED.c **** 	for (i = 0; i < Length; i++)							
 876              		.loc 1 523 2 view .LVU193
 877              		.loc 1 523 9 is_stmt 0 view .LVU194
 878 0014 0024     		movs	r4, #0
 879              		.loc 1 523 2 view .LVU195
 880 0016 1FE0     		b	.L56
 881              	.LVL89:
 882              	.L54:
ARM GAS  /var/folders/yl/_q9l42k90g1g4mdhbs226msm0000gn/T//ccJ8gp5W.s 			page 26


 520:./Hardware/OLED.c **** 		Number1 = -Number;
 883              		.loc 1 520 3 is_stmt 1 view .LVU196
 884 0018 2D22     		movs	r2, #45
 885              	.LVL90:
 520:./Hardware/OLED.c **** 		Number1 = -Number;
 886              		.loc 1 520 3 is_stmt 0 view .LVU197
 887 001a FFF7FEFF 		bl	OLED_ShowChar
 888              	.LVL91:
 521:./Hardware/OLED.c **** 	}
 889              		.loc 1 521 3 is_stmt 1 view .LVU198
 521:./Hardware/OLED.c **** 	}
 890              		.loc 1 521 13 is_stmt 0 view .LVU199
 891 001e 7F42     		rsbs	r7, r7, #0
 892              	.LVL92:
 521:./Hardware/OLED.c **** 	}
 893              		.loc 1 521 13 view .LVU200
 894 0020 F8E7     		b	.L55
 895              	.LVL93:
 896              	.L57:
 524:./Hardware/OLED.c **** 	{
 525:./Hardware/OLED.c **** 		OLED_ShowChar(Line, Column + i + 1, Number1 / OLED_Pow(10, Length - i - 1) % 10 + '0');
 897              		.loc 1 525 3 is_stmt 1 discriminator 3 view .LVU201
 898              		.loc 1 525 30 is_stmt 0 discriminator 3 view .LVU202
 899 0022 04EB0905 		add	r5, r4, r9
 900 0026 EDB2     		uxtb	r5, r5
 901              		.loc 1 525 69 discriminator 3 view .LVU203
 902 0028 311B     		subs	r1, r6, r4
 903              		.loc 1 525 49 discriminator 3 view .LVU204
 904 002a 0139     		subs	r1, r1, #1
 905 002c 0A20     		movs	r0, #10
 906 002e FFF7FEFF 		bl	OLED_Pow
 907              	.LVL94:
 908              		.loc 1 525 47 discriminator 3 view .LVU205
 909 0032 B7FBF0F0 		udiv	r0, r7, r0
 910              		.loc 1 525 78 discriminator 3 view .LVU206
 911 0036 0A4A     		ldr	r2, .L59
 912 0038 A2FB0032 		umull	r3, r2, r2, r0
 913 003c D208     		lsrs	r2, r2, #3
 914 003e 02EB8202 		add	r2, r2, r2, lsl #2
 915 0042 A0EB4202 		sub	r2, r0, r2, lsl #1
 916              		.loc 1 525 3 discriminator 3 view .LVU207
 917 0046 3032     		adds	r2, r2, #48
 918 0048 691C     		adds	r1, r5, #1
 919 004a D2B2     		uxtb	r2, r2
 920 004c C9B2     		uxtb	r1, r1
 921 004e 4046     		mov	r0, r8
 922 0050 FFF7FEFF 		bl	OLED_ShowChar
 923              	.LVL95:
 523:./Hardware/OLED.c **** 	{
 924              		.loc 1 523 26 is_stmt 1 discriminator 3 view .LVU208
 523:./Hardware/OLED.c **** 	{
 925              		.loc 1 523 27 is_stmt 0 discriminator 3 view .LVU209
 926 0054 0134     		adds	r4, r4, #1
 927              	.LVL96:
 523:./Hardware/OLED.c **** 	{
 928              		.loc 1 523 27 discriminator 3 view .LVU210
 929 0056 E4B2     		uxtb	r4, r4
ARM GAS  /var/folders/yl/_q9l42k90g1g4mdhbs226msm0000gn/T//ccJ8gp5W.s 			page 27


 930              	.LVL97:
 931              	.L56:
 523:./Hardware/OLED.c **** 	{
 932              		.loc 1 523 14 is_stmt 1 discriminator 1 view .LVU211
 523:./Hardware/OLED.c **** 	{
 933              		.loc 1 523 2 is_stmt 0 discriminator 1 view .LVU212
 934 0058 B442     		cmp	r4, r6
 935 005a E2D3     		bcc	.L57
 526:./Hardware/OLED.c **** 	}
 527:./Hardware/OLED.c **** }
 936              		.loc 1 527 1 view .LVU213
 937 005c BDE8F883 		pop	{r3, r4, r5, r6, r7, r8, r9, pc}
 938              	.LVL98:
 939              	.L60:
 940              		.loc 1 527 1 view .LVU214
 941              		.align	2
 942              	.L59:
 943 0060 CDCCCCCC 		.word	-858993459
 944              		.cfi_endproc
 945              	.LFE135:
 947              		.section	.text.OLED_ShowHexNum,"ax",%progbits
 948              		.align	1
 949              		.global	OLED_ShowHexNum
 950              		.syntax unified
 951              		.thumb
 952              		.thumb_func
 954              	OLED_ShowHexNum:
 955              	.LVL99:
 956              	.LFB136:
 528:./Hardware/OLED.c **** 
 529:./Hardware/OLED.c **** /**
 530:./Hardware/OLED.c ****   * @brief  OLED显示数字（十六进制，正数）
 531:./Hardware/OLED.c ****   * @param  Line 起始行位置，范围：1~4
 532:./Hardware/OLED.c ****   * @param  Column 起始列位置，范围：1~16
 533:./Hardware/OLED.c ****   * @param  Number 要显示的数字，范围：0~0xFFFFFFFF
 534:./Hardware/OLED.c ****   * @param  Length 要显示数字的长度，范围：1~8
 535:./Hardware/OLED.c ****   * @retval 无
 536:./Hardware/OLED.c ****   */
 537:./Hardware/OLED.c **** void OLED_ShowHexNum(uint8_t Line, uint8_t Column, uint32_t Number, uint8_t Length)
 538:./Hardware/OLED.c **** {
 957              		.loc 1 538 1 is_stmt 1 view -0
 958              		.cfi_startproc
 959              		@ args = 0, pretend = 0, frame = 0
 960              		@ frame_needed = 0, uses_anonymous_args = 0
 961              		.loc 1 538 1 is_stmt 0 view .LVU216
 962 0000 2DE9F041 		push	{r4, r5, r6, r7, r8, lr}
 963              	.LCFI14:
 964              		.cfi_def_cfa_offset 24
 965              		.cfi_offset 4, -24
 966              		.cfi_offset 5, -20
 967              		.cfi_offset 6, -16
 968              		.cfi_offset 7, -12
 969              		.cfi_offset 8, -8
 970              		.cfi_offset 14, -4
 971 0004 8046     		mov	r8, r0
 972 0006 0F46     		mov	r7, r1
 973 0008 1646     		mov	r6, r2
ARM GAS  /var/folders/yl/_q9l42k90g1g4mdhbs226msm0000gn/T//ccJ8gp5W.s 			page 28


 974 000a 1D46     		mov	r5, r3
 539:./Hardware/OLED.c **** 	uint8_t i, SingleNumber;
 975              		.loc 1 539 2 is_stmt 1 view .LVU217
 540:./Hardware/OLED.c **** 	for (i = 0; i < Length; i++)							
 976              		.loc 1 540 2 view .LVU218
 977              	.LVL100:
 978              		.loc 1 540 9 is_stmt 0 view .LVU219
 979 000c 0024     		movs	r4, #0
 980              		.loc 1 540 2 view .LVU220
 981 000e 07E0     		b	.L62
 982              	.LVL101:
 983              	.L63:
 541:./Hardware/OLED.c **** 	{
 542:./Hardware/OLED.c **** 		SingleNumber = Number / OLED_Pow(16, Length - i - 1) % 16;
 543:./Hardware/OLED.c **** 		if (SingleNumber < 10)
 544:./Hardware/OLED.c **** 		{
 545:./Hardware/OLED.c **** 			OLED_ShowChar(Line, Column + i, SingleNumber + '0');
 546:./Hardware/OLED.c **** 		}
 547:./Hardware/OLED.c **** 		else
 548:./Hardware/OLED.c **** 		{
 549:./Hardware/OLED.c **** 			OLED_ShowChar(Line, Column + i, SingleNumber - 10 + 'A');
 984              		.loc 1 549 4 is_stmt 1 view .LVU221
 985 0010 E119     		adds	r1, r4, r7
 986 0012 3732     		adds	r2, r2, #55
 987              	.LVL102:
 988              		.loc 1 549 4 is_stmt 0 view .LVU222
 989 0014 C9B2     		uxtb	r1, r1
 990 0016 4046     		mov	r0, r8
 991 0018 FFF7FEFF 		bl	OLED_ShowChar
 992              	.LVL103:
 993              	.L64:
 540:./Hardware/OLED.c **** 	for (i = 0; i < Length; i++)							
 994              		.loc 1 540 26 is_stmt 1 discriminator 2 view .LVU223
 540:./Hardware/OLED.c **** 	for (i = 0; i < Length; i++)							
 995              		.loc 1 540 27 is_stmt 0 discriminator 2 view .LVU224
 996 001c 0134     		adds	r4, r4, #1
 997              	.LVL104:
 540:./Hardware/OLED.c **** 	for (i = 0; i < Length; i++)							
 998              		.loc 1 540 27 discriminator 2 view .LVU225
 999 001e E4B2     		uxtb	r4, r4
 1000              	.LVL105:
 1001              	.L62:
 540:./Hardware/OLED.c **** 	for (i = 0; i < Length; i++)							
 1002              		.loc 1 540 14 is_stmt 1 discriminator 1 view .LVU226
 540:./Hardware/OLED.c **** 	for (i = 0; i < Length; i++)							
 1003              		.loc 1 540 2 is_stmt 0 discriminator 1 view .LVU227
 1004 0020 AC42     		cmp	r4, r5
 1005 0022 11D2     		bcs	.L67
 542:./Hardware/OLED.c **** 		if (SingleNumber < 10)
 1006              		.loc 1 542 3 is_stmt 1 view .LVU228
 542:./Hardware/OLED.c **** 		if (SingleNumber < 10)
 1007              		.loc 1 542 47 is_stmt 0 view .LVU229
 1008 0024 291B     		subs	r1, r5, r4
 542:./Hardware/OLED.c **** 		if (SingleNumber < 10)
 1009              		.loc 1 542 27 view .LVU230
 1010 0026 0139     		subs	r1, r1, #1
 1011 0028 1020     		movs	r0, #16
ARM GAS  /var/folders/yl/_q9l42k90g1g4mdhbs226msm0000gn/T//ccJ8gp5W.s 			page 29


 1012 002a FFF7FEFF 		bl	OLED_Pow
 1013              	.LVL106:
 542:./Hardware/OLED.c **** 		if (SingleNumber < 10)
 1014              		.loc 1 542 25 view .LVU231
 1015 002e B6FBF0F2 		udiv	r2, r6, r0
 542:./Hardware/OLED.c **** 		if (SingleNumber < 10)
 1016              		.loc 1 542 16 view .LVU232
 1017 0032 02F00F02 		and	r2, r2, #15
 1018              	.LVL107:
 543:./Hardware/OLED.c **** 		{
 1019              		.loc 1 543 3 is_stmt 1 view .LVU233
 543:./Hardware/OLED.c **** 		{
 1020              		.loc 1 543 6 is_stmt 0 view .LVU234
 1021 0036 092A     		cmp	r2, #9
 1022 0038 EAD8     		bhi	.L63
 545:./Hardware/OLED.c **** 		}
 1023              		.loc 1 545 4 is_stmt 1 view .LVU235
 1024 003a E119     		adds	r1, r4, r7
 1025 003c 3032     		adds	r2, r2, #48
 1026              	.LVL108:
 545:./Hardware/OLED.c **** 		}
 1027              		.loc 1 545 4 is_stmt 0 view .LVU236
 1028 003e C9B2     		uxtb	r1, r1
 1029 0040 4046     		mov	r0, r8
 1030 0042 FFF7FEFF 		bl	OLED_ShowChar
 1031              	.LVL109:
 545:./Hardware/OLED.c **** 		}
 1032              		.loc 1 545 4 view .LVU237
 1033 0046 E9E7     		b	.L64
 1034              	.L67:
 550:./Hardware/OLED.c **** 		}
 551:./Hardware/OLED.c **** 	}
 552:./Hardware/OLED.c **** }
 1035              		.loc 1 552 1 view .LVU238
 1036 0048 BDE8F081 		pop	{r4, r5, r6, r7, r8, pc}
 1037              		.loc 1 552 1 view .LVU239
 1038              		.cfi_endproc
 1039              	.LFE136:
 1041              		.section	.text.OLED_ShowBinNum,"ax",%progbits
 1042              		.align	1
 1043              		.global	OLED_ShowBinNum
 1044              		.syntax unified
 1045              		.thumb
 1046              		.thumb_func
 1048              	OLED_ShowBinNum:
 1049              	.LVL110:
 1050              	.LFB137:
 553:./Hardware/OLED.c **** 
 554:./Hardware/OLED.c **** /**
 555:./Hardware/OLED.c ****   * @brief  OLED显示数字（二进制，正数）
 556:./Hardware/OLED.c ****   * @param  Line 起始行位置，范围：1~4
 557:./Hardware/OLED.c ****   * @param  Column 起始列位置，范围：1~16
 558:./Hardware/OLED.c ****   * @param  Number 要显示的数字，范围：0~1111 1111 1111 1111
 559:./Hardware/OLED.c ****   * @param  Length 要显示数字的长度，范围：1~16
 560:./Hardware/OLED.c ****   * @retval 无
 561:./Hardware/OLED.c ****   */
 562:./Hardware/OLED.c **** void OLED_ShowBinNum(uint8_t Line, uint8_t Column, uint32_t Number, uint8_t Length)
ARM GAS  /var/folders/yl/_q9l42k90g1g4mdhbs226msm0000gn/T//ccJ8gp5W.s 			page 30


 563:./Hardware/OLED.c **** {
 1051              		.loc 1 563 1 is_stmt 1 view -0
 1052              		.cfi_startproc
 1053              		@ args = 0, pretend = 0, frame = 0
 1054              		@ frame_needed = 0, uses_anonymous_args = 0
 1055              		.loc 1 563 1 is_stmt 0 view .LVU241
 1056 0000 2DE9F843 		push	{r3, r4, r5, r6, r7, r8, r9, lr}
 1057              	.LCFI15:
 1058              		.cfi_def_cfa_offset 32
 1059              		.cfi_offset 3, -32
 1060              		.cfi_offset 4, -28
 1061              		.cfi_offset 5, -24
 1062              		.cfi_offset 6, -20
 1063              		.cfi_offset 7, -16
 1064              		.cfi_offset 8, -12
 1065              		.cfi_offset 9, -8
 1066              		.cfi_offset 14, -4
 1067 0004 8146     		mov	r9, r0
 1068 0006 8846     		mov	r8, r1
 1069 0008 1746     		mov	r7, r2
 1070 000a 1E46     		mov	r6, r3
 564:./Hardware/OLED.c **** 	uint8_t i;
 1071              		.loc 1 564 2 is_stmt 1 view .LVU242
 565:./Hardware/OLED.c **** 	for (i = 0; i < Length; i++)							
 1072              		.loc 1 565 2 view .LVU243
 1073              	.LVL111:
 1074              		.loc 1 565 9 is_stmt 0 view .LVU244
 1075 000c 0024     		movs	r4, #0
 1076              		.loc 1 565 2 view .LVU245
 1077 000e 12E0     		b	.L69
 1078              	.LVL112:
 1079              	.L70:
 566:./Hardware/OLED.c **** 	{
 567:./Hardware/OLED.c **** 		OLED_ShowChar(Line, Column + i, Number / OLED_Pow(2, Length - i - 1) % 2 + '0');
 1080              		.loc 1 567 3 is_stmt 1 discriminator 3 view .LVU246
 1081 0010 04EB0805 		add	r5, r4, r8
 1082 0014 EDB2     		uxtb	r5, r5
 1083              		.loc 1 567 63 is_stmt 0 discriminator 3 view .LVU247
 1084 0016 311B     		subs	r1, r6, r4
 1085              		.loc 1 567 44 discriminator 3 view .LVU248
 1086 0018 0139     		subs	r1, r1, #1
 1087 001a 0220     		movs	r0, #2
 1088 001c FFF7FEFF 		bl	OLED_Pow
 1089              	.LVL113:
 1090              		.loc 1 567 42 discriminator 3 view .LVU249
 1091 0020 B7FBF0F2 		udiv	r2, r7, r0
 1092              		.loc 1 567 72 discriminator 3 view .LVU250
 1093 0024 02F00102 		and	r2, r2, #1
 1094              		.loc 1 567 3 discriminator 3 view .LVU251
 1095 0028 3032     		adds	r2, r2, #48
 1096 002a 2946     		mov	r1, r5
 1097 002c 4846     		mov	r0, r9
 1098 002e FFF7FEFF 		bl	OLED_ShowChar
 1099              	.LVL114:
 565:./Hardware/OLED.c **** 	for (i = 0; i < Length; i++)							
 1100              		.loc 1 565 26 is_stmt 1 discriminator 3 view .LVU252
 565:./Hardware/OLED.c **** 	for (i = 0; i < Length; i++)							
ARM GAS  /var/folders/yl/_q9l42k90g1g4mdhbs226msm0000gn/T//ccJ8gp5W.s 			page 31


 1101              		.loc 1 565 27 is_stmt 0 discriminator 3 view .LVU253
 1102 0032 0134     		adds	r4, r4, #1
 1103              	.LVL115:
 565:./Hardware/OLED.c **** 	for (i = 0; i < Length; i++)							
 1104              		.loc 1 565 27 discriminator 3 view .LVU254
 1105 0034 E4B2     		uxtb	r4, r4
 1106              	.LVL116:
 1107              	.L69:
 565:./Hardware/OLED.c **** 	for (i = 0; i < Length; i++)							
 1108              		.loc 1 565 14 is_stmt 1 discriminator 1 view .LVU255
 565:./Hardware/OLED.c **** 	for (i = 0; i < Length; i++)							
 1109              		.loc 1 565 2 is_stmt 0 discriminator 1 view .LVU256
 1110 0036 B442     		cmp	r4, r6
 1111 0038 EAD3     		bcc	.L70
 568:./Hardware/OLED.c **** 	}
 569:./Hardware/OLED.c **** }
 1112              		.loc 1 569 1 view .LVU257
 1113 003a BDE8F883 		pop	{r3, r4, r5, r6, r7, r8, r9, pc}
 1114              		.loc 1 569 1 view .LVU258
 1115              		.cfi_endproc
 1116              	.LFE137:
 1118              		.section	.text.OLED_Init,"ax",%progbits
 1119              		.align	1
 1120              		.global	OLED_Init
 1121              		.syntax unified
 1122              		.thumb
 1123              		.thumb_func
 1125              	OLED_Init:
 1126              	.LFB138:
 570:./Hardware/OLED.c **** 
 571:./Hardware/OLED.c **** /**
 572:./Hardware/OLED.c ****   * @brief  OLED初始化
 573:./Hardware/OLED.c ****   * @param  无
 574:./Hardware/OLED.c ****   * @retval 无
 575:./Hardware/OLED.c ****   */
 576:./Hardware/OLED.c **** void OLED_Init(void)
 577:./Hardware/OLED.c **** {
 1127              		.loc 1 577 1 is_stmt 1 view -0
 1128              		.cfi_startproc
 1129              		@ args = 0, pretend = 0, frame = 0
 1130              		@ frame_needed = 0, uses_anonymous_args = 0
 1131 0000 08B5     		push	{r3, lr}
 1132              	.LCFI16:
 1133              		.cfi_def_cfa_offset 8
 1134              		.cfi_offset 3, -8
 1135              		.cfi_offset 14, -4
 578:./Hardware/OLED.c **** 	uint32_t i, j;
 1136              		.loc 1 578 2 view .LVU260
 579:./Hardware/OLED.c **** 	
 580:./Hardware/OLED.c **** 	for (i = 0; i < 1000; i++)			//上电延时
 1137              		.loc 1 580 2 view .LVU261
 1138              	.LVL117:
 1139              		.loc 1 580 9 is_stmt 0 view .LVU262
 1140 0002 0022     		movs	r2, #0
 1141              		.loc 1 580 2 view .LVU263
 1142 0004 04E0     		b	.L73
 1143              	.LVL118:
ARM GAS  /var/folders/yl/_q9l42k90g1g4mdhbs226msm0000gn/T//ccJ8gp5W.s 			page 32


 1144              	.L74:
 581:./Hardware/OLED.c **** 	{
 582:./Hardware/OLED.c **** 		for (j = 0; j < 1000; j++);
 1145              		.loc 1 582 29 is_stmt 1 discriminator 3 view .LVU264
 1146              		.loc 1 582 25 discriminator 3 view .LVU265
 1147              		.loc 1 582 26 is_stmt 0 discriminator 3 view .LVU266
 1148 0006 0133     		adds	r3, r3, #1
 1149              	.LVL119:
 1150              	.L75:
 1151              		.loc 1 582 15 is_stmt 1 discriminator 1 view .LVU267
 1152              		.loc 1 582 3 is_stmt 0 discriminator 1 view .LVU268
 1153 0008 B3F57A7F 		cmp	r3, #1000
 1154 000c FBD3     		bcc	.L74
 580:./Hardware/OLED.c **** 	{
 1155              		.loc 1 580 24 is_stmt 1 discriminator 2 view .LVU269
 580:./Hardware/OLED.c **** 	{
 1156              		.loc 1 580 25 is_stmt 0 discriminator 2 view .LVU270
 1157 000e 0132     		adds	r2, r2, #1
 1158              	.LVL120:
 1159              	.L73:
 580:./Hardware/OLED.c **** 	{
 1160              		.loc 1 580 14 is_stmt 1 discriminator 1 view .LVU271
 580:./Hardware/OLED.c **** 	{
 1161              		.loc 1 580 2 is_stmt 0 discriminator 1 view .LVU272
 1162 0010 B2F57A7F 		cmp	r2, #1000
 1163 0014 01D2     		bcs	.L78
 1164              		.loc 1 582 10 view .LVU273
 1165 0016 0023     		movs	r3, #0
 1166 0018 F6E7     		b	.L75
 1167              	.L78:
 583:./Hardware/OLED.c **** 	}
 584:./Hardware/OLED.c **** 	
 585:./Hardware/OLED.c **** 	OLED_I2C_Init();			//端口初始化
 1168              		.loc 1 585 2 is_stmt 1 view .LVU274
 1169 001a FFF7FEFF 		bl	OLED_I2C_Init
 1170              	.LVL121:
 586:./Hardware/OLED.c **** 	
 587:./Hardware/OLED.c **** 	OLED_WriteCommand(0xAE);	//关闭显示
 1171              		.loc 1 587 2 view .LVU275
 1172 001e AE20     		movs	r0, #174
 1173 0020 FFF7FEFF 		bl	OLED_WriteCommand
 1174              	.LVL122:
 588:./Hardware/OLED.c **** 	
 589:./Hardware/OLED.c **** 	OLED_WriteCommand(0xD5);	//设置显示时钟分频比/振荡器频率
 1175              		.loc 1 589 2 view .LVU276
 1176 0024 D520     		movs	r0, #213
 1177 0026 FFF7FEFF 		bl	OLED_WriteCommand
 1178              	.LVL123:
 590:./Hardware/OLED.c **** 	OLED_WriteCommand(0x80);
 1179              		.loc 1 590 2 view .LVU277
 1180 002a 8020     		movs	r0, #128
 1181 002c FFF7FEFF 		bl	OLED_WriteCommand
 1182              	.LVL124:
 591:./Hardware/OLED.c **** 	
 592:./Hardware/OLED.c **** 	OLED_WriteCommand(0xA8);	//设置多路复用率
 1183              		.loc 1 592 2 view .LVU278
 1184 0030 A820     		movs	r0, #168
ARM GAS  /var/folders/yl/_q9l42k90g1g4mdhbs226msm0000gn/T//ccJ8gp5W.s 			page 33


 1185 0032 FFF7FEFF 		bl	OLED_WriteCommand
 1186              	.LVL125:
 593:./Hardware/OLED.c **** 	OLED_WriteCommand(0x3F);
 1187              		.loc 1 593 2 view .LVU279
 1188 0036 3F20     		movs	r0, #63
 1189 0038 FFF7FEFF 		bl	OLED_WriteCommand
 1190              	.LVL126:
 594:./Hardware/OLED.c **** 	
 595:./Hardware/OLED.c **** 	OLED_WriteCommand(0xD3);	//设置显示偏移
 1191              		.loc 1 595 2 view .LVU280
 1192 003c D320     		movs	r0, #211
 1193 003e FFF7FEFF 		bl	OLED_WriteCommand
 1194              	.LVL127:
 596:./Hardware/OLED.c **** 	OLED_WriteCommand(0x00);
 1195              		.loc 1 596 2 view .LVU281
 1196 0042 0020     		movs	r0, #0
 1197 0044 FFF7FEFF 		bl	OLED_WriteCommand
 1198              	.LVL128:
 597:./Hardware/OLED.c **** 	
 598:./Hardware/OLED.c **** 	OLED_WriteCommand(0x40);	//设置显示开始行
 1199              		.loc 1 598 2 view .LVU282
 1200 0048 4020     		movs	r0, #64
 1201 004a FFF7FEFF 		bl	OLED_WriteCommand
 1202              	.LVL129:
 599:./Hardware/OLED.c **** 	
 600:./Hardware/OLED.c **** 	OLED_WriteCommand(0xA1);	//设置左右方向，0xA1正常 0xA0左右反置
 1203              		.loc 1 600 2 view .LVU283
 1204 004e A120     		movs	r0, #161
 1205 0050 FFF7FEFF 		bl	OLED_WriteCommand
 1206              	.LVL130:
 601:./Hardware/OLED.c **** 	
 602:./Hardware/OLED.c **** 	OLED_WriteCommand(0xC8);	//设置上下方向，0xC8正常 0xC0上下反置
 1207              		.loc 1 602 2 view .LVU284
 1208 0054 C820     		movs	r0, #200
 1209 0056 FFF7FEFF 		bl	OLED_WriteCommand
 1210              	.LVL131:
 603:./Hardware/OLED.c **** 
 604:./Hardware/OLED.c **** 	OLED_WriteCommand(0xDA);	//设置COM引脚硬件配置
 1211              		.loc 1 604 2 view .LVU285
 1212 005a DA20     		movs	r0, #218
 1213 005c FFF7FEFF 		bl	OLED_WriteCommand
 1214              	.LVL132:
 605:./Hardware/OLED.c **** 	OLED_WriteCommand(0x12);
 1215              		.loc 1 605 2 view .LVU286
 1216 0060 1220     		movs	r0, #18
 1217 0062 FFF7FEFF 		bl	OLED_WriteCommand
 1218              	.LVL133:
 606:./Hardware/OLED.c **** 	
 607:./Hardware/OLED.c **** 	OLED_WriteCommand(0x81);	//设置对比度控制
 1219              		.loc 1 607 2 view .LVU287
 1220 0066 8120     		movs	r0, #129
 1221 0068 FFF7FEFF 		bl	OLED_WriteCommand
 1222              	.LVL134:
 608:./Hardware/OLED.c **** 	OLED_WriteCommand(0xCF);
 1223              		.loc 1 608 2 view .LVU288
 1224 006c CF20     		movs	r0, #207
 1225 006e FFF7FEFF 		bl	OLED_WriteCommand
ARM GAS  /var/folders/yl/_q9l42k90g1g4mdhbs226msm0000gn/T//ccJ8gp5W.s 			page 34


 1226              	.LVL135:
 609:./Hardware/OLED.c **** 
 610:./Hardware/OLED.c **** 	OLED_WriteCommand(0xD9);	//设置预充电周期
 1227              		.loc 1 610 2 view .LVU289
 1228 0072 D920     		movs	r0, #217
 1229 0074 FFF7FEFF 		bl	OLED_WriteCommand
 1230              	.LVL136:
 611:./Hardware/OLED.c **** 	OLED_WriteCommand(0xF1);
 1231              		.loc 1 611 2 view .LVU290
 1232 0078 F120     		movs	r0, #241
 1233 007a FFF7FEFF 		bl	OLED_WriteCommand
 1234              	.LVL137:
 612:./Hardware/OLED.c **** 
 613:./Hardware/OLED.c **** 	OLED_WriteCommand(0xDB);	//设置VCOMH取消选择级别
 1235              		.loc 1 613 2 view .LVU291
 1236 007e DB20     		movs	r0, #219
 1237 0080 FFF7FEFF 		bl	OLED_WriteCommand
 1238              	.LVL138:
 614:./Hardware/OLED.c **** 	OLED_WriteCommand(0x30);
 1239              		.loc 1 614 2 view .LVU292
 1240 0084 3020     		movs	r0, #48
 1241 0086 FFF7FEFF 		bl	OLED_WriteCommand
 1242              	.LVL139:
 615:./Hardware/OLED.c **** 
 616:./Hardware/OLED.c **** 	OLED_WriteCommand(0xA4);	//设置整个显示打开/关闭
 1243              		.loc 1 616 2 view .LVU293
 1244 008a A420     		movs	r0, #164
 1245 008c FFF7FEFF 		bl	OLED_WriteCommand
 1246              	.LVL140:
 617:./Hardware/OLED.c **** 
 618:./Hardware/OLED.c **** 	OLED_WriteCommand(0xA6);	//设置正常/倒转显示
 1247              		.loc 1 618 2 view .LVU294
 1248 0090 A620     		movs	r0, #166
 1249 0092 FFF7FEFF 		bl	OLED_WriteCommand
 1250              	.LVL141:
 619:./Hardware/OLED.c **** 
 620:./Hardware/OLED.c **** 	OLED_WriteCommand(0x8D);	//设置充电泵
 1251              		.loc 1 620 2 view .LVU295
 1252 0096 8D20     		movs	r0, #141
 1253 0098 FFF7FEFF 		bl	OLED_WriteCommand
 1254              	.LVL142:
 621:./Hardware/OLED.c **** 	OLED_WriteCommand(0x14);
 1255              		.loc 1 621 2 view .LVU296
 1256 009c 1420     		movs	r0, #20
 1257 009e FFF7FEFF 		bl	OLED_WriteCommand
 1258              	.LVL143:
 622:./Hardware/OLED.c **** 
 623:./Hardware/OLED.c **** 	OLED_WriteCommand(0xAF);	//开启显示
 1259              		.loc 1 623 2 view .LVU297
 1260 00a2 AF20     		movs	r0, #175
 1261 00a4 FFF7FEFF 		bl	OLED_WriteCommand
 1262              	.LVL144:
 624:./Hardware/OLED.c **** 		
 625:./Hardware/OLED.c **** 	OLED_Clear();				//OLED清屏
 1263              		.loc 1 625 2 view .LVU298
 1264 00a8 FFF7FEFF 		bl	OLED_Clear
 1265              	.LVL145:
ARM GAS  /var/folders/yl/_q9l42k90g1g4mdhbs226msm0000gn/T//ccJ8gp5W.s 			page 35


 626:./Hardware/OLED.c **** }
 1266              		.loc 1 626 1 is_stmt 0 view .LVU299
 1267 00ac 08BD     		pop	{r3, pc}
 1268              		.cfi_endproc
 1269              	.LFE138:
 1271              		.section	.text.OLED_ShowFNum,"ax",%progbits
 1272              		.align	1
 1273              		.global	OLED_ShowFNum
 1274              		.syntax unified
 1275              		.thumb
 1276              		.thumb_func
 1278              	OLED_ShowFNum:
 1279              	.LVL146:
 1280              	.LFB139:
 627:./Hardware/OLED.c **** 
 628:./Hardware/OLED.c **** 
 629:./Hardware/OLED.c **** 
 630:./Hardware/OLED.c **** /**
 631:./Hardware/OLED.c ****   * @brief  OLED显示浮点数字（十进制，带符号数）
 632:./Hardware/OLED.c ****   * @param  Line 起始行位置，范围：1~4
 633:./Hardware/OLED.c ****   * @param  Column 起始列位置，范围：1~16
 634:./Hardware/OLED.c ****   * @param  Number 要显示的数字
 635:./Hardware/OLED.c ****   * @param  Length 要显示数字的长度，范围：1~10
 636:./Hardware/OLED.c ****   * @param  Flength 要显示的小数点后几位
 637:./Hardware/OLED.c ****   * @retval 无
 638:./Hardware/OLED.c ****   */
 639:./Hardware/OLED.c **** void OLED_ShowFNum(uint8_t Line, uint8_t Column, float Number, uint8_t Length,uint8_t Flength)
 640:./Hardware/OLED.c **** {
 1281              		.loc 1 640 1 is_stmt 1 view -0
 1282              		.cfi_startproc
 1283              		@ args = 0, pretend = 0, frame = 0
 1284              		@ frame_needed = 0, uses_anonymous_args = 0
 1285              		.loc 1 640 1 is_stmt 0 view .LVU301
 1286 0000 2DE9F84F 		push	{r3, r4, r5, r6, r7, r8, r9, r10, fp, lr}
 1287              	.LCFI17:
 1288              		.cfi_def_cfa_offset 40
 1289              		.cfi_offset 3, -40
 1290              		.cfi_offset 4, -36
 1291              		.cfi_offset 5, -32
 1292              		.cfi_offset 6, -28
 1293              		.cfi_offset 7, -24
 1294              		.cfi_offset 8, -20
 1295              		.cfi_offset 9, -16
 1296              		.cfi_offset 10, -12
 1297              		.cfi_offset 11, -8
 1298              		.cfi_offset 14, -4
 1299 0004 2DED028B 		vpush.64	{d8}
 1300              	.LCFI18:
 1301              		.cfi_def_cfa_offset 48
 1302              		.cfi_offset 80, -48
 1303              		.cfi_offset 81, -44
 1304 0008 8146     		mov	r9, r0
 1305 000a 8B46     		mov	fp, r1
 1306 000c B0EE408A 		vmov.f32	s16, s0
 1307 0010 1646     		mov	r6, r2
 1308 0012 9A46     		mov	r10, r3
 641:./Hardware/OLED.c ****     uint8_t i;
ARM GAS  /var/folders/yl/_q9l42k90g1g4mdhbs226msm0000gn/T//ccJ8gp5W.s 			page 36


 1309              		.loc 1 641 5 is_stmt 1 view .LVU302
 642:./Hardware/OLED.c ****     uint8_t flag = 1;
 1310              		.loc 1 642 5 view .LVU303
 1311              	.LVL147:
 643:./Hardware/OLED.c ****     float Number1;
 1312              		.loc 1 643 5 view .LVU304
 644:./Hardware/OLED.c ****     uint32_t Number2;
 1313              		.loc 1 644 5 view .LVU305
 645:./Hardware/OLED.c ****     if (Number >= 0)
 1314              		.loc 1 645 5 view .LVU306
 1315              		.loc 1 645 8 is_stmt 0 view .LVU307
 1316 0014 B5EEC00A 		vcmpe.f32	s0, #0
 1317 0018 F1EE10FA 		vmrs	APSR_nzcv, FPSCR
 1318 001c 13DB     		blt	.L88
 646:./Hardware/OLED.c ****     {
 647:./Hardware/OLED.c ****         OLED_ShowChar(Line, Column, '+');
 1319              		.loc 1 647 9 is_stmt 1 view .LVU308
 1320 001e 2B22     		movs	r2, #43
 1321              	.LVL148:
 1322              		.loc 1 647 9 is_stmt 0 view .LVU309
 1323 0020 FFF7FEFF 		bl	OLED_ShowChar
 1324              	.LVL149:
 648:./Hardware/OLED.c ****         Number1 = Number;
 1325              		.loc 1 648 9 is_stmt 1 view .LVU310
 1326              	.L82:
 649:./Hardware/OLED.c ****     }
 650:./Hardware/OLED.c ****     else
 651:./Hardware/OLED.c ****     {
 652:./Hardware/OLED.c ****         OLED_ShowChar(Line, Column, '-');
 653:./Hardware/OLED.c ****         Number1 = -Number;
 654:./Hardware/OLED.c ****     }
 655:./Hardware/OLED.c ****     //将浮点数转换成整数然后显示
 656:./Hardware/OLED.c ****     Number2 = (int)(Number1 * OLED_Pow(10,Flength));
 1327              		.loc 1 656 5 view .LVU311
 1328              		.loc 1 656 31 is_stmt 0 view .LVU312
 1329 0024 5146     		mov	r1, r10
 1330 0026 0A20     		movs	r0, #10
 1331 0028 FFF7FEFF 		bl	OLED_Pow
 1332              	.LVL150:
 1333 002c 07EE900A 		vmov	s15, r0	@ int
 1334              		.loc 1 656 29 view .LVU313
 1335 0030 F8EE677A 		vcvt.f32.u32	s15, s15
 1336 0034 27EE880A 		vmul.f32	s0, s15, s16
 1337              		.loc 1 656 15 view .LVU314
 1338 0038 FDEEC07A 		vcvt.s32.f32	s15, s0
 1339 003c 17EE908A 		vmov	r8, s15	@ int
 1340              	.LVL151:
 657:./Hardware/OLED.c ****     
 658:./Hardware/OLED.c ****     
 659:./Hardware/OLED.c ****     for (i = Length; i > 0; i--)                            
 1341              		.loc 1 659 5 is_stmt 1 view .LVU315
 1342              		.loc 1 659 12 is_stmt 0 view .LVU316
 1343 0040 3446     		mov	r4, r6
 642:./Hardware/OLED.c ****     float Number1;
 1344              		.loc 1 642 13 view .LVU317
 1345 0042 0127     		movs	r7, #1
 1346              		.loc 1 659 5 view .LVU318
ARM GAS  /var/folders/yl/_q9l42k90g1g4mdhbs226msm0000gn/T//ccJ8gp5W.s 			page 37


 1347 0044 25E0     		b	.L83
 1348              	.LVL152:
 1349              	.L88:
 652:./Hardware/OLED.c ****         Number1 = -Number;
 1350              		.loc 1 652 9 is_stmt 1 view .LVU319
 1351 0046 2D22     		movs	r2, #45
 1352              	.LVL153:
 652:./Hardware/OLED.c ****         Number1 = -Number;
 1353              		.loc 1 652 9 is_stmt 0 view .LVU320
 1354 0048 FFF7FEFF 		bl	OLED_ShowChar
 1355              	.LVL154:
 653:./Hardware/OLED.c ****     }
 1356              		.loc 1 653 9 is_stmt 1 view .LVU321
 653:./Hardware/OLED.c ****     }
 1357              		.loc 1 653 17 is_stmt 0 view .LVU322
 1358 004c B1EE488A 		vneg.f32	s16, s16
 1359              	.LVL155:
 653:./Hardware/OLED.c ****     }
 1360              		.loc 1 653 17 view .LVU323
 1361 0050 E8E7     		b	.L82
 1362              	.LVL156:
 1363              	.L91:
 660:./Hardware/OLED.c ****     {
 661:./Hardware/OLED.c ****         if(i == (Length - Flength))
 662:./Hardware/OLED.c ****         {
 663:./Hardware/OLED.c ****             OLED_ShowChar(Line,Column + i + flag,'.');
 1364              		.loc 1 663 13 is_stmt 1 view .LVU324
 1365              		.loc 1 663 39 is_stmt 0 view .LVU325
 1366 0052 04EB0B05 		add	r5, r4, fp
 1367 0056 EDB2     		uxtb	r5, r5
 1368              		.loc 1 663 13 view .LVU326
 1369 0058 E919     		adds	r1, r5, r7
 1370 005a 2E22     		movs	r2, #46
 1371 005c C9B2     		uxtb	r1, r1
 1372 005e 4846     		mov	r0, r9
 1373 0060 FFF7FEFF 		bl	OLED_ShowChar
 1374              	.LVL157:
 664:./Hardware/OLED.c ****             flag = 0;
 1375              		.loc 1 664 13 is_stmt 1 view .LVU327
 665:./Hardware/OLED.c ****             OLED_ShowChar(Line, Column + i + flag, Number2 / OLED_Pow(10, Length - i) % 10 + '0');
 1376              		.loc 1 665 13 view .LVU328
 1377              		.loc 1 665 62 is_stmt 0 view .LVU329
 1378 0064 311B     		subs	r1, r6, r4
 1379 0066 0A20     		movs	r0, #10
 1380 0068 FFF7FEFF 		bl	OLED_Pow
 1381              	.LVL158:
 1382              		.loc 1 665 60 view .LVU330
 1383 006c B8FBF0F0 		udiv	r0, r8, r0
 1384              		.loc 1 665 87 view .LVU331
 1385 0070 194A     		ldr	r2, .L92
 1386 0072 A2FB0032 		umull	r3, r2, r2, r0
 1387 0076 D208     		lsrs	r2, r2, #3
 1388 0078 02EB8202 		add	r2, r2, r2, lsl #2
 1389 007c A0EB4202 		sub	r2, r0, r2, lsl #1
 1390              		.loc 1 665 13 view .LVU332
 1391 0080 3032     		adds	r2, r2, #48
 1392 0082 D2B2     		uxtb	r2, r2
ARM GAS  /var/folders/yl/_q9l42k90g1g4mdhbs226msm0000gn/T//ccJ8gp5W.s 			page 38


 1393 0084 2946     		mov	r1, r5
 1394 0086 4846     		mov	r0, r9
 1395 0088 FFF7FEFF 		bl	OLED_ShowChar
 1396              	.LVL159:
 664:./Hardware/OLED.c ****             flag = 0;
 1397              		.loc 1 664 18 view .LVU333
 1398 008c 0027     		movs	r7, #0
 1399              	.LVL160:
 1400              	.L85:
 659:./Hardware/OLED.c ****     {
 1401              		.loc 1 659 29 is_stmt 1 discriminator 2 view .LVU334
 659:./Hardware/OLED.c ****     {
 1402              		.loc 1 659 30 is_stmt 0 discriminator 2 view .LVU335
 1403 008e 013C     		subs	r4, r4, #1
 1404              	.LVL161:
 659:./Hardware/OLED.c ****     {
 1405              		.loc 1 659 30 discriminator 2 view .LVU336
 1406 0090 E4B2     		uxtb	r4, r4
 1407              	.LVL162:
 1408              	.L83:
 659:./Hardware/OLED.c ****     {
 1409              		.loc 1 659 22 is_stmt 1 discriminator 1 view .LVU337
 659:./Hardware/OLED.c ****     {
 1410              		.loc 1 659 5 is_stmt 0 discriminator 1 view .LVU338
 1411 0092 ECB1     		cbz	r4, .L90
 661:./Hardware/OLED.c ****         {
 1412              		.loc 1 661 9 is_stmt 1 view .LVU339
 661:./Hardware/OLED.c ****         {
 1413              		.loc 1 661 25 is_stmt 0 view .LVU340
 1414 0094 A6EB0A03 		sub	r3, r6, r10
 661:./Hardware/OLED.c ****         {
 1415              		.loc 1 661 11 view .LVU341
 1416 0098 9C42     		cmp	r4, r3
 1417 009a DAD0     		beq	.L91
 666:./Hardware/OLED.c ****         }
 667:./Hardware/OLED.c ****         else
 668:./Hardware/OLED.c ****         {
 669:./Hardware/OLED.c ****             OLED_ShowChar(Line, Column + i + flag, Number2 / OLED_Pow(10, Length - i) % 10 + '0');
 1418              		.loc 1 669 13 is_stmt 1 view .LVU342
 1419              		.loc 1 669 40 is_stmt 0 view .LVU343
 1420 009c 04EB0B05 		add	r5, r4, fp
 1421              		.loc 1 669 13 view .LVU344
 1422 00a0 57FA85F5 		uxtab	r5, r7, r5
 1423 00a4 EDB2     		uxtb	r5, r5
 1424              		.loc 1 669 62 view .LVU345
 1425 00a6 311B     		subs	r1, r6, r4
 1426 00a8 0A20     		movs	r0, #10
 1427 00aa FFF7FEFF 		bl	OLED_Pow
 1428              	.LVL163:
 1429              		.loc 1 669 60 view .LVU346
 1430 00ae B8FBF0F0 		udiv	r0, r8, r0
 1431              		.loc 1 669 87 view .LVU347
 1432 00b2 094A     		ldr	r2, .L92
 1433 00b4 A2FB0032 		umull	r3, r2, r2, r0
 1434 00b8 D208     		lsrs	r2, r2, #3
 1435 00ba 02EB8202 		add	r2, r2, r2, lsl #2
 1436 00be A0EB4202 		sub	r2, r0, r2, lsl #1
ARM GAS  /var/folders/yl/_q9l42k90g1g4mdhbs226msm0000gn/T//ccJ8gp5W.s 			page 39


 1437              		.loc 1 669 13 view .LVU348
 1438 00c2 3032     		adds	r2, r2, #48
 1439 00c4 D2B2     		uxtb	r2, r2
 1440 00c6 2946     		mov	r1, r5
 1441 00c8 4846     		mov	r0, r9
 1442 00ca FFF7FEFF 		bl	OLED_ShowChar
 1443              	.LVL164:
 1444 00ce DEE7     		b	.L85
 1445              	.L90:
 670:./Hardware/OLED.c ****         }
 671:./Hardware/OLED.c ****         
 672:./Hardware/OLED.c ****     }    
 673:./Hardware/OLED.c ****         
 674:./Hardware/OLED.c **** }...
 1446              		.loc 1 674 1 view .LVU349
 1447 00d0 BDEC028B 		vldm	sp!, {d8}
 1448              	.LCFI19:
 1449              		.cfi_restore 80
 1450              		.cfi_restore 81
 1451              		.cfi_def_cfa_offset 40
 1452              	.LVL165:
 1453              		.loc 1 674 1 view .LVU350
 1454 00d4 BDE8F88F 		pop	{r3, r4, r5, r6, r7, r8, r9, r10, fp, pc}
 1455              	.LVL166:
 1456              	.L93:
 1457              		.loc 1 674 1 view .LVU351
 1458              		.align	2
 1459              	.L92:
 1460 00d8 CDCCCCCC 		.word	-858993459
 1461              		.cfi_endproc
 1462              	.LFE139:
 1464              		.global	OLED_F08x16
 1465              		.section	.rodata.OLED_F08x16,"a"
 1466              		.align	2
 1467              		.set	.LANCHOR0,. + 0
 1470              	OLED_F08x16:
 1471 0000 00000000 		.ascii	"\000\000\000\000\000\000\000\000\000\000\000\000\000"
 1471      00000000 
 1471      00000000 
 1471      00
 1472 000d 000000   		.ascii	"\000\000\000"
 1473 0010 000000F8 		.ascii	"\000\000\000\370\000\000\000\000\000\000\00030\000\000"
 1473      00000000 
 1473      00000033 
 1473      300000
 1474 001f 00       		.ascii	"\000"
 1475 0020 00100C06 		.ascii	"\000\020\014\006\020\014\006\000\000\000\000\000\000"
 1475      100C0600 
 1475      00000000 
 1475      00
 1476 002d 000000   		.ascii	"\000\000\000"
 1477 0030 40C07840 		.ascii	"@\300x@\300x@\000\004?\004\004?\004\004\000"
 1477      C0784000 
 1477      043F0404 
 1477      3F040400 
 1478 0040 007088FC 		.ascii	"\000p\210\374\0100\000\000\000\030 \377!\036\000\000"
 1478      08300000 
ARM GAS  /var/folders/yl/_q9l42k90g1g4mdhbs226msm0000gn/T//ccJ8gp5W.s 			page 40


 1478      001820FF 
 1478      211E0000 
 1479 0050 F008F000 		.ascii	"\360\010\360\000\340\030\000\000\000!\034\003\036!\036"
 1479      E0180000 
 1479      00211C03 
 1479      1E211E
 1480 005f 00       		.ascii	"\000"
 1481 0060 00F00888 		.ascii	"\000\360\010\210p\000\000\000\036!#$\031'!\020"
 1481      70000000 
 1481      1E212324 
 1481      19272110 
 1482 0070 10160E00 		.ascii	"\020\026\016\000\000\000\000\000\000\000\000\000\000"
 1482      00000000 
 1482      00000000 
 1482      00
 1483 007d 000000   		.ascii	"\000\000\000"
 1484 0080 000000E0 		.ascii	"\000\000\000\340\030\004\002\000\000\000\000\007\030"
 1484      18040200 
 1484      00000007 
 1484      18
 1485 008d 204000   		.ascii	" @\000"
 1486 0090 00020418 		.ascii	"\000\002\004\030\340\000\000\000\000@ \030\007\000\000"
 1486      E0000000 
 1486      00402018 
 1486      070000
 1487 009f 00       		.ascii	"\000"
 1488 00a0 404080F0 		.ascii	"@@\200\360\200@@\000\002\002\001\017\001\002\002\000"
 1488      80404000 
 1488      0202010F 
 1488      01020200 
 1489 00b0 000000F0 		.ascii	"\000\000\000\360\000\000\000\000\001\001\001\037\001"
 1489      00000000 
 1489      0101011F 
 1489      01
 1490 00bd 010100   		.ascii	"\001\001\000"
 1491 00c0 00000000 		.ascii	"\000\000\000\000\000\000\000\000\200\260p\000\000\000"
 1491      00000000 
 1491      80B07000 
 1491      0000
 1492 00ce 0000     		.ascii	"\000\000"
 1493 00d0 00000000 		.ascii	"\000\000\000\000\000\000\000\000\000\001\001\001\001"
 1493      00000000 
 1493      00010101 
 1493      01
 1494 00dd 010101   		.ascii	"\001\001\001"
 1495 00e0 00000000 		.ascii	"\000\000\000\000\000\000\000\000\00000\000\000\000\000"
 1495      00000000 
 1495      00303000 
 1495      000000
 1496 00ef 00       		.ascii	"\000"
 1497 00f0 00000000 		.ascii	"\000\000\000\000\200`\030\004\000`\030\006\001\000\000"
 1497      80601804 
 1497      00601806 
 1497      010000
 1498 00ff 00       		.ascii	"\000"
 1499 0100 00E01008 		.ascii	"\000\340\020\010\010\020\340\000\000\017\020  \020\017"
 1499      0810E000 
ARM GAS  /var/folders/yl/_q9l42k90g1g4mdhbs226msm0000gn/T//ccJ8gp5W.s 			page 41


 1499      000F1020 
 1499      20100F
 1500 010f 00       		.ascii	"\000"
 1501 0110 001010F8 		.ascii	"\000\020\020\370\000\000\000\000\000  ?  \000\000"
 1501      00000000 
 1501      0020203F 
 1501      20200000 
 1502 0120 00700808 		.ascii	"\000p\010\010\010\210p\000\0000($\"!0\000"
 1502      08887000 
 1502      00302824 
 1502      22213000 
 1503 0130 00300888 		.ascii	"\0000\010\210\210H0\000\000\030   \021\016\000"
 1503      88483000 
 1503      00182020 
 1503      20110E00 
 1504 0140 0000C020 		.ascii	"\000\000\300 \020\370\000\000\000\007\004$$?$\000"
 1504      10F80000 
 1504      00070424 
 1504      243F2400 
 1505 0150 00F80888 		.ascii	"\000\370\010\210\210\010\010\000\000\031!  \021\016"
 1505      88080800 
 1505      00192120 
 1505      20110E
 1506 015f 00       		.ascii	"\000"
 1507 0160 00E01088 		.ascii	"\000\340\020\210\210\030\000\000\000\017\021  \021\016"
 1507      88180000 
 1507      000F1120 
 1507      20110E
 1508 016f 00       		.ascii	"\000"
 1509 0170 00380808 		.ascii	"\0008\010\010\3108\010\000\000\000\000?\000\000\000"
 1509      C8380800 
 1509      0000003F 
 1509      000000
 1510 017f 00       		.ascii	"\000"
 1511 0180 00708808 		.ascii	"\000p\210\010\010\210p\000\000\034\"!!\"\034\000"
 1511      08887000 
 1511      001C2221 
 1511      21221C00 
 1512 0190 00E01008 		.ascii	"\000\340\020\010\010\020\340\000\000\0001\"\"\021\017"
 1512      0810E000 
 1512      00003122 
 1512      22110F
 1513 019f 00       		.ascii	"\000"
 1514 01a0 000000C0 		.ascii	"\000\000\000\300\300\000\000\000\000\000\00000\000\000"
 1514      C0000000 
 1514      00000030 
 1514      300000
 1515 01af 00       		.ascii	"\000"
 1516 01b0 00000080 		.ascii	"\000\000\000\200\000\000\000\000\000\000\200`\000\000"
 1516      00000000 
 1516      00008060 
 1516      0000
 1517 01be 0000     		.ascii	"\000\000"
 1518 01c0 00008040 		.ascii	"\000\000\200@ \020\010\000\000\001\002\004\010\020 "
 1518      20100800 
 1518      00010204 
 1518      081020
ARM GAS  /var/folders/yl/_q9l42k90g1g4mdhbs226msm0000gn/T//ccJ8gp5W.s 			page 42


 1519 01cf 00       		.ascii	"\000"
 1520 01d0 40404040 		.ascii	"@@@@@@@\000\004\004\004\004\004\004\004\000"
 1520      40404000 
 1520      04040404 
 1520      04040400 
 1521 01e0 00081020 		.ascii	"\000\010\020 @\200\000\000\000 \020\010\004\002\001"
 1521      40800000 
 1521      00201008 
 1521      040201
 1522 01ef 00       		.ascii	"\000"
 1523 01f0 00704808 		.ascii	"\000pH\010\010\010\360\000\000\000\00006\001\000\000"
 1523      0808F000 
 1523      00000030 
 1523      36010000 
 1524 0200 C030C828 		.ascii	"\3000\310(\350\020\340\000\007\030'$#\024\013\000"
 1524      E810E000 
 1524      07182724 
 1524      23140B00 
 1525 0210 0000C038 		.ascii	"\000\000\3008\340\000\000\000 <#\002\002'8 "
 1525      E0000000 
 1525      203C2302 
 1525      02273820 
 1526 0220 08F88888 		.ascii	"\010\370\210\210\210p\000\000 ?   \021\016\000"
 1526      88700000 
 1526      203F2020 
 1526      20110E00 
 1527 0230 C0300808 		.ascii	"\3000\010\010\010\0108\000\007\030   \020\010\000"
 1527      08083800 
 1527      07182020 
 1527      20100800 
 1528 0240 08F80808 		.ascii	"\010\370\010\010\010\020\340\000 ?   \020\017\000"
 1528      0810E000 
 1528      203F2020 
 1528      20100F00 
 1529 0250 08F88888 		.ascii	"\010\370\210\210\350\010\020\000 ?  # \030\000"
 1529      E8081000 
 1529      203F2020 
 1529      23201800 
 1530 0260 08F88888 		.ascii	"\010\370\210\210\350\010\020\000 ? \000\003\000\000"
 1530      E8081000 
 1530      203F2000 
 1530      030000
 1531 026f 00       		.ascii	"\000"
 1532 0270 C0300808 		.ascii	"\3000\010\010\0108\000\000\007\030  \"\036\002\000"
 1532      08380000 
 1532      07182020 
 1532      221E0200 
 1533 0280 08F80800 		.ascii	"\010\370\010\000\000\010\370\010 ?!\001\001!? "
 1533      0008F808 
 1533      203F2101 
 1533      01213F20 
 1534 0290 000808F8 		.ascii	"\000\010\010\370\010\010\000\000\000  ?  \000\000"
 1534      08080000 
 1534      0020203F 
 1534      20200000 
 1535 02a0 00000808 		.ascii	"\000\000\010\010\370\010\010\000\300\200\200\200\177"
 1535      F8080800 
ARM GAS  /var/folders/yl/_q9l42k90g1g4mdhbs226msm0000gn/T//ccJ8gp5W.s 			page 43


 1535      C0808080 
 1535      7F
 1536 02ad 000000   		.ascii	"\000\000\000"
 1537 02b0 08F888C0 		.ascii	"\010\370\210\300(\030\010\000 ? \001&8 \000"
 1537      28180800 
 1537      203F2001 
 1537      26382000 
 1538 02c0 08F80800 		.ascii	"\010\370\010\000\000\000\000\000 ?    0\000"
 1538      00000000 
 1538      203F2020 
 1538      20203000 
 1539 02d0 08F8F800 		.ascii	"\010\370\370\000\370\370\010\000 ?\000?\000? \000"
 1539      F8F80800 
 1539      203F003F 
 1539      003F2000 
 1540 02e0 08F830C0 		.ascii	"\010\3700\300\000\010\370\010 ? \000\007\030?\000"
 1540      0008F808 
 1540      203F2000 
 1540      07183F00 
 1541 02f0 E0100808 		.ascii	"\340\020\010\010\010\020\340\000\017\020   \020\017"
 1541      0810E000 
 1541      0F102020 
 1541      20100F
 1542 02ff 00       		.ascii	"\000"
 1543 0300 08F80808 		.ascii	"\010\370\010\010\010\010\360\000 ?!\001\001\001\000"
 1543      0808F000 
 1543      203F2101 
 1543      010100
 1544 030f 00       		.ascii	"\000"
 1545 0310 E0100808 		.ascii	"\340\020\010\010\010\020\340\000\017\030$$8PO\000"
 1545      0810E000 
 1545      0F182424 
 1545      38504F00 
 1546 0320 08F88888 		.ascii	"\010\370\210\210\210\210p\000 ? \000\003\0140 "
 1546      88887000 
 1546      203F2000 
 1546      030C3020 
 1547 0330 00708808 		.ascii	"\000p\210\010\010\0108\000\0008 !!\"\034\000"
 1547      08083800 
 1547      00382021 
 1547      21221C00 
 1548 0340 180808F8 		.ascii	"\030\010\010\370\010\010\030\000\000\000 ? \000\000"
 1548      08081800 
 1548      0000203F 
 1548      200000
 1549 034f 00       		.ascii	"\000"
 1550 0350 08F80800 		.ascii	"\010\370\010\000\000\010\370\010\000\037    \037\000"
 1550      0008F808 
 1550      001F2020 
 1550      20201F00 
 1551 0360 08788800 		.ascii	"\010x\210\000\000\3108\010\000\000\0078\016\001\000"
 1551      00C83808 
 1551      00000738 
 1551      0E0100
 1552 036f 00       		.ascii	"\000"
 1553 0370 F80800F8 		.ascii	"\370\010\000\370\000\010\370\000\003<\007\000\007<\003"
 1553      0008F800 
ARM GAS  /var/folders/yl/_q9l42k90g1g4mdhbs226msm0000gn/T//ccJ8gp5W.s 			page 44


 1553      033C0700 
 1553      073C03
 1554 037f 00       		.ascii	"\000"
 1555 0380 08186880 		.ascii	"\010\030h\200\200h\030\010 0,\003\003,0 "
 1555      80681808 
 1555      20302C03 
 1555      032C3020 
 1556 0390 0838C800 		.ascii	"\0108\310\000\3108\010\000\000\000 ? \000\000\000"
 1556      C8380800 
 1556      0000203F 
 1556      20000000 
 1557 03a0 10080808 		.ascii	"\020\010\010\010\3108\010\000 8&!  \030\000"
 1557      C8380800 
 1557      20382621 
 1557      20201800 
 1558 03b0 000000FE 		.ascii	"\000\000\000\376\002\002\002\000\000\000\000\177@@@"
 1558      02020200 
 1558      0000007F 
 1558      404040
 1559 03bf 00       		.ascii	"\000"
 1560 03c0 000C30C0 		.ascii	"\000\0140\300\000\000\000\000\000\000\000\001\0068\300"
 1560      00000000 
 1560      00000001 
 1560      0638C0
 1561 03cf 00       		.ascii	"\000"
 1562 03d0 00020202 		.ascii	"\000\002\002\002\376\000\000\000\000@@@\177\000\000"
 1562      FE000000 
 1562      00404040 
 1562      7F0000
 1563 03df 00       		.ascii	"\000"
 1564 03e0 00000402 		.ascii	"\000\000\004\002\002\002\004\000\000\000\000\000\000"
 1564      02020400 
 1564      00000000 
 1564      00
 1565 03ed 000000   		.ascii	"\000\000\000"
 1566 03f0 00000000 		.ascii	"\000\000\000\000\000\000\000\000\200\200\200\200\200"
 1566      00000000 
 1566      80808080 
 1566      80
 1567 03fd 808080   		.ascii	"\200\200\200"
 1568 0400 00020204 		.ascii	"\000\002\002\004\000\000\000\000\000\000\000\000\000"
 1568      00000000 
 1568      00000000 
 1568      00
 1569 040d 000000   		.ascii	"\000\000\000"
 1570 0410 00008080 		.ascii	"\000\000\200\200\200\200\000\000\000\031$\"\"\"? "
 1570      80800000 
 1570      00192422 
 1570      22223F20 
 1571 0420 08F80080 		.ascii	"\010\370\000\200\200\000\000\000\000?\021  \021\016"
 1571      80000000 
 1571      003F1120 
 1571      20110E
 1572 042f 00       		.ascii	"\000"
 1573 0430 00000080 		.ascii	"\000\000\000\200\200\200\000\000\000\016\021   \021"
 1573      80800000 
 1573      000E1120 
ARM GAS  /var/folders/yl/_q9l42k90g1g4mdhbs226msm0000gn/T//ccJ8gp5W.s 			page 45


 1573      202011
 1574 043f 00       		.ascii	"\000"
 1575 0440 00000080 		.ascii	"\000\000\000\200\200\210\370\000\000\016\021  \020?"
 1575      8088F800 
 1575      000E1120 
 1575      20103F
 1576 044f 20       		.ascii	" "
 1577 0450 00008080 		.ascii	"\000\000\200\200\200\200\000\000\000\037\"\"\"\"\023"
 1577      80800000 
 1577      001F2222 
 1577      222213
 1578 045f 00       		.ascii	"\000"
 1579 0460 008080F0 		.ascii	"\000\200\200\360\210\210\210\030\000  ?  \000\000"
 1579      88888818 
 1579      0020203F 
 1579      20200000 
 1580 0470 00008080 		.ascii	"\000\000\200\200\200\200\200\000\000k\224\224\224\223"
 1580      80808000 
 1580      006B9494 
 1580      9493
 1581 047e 6000     		.ascii	"`\000"
 1582 0480 08F80080 		.ascii	"\010\370\000\200\200\200\000\000 ?!\000\000 ? "
 1582      80800000 
 1582      203F2100 
 1582      00203F20 
 1583 0490 00809898 		.ascii	"\000\200\230\230\000\000\000\000\000  ?  \000\000"
 1583      00000000 
 1583      0020203F 
 1583      20200000 
 1584 04a0 00000080 		.ascii	"\000\000\000\200\230\230\000\000\000\300\200\200\200"
 1584      98980000 
 1584      00C08080 
 1584      80
 1585 04ad 7F0000   		.ascii	"\177\000\000"
 1586 04b0 08F80000 		.ascii	"\010\370\000\000\200\200\200\000 ?$\002-0 \000"
 1586      80808000 
 1586      203F2402 
 1586      2D302000 
 1587 04c0 000808F8 		.ascii	"\000\010\010\370\000\000\000\000\000  ?  \000\000"
 1587      00000000 
 1587      0020203F 
 1587      20200000 
 1588 04d0 80808080 		.ascii	"\200\200\200\200\200\200\200\000 ? \000? \000?"
 1588      80808000 
 1588      203F2000 
 1588      3F20003F 
 1589 04e0 80800080 		.ascii	"\200\200\000\200\200\200\000\000 ?!\000\000 ? "
 1589      80800000 
 1589      203F2100 
 1589      00203F20 
 1590 04f0 00008080 		.ascii	"\000\000\200\200\200\200\000\000\000\037    \037\000"
 1590      80800000 
 1590      001F2020 
 1590      20201F00 
 1591 0500 80800080 		.ascii	"\200\200\000\200\200\000\000\000\200\377\241  \021\016"
 1591      80000000 
 1591      80FFA120 
ARM GAS  /var/folders/yl/_q9l42k90g1g4mdhbs226msm0000gn/T//ccJ8gp5W.s 			page 46


 1591      20110E
 1592 050f 00       		.ascii	"\000"
 1593 0510 00000080 		.ascii	"\000\000\000\200\200\200\200\000\000\016\021  \240\377"
 1593      80808000 
 1593      000E1120 
 1593      20A0FF
 1594 051f 80       		.ascii	"\200"
 1595 0520 80808000 		.ascii	"\200\200\200\000\200\200\200\000  ?! \000\001\000"
 1595      80808000 
 1595      20203F21 
 1595      20000100 
 1596 0530 00008080 		.ascii	"\000\000\200\200\200\200\200\000\0003$$$$\031\000"
 1596      80808000 
 1596      00332424 
 1596      24241900 
 1597 0540 008080E0 		.ascii	"\000\200\200\340\200\200\000\000\000\000\000\037  \000"
 1597      80800000 
 1597      0000001F 
 1597      202000
 1598 054f 00       		.ascii	"\000"
 1599 0550 80800000 		.ascii	"\200\200\000\000\000\200\200\000\000\037   \020? "
 1599      00808000 
 1599      001F2020 
 1599      20103F20 
 1600 0560 80808000 		.ascii	"\200\200\200\000\000\200\200\200\000\001\0160\010\006"
 1600      00808080 
 1600      00010E30 
 1600      0806
 1601 056e 0100     		.ascii	"\001\000"
 1602 0570 80800080 		.ascii	"\200\200\000\200\000\200\200\200\0170\014\003\0140\017"
 1602      00808080 
 1602      0F300C03 
 1602      0C300F
 1603 057f 00       		.ascii	"\000"
 1604 0580 00808000 		.ascii	"\000\200\200\000\200\200\200\000\000 1.\0161 \000"
 1604      80808000 
 1604      0020312E 
 1604      0E312000 
 1605 0590 80808000 		.ascii	"\200\200\200\000\000\200\200\200\200\201\216p\030\006"
 1605      00808080 
 1605      80818E70 
 1605      1806
 1606 059e 0100     		.ascii	"\001\000"
 1607 05a0 00808080 		.ascii	"\000\200\200\200\200\200\200\000\000!0,\"!0\000"
 1607      80808000 
 1607      0021302C 
 1607      22213000 
 1608 05b0 00000000 		.ascii	"\000\000\000\000\200|\002\002\000\000\000\000\000?@"
 1608      807C0202 
 1608      00000000 
 1608      003F40
 1609 05bf 40       		.ascii	"@"
 1610 05c0 00000000 		.ascii	"\000\000\000\000\377\000\000\000\000\000\000\000\377"
 1610      FF000000 
 1610      00000000 
 1610      FF
 1611 05cd 000000   		.ascii	"\000\000\000"
ARM GAS  /var/folders/yl/_q9l42k90g1g4mdhbs226msm0000gn/T//ccJ8gp5W.s 			page 47


 1612 05d0 0002027C 		.ascii	"\000\002\002|\200\000\000\000\000@@?\000\000\000\000"
 1612      80000000 
 1612      0040403F 
 1612      00000000 
 1613 05e0 00060101 		.ascii	"\000\006\001\001\002\002\004\004\000\000\000\000\000"
 1613      02020404 
 1613      00000000 
 1613      00
 1614 05ed 000000   		.ascii	"\000\000\000"
 1615              		.text
 1616              	.Letext0:
 1617              		.file 2 "/Applications/ARM/arm-none-eabi/include/machine/_default_types.h"
 1618              		.file 3 "/Applications/ARM/arm-none-eabi/include/sys/_stdint.h"
 1619              		.file 4 "./CORE/stm32f4xx.h"
 1620              		.file 5 "./Library/stm32f4xx_gpio.h"
 1621              		.file 6 "./Library/stm32f4xx_rcc.h"
ARM GAS  /var/folders/yl/_q9l42k90g1g4mdhbs226msm0000gn/T//ccJ8gp5W.s 			page 48


DEFINED SYMBOLS
                            *ABS*:0000000000000000 OLED.c
/var/folders/yl/_q9l42k90g1g4mdhbs226msm0000gn/T//ccJ8gp5W.s:20     .text.OLED_I2C_Init:0000000000000000 $t
/var/folders/yl/_q9l42k90g1g4mdhbs226msm0000gn/T//ccJ8gp5W.s:26     .text.OLED_I2C_Init:0000000000000000 OLED_I2C_Init
/var/folders/yl/_q9l42k90g1g4mdhbs226msm0000gn/T//ccJ8gp5W.s:123    .text.OLED_I2C_Init:0000000000000078 $d
/var/folders/yl/_q9l42k90g1g4mdhbs226msm0000gn/T//ccJ8gp5W.s:128    .text.OLED_I2C_Start:0000000000000000 $t
/var/folders/yl/_q9l42k90g1g4mdhbs226msm0000gn/T//ccJ8gp5W.s:134    .text.OLED_I2C_Start:0000000000000000 OLED_I2C_Start
/var/folders/yl/_q9l42k90g1g4mdhbs226msm0000gn/T//ccJ8gp5W.s:175    .text.OLED_I2C_Start:0000000000000030 $d
/var/folders/yl/_q9l42k90g1g4mdhbs226msm0000gn/T//ccJ8gp5W.s:180    .text.OLED_I2C_Stop:0000000000000000 $t
/var/folders/yl/_q9l42k90g1g4mdhbs226msm0000gn/T//ccJ8gp5W.s:186    .text.OLED_I2C_Stop:0000000000000000 OLED_I2C_Stop
/var/folders/yl/_q9l42k90g1g4mdhbs226msm0000gn/T//ccJ8gp5W.s:221    .text.OLED_I2C_Stop:0000000000000024 $d
/var/folders/yl/_q9l42k90g1g4mdhbs226msm0000gn/T//ccJ8gp5W.s:226    .text.OLED_I2C_SendByte:0000000000000000 $t
/var/folders/yl/_q9l42k90g1g4mdhbs226msm0000gn/T//ccJ8gp5W.s:232    .text.OLED_I2C_SendByte:0000000000000000 OLED_I2C_SendByte
/var/folders/yl/_q9l42k90g1g4mdhbs226msm0000gn/T//ccJ8gp5W.s:310    .text.OLED_I2C_SendByte:000000000000004c $d
/var/folders/yl/_q9l42k90g1g4mdhbs226msm0000gn/T//ccJ8gp5W.s:315    .text.OLED_WriteCommand:0000000000000000 $t
/var/folders/yl/_q9l42k90g1g4mdhbs226msm0000gn/T//ccJ8gp5W.s:321    .text.OLED_WriteCommand:0000000000000000 OLED_WriteCommand
/var/folders/yl/_q9l42k90g1g4mdhbs226msm0000gn/T//ccJ8gp5W.s:359    .text.OLED_WriteData:0000000000000000 $t
/var/folders/yl/_q9l42k90g1g4mdhbs226msm0000gn/T//ccJ8gp5W.s:365    .text.OLED_WriteData:0000000000000000 OLED_WriteData
/var/folders/yl/_q9l42k90g1g4mdhbs226msm0000gn/T//ccJ8gp5W.s:403    .text.OLED_SetCursor:0000000000000000 $t
/var/folders/yl/_q9l42k90g1g4mdhbs226msm0000gn/T//ccJ8gp5W.s:409    .text.OLED_SetCursor:0000000000000000 OLED_SetCursor
/var/folders/yl/_q9l42k90g1g4mdhbs226msm0000gn/T//ccJ8gp5W.s:446    .text.OLED_Clear:0000000000000000 $t
/var/folders/yl/_q9l42k90g1g4mdhbs226msm0000gn/T//ccJ8gp5W.s:452    .text.OLED_Clear:0000000000000000 OLED_Clear
/var/folders/yl/_q9l42k90g1g4mdhbs226msm0000gn/T//ccJ8gp5W.s:521    .text.OLED_ShowChar:0000000000000000 $t
/var/folders/yl/_q9l42k90g1g4mdhbs226msm0000gn/T//ccJ8gp5W.s:527    .text.OLED_ShowChar:0000000000000000 OLED_ShowChar
/var/folders/yl/_q9l42k90g1g4mdhbs226msm0000gn/T//ccJ8gp5W.s:632    .text.OLED_ShowChar:0000000000000060 $d
/var/folders/yl/_q9l42k90g1g4mdhbs226msm0000gn/T//ccJ8gp5W.s:637    .text.OLED_ShowString:0000000000000000 $t
/var/folders/yl/_q9l42k90g1g4mdhbs226msm0000gn/T//ccJ8gp5W.s:643    .text.OLED_ShowString:0000000000000000 OLED_ShowString
/var/folders/yl/_q9l42k90g1g4mdhbs226msm0000gn/T//ccJ8gp5W.s:699    .text.OLED_Pow:0000000000000000 $t
/var/folders/yl/_q9l42k90g1g4mdhbs226msm0000gn/T//ccJ8gp5W.s:705    .text.OLED_Pow:0000000000000000 OLED_Pow
/var/folders/yl/_q9l42k90g1g4mdhbs226msm0000gn/T//ccJ8gp5W.s:747    .text.OLED_ShowNum:0000000000000000 $t
/var/folders/yl/_q9l42k90g1g4mdhbs226msm0000gn/T//ccJ8gp5W.s:753    .text.OLED_ShowNum:0000000000000000 OLED_ShowNum
/var/folders/yl/_q9l42k90g1g4mdhbs226msm0000gn/T//ccJ8gp5W.s:829    .text.OLED_ShowNum:000000000000004c $d
/var/folders/yl/_q9l42k90g1g4mdhbs226msm0000gn/T//ccJ8gp5W.s:834    .text.OLED_ShowSignedNum:0000000000000000 $t
/var/folders/yl/_q9l42k90g1g4mdhbs226msm0000gn/T//ccJ8gp5W.s:840    .text.OLED_ShowSignedNum:0000000000000000 OLED_ShowSignedNum
/var/folders/yl/_q9l42k90g1g4mdhbs226msm0000gn/T//ccJ8gp5W.s:943    .text.OLED_ShowSignedNum:0000000000000060 $d
/var/folders/yl/_q9l42k90g1g4mdhbs226msm0000gn/T//ccJ8gp5W.s:948    .text.OLED_ShowHexNum:0000000000000000 $t
/var/folders/yl/_q9l42k90g1g4mdhbs226msm0000gn/T//ccJ8gp5W.s:954    .text.OLED_ShowHexNum:0000000000000000 OLED_ShowHexNum
/var/folders/yl/_q9l42k90g1g4mdhbs226msm0000gn/T//ccJ8gp5W.s:1042   .text.OLED_ShowBinNum:0000000000000000 $t
/var/folders/yl/_q9l42k90g1g4mdhbs226msm0000gn/T//ccJ8gp5W.s:1048   .text.OLED_ShowBinNum:0000000000000000 OLED_ShowBinNum
/var/folders/yl/_q9l42k90g1g4mdhbs226msm0000gn/T//ccJ8gp5W.s:1119   .text.OLED_Init:0000000000000000 $t
/var/folders/yl/_q9l42k90g1g4mdhbs226msm0000gn/T//ccJ8gp5W.s:1125   .text.OLED_Init:0000000000000000 OLED_Init
/var/folders/yl/_q9l42k90g1g4mdhbs226msm0000gn/T//ccJ8gp5W.s:1272   .text.OLED_ShowFNum:0000000000000000 $t
/var/folders/yl/_q9l42k90g1g4mdhbs226msm0000gn/T//ccJ8gp5W.s:1278   .text.OLED_ShowFNum:0000000000000000 OLED_ShowFNum
/var/folders/yl/_q9l42k90g1g4mdhbs226msm0000gn/T//ccJ8gp5W.s:1460   .text.OLED_ShowFNum:00000000000000d8 $d
/var/folders/yl/_q9l42k90g1g4mdhbs226msm0000gn/T//ccJ8gp5W.s:1470   .rodata.OLED_F08x16:0000000000000000 OLED_F08x16
/var/folders/yl/_q9l42k90g1g4mdhbs226msm0000gn/T//ccJ8gp5W.s:1466   .rodata.OLED_F08x16:0000000000000000 $d

UNDEFINED SYMBOLS
RCC_AHB1PeriphClockCmd
GPIO_Init
GPIO_SetBits
GPIO_ResetBits
GPIO_WriteBit
