ARM GAS  /var/folders/yl/_q9l42k90g1g4mdhbs226msm0000gn/T//ccq39Jd4.s 			page 1


   1              		.cpu cortex-m4
   2              		.arch armv7e-m
   3              		.fpu fpv4-sp-d16
   4              		.eabi_attribute 27, 1
   5              		.eabi_attribute 28, 1
   6              		.eabi_attribute 20, 1
   7              		.eabi_attribute 21, 1
   8              		.eabi_attribute 23, 3
   9              		.eabi_attribute 24, 1
  10              		.eabi_attribute 25, 1
  11              		.eabi_attribute 26, 1
  12              		.eabi_attribute 30, 1
  13              		.eabi_attribute 34, 1
  14              		.eabi_attribute 18, 4
  15              		.file	"GuassNewton.c"
  16              		.text
  17              	.Ltext0:
  18              		.cfi_sections	.debug_frame
  19              		.section	.rodata.prepareData.str1.4,"aMS",%progbits,1
  20              		.align	2
  21              	.LC1:
  22 0000 436F6C6C 		.ascii	"Collecting  Data\000"
  22      65637469 
  22      6E672020 
  22      44617461 
  22      00
  23 0011 000000   		.align	2
  24              	.LC2:
  25 0014 20202042 		.ascii	"   Begin in 3s  \000"
  25      6567696E 
  25      20696E20 
  25      33732020 
  25      00
  26 0025 000000   		.align	2
  27              	.LC3:
  28 0028 2A2A2020 		.ascii	"**            **\000"
  28      20202020 
  28      20202020 
  28      20202A2A 
  28      00
  29 0039 000000   		.align	2
  30              	.LC4:
  31 003c 2A2A2D2D 		.ascii	"**----        **\000"
  31      2D2D2020 
  31      20202020 
  31      20202A2A 
  31      00
  32 004d 000000   		.align	2
  33              	.LC5:
  34 0050 2A2A2D2D 		.ascii	"**--------    **\000"
  34      2D2D2D2D 
  34      2D2D2020 
  34      20202A2A 
  34      00
  35 0061 000000   		.align	2
  36              	.LC6:
  37 0064 2A2A2D2D 		.ascii	"**------------**\000"
ARM GAS  /var/folders/yl/_q9l42k90g1g4mdhbs226msm0000gn/T//ccq39Jd4.s 			page 2


  37      2D2D2D2D 
  37      2D2D2D2D 
  37      2D2D2A2A 
  37      00
  38 0075 000000   		.align	2
  39              	.LC7:
  40 0078 20202020 		.ascii	"    Acc Mag     \000"
  40      41636320 
  40      4D616720 
  40      20202020 
  40      00
  41 0089 000000   		.align	2
  42              	.LC8:
  43 008c 20202045 		.ascii	"   End in 7s    \000"
  43      6E642069 
  43      6E203773 
  43      20202020 
  43      00
  44 009d 000000   		.align	2
  45              	.LC9:
  46 00a0 2A202020 		.ascii	"*              *\000"
  46      20202020 
  46      20202020 
  46      2020202A 
  46      00
  47 00b1 000000   		.align	2
  48              	.LC10:
  49 00b4 2A2A2D2D 		.ascii	"**--          **\000"
  49      20202020 
  49      20202020 
  49      20202A2A 
  49      00
  50 00c5 000000   		.align	2
  51              	.LC11:
  52 00c8 2A2A2D2D 		.ascii	"**------      **\000"
  52      2D2D2D2D 
  52      20202020 
  52      20202A2A 
  52      00
  53 00d9 000000   		.align	2
  54              	.LC12:
  55 00dc 2A2A2D2D 		.ascii	"**----------  **\000"
  55      2D2D2D2D 
  55      2D2D2D2D 
  55      20202A2A 
  55      00
  56 00ed 000000   		.align	2
  57              	.LC13:
  58 00f0 20202020 		.ascii	"      Gyro      \000"
  58      20204779 
  58      726F2020 
  58      20202020 
  58      00
  59 0101 000000   		.align	2
  60              	.LC14:
  61 0104 20202045 		.ascii	"   End in 3s    \000"
  61      6E642069 
ARM GAS  /var/folders/yl/_q9l42k90g1g4mdhbs226msm0000gn/T//ccq39Jd4.s 			page 3


  61      6E203373 
  61      20202020 
  61      00
  62 0115 000000   		.align	2
  63              	.LC15:
  64 0118 20202020 		.ascii	"    Finished    \000"
  64      46696E69 
  64      73686564 
  64      20202020 
  64      00
  65 0129 000000   		.align	2
  66              	.LC16:
  67 012c 2A2A2A2A 		.ascii	"****************\000"
  67      2A2A2A2A 
  67      2A2A2A2A 
  67      2A2A2A2A 
  67      00
  68              		.section	.text.prepareData,"ax",%progbits
  69              		.align	1
  70              		.global	prepareData
  71              		.syntax unified
  72              		.thumb
  73              		.thumb_func
  75              	prepareData:
  76              	.LFB126:
  77              		.file 1 "./User/GuassNewton.c"
   1:./User/GuassNewton.c **** // From LRL52 QingLuan
   2:./User/GuassNewton.c **** #include "GuassNewton.h"
   3:./User/GuassNewton.c **** #include <math.h>
   4:./User/GuassNewton.c **** #include <stdio.h>
   5:./User/GuassNewton.c **** #define M 300 // 数据测量组数
   6:./User/GuassNewton.c **** #define N 6 // 元数
   7:./User/GuassNewton.c **** static const float eps = 1e-6;
   8:./User/GuassNewton.c **** float LM_lamda = 0.1f;
   9:./User/GuassNewton.c **** 
  10:./User/GuassNewton.c **** 
  11:./User/GuassNewton.c **** float acc [M][3];
  12:./User/GuassNewton.c **** float gyro[M][3];
  13:./User/GuassNewton.c **** float mag [M][3];
  14:./User/GuassNewton.c **** 
  15:./User/GuassNewton.c **** // 校准前收集数据
  16:./User/GuassNewton.c **** void prepareData() {
  78              		.loc 1 16 20 view -0
  79              		.cfi_startproc
  80              		@ args = 0, pretend = 0, frame = 16
  81              		@ frame_needed = 0, uses_anonymous_args = 0
  82 0000 10B5     		push	{r4, lr}
  83              	.LCFI0:
  84              		.cfi_def_cfa_offset 8
  85              		.cfi_offset 4, -8
  86              		.cfi_offset 14, -4
  87 0002 84B0     		sub	sp, sp, #16
  88              	.LCFI1:
  89              		.cfi_def_cfa_offset 24
  17:./User/GuassNewton.c ****     OLED_ShowString(2,1,"Collecting  Data");
  90              		.loc 1 17 5 view .LVU1
  91 0004 B34A     		ldr	r2, .L31
ARM GAS  /var/folders/yl/_q9l42k90g1g4mdhbs226msm0000gn/T//ccq39Jd4.s 			page 4


  92 0006 0121     		movs	r1, #1
  93 0008 0220     		movs	r0, #2
  94 000a FFF7FEFF 		bl	OLED_ShowString
  95              	.LVL0:
  18:./User/GuassNewton.c ****     OLED_ShowString(3,1,"   Begin in 3s  ");
  96              		.loc 1 18 5 view .LVU2
  97 000e B24A     		ldr	r2, .L31+4
  98 0010 0121     		movs	r1, #1
  99 0012 0320     		movs	r0, #3
 100 0014 FFF7FEFF 		bl	OLED_ShowString
 101              	.LVL1:
  19:./User/GuassNewton.c ****     OLED_ShowString(4,1,"**            **");
 102              		.loc 1 19 5 view .LVU3
 103 0018 B04A     		ldr	r2, .L31+8
 104 001a 0121     		movs	r1, #1
 105 001c 0420     		movs	r0, #4
 106 001e FFF7FEFF 		bl	OLED_ShowString
 107              	.LVL2:
  20:./User/GuassNewton.c ****     Delay_s(1); OLED_ShowString(4,1,"**----        **");
 108              		.loc 1 20 5 view .LVU4
 109 0022 0120     		movs	r0, #1
 110 0024 0021     		movs	r1, #0
 111 0026 FFF7FEFF 		bl	Delay_s
 112              	.LVL3:
 113              		.loc 1 20 17 view .LVU5
 114 002a AD4A     		ldr	r2, .L31+12
 115 002c 0121     		movs	r1, #1
 116 002e 0420     		movs	r0, #4
 117 0030 FFF7FEFF 		bl	OLED_ShowString
 118              	.LVL4:
  21:./User/GuassNewton.c ****     Delay_s(1); OLED_ShowString(4,1,"**--------    **");
 119              		.loc 1 21 5 view .LVU6
 120 0034 0120     		movs	r0, #1
 121 0036 0021     		movs	r1, #0
 122 0038 FFF7FEFF 		bl	Delay_s
 123              	.LVL5:
 124              		.loc 1 21 17 view .LVU7
 125 003c A94A     		ldr	r2, .L31+16
 126 003e 0121     		movs	r1, #1
 127 0040 0420     		movs	r0, #4
 128 0042 FFF7FEFF 		bl	OLED_ShowString
 129              	.LVL6:
  22:./User/GuassNewton.c ****     Delay_s(1); OLED_ShowString(4,1,"**------------**");
 130              		.loc 1 22 5 view .LVU8
 131 0046 0120     		movs	r0, #1
 132 0048 0021     		movs	r1, #0
 133 004a FFF7FEFF 		bl	Delay_s
 134              	.LVL7:
 135              		.loc 1 22 17 view .LVU9
 136 004e A64A     		ldr	r2, .L31+20
 137 0050 0121     		movs	r1, #1
 138 0052 0420     		movs	r0, #4
 139 0054 FFF7FEFF 		bl	OLED_ShowString
 140              	.LVL8:
  23:./User/GuassNewton.c ****     OLED_ShowString(2,1,"    Acc Mag     ");
 141              		.loc 1 23 5 view .LVU10
 142 0058 A44A     		ldr	r2, .L31+24
ARM GAS  /var/folders/yl/_q9l42k90g1g4mdhbs226msm0000gn/T//ccq39Jd4.s 			page 5


 143 005a 0121     		movs	r1, #1
 144 005c 0220     		movs	r0, #2
 145 005e FFF7FEFF 		bl	OLED_ShowString
 146              	.LVL9:
  24:./User/GuassNewton.c ****     OLED_ShowString(3,1,"   End in 7s    ");
 147              		.loc 1 24 5 view .LVU11
 148 0062 A34A     		ldr	r2, .L31+28
 149 0064 0121     		movs	r1, #1
 150 0066 0320     		movs	r0, #3
 151 0068 FFF7FEFF 		bl	OLED_ShowString
 152              	.LVL10:
  25:./User/GuassNewton.c ****     OLED_ShowString(4,1,"*              *");
 153              		.loc 1 25 5 view .LVU12
 154 006c A14A     		ldr	r2, .L31+32
 155 006e 0121     		movs	r1, #1
 156 0070 0420     		movs	r0, #4
 157 0072 FFF7FEFF 		bl	OLED_ShowString
 158              	.LVL11:
  26:./User/GuassNewton.c ****     for (int i = 0; i < 3; i++)
 159              		.loc 1 26 5 view .LVU13
 160              	.LBB2:
 161              		.loc 1 26 10 view .LVU14
 162              		.loc 1 26 14 is_stmt 0 view .LVU15
 163 0076 0023     		movs	r3, #0
 164              		.loc 1 26 5 view .LVU16
 165 0078 1EE0     		b	.L2
 166              	.LVL12:
 167              	.L3:
  27:./User/GuassNewton.c ****     {
  28:./User/GuassNewton.c ****         params_ram.accel_offset[i] = 0.0f;
 168              		.loc 1 28 9 is_stmt 1 discriminator 3 view .LVU17
 169              		.loc 1 28 36 is_stmt 0 discriminator 3 view .LVU18
 170 007a 9F4A     		ldr	r2, .L31+36
 171 007c 02EB8301 		add	r1, r2, r3, lsl #2
 172 0080 0020     		movs	r0, #0
 173 0082 4860     		str	r0, [r1, #4]	@ float
  29:./User/GuassNewton.c ****         params_ram.gyro_offset [i] = 0.0f;
 174              		.loc 1 29 9 is_stmt 1 discriminator 3 view .LVU19
 175              		.loc 1 29 36 is_stmt 0 discriminator 3 view .LVU20
 176 0084 991D     		adds	r1, r3, #6
 177 0086 02EB8101 		add	r1, r2, r1, lsl #2
 178 008a 4860     		str	r0, [r1, #4]	@ float
  30:./User/GuassNewton.c ****         params_ram.mag_offset  [i] = 0.0f;
 179              		.loc 1 30 9 is_stmt 1 discriminator 3 view .LVU21
 180              		.loc 1 30 36 is_stmt 0 discriminator 3 view .LVU22
 181 008c 03F10C01 		add	r1, r3, #12
 182 0090 02EB8101 		add	r1, r2, r1, lsl #2
 183 0094 4860     		str	r0, [r1, #4]	@ float
  31:./User/GuassNewton.c ****         params_ram.accel_scale [i] = 1.0f;
 184              		.loc 1 31 9 is_stmt 1 discriminator 3 view .LVU23
 185              		.loc 1 31 36 is_stmt 0 discriminator 3 view .LVU24
 186 0096 181D     		adds	r0, r3, #4
 187 0098 02EB8000 		add	r0, r2, r0, lsl #2
 188 009c 4FF07E51 		mov	r1, #1065353216
 189 00a0 0160     		str	r1, [r0]	@ float
  32:./User/GuassNewton.c ****         params_ram.gyro_scale  [i] = 1.0f;
 190              		.loc 1 32 9 is_stmt 1 discriminator 3 view .LVU25
ARM GAS  /var/folders/yl/_q9l42k90g1g4mdhbs226msm0000gn/T//ccq39Jd4.s 			page 6


 191              		.loc 1 32 36 is_stmt 0 discriminator 3 view .LVU26
 192 00a2 03F10A00 		add	r0, r3, #10
 193 00a6 02EB8000 		add	r0, r2, r0, lsl #2
 194 00aa 0160     		str	r1, [r0]	@ float
  33:./User/GuassNewton.c ****         params_ram.mag_scale   [i] = 1.0f;
 195              		.loc 1 33 9 is_stmt 1 discriminator 3 view .LVU27
 196              		.loc 1 33 36 is_stmt 0 discriminator 3 view .LVU28
 197 00ac 03F11000 		add	r0, r3, #16
 198 00b0 02EB8002 		add	r2, r2, r0, lsl #2
 199 00b4 1160     		str	r1, [r2]	@ float
  26:./User/GuassNewton.c ****     {
 200              		.loc 1 26 28 is_stmt 1 discriminator 3 view .LVU29
  26:./User/GuassNewton.c ****     {
 201              		.loc 1 26 29 is_stmt 0 discriminator 3 view .LVU30
 202 00b6 0133     		adds	r3, r3, #1
 203              	.LVL13:
 204              	.L2:
  26:./User/GuassNewton.c ****     {
 205              		.loc 1 26 21 is_stmt 1 discriminator 1 view .LVU31
  26:./User/GuassNewton.c ****     {
 206              		.loc 1 26 5 is_stmt 0 discriminator 1 view .LVU32
 207 00b8 022B     		cmp	r3, #2
 208 00ba DEDD     		ble	.L3
 209              	.LBE2:
 210              	.LBB3:
  34:./User/GuassNewton.c ****     }
  35:./User/GuassNewton.c ****     for (int i = 0; i < M; ++i) {
 211              		.loc 1 35 14 view .LVU33
 212 00bc 0024     		movs	r4, #0
 213 00be 0AE0     		b	.L4
 214              	.LVL14:
 215              	.L22:
  36:./User/GuassNewton.c ****         GY86_GetData();
  37:./User/GuassNewton.c ****         acc[i][0]= GY86DataList.AX;
  38:./User/GuassNewton.c ****         acc[i][1]= GY86DataList.AY;
  39:./User/GuassNewton.c ****         acc[i][2]= GY86DataList.AZ;
  40:./User/GuassNewton.c ****         mag[i][0]= GY86DataList.GaX;
  41:./User/GuassNewton.c ****         mag[i][1]= GY86DataList.GaY;
  42:./User/GuassNewton.c ****         mag[i][2]= GY86DataList.GaZ;
  43:./User/GuassNewton.c ****         Delay_ms(5);
  44:./User/GuassNewton.c ****         if      (i == 50-1 ){OLED_ShowString(4,1,"**--          **");Delay_ms(1500);}
 216              		.loc 1 44 30 is_stmt 1 discriminator 1 view .LVU34
 217 00c0 8E4A     		ldr	r2, .L31+40
 218 00c2 0121     		movs	r1, #1
 219 00c4 0420     		movs	r0, #4
 220 00c6 FFF7FEFF 		bl	OLED_ShowString
 221              	.LVL15:
 222              		.loc 1 44 70 discriminator 1 view .LVU35
 223 00ca 40F2DC50 		movw	r0, #1500
 224 00ce 0021     		movs	r1, #0
 225 00d0 FFF7FEFF 		bl	Delay_ms
 226              	.LVL16:
 227              	.L6:
  35:./User/GuassNewton.c ****         GY86_GetData();
 228              		.loc 1 35 28 discriminator 2 view .LVU36
 229 00d4 0134     		adds	r4, r4, #1
 230              	.LVL17:
ARM GAS  /var/folders/yl/_q9l42k90g1g4mdhbs226msm0000gn/T//ccq39Jd4.s 			page 7


 231              	.L4:
  35:./User/GuassNewton.c ****         GY86_GetData();
 232              		.loc 1 35 21 discriminator 1 view .LVU37
  35:./User/GuassNewton.c ****         GY86_GetData();
 233              		.loc 1 35 5 is_stmt 0 discriminator 1 view .LVU38
 234 00d6 B4F5967F 		cmp	r4, #300
 235 00da 52DA     		bge	.L21
  36:./User/GuassNewton.c ****         GY86_GetData();
 236              		.loc 1 36 9 is_stmt 1 view .LVU39
 237 00dc FFF7FEFF 		bl	GY86_GetData
 238              	.LVL18:
  37:./User/GuassNewton.c ****         acc[i][1]= GY86DataList.AY;
 239              		.loc 1 37 9 view .LVU40
  37:./User/GuassNewton.c ****         acc[i][1]= GY86DataList.AY;
 240              		.loc 1 37 32 is_stmt 0 view .LVU41
 241 00e0 874B     		ldr	r3, .L31+44
 242 00e2 1868     		ldr	r0, [r3]	@ float
  37:./User/GuassNewton.c ****         acc[i][1]= GY86DataList.AY;
 243              		.loc 1 37 18 view .LVU42
 244 00e4 04EB4402 		add	r2, r4, r4, lsl #1
 245 00e8 9100     		lsls	r1, r2, #2
 246 00ea 864A     		ldr	r2, .L31+48
 247 00ec 0A44     		add	r2, r2, r1
 248 00ee 1060     		str	r0, [r2]	@ float
  38:./User/GuassNewton.c ****         acc[i][2]= GY86DataList.AZ;
 249              		.loc 1 38 9 is_stmt 1 view .LVU43
  38:./User/GuassNewton.c ****         acc[i][2]= GY86DataList.AZ;
 250              		.loc 1 38 32 is_stmt 0 view .LVU44
 251 00f0 5968     		ldr	r1, [r3, #4]	@ float
  38:./User/GuassNewton.c ****         acc[i][2]= GY86DataList.AZ;
 252              		.loc 1 38 18 view .LVU45
 253 00f2 5160     		str	r1, [r2, #4]	@ float
  39:./User/GuassNewton.c ****         mag[i][0]= GY86DataList.GaX;
 254              		.loc 1 39 9 is_stmt 1 view .LVU46
  39:./User/GuassNewton.c ****         mag[i][0]= GY86DataList.GaX;
 255              		.loc 1 39 32 is_stmt 0 view .LVU47
 256 00f4 9968     		ldr	r1, [r3, #8]	@ float
  39:./User/GuassNewton.c ****         mag[i][0]= GY86DataList.GaX;
 257              		.loc 1 39 18 view .LVU48
 258 00f6 9160     		str	r1, [r2, #8]	@ float
  40:./User/GuassNewton.c ****         mag[i][1]= GY86DataList.GaY;
 259              		.loc 1 40 9 is_stmt 1 view .LVU49
  40:./User/GuassNewton.c ****         mag[i][1]= GY86DataList.GaY;
 260              		.loc 1 40 32 is_stmt 0 view .LVU50
 261 00f8 D869     		ldr	r0, [r3, #28]	@ float
  40:./User/GuassNewton.c ****         mag[i][1]= GY86DataList.GaY;
 262              		.loc 1 40 18 view .LVU51
 263 00fa 04EB4402 		add	r2, r4, r4, lsl #1
 264 00fe 9100     		lsls	r1, r2, #2
 265 0100 814A     		ldr	r2, .L31+52
 266 0102 0A44     		add	r2, r2, r1
 267 0104 1060     		str	r0, [r2]	@ float
  41:./User/GuassNewton.c ****         mag[i][2]= GY86DataList.GaZ;
 268              		.loc 1 41 9 is_stmt 1 view .LVU52
  41:./User/GuassNewton.c ****         mag[i][2]= GY86DataList.GaZ;
 269              		.loc 1 41 32 is_stmt 0 view .LVU53
 270 0106 196A     		ldr	r1, [r3, #32]	@ float
ARM GAS  /var/folders/yl/_q9l42k90g1g4mdhbs226msm0000gn/T//ccq39Jd4.s 			page 8


  41:./User/GuassNewton.c ****         mag[i][2]= GY86DataList.GaZ;
 271              		.loc 1 41 18 view .LVU54
 272 0108 5160     		str	r1, [r2, #4]	@ float
  42:./User/GuassNewton.c ****         Delay_ms(5);
 273              		.loc 1 42 9 is_stmt 1 view .LVU55
  42:./User/GuassNewton.c ****         Delay_ms(5);
 274              		.loc 1 42 32 is_stmt 0 view .LVU56
 275 010a 5B6A     		ldr	r3, [r3, #36]	@ float
  42:./User/GuassNewton.c ****         Delay_ms(5);
 276              		.loc 1 42 18 view .LVU57
 277 010c 9360     		str	r3, [r2, #8]	@ float
  43:./User/GuassNewton.c ****         if      (i == 50-1 ){OLED_ShowString(4,1,"**--          **");Delay_ms(1500);}
 278              		.loc 1 43 9 is_stmt 1 view .LVU58
 279 010e 0520     		movs	r0, #5
 280 0110 0021     		movs	r1, #0
 281 0112 FFF7FEFF 		bl	Delay_ms
 282              	.LVL19:
 283              		.loc 1 44 9 view .LVU59
 284              		.loc 1 44 17 is_stmt 0 view .LVU60
 285 0116 312C     		cmp	r4, #49
 286 0118 D2D0     		beq	.L22
  45:./User/GuassNewton.c ****         else if (i == 100-1){OLED_ShowString(4,1,"**----        **");Delay_ms(1500);}
 287              		.loc 1 45 14 is_stmt 1 view .LVU61
 288              		.loc 1 45 17 is_stmt 0 view .LVU62
 289 011a 632C     		cmp	r4, #99
 290 011c 10D0     		beq	.L23
  46:./User/GuassNewton.c ****         else if (i == 150-1){OLED_ShowString(4,1,"**------      **");Delay_ms(1500);}
 291              		.loc 1 46 14 is_stmt 1 view .LVU63
 292              		.loc 1 46 17 is_stmt 0 view .LVU64
 293 011e 952C     		cmp	r4, #149
 294 0120 19D0     		beq	.L24
  47:./User/GuassNewton.c ****         else if (i == 200-1){OLED_ShowString(4,1,"**--------    **");Delay_ms(1500);}
 295              		.loc 1 47 14 is_stmt 1 view .LVU65
 296              		.loc 1 47 17 is_stmt 0 view .LVU66
 297 0122 C72C     		cmp	r4, #199
 298 0124 22D0     		beq	.L25
  48:./User/GuassNewton.c ****         else if (i == 250-1){OLED_ShowString(4,1,"**----------  **");Delay_ms(1500);}
 299              		.loc 1 48 14 is_stmt 1 view .LVU67
 300              		.loc 1 48 17 is_stmt 0 view .LVU68
 301 0126 F92C     		cmp	r4, #249
 302 0128 D4D1     		bne	.L6
 303              		.loc 1 48 30 is_stmt 1 discriminator 1 view .LVU69
 304 012a 784A     		ldr	r2, .L31+56
 305 012c 0121     		movs	r1, #1
 306 012e 0420     		movs	r0, #4
 307 0130 FFF7FEFF 		bl	OLED_ShowString
 308              	.LVL20:
 309              		.loc 1 48 70 discriminator 1 view .LVU70
 310 0134 40F2DC50 		movw	r0, #1500
 311 0138 0021     		movs	r1, #0
 312 013a FFF7FEFF 		bl	Delay_ms
 313              	.LVL21:
 314 013e C9E7     		b	.L6
 315              	.L23:
  45:./User/GuassNewton.c ****         else if (i == 150-1){OLED_ShowString(4,1,"**------      **");Delay_ms(1500);}
 316              		.loc 1 45 30 discriminator 1 view .LVU71
 317 0140 674A     		ldr	r2, .L31+12
ARM GAS  /var/folders/yl/_q9l42k90g1g4mdhbs226msm0000gn/T//ccq39Jd4.s 			page 9


 318 0142 0121     		movs	r1, #1
 319 0144 0420     		movs	r0, #4
 320 0146 FFF7FEFF 		bl	OLED_ShowString
 321              	.LVL22:
  45:./User/GuassNewton.c ****         else if (i == 150-1){OLED_ShowString(4,1,"**------      **");Delay_ms(1500);}
 322              		.loc 1 45 70 discriminator 1 view .LVU72
 323 014a 40F2DC50 		movw	r0, #1500
 324 014e 0021     		movs	r1, #0
 325 0150 FFF7FEFF 		bl	Delay_ms
 326              	.LVL23:
 327 0154 BEE7     		b	.L6
 328              	.L24:
  46:./User/GuassNewton.c ****         else if (i == 200-1){OLED_ShowString(4,1,"**--------    **");Delay_ms(1500);}
 329              		.loc 1 46 30 discriminator 1 view .LVU73
 330 0156 6E4A     		ldr	r2, .L31+60
 331 0158 0121     		movs	r1, #1
 332 015a 0420     		movs	r0, #4
 333 015c FFF7FEFF 		bl	OLED_ShowString
 334              	.LVL24:
  46:./User/GuassNewton.c ****         else if (i == 200-1){OLED_ShowString(4,1,"**--------    **");Delay_ms(1500);}
 335              		.loc 1 46 70 discriminator 1 view .LVU74
 336 0160 40F2DC50 		movw	r0, #1500
 337 0164 0021     		movs	r1, #0
 338 0166 FFF7FEFF 		bl	Delay_ms
 339              	.LVL25:
 340 016a B3E7     		b	.L6
 341              	.L25:
  47:./User/GuassNewton.c ****         else if (i == 250-1){OLED_ShowString(4,1,"**----------  **");Delay_ms(1500);}
 342              		.loc 1 47 30 discriminator 1 view .LVU75
 343 016c 5D4A     		ldr	r2, .L31+16
 344 016e 0121     		movs	r1, #1
 345 0170 0420     		movs	r0, #4
 346 0172 FFF7FEFF 		bl	OLED_ShowString
 347              	.LVL26:
  47:./User/GuassNewton.c ****         else if (i == 250-1){OLED_ShowString(4,1,"**----------  **");Delay_ms(1500);}
 348              		.loc 1 47 70 discriminator 1 view .LVU76
 349 0176 40F2DC50 		movw	r0, #1500
 350 017a 0021     		movs	r1, #0
 351 017c FFF7FEFF 		bl	Delay_ms
 352              	.LVL27:
 353 0180 A8E7     		b	.L6
 354              	.L21:
 355              	.LBE3:
  49:./User/GuassNewton.c ****     }
  50:./User/GuassNewton.c ****     OLED_ShowString(4,1,"**------------**");
 356              		.loc 1 50 5 view .LVU77
 357 0182 594A     		ldr	r2, .L31+20
 358 0184 0121     		movs	r1, #1
 359 0186 0420     		movs	r0, #4
 360 0188 FFF7FEFF 		bl	OLED_ShowString
 361              	.LVL28:
  51:./User/GuassNewton.c ****     Delay_ms(500);
 362              		.loc 1 51 5 view .LVU78
 363 018c 4FF4FA70 		mov	r0, #500
 364 0190 0021     		movs	r1, #0
 365 0192 FFF7FEFF 		bl	Delay_ms
 366              	.LVL29:
ARM GAS  /var/folders/yl/_q9l42k90g1g4mdhbs226msm0000gn/T//ccq39Jd4.s 			page 10


  52:./User/GuassNewton.c ****     OLED_ShowString(2,1,"      Gyro      ");
 367              		.loc 1 52 5 view .LVU79
 368 0196 5F4A     		ldr	r2, .L31+64
 369 0198 0121     		movs	r1, #1
 370 019a 0220     		movs	r0, #2
 371 019c FFF7FEFF 		bl	OLED_ShowString
 372              	.LVL30:
  53:./User/GuassNewton.c ****     OLED_ShowString(3,1,"   End in 3s    ");
 373              		.loc 1 53 5 view .LVU80
 374 01a0 5D4A     		ldr	r2, .L31+68
 375 01a2 0121     		movs	r1, #1
 376 01a4 0320     		movs	r0, #3
 377 01a6 FFF7FEFF 		bl	OLED_ShowString
 378              	.LVL31:
  54:./User/GuassNewton.c ****     OLED_ShowString(4,1,"*              *");
 379              		.loc 1 54 5 view .LVU81
 380 01aa 524A     		ldr	r2, .L31+32
 381 01ac 0121     		movs	r1, #1
 382 01ae 0420     		movs	r0, #4
 383 01b0 FFF7FEFF 		bl	OLED_ShowString
 384              	.LVL32:
  55:./User/GuassNewton.c ****     for (int i = 0; i < M; ++i) {
 385              		.loc 1 55 5 view .LVU82
 386              	.LBB4:
 387              		.loc 1 55 10 view .LVU83
 388              		.loc 1 55 14 is_stmt 0 view .LVU84
 389 01b4 0024     		movs	r4, #0
 390              	.LVL33:
 391              		.loc 1 55 5 view .LVU85
 392 01b6 05E0     		b	.L11
 393              	.LVL34:
 394              	.L27:
  56:./User/GuassNewton.c ****         gyro[i][0] = GY86DataList.GX;
  57:./User/GuassNewton.c ****         gyro[i][1] = GY86DataList.GY;
  58:./User/GuassNewton.c ****         gyro[i][2] = GY86DataList.GZ;
  59:./User/GuassNewton.c ****         Delay_ms(10);
  60:./User/GuassNewton.c ****         if      (i == 50-1 ){OLED_ShowString(4,1,"**--          **");}
 395              		.loc 1 60 30 is_stmt 1 discriminator 1 view .LVU86
 396 01b8 504A     		ldr	r2, .L31+40
 397 01ba 0121     		movs	r1, #1
 398 01bc 0420     		movs	r0, #4
 399 01be FFF7FEFF 		bl	OLED_ShowString
 400              	.LVL35:
 401              	.L13:
  55:./User/GuassNewton.c ****     for (int i = 0; i < M; ++i) {
 402              		.loc 1 55 28 discriminator 2 view .LVU87
 403 01c2 0134     		adds	r4, r4, #1
 404              	.LVL36:
 405              	.L11:
  55:./User/GuassNewton.c ****     for (int i = 0; i < M; ++i) {
 406              		.loc 1 55 21 discriminator 1 view .LVU88
  55:./User/GuassNewton.c ****     for (int i = 0; i < M; ++i) {
 407              		.loc 1 55 5 is_stmt 0 discriminator 1 view .LVU89
 408 01c4 B4F5967F 		cmp	r4, #300
 409 01c8 31DA     		bge	.L26
  56:./User/GuassNewton.c ****         gyro[i][0] = GY86DataList.GX;
 410              		.loc 1 56 9 is_stmt 1 view .LVU90
ARM GAS  /var/folders/yl/_q9l42k90g1g4mdhbs226msm0000gn/T//ccq39Jd4.s 			page 11


  56:./User/GuassNewton.c ****         gyro[i][0] = GY86DataList.GX;
 411              		.loc 1 56 34 is_stmt 0 view .LVU91
 412 01ca 4D4A     		ldr	r2, .L31+44
 413 01cc 1069     		ldr	r0, [r2, #16]	@ float
  56:./User/GuassNewton.c ****         gyro[i][0] = GY86DataList.GX;
 414              		.loc 1 56 20 view .LVU92
 415 01ce 04EB4403 		add	r3, r4, r4, lsl #1
 416 01d2 9900     		lsls	r1, r3, #2
 417 01d4 514B     		ldr	r3, .L31+72
 418 01d6 0B44     		add	r3, r3, r1
 419 01d8 1860     		str	r0, [r3]	@ float
  57:./User/GuassNewton.c ****         gyro[i][2] = GY86DataList.GZ;
 420              		.loc 1 57 9 is_stmt 1 view .LVU93
  57:./User/GuassNewton.c ****         gyro[i][2] = GY86DataList.GZ;
 421              		.loc 1 57 34 is_stmt 0 view .LVU94
 422 01da 5169     		ldr	r1, [r2, #20]	@ float
  57:./User/GuassNewton.c ****         gyro[i][2] = GY86DataList.GZ;
 423              		.loc 1 57 20 view .LVU95
 424 01dc 5960     		str	r1, [r3, #4]	@ float
  58:./User/GuassNewton.c ****         Delay_ms(10);
 425              		.loc 1 58 9 is_stmt 1 view .LVU96
  58:./User/GuassNewton.c ****         Delay_ms(10);
 426              		.loc 1 58 34 is_stmt 0 view .LVU97
 427 01de 9269     		ldr	r2, [r2, #24]	@ float
  58:./User/GuassNewton.c ****         Delay_ms(10);
 428              		.loc 1 58 20 view .LVU98
 429 01e0 9A60     		str	r2, [r3, #8]	@ float
  59:./User/GuassNewton.c ****         if      (i == 50-1 ){OLED_ShowString(4,1,"**--          **");}
 430              		.loc 1 59 9 is_stmt 1 view .LVU99
 431 01e2 0A20     		movs	r0, #10
 432 01e4 0021     		movs	r1, #0
 433 01e6 FFF7FEFF 		bl	Delay_ms
 434              	.LVL37:
 435              		.loc 1 60 9 view .LVU100
 436              		.loc 1 60 17 is_stmt 0 view .LVU101
 437 01ea 312C     		cmp	r4, #49
 438 01ec E4D0     		beq	.L27
  61:./User/GuassNewton.c ****         else if (i == 100-1){OLED_ShowString(4,1,"**----        **");}
 439              		.loc 1 61 14 is_stmt 1 view .LVU102
 440              		.loc 1 61 17 is_stmt 0 view .LVU103
 441 01ee 632C     		cmp	r4, #99
 442 01f0 0BD0     		beq	.L28
  62:./User/GuassNewton.c ****         else if (i == 150-1){OLED_ShowString(4,1,"**------      **");}
 443              		.loc 1 62 14 is_stmt 1 view .LVU104
 444              		.loc 1 62 17 is_stmt 0 view .LVU105
 445 01f2 952C     		cmp	r4, #149
 446 01f4 0FD0     		beq	.L29
  63:./User/GuassNewton.c ****         else if (i == 200-1){OLED_ShowString(4,1,"**--------    **");}
 447              		.loc 1 63 14 is_stmt 1 view .LVU106
 448              		.loc 1 63 17 is_stmt 0 view .LVU107
 449 01f6 C72C     		cmp	r4, #199
 450 01f8 13D0     		beq	.L30
  64:./User/GuassNewton.c ****         else if (i == 250-1){OLED_ShowString(4,1,"**----------  **");}
 451              		.loc 1 64 14 is_stmt 1 view .LVU108
 452              		.loc 1 64 17 is_stmt 0 view .LVU109
 453 01fa F92C     		cmp	r4, #249
 454 01fc E1D1     		bne	.L13
ARM GAS  /var/folders/yl/_q9l42k90g1g4mdhbs226msm0000gn/T//ccq39Jd4.s 			page 12


 455              		.loc 1 64 30 is_stmt 1 discriminator 1 view .LVU110
 456 01fe 434A     		ldr	r2, .L31+56
 457 0200 0121     		movs	r1, #1
 458 0202 0420     		movs	r0, #4
 459 0204 FFF7FEFF 		bl	OLED_ShowString
 460              	.LVL38:
 461 0208 DBE7     		b	.L13
 462              	.L28:
  61:./User/GuassNewton.c ****         else if (i == 150-1){OLED_ShowString(4,1,"**------      **");}
 463              		.loc 1 61 30 discriminator 1 view .LVU111
 464 020a 354A     		ldr	r2, .L31+12
 465 020c 0121     		movs	r1, #1
 466 020e 0420     		movs	r0, #4
 467 0210 FFF7FEFF 		bl	OLED_ShowString
 468              	.LVL39:
 469 0214 D5E7     		b	.L13
 470              	.L29:
  62:./User/GuassNewton.c ****         else if (i == 200-1){OLED_ShowString(4,1,"**--------    **");}
 471              		.loc 1 62 30 discriminator 1 view .LVU112
 472 0216 3E4A     		ldr	r2, .L31+60
 473 0218 0121     		movs	r1, #1
 474 021a 0420     		movs	r0, #4
 475 021c FFF7FEFF 		bl	OLED_ShowString
 476              	.LVL40:
 477 0220 CFE7     		b	.L13
 478              	.L30:
  63:./User/GuassNewton.c ****         else if (i == 250-1){OLED_ShowString(4,1,"**----------  **");}
 479              		.loc 1 63 30 discriminator 1 view .LVU113
 480 0222 304A     		ldr	r2, .L31+16
 481 0224 0121     		movs	r1, #1
 482 0226 0420     		movs	r0, #4
 483 0228 FFF7FEFF 		bl	OLED_ShowString
 484              	.LVL41:
 485 022c C9E7     		b	.L13
 486              	.L26:
 487              	.LBE4:
  65:./User/GuassNewton.c ****     }
  66:./User/GuassNewton.c ****     OLED_ShowString(4,1,"**------------**");
 488              		.loc 1 66 5 view .LVU114
 489 022e 2E4A     		ldr	r2, .L31+20
 490 0230 0121     		movs	r1, #1
 491 0232 0420     		movs	r0, #4
 492 0234 FFF7FEFF 		bl	OLED_ShowString
 493              	.LVL42:
  67:./User/GuassNewton.c ****     float gyroSum[3] = {0, 0, 0};
 494              		.loc 1 67 5 view .LVU115
 495              		.loc 1 67 11 is_stmt 0 view .LVU116
 496 0238 0023     		movs	r3, #0
 497 023a 0193     		str	r3, [sp, #4]	@ float
 498 023c 0293     		str	r3, [sp, #8]	@ float
 499 023e 0393     		str	r3, [sp, #12]	@ float
  68:./User/GuassNewton.c ****     for (int i = 0; i < M; ++i) {
 500              		.loc 1 68 5 is_stmt 1 view .LVU117
 501              	.LBB5:
 502              		.loc 1 68 10 view .LVU118
 503              	.LVL43:
 504              		.loc 1 68 14 is_stmt 0 view .LVU119
ARM GAS  /var/folders/yl/_q9l42k90g1g4mdhbs226msm0000gn/T//ccq39Jd4.s 			page 13


 505 0240 0022     		movs	r2, #0
 506              		.loc 1 68 5 view .LVU120
 507 0242 1DE0     		b	.L18
 508              	.LVL44:
 509              	.L19:
  69:./User/GuassNewton.c ****         gyroSum[0] += gyro[i][0];
 510              		.loc 1 69 9 is_stmt 1 discriminator 3 view .LVU121
 511              		.loc 1 69 30 is_stmt 0 discriminator 3 view .LVU122
 512 0244 02EB4203 		add	r3, r2, r2, lsl #1
 513 0248 9900     		lsls	r1, r3, #2
 514 024a 344B     		ldr	r3, .L31+72
 515 024c 0B44     		add	r3, r3, r1
 516 024e 93ED007A 		vldr.32	s14, [r3]
 517              		.loc 1 69 20 discriminator 3 view .LVU123
 518 0252 DDED017A 		vldr.32	s15, [sp, #4]
 519 0256 77EE877A 		vadd.f32	s15, s15, s14
 520 025a CDED017A 		vstr.32	s15, [sp, #4]
  70:./User/GuassNewton.c ****         gyroSum[1] += gyro[i][1];
 521              		.loc 1 70 9 is_stmt 1 discriminator 3 view .LVU124
 522              		.loc 1 70 30 is_stmt 0 discriminator 3 view .LVU125
 523 025e 93ED017A 		vldr.32	s14, [r3, #4]
 524              		.loc 1 70 20 discriminator 3 view .LVU126
 525 0262 DDED027A 		vldr.32	s15, [sp, #8]
 526 0266 77EE877A 		vadd.f32	s15, s15, s14
 527 026a CDED027A 		vstr.32	s15, [sp, #8]
  71:./User/GuassNewton.c ****         gyroSum[2] += gyro[i][2];
 528              		.loc 1 71 9 is_stmt 1 discriminator 3 view .LVU127
 529              		.loc 1 71 30 is_stmt 0 discriminator 3 view .LVU128
 530 026e 93ED027A 		vldr.32	s14, [r3, #8]
 531              		.loc 1 71 20 discriminator 3 view .LVU129
 532 0272 DDED037A 		vldr.32	s15, [sp, #12]
 533 0276 77EE877A 		vadd.f32	s15, s15, s14
 534 027a CDED037A 		vstr.32	s15, [sp, #12]
  68:./User/GuassNewton.c ****         gyroSum[0] += gyro[i][0];
 535              		.loc 1 68 28 is_stmt 1 discriminator 3 view .LVU130
 536 027e 0132     		adds	r2, r2, #1
 537              	.LVL45:
 538              	.L18:
  68:./User/GuassNewton.c ****         gyroSum[0] += gyro[i][0];
 539              		.loc 1 68 21 discriminator 1 view .LVU131
  68:./User/GuassNewton.c ****         gyroSum[0] += gyro[i][0];
 540              		.loc 1 68 5 is_stmt 0 discriminator 1 view .LVU132
 541 0280 B2F5967F 		cmp	r2, #300
 542 0284 DEDB     		blt	.L19
 543              	.LBE5:
  72:./User/GuassNewton.c ****     }
  73:./User/GuassNewton.c ****     params_ram.gyro_offset[0] = gyroSum[0] / M;
 544              		.loc 1 73 5 is_stmt 1 view .LVU133
 545              		.loc 1 73 44 is_stmt 0 view .LVU134
 546 0286 DFED267A 		vldr.32	s15, .L31+76
 547 028a DDED016A 		vldr.32	s13, [sp, #4]
 548 028e 86EEA77A 		vdiv.f32	s14, s13, s15
 549              		.loc 1 73 31 view .LVU135
 550 0292 194B     		ldr	r3, .L31+36
 551 0294 83ED077A 		vstr.32	s14, [r3, #28]
  74:./User/GuassNewton.c ****     params_ram.gyro_offset[1] = gyroSum[1] / M;
 552              		.loc 1 74 5 is_stmt 1 view .LVU136
ARM GAS  /var/folders/yl/_q9l42k90g1g4mdhbs226msm0000gn/T//ccq39Jd4.s 			page 14


 553              		.loc 1 74 40 is_stmt 0 view .LVU137
 554 0298 DDED026A 		vldr.32	s13, [sp, #8]
 555              		.loc 1 74 44 view .LVU138
 556 029c 86EEA77A 		vdiv.f32	s14, s13, s15
 557              		.loc 1 74 31 view .LVU139
 558 02a0 83ED087A 		vstr.32	s14, [r3, #32]
  75:./User/GuassNewton.c ****     params_ram.gyro_offset[2] = gyroSum[2] / M;
 559              		.loc 1 75 5 is_stmt 1 view .LVU140
 560              		.loc 1 75 40 is_stmt 0 view .LVU141
 561 02a4 DDED036A 		vldr.32	s13, [sp, #12]
 562              		.loc 1 75 44 view .LVU142
 563 02a8 86EEA77A 		vdiv.f32	s14, s13, s15
 564              		.loc 1 75 31 view .LVU143
 565 02ac 83ED097A 		vstr.32	s14, [r3, #36]
  76:./User/GuassNewton.c ****     OLED_ShowString(2,1,"Collecting  Data");
 566              		.loc 1 76 5 is_stmt 1 view .LVU144
 567 02b0 084A     		ldr	r2, .L31
 568              	.LVL46:
 569              		.loc 1 76 5 is_stmt 0 view .LVU145
 570 02b2 0121     		movs	r1, #1
 571 02b4 0220     		movs	r0, #2
 572 02b6 FFF7FEFF 		bl	OLED_ShowString
 573              	.LVL47:
  77:./User/GuassNewton.c ****     OLED_ShowString(3,1,"    Finished    ");
 574              		.loc 1 77 5 is_stmt 1 view .LVU146
 575 02ba 1A4A     		ldr	r2, .L31+80
 576 02bc 0121     		movs	r1, #1
 577 02be 0320     		movs	r0, #3
 578 02c0 FFF7FEFF 		bl	OLED_ShowString
 579              	.LVL48:
  78:./User/GuassNewton.c ****     OLED_ShowString(4,1,"****************");
 580              		.loc 1 78 5 view .LVU147
 581 02c4 184A     		ldr	r2, .L31+84
 582 02c6 0121     		movs	r1, #1
 583 02c8 0420     		movs	r0, #4
 584 02ca FFF7FEFF 		bl	OLED_ShowString
 585              	.LVL49:
  79:./User/GuassNewton.c **** }
 586              		.loc 1 79 1 is_stmt 0 view .LVU148
 587 02ce 04B0     		add	sp, sp, #16
 588              	.LCFI2:
 589              		.cfi_def_cfa_offset 8
 590              		@ sp needed
 591 02d0 10BD     		pop	{r4, pc}
 592              	.LVL50:
 593              	.L32:
 594              		.loc 1 79 1 view .LVU149
 595 02d2 00BF     		.align	2
 596              	.L31:
 597 02d4 00000000 		.word	.LC1
 598 02d8 14000000 		.word	.LC2
 599 02dc 28000000 		.word	.LC3
 600 02e0 3C000000 		.word	.LC4
 601 02e4 50000000 		.word	.LC5
 602 02e8 64000000 		.word	.LC6
 603 02ec 78000000 		.word	.LC7
 604 02f0 8C000000 		.word	.LC8
ARM GAS  /var/folders/yl/_q9l42k90g1g4mdhbs226msm0000gn/T//ccq39Jd4.s 			page 15


 605 02f4 A0000000 		.word	.LC9
 606 02f8 00000000 		.word	params_ram
 607 02fc B4000000 		.word	.LC10
 608 0300 00000000 		.word	GY86DataList
 609 0304 00000000 		.word	.LANCHOR0
 610 0308 00000000 		.word	.LANCHOR1
 611 030c DC000000 		.word	.LC12
 612 0310 C8000000 		.word	.LC11
 613 0314 F0000000 		.word	.LC13
 614 0318 04010000 		.word	.LC14
 615 031c 00000000 		.word	.LANCHOR2
 616 0320 00009643 		.word	1133903872
 617 0324 18010000 		.word	.LC15
 618 0328 2C010000 		.word	.LC16
 619              		.cfi_endproc
 620              	.LFE126:
 622              		.section	.text.constrainFloat,"ax",%progbits
 623              		.align	1
 624              		.global	constrainFloat
 625              		.syntax unified
 626              		.thumb
 627              		.thumb_func
 629              	constrainFloat:
 630              	.LVL51:
 631              	.LFB127:
  80:./User/GuassNewton.c **** 
  81:./User/GuassNewton.c **** float constrainFloat(float x, float low, float high) {
 632              		.loc 1 81 54 is_stmt 1 view -0
 633              		.cfi_startproc
 634              		@ args = 0, pretend = 0, frame = 0
 635              		@ frame_needed = 0, uses_anonymous_args = 0
 636              		@ link register save eliminated.
  82:./User/GuassNewton.c ****     if (isnan(x)) {
 637              		.loc 1 82 5 view .LVU151
 638              		.loc 1 82 8 is_stmt 0 view .LVU152
 639 0000 B4EE400A 		vcmp.f32	s0, s0
 640 0004 F1EE10FA 		vmrs	APSR_nzcv, FPSCR
 641 0008 0CD6     		bvs	.L41
  83:./User/GuassNewton.c ****         return (low + high) * 0.5f;
  84:./User/GuassNewton.c ****     }
  85:./User/GuassNewton.c ****     return ((x) < (low) ? (low) : ((x) > (high) ? (high) : (x)));
 642              		.loc 1 85 5 is_stmt 1 view .LVU153
 643              		.loc 1 85 33 is_stmt 0 view .LVU154
 644 000a B4EEE00A 		vcmpe.f32	s0, s1
 645 000e F1EE10FA 		vmrs	APSR_nzcv, FPSCR
 646 0012 0ED4     		bmi	.L37
 647              		.loc 1 85 58 discriminator 2 view .LVU155
 648 0014 B4EEC10A 		vcmpe.f32	s0, s2
 649 0018 F1EE10FA 		vmrs	APSR_nzcv, FPSCR
 650 001c 0BDD     		ble	.L33
 651              		.loc 1 85 58 view .LVU156
 652 001e B0EE410A 		vmov.f32	s0, s2
 653              	.LVL52:
 654              		.loc 1 85 58 view .LVU157
 655 0022 7047     		bx	lr
 656              	.LVL53:
 657              	.L41:
ARM GAS  /var/folders/yl/_q9l42k90g1g4mdhbs226msm0000gn/T//ccq39Jd4.s 			page 16


  83:./User/GuassNewton.c ****         return (low + high) * 0.5f;
 658              		.loc 1 83 9 is_stmt 1 view .LVU158
  83:./User/GuassNewton.c ****         return (low + high) * 0.5f;
 659              		.loc 1 83 21 is_stmt 0 view .LVU159
 660 0024 70EE810A 		vadd.f32	s1, s1, s2
 661              	.LVL54:
  83:./User/GuassNewton.c ****         return (low + high) * 0.5f;
 662              		.loc 1 83 29 view .LVU160
 663 0028 B6EE000A 		vmov.f32	s0, #5.0e-1
 664              	.LVL55:
  83:./User/GuassNewton.c ****         return (low + high) * 0.5f;
 665              		.loc 1 83 29 view .LVU161
 666 002c 20EE800A 		vmul.f32	s0, s1, s0
 667 0030 7047     		bx	lr
 668              	.LVL56:
 669              	.L37:
 670              		.loc 1 85 33 view .LVU162
 671 0032 B0EE600A 		vmov.f32	s0, s1
 672              	.LVL57:
 673              	.L33:
  86:./User/GuassNewton.c **** }
 674              		.loc 1 86 1 view .LVU163
 675 0036 7047     		bx	lr
 676              		.cfi_endproc
 677              	.LFE127:
 679              		.section	.rodata.gaussElimination.str1.4,"aMS",%progbits,1
 680              		.align	2
 681              	.LC17:
 682 0000 4572726F 		.ascii	"Error: gaussElimination no solution!\015\000"
 682      723A2067 
 682      61757373 
 682      456C696D 
 682      696E6174 
 683              		.section	.text.gaussElimination,"ax",%progbits
 684              		.align	1
 685              		.global	gaussElimination
 686              		.syntax unified
 687              		.thumb
 688              		.thumb_func
 690              	gaussElimination:
 691              	.LVL58:
 692              	.LFB128:
  87:./User/GuassNewton.c **** 
  88:./User/GuassNewton.c **** void gaussElimination(float (*a)[7]) {
 693              		.loc 1 88 38 is_stmt 1 view -0
 694              		.cfi_startproc
 695              		@ args = 0, pretend = 0, frame = 0
 696              		@ frame_needed = 0, uses_anonymous_args = 0
 697              		.loc 1 88 38 is_stmt 0 view .LVU165
 698 0000 38B5     		push	{r3, r4, r5, lr}
 699              	.LCFI3:
 700              		.cfi_def_cfa_offset 16
 701              		.cfi_offset 3, -16
 702              		.cfi_offset 4, -12
 703              		.cfi_offset 5, -8
 704              		.cfi_offset 14, -4
  89:./User/GuassNewton.c ****     for (int i = 0; i < 6; ++i) {
ARM GAS  /var/folders/yl/_q9l42k90g1g4mdhbs226msm0000gn/T//ccq39Jd4.s 			page 17


 705              		.loc 1 89 5 is_stmt 1 view .LVU166
 706              	.LBB6:
 707              		.loc 1 89 10 view .LVU167
 708              	.LVL59:
 709              		.loc 1 89 14 is_stmt 0 view .LVU168
 710 0002 4FF0000E 		mov	lr, #0
 711              		.loc 1 89 5 view .LVU169
 712 0006 75E0     		b	.L43
 713              	.LVL60:
 714              	.L45:
 715              	.LBB7:
 716              	.LBB8:
  90:./User/GuassNewton.c **** 		int r = i;
  91:./User/GuassNewton.c **** 		for (int j = i + 1; j < 6; ++j)
 717              		.loc 1 91 30 is_stmt 1 discriminator 2 view .LVU170
 718 0008 0132     		adds	r2, r2, #1
 719              	.LVL61:
 720              	.L44:
 721              		.loc 1 91 23 discriminator 1 view .LVU171
 722              		.loc 1 91 3 is_stmt 0 discriminator 1 view .LVU172
 723 000a 052A     		cmp	r2, #5
 724 000c 1ADC     		bgt	.L67
  92:./User/GuassNewton.c **** 		    if(fabsf(a[j][i]) > fabsf(a[r][i])) r = j;
 725              		.loc 1 92 7 is_stmt 1 view .LVU173
 726              		.loc 1 92 17 is_stmt 0 view .LVU174
 727 000e C2EBC203 		rsb	r3, r2, r2, lsl #3
 728 0012 00EB8303 		add	r3, r0, r3, lsl #2
 729              		.loc 1 92 20 view .LVU175
 730 0016 03EB8E03 		add	r3, r3, lr, lsl #2
 731 001a 93ED007A 		vldr.32	s14, [r3]
 732              		.loc 1 92 10 view .LVU176
 733 001e B0EEC77A 		vabs.f32	s14, s14
 734              		.loc 1 92 34 view .LVU177
 735 0022 C1EBC103 		rsb	r3, r1, r1, lsl #3
 736 0026 00EB8303 		add	r3, r0, r3, lsl #2
 737              		.loc 1 92 37 view .LVU178
 738 002a 03EB8E03 		add	r3, r3, lr, lsl #2
 739 002e D3ED007A 		vldr.32	s15, [r3]
 740              		.loc 1 92 27 view .LVU179
 741 0032 F0EEE77A 		vabs.f32	s15, s15
 742              		.loc 1 92 9 view .LVU180
 743 0036 B4EEE77A 		vcmpe.f32	s14, s15
 744 003a F1EE10FA 		vmrs	APSR_nzcv, FPSCR
 745 003e E3DD     		ble	.L45
 746              		.loc 1 92 45 view .LVU181
 747 0040 1146     		mov	r1, r2
 748              	.LVL62:
 749              		.loc 1 92 45 view .LVU182
 750 0042 E1E7     		b	.L45
 751              	.LVL63:
 752              	.L67:
 753              		.loc 1 92 45 view .LVU183
 754              	.LBE8:
  93:./User/GuassNewton.c ****         if (fabsf(a[r][i]) < eps) {
 755              		.loc 1 93 9 is_stmt 1 view .LVU184
 756              		.loc 1 93 20 is_stmt 0 view .LVU185
 757 0044 C1EBC105 		rsb	r5, r1, r1, lsl #3
ARM GAS  /var/folders/yl/_q9l42k90g1g4mdhbs226msm0000gn/T//ccq39Jd4.s 			page 18


 758 0048 00EB8505 		add	r5, r0, r5, lsl #2
 759              		.loc 1 93 23 view .LVU186
 760 004c 05EB8E03 		add	r3, r5, lr, lsl #2
 761 0050 D3ED007A 		vldr.32	s15, [r3]
 762              		.loc 1 93 13 view .LVU187
 763 0054 F0EEE77A 		vabs.f32	s15, s15
 764              		.loc 1 93 12 view .LVU188
 765 0058 9FED417A 		vldr.32	s14, .L73
 766 005c F4EEC77A 		vcmpe.f32	s15, s14
 767 0060 F1EE10FA 		vmrs	APSR_nzcv, FPSCR
 768 0064 03D4     		bmi	.L68
  94:./User/GuassNewton.c **** 			printf("Error: gaussElimination no solution!\r\n");
  95:./User/GuassNewton.c **** 			return;
  96:./User/GuassNewton.c **** 		}
  97:./User/GuassNewton.c **** 		if(r != i) {
 769              		.loc 1 97 3 is_stmt 1 view .LVU189
 770              		.loc 1 97 5 is_stmt 0 view .LVU190
 771 0066 8E45     		cmp	lr, r1
 772 0068 19D1     		bne	.L69
 773              	.LVL64:
 774              	.L51:
 775              	.LBB9:
 776              	.LBB10:
 777              	.LBB11:
  98:./User/GuassNewton.c ****             for (int j = 0; j < 6 + 1; ++j) {
  99:./User/GuassNewton.c ****                 float temp = a[i][j];
 100:./User/GuassNewton.c ****                 a[i][j] = a[r][j];
 101:./User/GuassNewton.c ****                 a[r][j] = temp;
 102:./User/GuassNewton.c ****             }
 103:./User/GuassNewton.c ****         }
 104:./User/GuassNewton.c **** 		for (int j = i + 1; j < 6; ++j){
 105:./User/GuassNewton.c **** 			const float div = a[j][i] / a[i][i];
 106:./User/GuassNewton.c ****             for (int k = i; k < 6 + 1; ++k)
 778              		.loc 1 106 22 discriminator 1 view .LVU191
 779 006a 2546     		mov	r5, r4
 780 006c 2BE0     		b	.L53
 781              	.LVL65:
 782              	.L68:
 783              		.loc 1 106 22 discriminator 1 view .LVU192
 784              	.LBE11:
 785              	.LBE10:
 786              	.LBE9:
  94:./User/GuassNewton.c **** 			printf("Error: gaussElimination no solution!\r\n");
 787              		.loc 1 94 4 is_stmt 1 view .LVU193
 788 006e 3D48     		ldr	r0, .L73+4
 789              	.LVL66:
  94:./User/GuassNewton.c **** 			printf("Error: gaussElimination no solution!\r\n");
 790              		.loc 1 94 4 is_stmt 0 view .LVU194
 791 0070 FFF7FEFF 		bl	puts
 792              	.LVL67:
  95:./User/GuassNewton.c **** 		}
 793              		.loc 1 95 4 is_stmt 1 view .LVU195
 794              	.L42:
  95:./User/GuassNewton.c **** 		}
 795              		.loc 1 95 4 is_stmt 0 view .LVU196
 796              	.LBE7:
 797              	.LBE6:
ARM GAS  /var/folders/yl/_q9l42k90g1g4mdhbs226msm0000gn/T//ccq39Jd4.s 			page 19


 107:./User/GuassNewton.c **** 			    a[j][k] -= div * a[i][k];
 108:./User/GuassNewton.c **** 		}
 109:./User/GuassNewton.c **** 	}
 110:./User/GuassNewton.c **** 	for(int i = 6 - 1; i >= 0; --i){
 111:./User/GuassNewton.c **** 		for (int j = i + 1; j < 6; ++j)
 112:./User/GuassNewton.c **** 		    a[i][6] -= a[j][6] * a[i][j];
 113:./User/GuassNewton.c **** 		a[i][6] /= a[i][i];
 114:./User/GuassNewton.c **** 	}
 115:./User/GuassNewton.c **** } 
 798              		.loc 1 115 1 view .LVU197
 799 0074 38BD     		pop	{r3, r4, r5, pc}
 800              	.LVL68:
 801              	.L52:
 802              	.LBB23:
 803              	.LBB21:
 804              	.LBB16:
 805              	.LBB17:
  99:./User/GuassNewton.c ****                 a[i][j] = a[r][j];
 806              		.loc 1 99 17 is_stmt 1 discriminator 3 view .LVU198
  99:./User/GuassNewton.c ****                 a[i][j] = a[r][j];
 807              		.loc 1 99 31 is_stmt 0 discriminator 3 view .LVU199
 808 0076 CEEBCE03 		rsb	r3, lr, lr, lsl #3
 809 007a 00EB8303 		add	r3, r0, r3, lsl #2
  99:./User/GuassNewton.c ****                 a[i][j] = a[r][j];
 810              		.loc 1 99 23 discriminator 3 view .LVU200
 811 007e 03EB8203 		add	r3, r3, r2, lsl #2
 812 0082 D3F800C0 		ldr	ip, [r3]	@ float
 813              	.LVL69:
 100:./User/GuassNewton.c ****                 a[r][j] = temp;
 814              		.loc 1 100 17 is_stmt 1 discriminator 3 view .LVU201
 100:./User/GuassNewton.c ****                 a[r][j] = temp;
 815              		.loc 1 100 31 is_stmt 0 discriminator 3 view .LVU202
 816 0086 05EB8201 		add	r1, r5, r2, lsl #2
 817 008a D1ED007A 		vldr.32	s15, [r1]
 100:./User/GuassNewton.c ****                 a[r][j] = temp;
 818              		.loc 1 100 25 discriminator 3 view .LVU203
 819 008e C3ED007A 		vstr.32	s15, [r3]
 101:./User/GuassNewton.c ****             }
 820              		.loc 1 101 17 is_stmt 1 discriminator 3 view .LVU204
 101:./User/GuassNewton.c ****             }
 821              		.loc 1 101 25 is_stmt 0 discriminator 3 view .LVU205
 822 0092 C1F800C0 		str	ip, [r1]	@ float
 823              	.LBE17:
  98:./User/GuassNewton.c ****                 float temp = a[i][j];
 824              		.loc 1 98 40 is_stmt 1 discriminator 3 view .LVU206
 825 0096 0132     		adds	r2, r2, #1
 826              	.LVL70:
 827              	.L50:
  98:./User/GuassNewton.c ****                 float temp = a[i][j];
 828              		.loc 1 98 29 discriminator 1 view .LVU207
  98:./User/GuassNewton.c ****                 float temp = a[i][j];
 829              		.loc 1 98 13 is_stmt 0 discriminator 1 view .LVU208
 830 0098 062A     		cmp	r2, #6
 831 009a ECDD     		ble	.L52
 832 009c E5E7     		b	.L51
 833              	.LVL71:
 834              	.L69:
ARM GAS  /var/folders/yl/_q9l42k90g1g4mdhbs226msm0000gn/T//ccq39Jd4.s 			page 20


  98:./User/GuassNewton.c ****                 float temp = a[i][j];
 835              		.loc 1 98 22 view .LVU209
 836 009e 0022     		movs	r2, #0
 837              	.LVL72:
  98:./User/GuassNewton.c ****                 float temp = a[i][j];
 838              		.loc 1 98 22 view .LVU210
 839 00a0 FAE7     		b	.L50
 840              	.LVL73:
 841              	.L55:
  98:./User/GuassNewton.c ****                 float temp = a[i][j];
 842              		.loc 1 98 22 view .LVU211
 843              	.LBE16:
 844              	.LBB18:
 845              	.LBB14:
 846              	.LBB12:
 107:./User/GuassNewton.c **** 		}
 847              		.loc 1 107 8 is_stmt 1 discriminator 3 view .LVU212
 107:./User/GuassNewton.c **** 		}
 848              		.loc 1 107 29 is_stmt 0 discriminator 3 view .LVU213
 849 00a2 01EB8302 		add	r2, r1, r3, lsl #2
 850 00a6 D2ED007A 		vldr.32	s15, [r2]
 107:./User/GuassNewton.c **** 		}
 851              		.loc 1 107 23 discriminator 3 view .LVU214
 852 00aa 27EEA67A 		vmul.f32	s14, s15, s13
 107:./User/GuassNewton.c **** 		}
 853              		.loc 1 107 16 discriminator 3 view .LVU215
 854 00ae 0CEB8302 		add	r2, ip, r3, lsl #2
 855 00b2 D2ED007A 		vldr.32	s15, [r2]
 856 00b6 77EEC77A 		vsub.f32	s15, s15, s14
 857 00ba C2ED007A 		vstr.32	s15, [r2]
 106:./User/GuassNewton.c **** 			    a[j][k] -= div * a[i][k];
 858              		.loc 1 106 40 is_stmt 1 discriminator 3 view .LVU216
 859 00be 0133     		adds	r3, r3, #1
 860              	.LVL74:
 861              	.L54:
 106:./User/GuassNewton.c **** 			    a[j][k] -= div * a[i][k];
 862              		.loc 1 106 29 discriminator 1 view .LVU217
 106:./User/GuassNewton.c **** 			    a[j][k] -= div * a[i][k];
 863              		.loc 1 106 13 is_stmt 0 discriminator 1 view .LVU218
 864 00c0 062B     		cmp	r3, #6
 865 00c2 EEDD     		ble	.L55
 106:./User/GuassNewton.c **** 			    a[j][k] -= div * a[i][k];
 866              		.loc 1 106 13 discriminator 1 view .LVU219
 867              	.LBE12:
 868              	.LBE14:
 104:./User/GuassNewton.c **** 			const float div = a[j][i] / a[i][i];
 869              		.loc 1 104 30 is_stmt 1 discriminator 2 view .LVU220
 870 00c4 0135     		adds	r5, r5, #1
 871              	.LVL75:
 872              	.L53:
 104:./User/GuassNewton.c **** 			const float div = a[j][i] / a[i][i];
 873              		.loc 1 104 23 discriminator 1 view .LVU221
 104:./User/GuassNewton.c **** 			const float div = a[j][i] / a[i][i];
 874              		.loc 1 104 3 is_stmt 0 discriminator 1 view .LVU222
 875 00c6 052D     		cmp	r5, #5
 876 00c8 13DC     		bgt	.L70
 877              	.LBB15:
ARM GAS  /var/folders/yl/_q9l42k90g1g4mdhbs226msm0000gn/T//ccq39Jd4.s 			page 21


 105:./User/GuassNewton.c ****             for (int k = i; k < 6 + 1; ++k)
 878              		.loc 1 105 4 is_stmt 1 view .LVU223
 105:./User/GuassNewton.c ****             for (int k = i; k < 6 + 1; ++k)
 879              		.loc 1 105 23 is_stmt 0 view .LVU224
 880 00ca C5EBC50C 		rsb	ip, r5, r5, lsl #3
 881 00ce 00EB8C0C 		add	ip, r0, ip, lsl #2
 105:./User/GuassNewton.c ****             for (int k = i; k < 6 + 1; ++k)
 882              		.loc 1 105 26 view .LVU225
 883 00d2 0CEB8E03 		add	r3, ip, lr, lsl #2
 884 00d6 93ED007A 		vldr.32	s14, [r3]
 105:./User/GuassNewton.c ****             for (int k = i; k < 6 + 1; ++k)
 885              		.loc 1 105 33 view .LVU226
 886 00da CEEBCE01 		rsb	r1, lr, lr, lsl #3
 887 00de 00EB8101 		add	r1, r0, r1, lsl #2
 105:./User/GuassNewton.c ****             for (int k = i; k < 6 + 1; ++k)
 888              		.loc 1 105 36 view .LVU227
 889 00e2 01EB8E03 		add	r3, r1, lr, lsl #2
 890 00e6 D3ED007A 		vldr.32	s15, [r3]
 105:./User/GuassNewton.c ****             for (int k = i; k < 6 + 1; ++k)
 891              		.loc 1 105 16 view .LVU228
 892 00ea C7EE276A 		vdiv.f32	s13, s14, s15
 893              	.LVL76:
 106:./User/GuassNewton.c **** 			    a[j][k] -= div * a[i][k];
 894              		.loc 1 106 13 is_stmt 1 view .LVU229
 895              	.LBB13:
 106:./User/GuassNewton.c **** 			    a[j][k] -= div * a[i][k];
 896              		.loc 1 106 18 view .LVU230
 106:./User/GuassNewton.c **** 			    a[j][k] -= div * a[i][k];
 897              		.loc 1 106 22 is_stmt 0 view .LVU231
 898 00ee 7346     		mov	r3, lr
 106:./User/GuassNewton.c **** 			    a[j][k] -= div * a[i][k];
 899              		.loc 1 106 13 view .LVU232
 900 00f0 E6E7     		b	.L54
 901              	.LVL77:
 902              	.L70:
 106:./User/GuassNewton.c **** 			    a[j][k] -= div * a[i][k];
 903              		.loc 1 106 13 view .LVU233
 904              	.LBE13:
 905              	.LBE15:
 906              	.LBE18:
 907              	.LBE21:
  89:./User/GuassNewton.c **** 		int r = i;
 908              		.loc 1 89 28 view .LVU234
 909 00f2 A646     		mov	lr, r4
 910              	.LVL78:
 911              	.L43:
  89:./User/GuassNewton.c **** 		int r = i;
 912              		.loc 1 89 21 is_stmt 1 discriminator 1 view .LVU235
  89:./User/GuassNewton.c **** 		int r = i;
 913              		.loc 1 89 5 is_stmt 0 discriminator 1 view .LVU236
 914 00f4 BEF1050F 		cmp	lr, #5
 915 00f8 04DC     		bgt	.L71
 916              	.LBB22:
  90:./User/GuassNewton.c **** 		for (int j = i + 1; j < 6; ++j)
 917              		.loc 1 90 3 is_stmt 1 view .LVU237
 918              	.LVL79:
  91:./User/GuassNewton.c **** 		    if(fabsf(a[j][i]) > fabsf(a[r][i])) r = j;
ARM GAS  /var/folders/yl/_q9l42k90g1g4mdhbs226msm0000gn/T//ccq39Jd4.s 			page 22


 919              		.loc 1 91 3 view .LVU238
 920              	.LBB19:
  91:./User/GuassNewton.c **** 		    if(fabsf(a[j][i]) > fabsf(a[r][i])) r = j;
 921              		.loc 1 91 8 view .LVU239
  91:./User/GuassNewton.c **** 		    if(fabsf(a[j][i]) > fabsf(a[r][i])) r = j;
 922              		.loc 1 91 12 is_stmt 0 view .LVU240
 923 00fa 0EF10104 		add	r4, lr, #1
 924              	.LVL80:
  91:./User/GuassNewton.c **** 		    if(fabsf(a[j][i]) > fabsf(a[r][i])) r = j;
 925              		.loc 1 91 12 view .LVU241
 926 00fe 2246     		mov	r2, r4
 927              	.LBE19:
  90:./User/GuassNewton.c **** 		for (int j = i + 1; j < 6; ++j)
 928              		.loc 1 90 7 view .LVU242
 929 0100 7146     		mov	r1, lr
 930              	.LBB20:
  91:./User/GuassNewton.c **** 		    if(fabsf(a[j][i]) > fabsf(a[r][i])) r = j;
 931              		.loc 1 91 3 view .LVU243
 932 0102 82E7     		b	.L44
 933              	.LVL81:
 934              	.L71:
  91:./User/GuassNewton.c **** 		    if(fabsf(a[j][i]) > fabsf(a[r][i])) r = j;
 935              		.loc 1 91 3 view .LVU244
 936              	.LBE20:
 937              	.LBE22:
 938              	.LBE23:
 939              	.LBB24:
 110:./User/GuassNewton.c **** 		for (int j = i + 1; j < 6; ++j)
 940              		.loc 1 110 10 view .LVU245
 941 0104 0524     		movs	r4, #5
 942 0106 0EE0     		b	.L58
 943              	.LVL82:
 944              	.L72:
 113:./User/GuassNewton.c **** 	}
 945              		.loc 1 113 3 is_stmt 1 discriminator 2 view .LVU246
 113:./User/GuassNewton.c **** 	}
 946              		.loc 1 113 11 is_stmt 0 discriminator 2 view .LVU247
 947 0108 C4EBC403 		rsb	r3, r4, r4, lsl #3
 948              	.LVL83:
 113:./User/GuassNewton.c **** 	}
 949              		.loc 1 113 11 discriminator 2 view .LVU248
 950 010c 00EB8303 		add	r3, r0, r3, lsl #2
 113:./User/GuassNewton.c **** 	}
 951              		.loc 1 113 18 discriminator 2 view .LVU249
 952 0110 03EB8402 		add	r2, r3, r4, lsl #2
 953 0114 92ED007A 		vldr.32	s14, [r2]
 113:./User/GuassNewton.c **** 	}
 954              		.loc 1 113 11 discriminator 2 view .LVU250
 955 0118 D3ED066A 		vldr.32	s13, [r3, #24]
 956 011c C6EE877A 		vdiv.f32	s15, s13, s14
 957 0120 C3ED067A 		vstr.32	s15, [r3, #24]
 110:./User/GuassNewton.c **** 		for (int j = i + 1; j < 6; ++j)
 958              		.loc 1 110 29 is_stmt 1 discriminator 2 view .LVU251
 959 0124 013C     		subs	r4, r4, #1
 960              	.LVL84:
 961              	.L58:
 110:./User/GuassNewton.c **** 		for (int j = i + 1; j < 6; ++j)
ARM GAS  /var/folders/yl/_q9l42k90g1g4mdhbs226msm0000gn/T//ccq39Jd4.s 			page 23


 962              		.loc 1 110 21 discriminator 1 view .LVU252
 110:./User/GuassNewton.c **** 		for (int j = i + 1; j < 6; ++j)
 963              		.loc 1 110 2 is_stmt 0 discriminator 1 view .LVU253
 964 0126 002C     		cmp	r4, #0
 965 0128 A4DB     		blt	.L42
 111:./User/GuassNewton.c **** 		    a[i][6] -= a[j][6] * a[i][j];
 966              		.loc 1 111 3 is_stmt 1 view .LVU254
 967              	.LBB25:
 111:./User/GuassNewton.c **** 		    a[i][6] -= a[j][6] * a[i][j];
 968              		.loc 1 111 8 view .LVU255
 111:./User/GuassNewton.c **** 		    a[i][6] -= a[j][6] * a[i][j];
 969              		.loc 1 111 12 is_stmt 0 view .LVU256
 970 012a 631C     		adds	r3, r4, #1
 971              	.LVL85:
 972              	.L59:
 111:./User/GuassNewton.c **** 		    a[i][6] -= a[j][6] * a[i][j];
 973              		.loc 1 111 23 is_stmt 1 discriminator 1 view .LVU257
 111:./User/GuassNewton.c **** 		    a[i][6] -= a[j][6] * a[i][j];
 974              		.loc 1 111 3 is_stmt 0 discriminator 1 view .LVU258
 975 012c 052B     		cmp	r3, #5
 976 012e EBDC     		bgt	.L72
 112:./User/GuassNewton.c **** 		a[i][6] /= a[i][i];
 977              		.loc 1 112 7 is_stmt 1 discriminator 3 view .LVU259
 112:./User/GuassNewton.c **** 		a[i][6] /= a[i][i];
 978              		.loc 1 112 15 is_stmt 0 discriminator 3 view .LVU260
 979 0130 C4EBC402 		rsb	r2, r4, r4, lsl #3
 980 0134 00EB8202 		add	r2, r0, r2, lsl #2
 112:./User/GuassNewton.c **** 		a[i][6] /= a[i][i];
 981              		.loc 1 112 19 discriminator 3 view .LVU261
 982 0138 C3EBC301 		rsb	r1, r3, r3, lsl #3
 983 013c 00EB8101 		add	r1, r0, r1, lsl #2
 112:./User/GuassNewton.c **** 		a[i][6] /= a[i][i];
 984              		.loc 1 112 22 discriminator 3 view .LVU262
 985 0140 D1ED067A 		vldr.32	s15, [r1, #24]
 112:./User/GuassNewton.c **** 		a[i][6] /= a[i][i];
 986              		.loc 1 112 32 discriminator 3 view .LVU263
 987 0144 02EB8301 		add	r1, r2, r3, lsl #2
 988 0148 91ED007A 		vldr.32	s14, [r1]
 112:./User/GuassNewton.c **** 		a[i][6] /= a[i][i];
 989              		.loc 1 112 26 discriminator 3 view .LVU264
 990 014c 27EE877A 		vmul.f32	s14, s15, s14
 112:./User/GuassNewton.c **** 		a[i][6] /= a[i][i];
 991              		.loc 1 112 15 discriminator 3 view .LVU265
 992 0150 D2ED067A 		vldr.32	s15, [r2, #24]
 993 0154 77EEC77A 		vsub.f32	s15, s15, s14
 994 0158 C2ED067A 		vstr.32	s15, [r2, #24]
 111:./User/GuassNewton.c **** 		    a[i][6] -= a[j][6] * a[i][j];
 995              		.loc 1 111 30 is_stmt 1 discriminator 3 view .LVU266
 996 015c 0133     		adds	r3, r3, #1
 997              	.LVL86:
 111:./User/GuassNewton.c **** 		    a[i][6] -= a[j][6] * a[i][j];
 998              		.loc 1 111 30 is_stmt 0 discriminator 3 view .LVU267
 999 015e E5E7     		b	.L59
 1000              	.L74:
 1001              		.align	2
 1002              	.L73:
 1003 0160 BD378635 		.word	897988541
ARM GAS  /var/folders/yl/_q9l42k90g1g4mdhbs226msm0000gn/T//ccq39Jd4.s 			page 24


 1004 0164 00000000 		.word	.LC17
 1005              	.LBE25:
 1006              	.LBE24:
 1007              		.cfi_endproc
 1008              	.LFE128:
 1010              		.global	__aeabi_f2d
 1011              		.section	.rodata.gaussNewton.str1.4,"aMS",%progbits,1
 1012              		.align	2
 1013              	.LC18:
 1014 0000 41667465 		.ascii	"After %d iterations: Ox = %f, Sx = %f, Oy = %f, Sy "
 1014      72202564 
 1014      20697465 
 1014      72617469 
 1014      6F6E733A 
 1015 0033 3D202566 		.ascii	"= %f, Oz = %f, Sz = %f lastSum = %f\015\012\000"
 1015      2C204F7A 
 1015      203D2025 
 1015      662C2053 
 1015      7A203D20 
 1016              		.section	.text.gaussNewton,"ax",%progbits
 1017              		.align	1
 1018              		.global	gaussNewton
 1019              		.syntax unified
 1020              		.thumb
 1021              		.thumb_func
 1023              	gaussNewton:
 1024              	.LVL87:
 1025              	.LFB129:
 116:./User/GuassNewton.c **** 
 117:./User/GuassNewton.c **** void gaussNewton(float *caliVal, float (*data)[3]) {
 1026              		.loc 1 117 52 is_stmt 1 view -0
 1027              		.cfi_startproc
 1028              		@ args = 0, pretend = 0, frame = 8
 1029              		@ frame_needed = 0, uses_anonymous_args = 0
 1030              		.loc 1 117 52 is_stmt 0 view .LVU269
 1031 0000 2DE9F04F 		push	{r4, r5, r6, r7, r8, r9, r10, fp, lr}
 1032              	.LCFI4:
 1033              		.cfi_def_cfa_offset 36
 1034              		.cfi_offset 4, -36
 1035              		.cfi_offset 5, -32
 1036              		.cfi_offset 6, -28
 1037              		.cfi_offset 7, -24
 1038              		.cfi_offset 8, -20
 1039              		.cfi_offset 9, -16
 1040              		.cfi_offset 10, -12
 1041              		.cfi_offset 11, -8
 1042              		.cfi_offset 14, -4
 1043 0004 2DED028B 		vpush.64	{d8}
 1044              	.LCFI5:
 1045              		.cfi_def_cfa_offset 44
 1046              		.cfi_offset 80, -44
 1047              		.cfi_offset 81, -40
 1048 0008 8FB0     		sub	sp, sp, #60
 1049              	.LCFI6:
 1050              		.cfi_def_cfa_offset 104
 1051 000a 0546     		mov	r5, r0
 1052 000c 0C46     		mov	r4, r1
ARM GAS  /var/folders/yl/_q9l42k90g1g4mdhbs226msm0000gn/T//ccq39Jd4.s 			page 25


 118:./User/GuassNewton.c ****     float Delta = 100.0f, DeltaNew = 0.0f; 
 1053              		.loc 1 118 5 is_stmt 1 view .LVU270
 1054              	.LVL88:
 119:./User/GuassNewton.c ****     static float Jr[M][N], JrT[N][M]; // Jacobi 矩阵以及 Jacobi 矩阵的转置
 1055              		.loc 1 119 5 view .LVU271
 120:./User/GuassNewton.c ****     static float r[M]; // 残差函数 r(beta)
 1056              		.loc 1 120 5 view .LVU272
 121:./User/GuassNewton.c ****     static float delta[N][N + 1]; // 待求的迭代增量 delta，也是高斯消元的系数矩�
 1057              		.loc 1 121 5 view .LVU273
 122:./User/GuassNewton.c ****     float sum = 0.0f;
 1058              		.loc 1 122 5 view .LVU274
 123:./User/GuassNewton.c **** 
 124:./User/GuassNewton.c ****     // 初始化    
 125:./User/GuassNewton.c ****     static float beta_offset[3],beta_scale[3];
 1059              		.loc 1 125 5 view .LVU275
 126:./User/GuassNewton.c ****     beta_offset[0] = beta_offset[1] = beta_offset[2] = 0.0f;
 1060              		.loc 1 126 5 view .LVU276
 1061              		.loc 1 126 54 is_stmt 0 view .LVU277
 1062 000e AB4B     		ldr	r3, .L113
 1063 0010 0022     		movs	r2, #0
 1064 0012 9A60     		str	r2, [r3, #8]	@ float
 1065              		.loc 1 126 37 view .LVU278
 1066 0014 5A60     		str	r2, [r3, #4]	@ float
 1067              		.loc 1 126 20 view .LVU279
 1068 0016 1A60     		str	r2, [r3]	@ float
 127:./User/GuassNewton.c ****     beta_scale [0] = beta_scale [1] = beta_scale [2] = 1.0f;
 1069              		.loc 1 127 5 is_stmt 1 view .LVU280
 1070              		.loc 1 127 54 is_stmt 0 view .LVU281
 1071 0018 A94B     		ldr	r3, .L113+4
 1072 001a 4FF07E52 		mov	r2, #1065353216
 1073 001e 9A60     		str	r2, [r3, #8]	@ float
 1074              		.loc 1 127 37 view .LVU282
 1075 0020 5A60     		str	r2, [r3, #4]	@ float
 1076              		.loc 1 127 20 view .LVU283
 1077 0022 1A60     		str	r2, [r3]	@ float
 128:./User/GuassNewton.c ****     LM_lamda = 0.1f;
 1078              		.loc 1 128 5 is_stmt 1 view .LVU284
 1079              		.loc 1 128 14 is_stmt 0 view .LVU285
 1080 0024 A74B     		ldr	r3, .L113+8
 1081 0026 A84A     		ldr	r2, .L113+12
 1082 0028 1A60     		str	r2, [r3]	@ float
 129:./User/GuassNewton.c **** 
 130:./User/GuassNewton.c ****     int cnt = 0;
 1083              		.loc 1 130 5 is_stmt 1 view .LVU286
 1084              	.LVL89:
 131:./User/GuassNewton.c ****     // 迭代
 132:./User/GuassNewton.c ****     while (Delta > eps && cnt < 100) {
 1085              		.loc 1 132 5 view .LVU287
 130:./User/GuassNewton.c ****     // 迭代
 1086              		.loc 1 130 9 is_stmt 0 view .LVU288
 1087 002a 0026     		movs	r6, #0
 118:./User/GuassNewton.c ****     static float Jr[M][N], JrT[N][M]; // Jacobi 矩阵以及 Jacobi 矩阵的转置
 1088              		.loc 1 118 11 view .LVU289
 1089 002c DFEDA78A 		vldr.32	s17, .L113+16
 1090              		.loc 1 132 11 view .LVU290
 1091 0030 DFE1     		b	.L76
 1092              	.LVL90:
ARM GAS  /var/folders/yl/_q9l42k90g1g4mdhbs226msm0000gn/T//ccq39Jd4.s 			page 26


 1093              	.L77:
 1094              	.LBB26:
 133:./User/GuassNewton.c ****         // 计算 Jacobi 矩阵
 134:./User/GuassNewton.c ****         for (int i = 0; i < M; ++i) {
 135:./User/GuassNewton.c ****             Jr[i][0] = 2.0f * beta_scale[0] * beta_scale[0] * (beta_offset[0] - data[i][0]);
 1095              		.loc 1 135 13 is_stmt 1 discriminator 3 view .LVU291
 1096              		.loc 1 135 41 is_stmt 0 discriminator 3 view .LVU292
 1097 0032 A34F     		ldr	r7, .L113+4
 1098 0034 97ED007A 		vldr.32	s14, [r7]
 1099              		.loc 1 135 29 discriminator 3 view .LVU293
 1100 0038 77EE076A 		vadd.f32	s13, s14, s14
 1101              		.loc 1 135 45 discriminator 3 view .LVU294
 1102 003c 67EE266A 		vmul.f32	s13, s14, s13
 1103              		.loc 1 135 75 discriminator 3 view .LVU295
 1104 0040 9E48     		ldr	r0, .L113
 1105 0042 90ED006A 		vldr.32	s12, [r0]
 1106              		.loc 1 135 85 discriminator 3 view .LVU296
 1107 0046 02EB4201 		add	r1, r2, r2, lsl #1
 1108 004a 04EB8101 		add	r1, r4, r1, lsl #2
 1109              		.loc 1 135 88 discriminator 3 view .LVU297
 1110 004e D1ED007A 		vldr.32	s15, [r1]
 1111              		.loc 1 135 79 discriminator 3 view .LVU298
 1112 0052 76EE675A 		vsub.f32	s11, s12, s15
 1113              		.loc 1 135 61 discriminator 3 view .LVU299
 1114 0056 66EEA56A 		vmul.f32	s13, s13, s11
 1115              		.loc 1 135 22 discriminator 3 view .LVU300
 1116 005a 02EB420C 		add	ip, r2, r2, lsl #1
 1117 005e 9C4B     		ldr	r3, .L113+20
 1118 0060 03EBCC03 		add	r3, r3, ip, lsl #3
 1119 0064 C3ED006A 		vstr.32	s13, [r3]
 136:./User/GuassNewton.c ****             Jr[i][1] = 2.0f * (data[i][0] - beta_offset[0]) * (data[i][0] - beta_offset[0]) * beta_
 1120              		.loc 1 136 13 is_stmt 1 discriminator 3 view .LVU301
 1121              		.loc 1 136 43 is_stmt 0 discriminator 3 view .LVU302
 1122 0068 77EEC67A 		vsub.f32	s15, s15, s12
 1123              		.loc 1 136 29 discriminator 3 view .LVU303
 1124 006c 77EEA76A 		vadd.f32	s13, s15, s15
 1125              		.loc 1 136 61 discriminator 3 view .LVU304
 1126 0070 67EEA67A 		vmul.f32	s15, s15, s13
 1127              		.loc 1 136 93 discriminator 3 view .LVU305
 1128 0074 67EE277A 		vmul.f32	s15, s14, s15
 1129              		.loc 1 136 22 discriminator 3 view .LVU306
 1130 0078 C3ED017A 		vstr.32	s15, [r3, #4]
 137:./User/GuassNewton.c ****             Jr[i][2] = 2.0f * beta_scale[1] * beta_scale[1] * (beta_offset[1] - data[i][1]);
 1131              		.loc 1 137 13 is_stmt 1 discriminator 3 view .LVU307
 1132              		.loc 1 137 41 is_stmt 0 discriminator 3 view .LVU308
 1133 007c 97ED017A 		vldr.32	s14, [r7, #4]
 1134              		.loc 1 137 29 discriminator 3 view .LVU309
 1135 0080 77EE076A 		vadd.f32	s13, s14, s14
 1136              		.loc 1 137 45 discriminator 3 view .LVU310
 1137 0084 67EE266A 		vmul.f32	s13, s14, s13
 1138              		.loc 1 137 75 discriminator 3 view .LVU311
 1139 0088 90ED016A 		vldr.32	s12, [r0, #4]
 1140              		.loc 1 137 88 discriminator 3 view .LVU312
 1141 008c D1ED017A 		vldr.32	s15, [r1, #4]
 1142              		.loc 1 137 79 discriminator 3 view .LVU313
 1143 0090 76EE675A 		vsub.f32	s11, s12, s15
 1144              		.loc 1 137 61 discriminator 3 view .LVU314
ARM GAS  /var/folders/yl/_q9l42k90g1g4mdhbs226msm0000gn/T//ccq39Jd4.s 			page 27


 1145 0094 66EEA56A 		vmul.f32	s13, s13, s11
 1146              		.loc 1 137 22 discriminator 3 view .LVU315
 1147 0098 C3ED026A 		vstr.32	s13, [r3, #8]
 138:./User/GuassNewton.c ****             Jr[i][3] = 2.0f * (data[i][1] - beta_offset[1]) * (data[i][1] - beta_offset[1]) * beta_
 1148              		.loc 1 138 13 is_stmt 1 discriminator 3 view .LVU316
 1149              		.loc 1 138 43 is_stmt 0 discriminator 3 view .LVU317
 1150 009c 77EEC67A 		vsub.f32	s15, s15, s12
 1151              		.loc 1 138 29 discriminator 3 view .LVU318
 1152 00a0 77EEA76A 		vadd.f32	s13, s15, s15
 1153              		.loc 1 138 61 discriminator 3 view .LVU319
 1154 00a4 67EEA67A 		vmul.f32	s15, s15, s13
 1155              		.loc 1 138 93 discriminator 3 view .LVU320
 1156 00a8 67EE277A 		vmul.f32	s15, s14, s15
 1157              		.loc 1 138 22 discriminator 3 view .LVU321
 1158 00ac C3ED037A 		vstr.32	s15, [r3, #12]
 139:./User/GuassNewton.c ****             Jr[i][4] = 2.0f * beta_scale[2] * beta_scale[2] * (beta_offset[2] - data[i][2]);
 1159              		.loc 1 139 13 is_stmt 1 discriminator 3 view .LVU322
 1160              		.loc 1 139 41 is_stmt 0 discriminator 3 view .LVU323
 1161 00b0 97ED027A 		vldr.32	s14, [r7, #8]
 1162              		.loc 1 139 29 discriminator 3 view .LVU324
 1163 00b4 77EE076A 		vadd.f32	s13, s14, s14
 1164              		.loc 1 139 45 discriminator 3 view .LVU325
 1165 00b8 67EE266A 		vmul.f32	s13, s14, s13
 1166              		.loc 1 139 75 discriminator 3 view .LVU326
 1167 00bc 90ED026A 		vldr.32	s12, [r0, #8]
 1168              		.loc 1 139 88 discriminator 3 view .LVU327
 1169 00c0 D1ED027A 		vldr.32	s15, [r1, #8]
 1170              		.loc 1 139 79 discriminator 3 view .LVU328
 1171 00c4 76EE675A 		vsub.f32	s11, s12, s15
 1172              		.loc 1 139 61 discriminator 3 view .LVU329
 1173 00c8 66EEA56A 		vmul.f32	s13, s13, s11
 1174              		.loc 1 139 22 discriminator 3 view .LVU330
 1175 00cc C3ED046A 		vstr.32	s13, [r3, #16]
 140:./User/GuassNewton.c ****             Jr[i][5] = 2.0f * (data[i][2] - beta_offset[2]) * (data[i][2] - beta_offset[2]) * beta_
 1176              		.loc 1 140 13 is_stmt 1 discriminator 3 view .LVU331
 1177              		.loc 1 140 43 is_stmt 0 discriminator 3 view .LVU332
 1178 00d0 77EEC67A 		vsub.f32	s15, s15, s12
 1179              		.loc 1 140 29 discriminator 3 view .LVU333
 1180 00d4 77EEA76A 		vadd.f32	s13, s15, s15
 1181              		.loc 1 140 61 discriminator 3 view .LVU334
 1182 00d8 67EEA67A 		vmul.f32	s15, s15, s13
 1183              		.loc 1 140 93 discriminator 3 view .LVU335
 1184 00dc 67EE277A 		vmul.f32	s15, s14, s15
 1185              		.loc 1 140 22 discriminator 3 view .LVU336
 1186 00e0 C3ED057A 		vstr.32	s15, [r3, #20]
 134:./User/GuassNewton.c ****             Jr[i][0] = 2.0f * beta_scale[0] * beta_scale[0] * (beta_offset[0] - data[i][0]);
 1187              		.loc 1 134 32 is_stmt 1 discriminator 3 view .LVU337
 1188 00e4 0132     		adds	r2, r2, #1
 1189              	.LVL91:
 1190              	.L101:
 134:./User/GuassNewton.c ****             Jr[i][0] = 2.0f * beta_scale[0] * beta_scale[0] * (beta_offset[0] - data[i][0]);
 1191              		.loc 1 134 25 discriminator 1 view .LVU338
 134:./User/GuassNewton.c ****             Jr[i][0] = 2.0f * beta_scale[0] * beta_scale[0] * (beta_offset[0] - data[i][0]);
 1192              		.loc 1 134 9 is_stmt 0 discriminator 1 view .LVU339
 1193 00e6 B2F5967F 		cmp	r2, #300
 1194 00ea A2DB     		blt	.L77
 1195              	.LBE26:
ARM GAS  /var/folders/yl/_q9l42k90g1g4mdhbs226msm0000gn/T//ccq39Jd4.s 			page 28


 1196              	.LBB27:
 141:./User/GuassNewton.c ****         }
 142:./User/GuassNewton.c ****         // 计算 Jacobi 矩阵的转置
 143:./User/GuassNewton.c ****         for (int i = 0; i < M; ++i) {
 1197              		.loc 1 143 18 view .LVU340
 1198 00ec 0020     		movs	r0, #0
 1199 00ee 15E0     		b	.L78
 1200              	.LVL92:
 1201              	.L79:
 1202              	.LBB28:
 144:./User/GuassNewton.c ****             for (int j = 0; j < N; ++j) {
 145:./User/GuassNewton.c ****                 JrT[j][i] = Jr[i][j];
 1203              		.loc 1 145 17 is_stmt 1 discriminator 3 view .LVU341
 1204              		.loc 1 145 34 is_stmt 0 discriminator 3 view .LVU342
 1205 00f0 00EB4002 		add	r2, r0, r0, lsl #1
 1206 00f4 03EB4201 		add	r1, r3, r2, lsl #1
 1207 00f8 754A     		ldr	r2, .L113+20
 1208 00fa 02EB8102 		add	r2, r2, r1, lsl #2
 1209 00fe D2F800C0 		ldr	ip, [r2]	@ float
 1210              		.loc 1 145 27 discriminator 3 view .LVU343
 1211 0102 4FF49672 		mov	r2, #300
 1212 0106 02FB0301 		mla	r1, r2, r3, r0
 1213 010a 724A     		ldr	r2, .L113+24
 1214 010c 02EB8102 		add	r2, r2, r1, lsl #2
 1215 0110 C2F800C0 		str	ip, [r2]	@ float
 144:./User/GuassNewton.c ****             for (int j = 0; j < N; ++j) {
 1216              		.loc 1 144 36 is_stmt 1 discriminator 3 view .LVU344
 1217 0114 0133     		adds	r3, r3, #1
 1218              	.LVL93:
 1219              	.L80:
 144:./User/GuassNewton.c ****             for (int j = 0; j < N; ++j) {
 1220              		.loc 1 144 29 discriminator 1 view .LVU345
 144:./User/GuassNewton.c ****             for (int j = 0; j < N; ++j) {
 1221              		.loc 1 144 13 is_stmt 0 discriminator 1 view .LVU346
 1222 0116 052B     		cmp	r3, #5
 1223 0118 EADD     		ble	.L79
 1224              	.LBE28:
 143:./User/GuassNewton.c ****             for (int j = 0; j < N; ++j) {
 1225              		.loc 1 143 32 is_stmt 1 discriminator 2 view .LVU347
 1226 011a 0130     		adds	r0, r0, #1
 1227              	.LVL94:
 1228              	.L78:
 143:./User/GuassNewton.c ****             for (int j = 0; j < N; ++j) {
 1229              		.loc 1 143 25 discriminator 1 view .LVU348
 143:./User/GuassNewton.c ****             for (int j = 0; j < N; ++j) {
 1230              		.loc 1 143 9 is_stmt 0 discriminator 1 view .LVU349
 1231 011c B0F5967F 		cmp	r0, #300
 1232 0120 01DA     		bge	.L109
 1233              	.LBB29:
 144:./User/GuassNewton.c ****             for (int j = 0; j < N; ++j) {
 1234              		.loc 1 144 22 view .LVU350
 1235 0122 0023     		movs	r3, #0
 1236 0124 F7E7     		b	.L80
 1237              	.L109:
 1238              	.LBE29:
 1239              	.LBE27:
 1240              	.LBB30:
ARM GAS  /var/folders/yl/_q9l42k90g1g4mdhbs226msm0000gn/T//ccq39Jd4.s 			page 29


 146:./User/GuassNewton.c ****             }
 147:./User/GuassNewton.c ****         }
 148:./User/GuassNewton.c ****         sum = 0.0;
 149:./User/GuassNewton.c ****         // 计算残差函数 r(beta)
 150:./User/GuassNewton.c ****         for (int i = 0; i < M; ++i) {
 1241              		.loc 1 150 18 view .LVU351
 1242 0126 0023     		movs	r3, #0
 1243              	.LBE30:
 148:./User/GuassNewton.c ****         // 计算残差函数 r(beta)
 1244              		.loc 1 148 13 view .LVU352
 1245 0128 9FED6B8A 		vldr.32	s16, .L113+28
 1246 012c 41E0     		b	.L81
 1247              	.LVL95:
 1248              	.L82:
 1249              	.LBB31:
 151:./User/GuassNewton.c ****             r[i] = beta_scale[0] * beta_scale[0] * (beta_offset[0] - data[i][0]) * (beta_offset[0] 
 1250              		.loc 1 151 13 is_stmt 1 discriminator 3 view .LVU353
 1251              		.loc 1 151 30 is_stmt 0 discriminator 3 view .LVU354
 1252 012e 6448     		ldr	r0, .L113+4
 1253 0130 D0ED007A 		vldr.32	s15, [r0]
 1254              		.loc 1 151 34 discriminator 3 view .LVU355
 1255 0134 27EEA77A 		vmul.f32	s14, s15, s15
 1256              		.loc 1 151 64 discriminator 3 view .LVU356
 1257 0138 6049     		ldr	r1, .L113
 1258 013a D1ED007A 		vldr.32	s15, [r1]
 1259              		.loc 1 151 74 discriminator 3 view .LVU357
 1260 013e 03EB4302 		add	r2, r3, r3, lsl #1
 1261 0142 04EB8202 		add	r2, r4, r2, lsl #2
 1262              		.loc 1 151 77 discriminator 3 view .LVU358
 1263 0146 D2ED006A 		vldr.32	s13, [r2]
 1264              		.loc 1 151 68 discriminator 3 view .LVU359
 1265 014a 77EEE67A 		vsub.f32	s15, s15, s13
 1266              		.loc 1 151 50 discriminator 3 view .LVU360
 1267 014e 27EE277A 		vmul.f32	s14, s14, s15
 1268              		.loc 1 151 82 discriminator 3 view .LVU361
 1269 0152 67EE877A 		vmul.f32	s15, s15, s14
 152:./User/GuassNewton.c ****                    beta_scale[1] * beta_scale[1] * (beta_offset[1] - data[i][1]) * (beta_offset[1] 
 1270              		.loc 1 152 30 discriminator 3 view .LVU362
 1271 0156 90ED017A 		vldr.32	s14, [r0, #4]
 1272              		.loc 1 152 34 discriminator 3 view .LVU363
 1273 015a 67EE076A 		vmul.f32	s13, s14, s14
 1274              		.loc 1 152 64 discriminator 3 view .LVU364
 1275 015e 91ED017A 		vldr.32	s14, [r1, #4]
 1276              		.loc 1 152 77 discriminator 3 view .LVU365
 1277 0162 92ED016A 		vldr.32	s12, [r2, #4]
 1278              		.loc 1 152 68 discriminator 3 view .LVU366
 1279 0166 37EE467A 		vsub.f32	s14, s14, s12
 1280              		.loc 1 152 50 discriminator 3 view .LVU367
 1281 016a 66EE876A 		vmul.f32	s13, s13, s14
 1282              		.loc 1 152 82 discriminator 3 view .LVU368
 1283 016e 27EE267A 		vmul.f32	s14, s14, s13
 151:./User/GuassNewton.c ****             r[i] = beta_scale[0] * beta_scale[0] * (beta_offset[0] - data[i][0]) * (beta_offset[0] 
 1284              		.loc 1 151 114 discriminator 3 view .LVU369
 1285 0172 77EE877A 		vadd.f32	s15, s15, s14
 153:./User/GuassNewton.c ****                    beta_scale[2] * beta_scale[2] * (beta_offset[2] - data[i][2]) * (beta_offset[2] 
 1286              		.loc 1 153 30 discriminator 3 view .LVU370
 1287 0176 90ED027A 		vldr.32	s14, [r0, #8]
ARM GAS  /var/folders/yl/_q9l42k90g1g4mdhbs226msm0000gn/T//ccq39Jd4.s 			page 30


 1288              		.loc 1 153 34 discriminator 3 view .LVU371
 1289 017a 67EE076A 		vmul.f32	s13, s14, s14
 1290              		.loc 1 153 64 discriminator 3 view .LVU372
 1291 017e 91ED027A 		vldr.32	s14, [r1, #8]
 1292              		.loc 1 153 77 discriminator 3 view .LVU373
 1293 0182 92ED026A 		vldr.32	s12, [r2, #8]
 1294              		.loc 1 153 68 discriminator 3 view .LVU374
 1295 0186 37EE467A 		vsub.f32	s14, s14, s12
 1296              		.loc 1 153 50 discriminator 3 view .LVU375
 1297 018a 66EE876A 		vmul.f32	s13, s13, s14
 1298              		.loc 1 153 82 discriminator 3 view .LVU376
 1299 018e 27EE267A 		vmul.f32	s14, s14, s13
 152:./User/GuassNewton.c ****                    beta_scale[1] * beta_scale[1] * (beta_offset[1] - data[i][1]) * (beta_offset[1] 
 1300              		.loc 1 152 114 discriminator 3 view .LVU377
 1301 0192 77EE877A 		vadd.f32	s15, s15, s14
 1302              		.loc 1 153 114 discriminator 3 view .LVU378
 1303 0196 B7EE007A 		vmov.f32	s14, #1.0e+0
 1304 019a 77EEC77A 		vsub.f32	s15, s15, s14
 151:./User/GuassNewton.c ****             r[i] = beta_scale[0] * beta_scale[0] * (beta_offset[0] - data[i][0]) * (beta_offset[0] 
 1305              		.loc 1 151 18 discriminator 3 view .LVU379
 1306 019e 4F4A     		ldr	r2, .L113+32
 1307 01a0 02EB8302 		add	r2, r2, r3, lsl #2
 1308 01a4 C2ED007A 		vstr.32	s15, [r2]
 154:./User/GuassNewton.c ****             sum += r[i] * r[i];
 1309              		.loc 1 154 13 is_stmt 1 discriminator 3 view .LVU380
 1310              		.loc 1 154 25 is_stmt 0 discriminator 3 view .LVU381
 1311 01a8 67EEA77A 		vmul.f32	s15, s15, s15
 1312              		.loc 1 154 17 discriminator 3 view .LVU382
 1313 01ac 38EE278A 		vadd.f32	s16, s16, s15
 1314              	.LVL96:
 150:./User/GuassNewton.c ****             r[i] = beta_scale[0] * beta_scale[0] * (beta_offset[0] - data[i][0]) * (beta_offset[0] 
 1315              		.loc 1 150 32 is_stmt 1 discriminator 3 view .LVU383
 1316 01b0 0133     		adds	r3, r3, #1
 1317              	.LVL97:
 1318              	.L81:
 150:./User/GuassNewton.c ****             r[i] = beta_scale[0] * beta_scale[0] * (beta_offset[0] - data[i][0]) * (beta_offset[0] 
 1319              		.loc 1 150 25 discriminator 1 view .LVU384
 150:./User/GuassNewton.c ****             r[i] = beta_scale[0] * beta_scale[0] * (beta_offset[0] - data[i][0]) * (beta_offset[0] 
 1320              		.loc 1 150 9 is_stmt 0 discriminator 1 view .LVU385
 1321 01b2 B3F5967F 		cmp	r3, #300
 1322 01b6 BADB     		blt	.L82
 1323              	.LBE31:
 1324              	.LBB32:
 155:./User/GuassNewton.c ****         }
 156:./User/GuassNewton.c ****         // 计算 JrT * Jr 并作为系数矩阵放入 delta
 157:./User/GuassNewton.c ****         for (int i = 0; i < N; ++i) {
 1325              		.loc 1 157 18 view .LVU386
 1326 01b8 0020     		movs	r0, #0
 1327 01ba 35E0     		b	.L83
 1328              	.LVL98:
 1329              	.L85:
 1330              	.LBB33:
 1331              	.LBB34:
 158:./User/GuassNewton.c ****             for (int j = 0; j < N; ++j) {
 159:./User/GuassNewton.c ****                 delta[i][j] = 0;
 160:./User/GuassNewton.c ****                 for (int k = 0; k < M; ++k) {
 161:./User/GuassNewton.c ****                     delta[i][j] += JrT[i][k] * Jr[k][j];
ARM GAS  /var/folders/yl/_q9l42k90g1g4mdhbs226msm0000gn/T//ccq39Jd4.s 			page 31


 1332              		.loc 1 161 21 is_stmt 1 discriminator 3 view .LVU387
 1333              		.loc 1 161 42 is_stmt 0 discriminator 3 view .LVU388
 1334 01bc 4FF49672 		mov	r2, #300
 1335 01c0 02FB0031 		mla	r1, r2, r0, r3
 1336 01c4 434A     		ldr	r2, .L113+24
 1337 01c6 02EB8102 		add	r2, r2, r1, lsl #2
 1338 01ca D2ED007A 		vldr.32	s15, [r2]
 1339              		.loc 1 161 53 discriminator 3 view .LVU389
 1340 01ce 03EB4302 		add	r2, r3, r3, lsl #1
 1341 01d2 0CEB4201 		add	r1, ip, r2, lsl #1
 1342 01d6 3E4A     		ldr	r2, .L113+20
 1343 01d8 02EB8102 		add	r2, r2, r1, lsl #2
 1344 01dc 92ED007A 		vldr.32	s14, [r2]
 1345              		.loc 1 161 46 discriminator 3 view .LVU390
 1346 01e0 27EE877A 		vmul.f32	s14, s15, s14
 1347              		.loc 1 161 33 discriminator 3 view .LVU391
 1348 01e4 C0EBC002 		rsb	r2, r0, r0, lsl #3
 1349 01e8 02EB0C01 		add	r1, r2, ip
 1350 01ec 3C4A     		ldr	r2, .L113+36
 1351 01ee 02EB8102 		add	r2, r2, r1, lsl #2
 1352 01f2 D2ED007A 		vldr.32	s15, [r2]
 1353 01f6 77EE877A 		vadd.f32	s15, s15, s14
 1354 01fa C2ED007A 		vstr.32	s15, [r2]
 160:./User/GuassNewton.c ****                     delta[i][j] += JrT[i][k] * Jr[k][j];
 1355              		.loc 1 160 40 is_stmt 1 discriminator 3 view .LVU392
 1356 01fe 0133     		adds	r3, r3, #1
 1357              	.LVL99:
 1358              	.L84:
 160:./User/GuassNewton.c ****                     delta[i][j] += JrT[i][k] * Jr[k][j];
 1359              		.loc 1 160 33 discriminator 1 view .LVU393
 160:./User/GuassNewton.c ****                     delta[i][j] += JrT[i][k] * Jr[k][j];
 1360              		.loc 1 160 17 is_stmt 0 discriminator 1 view .LVU394
 1361 0200 B3F5967F 		cmp	r3, #300
 1362 0204 DADB     		blt	.L85
 1363              	.LBE34:
 158:./User/GuassNewton.c ****             for (int j = 0; j < N; ++j) {
 1364              		.loc 1 158 36 is_stmt 1 discriminator 2 view .LVU395
 1365 0206 0CF1010C 		add	ip, ip, #1
 1366              	.LVL100:
 1367              	.L87:
 158:./User/GuassNewton.c ****             for (int j = 0; j < N; ++j) {
 1368              		.loc 1 158 29 discriminator 1 view .LVU396
 158:./User/GuassNewton.c ****             for (int j = 0; j < N; ++j) {
 1369              		.loc 1 158 13 is_stmt 0 discriminator 1 view .LVU397
 1370 020a BCF1050F 		cmp	ip, #5
 1371 020e 0ADC     		bgt	.L110
 159:./User/GuassNewton.c ****                 for (int k = 0; k < M; ++k) {
 1372              		.loc 1 159 17 is_stmt 1 view .LVU398
 159:./User/GuassNewton.c ****                 for (int k = 0; k < M; ++k) {
 1373              		.loc 1 159 29 is_stmt 0 view .LVU399
 1374 0210 C0EBC003 		rsb	r3, r0, r0, lsl #3
 1375 0214 03EB0C02 		add	r2, r3, ip
 1376 0218 314B     		ldr	r3, .L113+36
 1377 021a 03EB8203 		add	r3, r3, r2, lsl #2
 1378 021e 0022     		movs	r2, #0
 1379 0220 1A60     		str	r2, [r3]	@ float
 160:./User/GuassNewton.c ****                     delta[i][j] += JrT[i][k] * Jr[k][j];
ARM GAS  /var/folders/yl/_q9l42k90g1g4mdhbs226msm0000gn/T//ccq39Jd4.s 			page 32


 1380              		.loc 1 160 17 is_stmt 1 view .LVU400
 1381              	.LBB35:
 160:./User/GuassNewton.c ****                     delta[i][j] += JrT[i][k] * Jr[k][j];
 1382              		.loc 1 160 22 view .LVU401
 1383              	.LVL101:
 160:./User/GuassNewton.c ****                     delta[i][j] += JrT[i][k] * Jr[k][j];
 1384              		.loc 1 160 26 is_stmt 0 view .LVU402
 1385 0222 0023     		movs	r3, #0
 160:./User/GuassNewton.c ****                     delta[i][j] += JrT[i][k] * Jr[k][j];
 1386              		.loc 1 160 17 view .LVU403
 1387 0224 ECE7     		b	.L84
 1388              	.LVL102:
 1389              	.L110:
 160:./User/GuassNewton.c ****                     delta[i][j] += JrT[i][k] * Jr[k][j];
 1390              		.loc 1 160 17 view .LVU404
 1391              	.LBE35:
 1392              	.LBE33:
 157:./User/GuassNewton.c ****             for (int j = 0; j < N; ++j) {
 1393              		.loc 1 157 32 is_stmt 1 discriminator 2 view .LVU405
 1394 0226 0130     		adds	r0, r0, #1
 1395              	.LVL103:
 1396              	.L83:
 157:./User/GuassNewton.c ****             for (int j = 0; j < N; ++j) {
 1397              		.loc 1 157 25 discriminator 1 view .LVU406
 157:./User/GuassNewton.c ****             for (int j = 0; j < N; ++j) {
 1398              		.loc 1 157 9 is_stmt 0 discriminator 1 view .LVU407
 1399 0228 0528     		cmp	r0, #5
 1400 022a 02DC     		bgt	.L111
 1401              	.LBB36:
 158:./User/GuassNewton.c ****                 delta[i][j] = 0;
 1402              		.loc 1 158 22 view .LVU408
 1403 022c 4FF0000C 		mov	ip, #0
 1404 0230 EBE7     		b	.L87
 1405              	.L111:
 1406              	.LBE36:
 1407              	.LBE32:
 1408              	.LBB37:
 162:./User/GuassNewton.c ****                 }
 163:./User/GuassNewton.c ****             }
 164:./User/GuassNewton.c ****         }
 165:./User/GuassNewton.c ****         // 计算 JrT * r 并作为增广列放入 delta
 166:./User/GuassNewton.c ****         for (int i = 0; i < N; ++i) {
 1409              		.loc 1 166 18 view .LVU409
 1410 0232 0020     		movs	r0, #0
 1411              	.LVL104:
 1412              		.loc 1 166 18 view .LVU410
 1413 0234 1FE0     		b	.L88
 1414              	.LVL105:
 1415              	.L90:
 1416              	.LBB38:
 167:./User/GuassNewton.c ****             delta[i][N] = 0;
 168:./User/GuassNewton.c ****             for (int j = 0; j < M; ++j) {
 169:./User/GuassNewton.c ****                 delta[i][N] += JrT[i][j] * r[j];
 1417              		.loc 1 169 17 is_stmt 1 discriminator 3 view .LVU411
 1418              		.loc 1 169 38 is_stmt 0 discriminator 3 view .LVU412
 1419 0236 4FF49672 		mov	r2, #300
 1420 023a 02FB0031 		mla	r1, r2, r0, r3
ARM GAS  /var/folders/yl/_q9l42k90g1g4mdhbs226msm0000gn/T//ccq39Jd4.s 			page 33


 1421 023e 254A     		ldr	r2, .L113+24
 1422 0240 02EB8102 		add	r2, r2, r1, lsl #2
 1423 0244 D2ED007A 		vldr.32	s15, [r2]
 1424              		.loc 1 169 45 discriminator 3 view .LVU413
 1425 0248 244A     		ldr	r2, .L113+32
 1426 024a 02EB8302 		add	r2, r2, r3, lsl #2
 1427 024e 92ED007A 		vldr.32	s14, [r2]
 1428              		.loc 1 169 42 discriminator 3 view .LVU414
 1429 0252 27EE877A 		vmul.f32	s14, s15, s14
 1430              		.loc 1 169 29 discriminator 3 view .LVU415
 1431 0256 C0EBC002 		rsb	r2, r0, r0, lsl #3
 1432 025a 2149     		ldr	r1, .L113+36
 1433 025c 01EB8202 		add	r2, r1, r2, lsl #2
 1434 0260 D2ED067A 		vldr.32	s15, [r2, #24]
 1435 0264 77EE877A 		vadd.f32	s15, s15, s14
 1436 0268 C2ED067A 		vstr.32	s15, [r2, #24]
 168:./User/GuassNewton.c ****                 delta[i][N] += JrT[i][j] * r[j];
 1437              		.loc 1 168 36 is_stmt 1 discriminator 3 view .LVU416
 1438 026c 0133     		adds	r3, r3, #1
 1439              	.LVL106:
 1440              	.L89:
 168:./User/GuassNewton.c ****                 delta[i][N] += JrT[i][j] * r[j];
 1441              		.loc 1 168 29 discriminator 1 view .LVU417
 168:./User/GuassNewton.c ****                 delta[i][N] += JrT[i][j] * r[j];
 1442              		.loc 1 168 13 is_stmt 0 discriminator 1 view .LVU418
 1443 026e B3F5967F 		cmp	r3, #300
 1444 0272 E0DB     		blt	.L90
 1445              	.LBE38:
 166:./User/GuassNewton.c ****             delta[i][N] = 0;
 1446              		.loc 1 166 32 is_stmt 1 discriminator 2 view .LVU419
 1447 0274 0130     		adds	r0, r0, #1
 1448              	.LVL107:
 1449              	.L88:
 166:./User/GuassNewton.c ****             delta[i][N] = 0;
 1450              		.loc 1 166 25 discriminator 1 view .LVU420
 166:./User/GuassNewton.c ****             delta[i][N] = 0;
 1451              		.loc 1 166 9 is_stmt 0 discriminator 1 view .LVU421
 1452 0276 0528     		cmp	r0, #5
 1453 0278 08DC     		bgt	.L112
 167:./User/GuassNewton.c ****             delta[i][N] = 0;
 1454              		.loc 1 167 13 is_stmt 1 view .LVU422
 167:./User/GuassNewton.c ****             delta[i][N] = 0;
 1455              		.loc 1 167 25 is_stmt 0 view .LVU423
 1456 027a C0EBC002 		rsb	r2, r0, r0, lsl #3
 1457 027e 184B     		ldr	r3, .L113+36
 1458 0280 03EB8203 		add	r3, r3, r2, lsl #2
 1459 0284 0022     		movs	r2, #0
 1460 0286 9A61     		str	r2, [r3, #24]	@ float
 168:./User/GuassNewton.c ****                 delta[i][N] += JrT[i][j] * r[j];
 1461              		.loc 1 168 13 is_stmt 1 view .LVU424
 1462              	.LBB39:
 168:./User/GuassNewton.c ****                 delta[i][N] += JrT[i][j] * r[j];
 1463              		.loc 1 168 18 view .LVU425
 1464              	.LVL108:
 168:./User/GuassNewton.c ****                 delta[i][N] += JrT[i][j] * r[j];
 1465              		.loc 1 168 22 is_stmt 0 view .LVU426
 1466 0288 0023     		movs	r3, #0
ARM GAS  /var/folders/yl/_q9l42k90g1g4mdhbs226msm0000gn/T//ccq39Jd4.s 			page 34


 168:./User/GuassNewton.c ****                 delta[i][N] += JrT[i][j] * r[j];
 1467              		.loc 1 168 13 view .LVU427
 1468 028a F0E7     		b	.L89
 1469              	.LVL109:
 1470              	.L112:
 168:./User/GuassNewton.c ****                 delta[i][N] += JrT[i][j] * r[j];
 1471              		.loc 1 168 13 view .LVU428
 1472              	.LBE39:
 1473              	.LBE37:
 1474              	.LBB40:
 170:./User/GuassNewton.c ****             }
 171:./User/GuassNewton.c ****         }
 172:./User/GuassNewton.c ****         // 加入 LM 因子
 173:./User/GuassNewton.c ****         for (int i = 0; i < N; ++i) {
 1475              		.loc 1 173 18 view .LVU429
 1476 028c 0023     		movs	r3, #0
 1477 028e 0CE0     		b	.L92
 1478              	.LVL110:
 1479              	.L93:
 174:./User/GuassNewton.c ****             delta[i][i] += LM_lamda;
 1480              		.loc 1 174 13 is_stmt 1 discriminator 3 view .LVU430
 1481              		.loc 1 174 25 is_stmt 0 discriminator 3 view .LVU431
 1482 0290 134A     		ldr	r2, .L113+36
 1483 0292 02EB4312 		add	r2, r2, r3, lsl #5
 1484 0296 D2ED007A 		vldr.32	s15, [r2]
 1485 029a 0A49     		ldr	r1, .L113+8
 1486 029c 91ED007A 		vldr.32	s14, [r1]
 1487 02a0 77EE877A 		vadd.f32	s15, s15, s14
 1488 02a4 C2ED007A 		vstr.32	s15, [r2]
 173:./User/GuassNewton.c ****             delta[i][i] += LM_lamda;
 1489              		.loc 1 173 32 is_stmt 1 discriminator 3 view .LVU432
 1490 02a8 0133     		adds	r3, r3, #1
 1491              	.LVL111:
 1492              	.L92:
 173:./User/GuassNewton.c ****             delta[i][i] += LM_lamda;
 1493              		.loc 1 173 25 discriminator 1 view .LVU433
 173:./User/GuassNewton.c ****             delta[i][i] += LM_lamda;
 1494              		.loc 1 173 9 is_stmt 0 discriminator 1 view .LVU434
 1495 02aa 052B     		cmp	r3, #5
 1496 02ac F0DD     		ble	.L93
 1497              	.LBE40:
 175:./User/GuassNewton.c ****         }
 176:./User/GuassNewton.c ****         // 高斯消元
 177:./User/GuassNewton.c ****         gaussElimination(delta);
 1498              		.loc 1 177 9 is_stmt 1 view .LVU435
 1499 02ae 0C48     		ldr	r0, .L113+36
 1500              	.LVL112:
 1501              		.loc 1 177 9 is_stmt 0 view .LVU436
 1502 02b0 FFF7FEFF 		bl	gaussElimination
 1503              	.LVL113:
 178:./User/GuassNewton.c ****         // 计算 DeltaNew
 179:./User/GuassNewton.c ****         DeltaNew = 0;
 1504              		.loc 1 179 9 is_stmt 1 view .LVU437
 180:./User/GuassNewton.c ****         for (int i = 0; i < N; ++i) {
 1505              		.loc 1 180 9 view .LVU438
 1506              	.LBB41:
 1507              		.loc 1 180 14 view .LVU439
ARM GAS  /var/folders/yl/_q9l42k90g1g4mdhbs226msm0000gn/T//ccq39Jd4.s 			page 35


 1508              		.loc 1 180 18 is_stmt 0 view .LVU440
 1509 02b4 0023     		movs	r3, #0
 1510              	.LBE41:
 179:./User/GuassNewton.c ****         for (int i = 0; i < N; ++i) {
 1511              		.loc 1 179 18 view .LVU441
 1512 02b6 DFED087A 		vldr.32	s15, .L113+28
 1513              	.LBB42:
 1514              		.loc 1 180 9 view .LVU442
 1515 02ba 1FE0     		b	.L94
 1516              	.L114:
 1517              		.align	2
 1518              	.L113:
 1519 02bc 00000000 		.word	.LANCHOR3
 1520 02c0 00000000 		.word	.LANCHOR4
 1521 02c4 00000000 		.word	.LANCHOR5
 1522 02c8 CDCCCC3D 		.word	1036831949
 1523 02cc 0000C842 		.word	1120403456
 1524 02d0 00000000 		.word	Jr.3
 1525 02d4 00000000 		.word	JrT.2
 1526 02d8 00000000 		.word	0
 1527 02dc 00000000 		.word	.LANCHOR6
 1528 02e0 00000000 		.word	.LANCHOR7
 1529              	.LVL114:
 1530              	.L95:
 181:./User/GuassNewton.c ****             DeltaNew += delta[i][N] * delta[i][N];
 1531              		.loc 1 181 13 is_stmt 1 discriminator 3 view .LVU443
 1532              		.loc 1 181 33 is_stmt 0 discriminator 3 view .LVU444
 1533 02e4 C3EBC301 		rsb	r1, r3, r3, lsl #3
 1534 02e8 5A4A     		ldr	r2, .L115
 1535 02ea 02EB8102 		add	r2, r2, r1, lsl #2
 1536 02ee 92ED067A 		vldr.32	s14, [r2, #24]
 1537              		.loc 1 181 37 discriminator 3 view .LVU445
 1538 02f2 27EE077A 		vmul.f32	s14, s14, s14
 1539              		.loc 1 181 22 discriminator 3 view .LVU446
 1540 02f6 77EE877A 		vadd.f32	s15, s15, s14
 1541              	.LVL115:
 180:./User/GuassNewton.c ****         for (int i = 0; i < N; ++i) {
 1542              		.loc 1 180 32 is_stmt 1 discriminator 3 view .LVU447
 1543 02fa 0133     		adds	r3, r3, #1
 1544              	.LVL116:
 1545              	.L94:
 180:./User/GuassNewton.c ****         for (int i = 0; i < N; ++i) {
 1546              		.loc 1 180 25 discriminator 1 view .LVU448
 180:./User/GuassNewton.c ****         for (int i = 0; i < N; ++i) {
 1547              		.loc 1 180 9 is_stmt 0 discriminator 1 view .LVU449
 1548 02fc 052B     		cmp	r3, #5
 1549 02fe F1DD     		ble	.L95
 1550              	.LBE42:
 182:./User/GuassNewton.c ****         }
 183:./User/GuassNewton.c ****         if (DeltaNew < Delta) {
 1551              		.loc 1 183 9 is_stmt 1 view .LVU450
 1552              		.loc 1 183 12 is_stmt 0 view .LVU451
 1553 0300 F4EEE78A 		vcmpe.f32	s17, s15
 1554 0304 F1EE10FA 		vmrs	APSR_nzcv, FPSCR
 1555 0308 7EDD     		ble	.L107
 184:./User/GuassNewton.c ****             // LM 因子减小
 185:./User/GuassNewton.c ****             LM_lamda /= 3.0;
ARM GAS  /var/folders/yl/_q9l42k90g1g4mdhbs226msm0000gn/T//ccq39Jd4.s 			page 36


 1556              		.loc 1 185 13 is_stmt 1 view .LVU452
 1557              		.loc 1 185 22 is_stmt 0 view .LVU453
 1558 030a 534B     		ldr	r3, .L115+4
 1559              	.LVL117:
 1560              		.loc 1 185 22 view .LVU454
 1561 030c 93ED006A 		vldr.32	s12, [r3]
 1562 0310 F0EE086A 		vmov.f32	s13, #3.0e+0
 1563 0314 86EE267A 		vdiv.f32	s14, s12, s13
 1564 0318 83ED007A 		vstr.32	s14, [r3]
 186:./User/GuassNewton.c **** 
 187:./User/GuassNewton.c ****             // 更新 beta
 188:./User/GuassNewton.c ****             beta_offset[0] -= delta[0][N];
 1565              		.loc 1 188 13 is_stmt 1 view .LVU455
 1566              		.loc 1 188 39 is_stmt 0 view .LVU456
 1567 031c 4D4A     		ldr	r2, .L115
 1568 031e D2ED066A 		vldr.32	s13, [r2, #24]
 1569              		.loc 1 188 28 view .LVU457
 1570 0322 4E49     		ldr	r1, .L115+8
 1571 0324 91ED007A 		vldr.32	s14, [r1]
 1572 0328 37EE667A 		vsub.f32	s14, s14, s13
 1573 032c 81ED007A 		vstr.32	s14, [r1]
 189:./User/GuassNewton.c ****             beta_scale[0] -= delta[1][N];
 1574              		.loc 1 189 13 is_stmt 1 view .LVU458
 1575              		.loc 1 189 38 is_stmt 0 view .LVU459
 1576 0330 D2ED0D6A 		vldr.32	s13, [r2, #52]
 1577              		.loc 1 189 27 view .LVU460
 1578 0334 4A4B     		ldr	r3, .L115+12
 1579 0336 93ED007A 		vldr.32	s14, [r3]
 1580 033a 37EE667A 		vsub.f32	s14, s14, s13
 1581 033e 83ED007A 		vstr.32	s14, [r3]
 190:./User/GuassNewton.c ****             beta_offset[1] -= delta[2][N];
 1582              		.loc 1 190 13 is_stmt 1 view .LVU461
 1583              		.loc 1 190 39 is_stmt 0 view .LVU462
 1584 0342 D2ED146A 		vldr.32	s13, [r2, #80]
 1585              		.loc 1 190 28 view .LVU463
 1586 0346 91ED017A 		vldr.32	s14, [r1, #4]
 1587 034a 37EE667A 		vsub.f32	s14, s14, s13
 1588 034e 81ED017A 		vstr.32	s14, [r1, #4]
 191:./User/GuassNewton.c ****             beta_scale[1] -= delta[3][N];
 1589              		.loc 1 191 13 is_stmt 1 view .LVU464
 1590              		.loc 1 191 38 is_stmt 0 view .LVU465
 1591 0352 D2ED1B6A 		vldr.32	s13, [r2, #108]
 1592              		.loc 1 191 27 view .LVU466
 1593 0356 93ED017A 		vldr.32	s14, [r3, #4]
 1594 035a 37EE667A 		vsub.f32	s14, s14, s13
 1595 035e 83ED017A 		vstr.32	s14, [r3, #4]
 192:./User/GuassNewton.c ****             beta_offset[2] -= delta[4][N];
 1596              		.loc 1 192 13 is_stmt 1 view .LVU467
 1597              		.loc 1 192 39 is_stmt 0 view .LVU468
 1598 0362 D2ED226A 		vldr.32	s13, [r2, #136]
 1599              		.loc 1 192 28 view .LVU469
 1600 0366 91ED027A 		vldr.32	s14, [r1, #8]
 1601 036a 37EE667A 		vsub.f32	s14, s14, s13
 1602 036e 81ED027A 		vstr.32	s14, [r1, #8]
 193:./User/GuassNewton.c ****             beta_scale[2] -= delta[5][N];
 1603              		.loc 1 193 13 is_stmt 1 view .LVU470
 1604              		.loc 1 193 38 is_stmt 0 view .LVU471
ARM GAS  /var/folders/yl/_q9l42k90g1g4mdhbs226msm0000gn/T//ccq39Jd4.s 			page 37


 1605 0372 D2ED296A 		vldr.32	s13, [r2, #164]
 1606              		.loc 1 193 27 view .LVU472
 1607 0376 93ED027A 		vldr.32	s14, [r3, #8]
 1608 037a 37EE667A 		vsub.f32	s14, s14, s13
 1609 037e 83ED027A 		vstr.32	s14, [r3, #8]
 194:./User/GuassNewton.c **** 
 195:./User/GuassNewton.c ****             Delta = DeltaNew;
 1610              		.loc 1 195 13 is_stmt 1 view .LVU473
 1611              	.LVL118:
 1612              		.loc 1 195 19 is_stmt 0 view .LVU474
 1613 0382 F0EE678A 		vmov.f32	s17, s15
 1614              	.LVL119:
 1615              	.L98:
 196:./User/GuassNewton.c ****         } else {
 197:./User/GuassNewton.c ****             // LM 因子增大
 198:./User/GuassNewton.c ****             LM_lamda *= 3.0;
 199:./User/GuassNewton.c ****             LM_lamda = constrainFloat(LM_lamda, 0, 1e10f);
 200:./User/GuassNewton.c ****         }
 201:./User/GuassNewton.c ****         
 202:./User/GuassNewton.c ****         printf("After %d iterations: Ox = %f, Sx = %f, Oy = %f, Sy = %f, Oz = %f, Sz = %f lastSum =
 1616              		.loc 1 202 9 is_stmt 1 view .LVU475
 1617 0386 0136     		adds	r6, r6, #1
 1618              	.LVL120:
 203:./User/GuassNewton.c ****             ++cnt, beta_offset[0], beta_scale[0], beta_offset[1], beta_scale[1], beta_offset[2], be
 1619              		.loc 1 203 31 is_stmt 0 view .LVU476
 1620 0388 344B     		ldr	r3, .L115+8
 1621              		.loc 1 203 46 view .LVU477
 1622 038a 354A     		ldr	r2, .L115+12
 1623 038c 1768     		ldr	r7, [r2]	@ float
 1624              		.loc 1 203 62 view .LVU478
 1625 038e D3F804A0 		ldr	r10, [r3, #4]	@ float
 1626              		.loc 1 203 77 view .LVU479
 1627 0392 D2F804B0 		ldr	fp, [r2, #4]	@ float
 1628              		.loc 1 203 93 view .LVU480
 1629 0396 D3F80880 		ldr	r8, [r3, #8]	@ float
 1630              		.loc 1 203 108 view .LVU481
 1631 039a D2F80890 		ldr	r9, [r2, #8]	@ float
 202:./User/GuassNewton.c ****             ++cnt, beta_offset[0], beta_scale[0], beta_offset[1], beta_scale[1], beta_offset[2], be
 1632              		.loc 1 202 9 view .LVU482
 1633 039e 1868     		ldr	r0, [r3]	@ float
 1634 03a0 FFF7FEFF 		bl	__aeabi_f2d
 1635              	.LVL121:
 1636 03a4 CDE90C01 		strd	r0, [sp, #48]
 1637 03a8 18EE100A 		vmov	r0, s16
 1638 03ac FFF7FEFF 		bl	__aeabi_f2d
 1639              	.LVL122:
 1640 03b0 CDE90A01 		strd	r0, [sp, #40]
 1641 03b4 4846     		mov	r0, r9	@ float
 1642 03b6 FFF7FEFF 		bl	__aeabi_f2d
 1643              	.LVL123:
 1644 03ba CDE90801 		strd	r0, [sp, #32]
 1645 03be 4046     		mov	r0, r8	@ float
 1646 03c0 FFF7FEFF 		bl	__aeabi_f2d
 1647              	.LVL124:
 1648 03c4 CDE90601 		strd	r0, [sp, #24]
 1649 03c8 5846     		mov	r0, fp	@ float
 1650 03ca FFF7FEFF 		bl	__aeabi_f2d
ARM GAS  /var/folders/yl/_q9l42k90g1g4mdhbs226msm0000gn/T//ccq39Jd4.s 			page 38


 1651              	.LVL125:
 1652 03ce CDE90401 		strd	r0, [sp, #16]
 1653 03d2 5046     		mov	r0, r10	@ float
 1654 03d4 FFF7FEFF 		bl	__aeabi_f2d
 1655              	.LVL126:
 1656 03d8 CDE90201 		strd	r0, [sp, #8]
 1657 03dc 3846     		mov	r0, r7	@ float
 1658 03de FFF7FEFF 		bl	__aeabi_f2d
 1659              	.LVL127:
 1660 03e2 CDE90001 		strd	r0, [sp]
 1661 03e6 DDE90C23 		ldrd	r2, [sp, #48]
 1662 03ea 3146     		mov	r1, r6
 1663 03ec 1D48     		ldr	r0, .L115+16
 1664 03ee FFF7FEFF 		bl	printf
 1665              	.LVL128:
 1666              	.L76:
 132:./User/GuassNewton.c ****         // 计算 Jacobi 矩阵
 1667              		.loc 1 132 11 is_stmt 1 view .LVU483
 1668 03f2 DFED1D7A 		vldr.32	s15, .L115+20
 1669 03f6 F4EEE78A 		vcmpe.f32	s17, s15
 1670 03fa F1EE10FA 		vmrs	APSR_nzcv, FPSCR
 1671 03fe 15DD     		ble	.L99
 132:./User/GuassNewton.c ****         // 计算 Jacobi 矩阵
 1672              		.loc 1 132 24 is_stmt 0 discriminator 1 view .LVU484
 1673 0400 632E     		cmp	r6, #99
 1674 0402 13DC     		bgt	.L99
 1675              	.LBB43:
 134:./User/GuassNewton.c ****             Jr[i][0] = 2.0f * beta_scale[0] * beta_scale[0] * (beta_offset[0] - data[i][0]);
 1676              		.loc 1 134 18 view .LVU485
 1677 0404 0022     		movs	r2, #0
 1678 0406 6EE6     		b	.L101
 1679              	.LVL129:
 1680              	.L107:
 134:./User/GuassNewton.c ****             Jr[i][0] = 2.0f * beta_scale[0] * beta_scale[0] * (beta_offset[0] - data[i][0]);
 1681              		.loc 1 134 18 view .LVU486
 1682              	.LBE43:
 198:./User/GuassNewton.c ****             LM_lamda = constrainFloat(LM_lamda, 0, 1e10f);
 1683              		.loc 1 198 13 is_stmt 1 view .LVU487
 198:./User/GuassNewton.c ****             LM_lamda = constrainFloat(LM_lamda, 0, 1e10f);
 1684              		.loc 1 198 22 is_stmt 0 view .LVU488
 1685 0408 134F     		ldr	r7, .L115+4
 1686 040a 97ED000A 		vldr.32	s0, [r7]
 1687 040e F0EE087A 		vmov.f32	s15, #3.0e+0
 1688              	.LVL130:
 198:./User/GuassNewton.c ****             LM_lamda = constrainFloat(LM_lamda, 0, 1e10f);
 1689              		.loc 1 198 22 view .LVU489
 1690 0412 20EE270A 		vmul.f32	s0, s0, s15
 1691 0416 87ED000A 		vstr.32	s0, [r7]
 199:./User/GuassNewton.c ****         }
 1692              		.loc 1 199 13 is_stmt 1 view .LVU490
 199:./User/GuassNewton.c ****         }
 1693              		.loc 1 199 24 is_stmt 0 view .LVU491
 1694 041a 9FED141A 		vldr.32	s2, .L115+24
 1695 041e DFED140A 		vldr.32	s1, .L115+28
 1696 0422 FFF7FEFF 		bl	constrainFloat
 1697              	.LVL131:
 199:./User/GuassNewton.c ****         }
ARM GAS  /var/folders/yl/_q9l42k90g1g4mdhbs226msm0000gn/T//ccq39Jd4.s 			page 39


 1698              		.loc 1 199 22 view .LVU492
 1699 0426 87ED000A 		vstr.32	s0, [r7]
 1700 042a ACE7     		b	.L98
 1701              	.LVL132:
 1702              	.L99:
 204:./User/GuassNewton.c ****     }
 205:./User/GuassNewton.c ****     // 将校准结果写入 caliVal
 206:./User/GuassNewton.c ****     caliVal[0] = beta_offset[0];
 1703              		.loc 1 206 5 is_stmt 1 view .LVU493
 1704              		.loc 1 206 29 is_stmt 0 view .LVU494
 1705 042c 0B4B     		ldr	r3, .L115+8
 1706 042e 1A68     		ldr	r2, [r3]	@ float
 1707              		.loc 1 206 16 view .LVU495
 1708 0430 2A60     		str	r2, [r5]	@ float
 207:./User/GuassNewton.c ****     caliVal[1] = beta_offset[1];
 1709              		.loc 1 207 5 is_stmt 1 view .LVU496
 1710              		.loc 1 207 29 is_stmt 0 view .LVU497
 1711 0432 5A68     		ldr	r2, [r3, #4]	@ float
 1712              		.loc 1 207 16 view .LVU498
 1713 0434 6A60     		str	r2, [r5, #4]	@ float
 208:./User/GuassNewton.c ****     caliVal[2] = beta_offset[2];
 1714              		.loc 1 208 5 is_stmt 1 view .LVU499
 1715              		.loc 1 208 29 is_stmt 0 view .LVU500
 1716 0436 9B68     		ldr	r3, [r3, #8]	@ float
 1717              		.loc 1 208 16 view .LVU501
 1718 0438 AB60     		str	r3, [r5, #8]	@ float
 209:./User/GuassNewton.c ****     caliVal[3] = beta_scale[0];
 1719              		.loc 1 209 5 is_stmt 1 view .LVU502
 1720              		.loc 1 209 28 is_stmt 0 view .LVU503
 1721 043a 094B     		ldr	r3, .L115+12
 1722 043c 1A68     		ldr	r2, [r3]	@ float
 1723              		.loc 1 209 16 view .LVU504
 1724 043e EA60     		str	r2, [r5, #12]	@ float
 210:./User/GuassNewton.c ****     caliVal[4] = beta_scale[1];
 1725              		.loc 1 210 5 is_stmt 1 view .LVU505
 1726              		.loc 1 210 28 is_stmt 0 view .LVU506
 1727 0440 5A68     		ldr	r2, [r3, #4]	@ float
 1728              		.loc 1 210 16 view .LVU507
 1729 0442 2A61     		str	r2, [r5, #16]	@ float
 211:./User/GuassNewton.c ****     caliVal[5] = beta_scale[2];
 1730              		.loc 1 211 5 is_stmt 1 view .LVU508
 1731              		.loc 1 211 28 is_stmt 0 view .LVU509
 1732 0444 9B68     		ldr	r3, [r3, #8]	@ float
 1733              		.loc 1 211 16 view .LVU510
 1734 0446 6B61     		str	r3, [r5, #20]	@ float
 212:./User/GuassNewton.c **** }
 1735              		.loc 1 212 1 view .LVU511
 1736 0448 0FB0     		add	sp, sp, #60
 1737              	.LCFI7:
 1738              		.cfi_def_cfa_offset 44
 1739              		@ sp needed
 1740 044a BDEC028B 		vldm	sp!, {d8}
 1741              	.LCFI8:
 1742              		.cfi_restore 80
 1743              		.cfi_restore 81
 1744              		.cfi_def_cfa_offset 36
 1745 044e BDE8F08F 		pop	{r4, r5, r6, r7, r8, r9, r10, fp, pc}
ARM GAS  /var/folders/yl/_q9l42k90g1g4mdhbs226msm0000gn/T//ccq39Jd4.s 			page 40


 1746              	.LVL133:
 1747              	.L116:
 1748              		.loc 1 212 1 view .LVU512
 1749 0452 00BF     		.align	2
 1750              	.L115:
 1751 0454 00000000 		.word	.LANCHOR7
 1752 0458 00000000 		.word	.LANCHOR5
 1753 045c 00000000 		.word	.LANCHOR3
 1754 0460 00000000 		.word	.LANCHOR4
 1755 0464 00000000 		.word	.LC18
 1756 0468 BD378635 		.word	897988541
 1757 046c F9021550 		.word	1343554297
 1758 0470 00000000 		.word	0
 1759              		.cfi_endproc
 1760              	.LFE129:
 1762              		.section	.rodata.IMU_Calibrate.str1.4,"aMS",%progbits,1
 1763              		.align	2
 1764              	.LC19:
 1765 0000 43616C69 		.ascii	"Calibrating Acc \000"
 1765      62726174 
 1765      696E6720 
 1765      41636320 
 1765      00
 1766 0011 000000   		.align	2
 1767              	.LC20:
 1768 0014 43616C69 		.ascii	"Calibrating Gyro\000"
 1768      62726174 
 1768      696E6720 
 1768      4779726F 
 1768      00
 1769 0025 000000   		.align	2
 1770              	.LC21:
 1771 0028 43616C69 		.ascii	"Calibrating Mag \000"
 1771      62726174 
 1771      696E6720 
 1771      4D616720 
 1771      00
 1772              		.section	.text.IMU_Calibrate,"ax",%progbits
 1773              		.align	1
 1774              		.global	IMU_Calibrate
 1775              		.syntax unified
 1776              		.thumb
 1777              		.thumb_func
 1779              	IMU_Calibrate:
 1780              	.LFB130:
 213:./User/GuassNewton.c **** 
 214:./User/GuassNewton.c **** void IMU_Calibrate(){
 1781              		.loc 1 214 21 is_stmt 1 view -0
 1782              		.cfi_startproc
 1783              		@ args = 0, pretend = 0, frame = 24
 1784              		@ frame_needed = 0, uses_anonymous_args = 0
 1785 0000 10B5     		push	{r4, lr}
 1786              	.LCFI9:
 1787              		.cfi_def_cfa_offset 8
 1788              		.cfi_offset 4, -8
 1789              		.cfi_offset 14, -4
 1790 0002 86B0     		sub	sp, sp, #24
ARM GAS  /var/folders/yl/_q9l42k90g1g4mdhbs226msm0000gn/T//ccq39Jd4.s 			page 41


 1791              	.LCFI10:
 1792              		.cfi_def_cfa_offset 32
 215:./User/GuassNewton.c ****     float cali_buffer[6] = {0,0,0,1,1,1};
 1793              		.loc 1 215 5 view .LVU514
 1794              		.loc 1 215 11 is_stmt 0 view .LVU515
 1795 0004 EC46     		mov	ip, sp
 1796 0006 974C     		ldr	r4, .L125
 1797 0008 0FCC     		ldmia	r4!, {r0, r1, r2, r3}
 1798 000a ACE80F00 		stmia	ip!, {r0, r1, r2, r3}
 1799 000e 94E80300 		ldm	r4, {r0, r1}
 1800 0012 8CE80300 		stm	ip, {r0, r1}
 216:./User/GuassNewton.c ****     prepareData();
 1801              		.loc 1 216 5 is_stmt 1 view .LVU516
 1802 0016 FFF7FEFF 		bl	prepareData
 1803              	.LVL134:
 217:./User/GuassNewton.c ****     OLED_ShowString(2,1,"Calibrating Acc ");
 1804              		.loc 1 217 5 view .LVU517
 1805 001a 934A     		ldr	r2, .L125+4
 1806 001c 0121     		movs	r1, #1
 1807 001e 0220     		movs	r0, #2
 1808 0020 FFF7FEFF 		bl	OLED_ShowString
 1809              	.LVL135:
 218:./User/GuassNewton.c ****     OLED_ShowString(3,1,"*              *");
 1810              		.loc 1 218 5 view .LVU518
 1811 0024 914A     		ldr	r2, .L125+8
 1812 0026 0121     		movs	r1, #1
 1813 0028 0320     		movs	r0, #3
 1814 002a FFF7FEFF 		bl	OLED_ShowString
 1815              	.LVL136:
 219:./User/GuassNewton.c ****     OLED_ShowString(4,1,"****************");
 1816              		.loc 1 219 5 view .LVU519
 1817 002e 904A     		ldr	r2, .L125+12
 1818 0030 0121     		movs	r1, #1
 1819 0032 0420     		movs	r0, #4
 1820 0034 FFF7FEFF 		bl	OLED_ShowString
 1821              	.LVL137:
 220:./User/GuassNewton.c ****     gaussNewton(cali_buffer,acc);
 1822              		.loc 1 220 5 view .LVU520
 1823 0038 8E49     		ldr	r1, .L125+16
 1824 003a 6846     		mov	r0, sp
 1825 003c FFF7FEFF 		bl	gaussNewton
 1826              	.LVL138:
 221:./User/GuassNewton.c ****     OLED_ShowFNum(2,1,cali_buffer[0],5,4);OLED_ShowFNum(2,9,cali_buffer[3],5,4);
 1827              		.loc 1 221 5 view .LVU521
 1828 0040 0423     		movs	r3, #4
 1829 0042 0522     		movs	r2, #5
 1830 0044 9DED000A 		vldr.32	s0, [sp]
 1831 0048 0121     		movs	r1, #1
 1832 004a 0220     		movs	r0, #2
 1833 004c FFF7FEFF 		bl	OLED_ShowFNum
 1834              	.LVL139:
 1835              		.loc 1 221 43 view .LVU522
 1836 0050 0423     		movs	r3, #4
 1837 0052 0522     		movs	r2, #5
 1838 0054 9DED030A 		vldr.32	s0, [sp, #12]
 1839 0058 0921     		movs	r1, #9
 1840 005a 0220     		movs	r0, #2
ARM GAS  /var/folders/yl/_q9l42k90g1g4mdhbs226msm0000gn/T//ccq39Jd4.s 			page 42


 1841 005c FFF7FEFF 		bl	OLED_ShowFNum
 1842              	.LVL140:
 222:./User/GuassNewton.c ****     OLED_ShowFNum(3,1,cali_buffer[1],5,4);OLED_ShowFNum(3,9,cali_buffer[4],5,4);
 1843              		.loc 1 222 5 view .LVU523
 1844 0060 0423     		movs	r3, #4
 1845 0062 0522     		movs	r2, #5
 1846 0064 9DED010A 		vldr.32	s0, [sp, #4]
 1847 0068 0121     		movs	r1, #1
 1848 006a 0320     		movs	r0, #3
 1849 006c FFF7FEFF 		bl	OLED_ShowFNum
 1850              	.LVL141:
 1851              		.loc 1 222 43 view .LVU524
 1852 0070 0423     		movs	r3, #4
 1853 0072 0522     		movs	r2, #5
 1854 0074 9DED040A 		vldr.32	s0, [sp, #16]
 1855 0078 0921     		movs	r1, #9
 1856 007a 0320     		movs	r0, #3
 1857 007c FFF7FEFF 		bl	OLED_ShowFNum
 1858              	.LVL142:
 223:./User/GuassNewton.c ****     OLED_ShowFNum(4,1,cali_buffer[2],5,4);OLED_ShowFNum(4,9,cali_buffer[5],5,4);
 1859              		.loc 1 223 5 view .LVU525
 1860 0080 0423     		movs	r3, #4
 1861 0082 0522     		movs	r2, #5
 1862 0084 9DED020A 		vldr.32	s0, [sp, #8]
 1863 0088 0121     		movs	r1, #1
 1864 008a 1846     		mov	r0, r3
 1865 008c FFF7FEFF 		bl	OLED_ShowFNum
 1866              	.LVL143:
 1867              		.loc 1 223 43 view .LVU526
 1868 0090 0423     		movs	r3, #4
 1869 0092 0522     		movs	r2, #5
 1870 0094 9DED050A 		vldr.32	s0, [sp, #20]
 1871 0098 0921     		movs	r1, #9
 1872 009a 1846     		mov	r0, r3
 1873 009c FFF7FEFF 		bl	OLED_ShowFNum
 1874              	.LVL144:
 224:./User/GuassNewton.c ****     Delay_s(3);
 1875              		.loc 1 224 5 view .LVU527
 1876 00a0 0320     		movs	r0, #3
 1877 00a2 0021     		movs	r1, #0
 1878 00a4 FFF7FEFF 		bl	Delay_s
 1879              	.LVL145:
 225:./User/GuassNewton.c ****     for (int i = 0; i < 3; i++)
 1880              		.loc 1 225 5 view .LVU528
 1881              	.LBB44:
 1882              		.loc 1 225 10 view .LVU529
 1883              		.loc 1 225 14 is_stmt 0 view .LVU530
 1884 00a8 0023     		movs	r3, #0
 1885              		.loc 1 225 5 view .LVU531
 1886 00aa 13E0     		b	.L118
 1887              	.LVL146:
 1888              	.L119:
 226:./User/GuassNewton.c ****     {
 227:./User/GuassNewton.c ****         params_ram.accel_offset[i] = cali_buffer[i];
 1889              		.loc 1 227 9 is_stmt 1 discriminator 3 view .LVU532
 1890              		.loc 1 227 49 is_stmt 0 discriminator 3 view .LVU533
 1891 00ac 06AA     		add	r2, sp, #24
ARM GAS  /var/folders/yl/_q9l42k90g1g4mdhbs226msm0000gn/T//ccq39Jd4.s 			page 43


 1892 00ae 02EB8302 		add	r2, r2, r3, lsl #2
 1893 00b2 52F8180C 		ldr	r0, [r2, #-24]	@ float
 1894              		.loc 1 227 36 discriminator 3 view .LVU534
 1895 00b6 704A     		ldr	r2, .L125+20
 1896 00b8 02EB8301 		add	r1, r2, r3, lsl #2
 1897 00bc 4860     		str	r0, [r1, #4]	@ float
 228:./User/GuassNewton.c ****         params_ram.accel_scale[i]  = cali_buffer[i+3];
 1898              		.loc 1 228 9 is_stmt 1 discriminator 3 view .LVU535
 1899              		.loc 1 228 51 is_stmt 0 discriminator 3 view .LVU536
 1900 00be D91C     		adds	r1, r3, #3
 1901              		.loc 1 228 49 discriminator 3 view .LVU537
 1902 00c0 06A8     		add	r0, sp, #24
 1903 00c2 00EB8101 		add	r1, r0, r1, lsl #2
 1904 00c6 51F8181C 		ldr	r1, [r1, #-24]	@ float
 1905              		.loc 1 228 36 discriminator 3 view .LVU538
 1906 00ca 181D     		adds	r0, r3, #4
 1907 00cc 02EB8002 		add	r2, r2, r0, lsl #2
 1908 00d0 1160     		str	r1, [r2]	@ float
 225:./User/GuassNewton.c ****     for (int i = 0; i < 3; i++)
 1909              		.loc 1 225 28 is_stmt 1 discriminator 3 view .LVU539
 225:./User/GuassNewton.c ****     for (int i = 0; i < 3; i++)
 1910              		.loc 1 225 29 is_stmt 0 discriminator 3 view .LVU540
 1911 00d2 0133     		adds	r3, r3, #1
 1912              	.LVL147:
 1913              	.L118:
 225:./User/GuassNewton.c ****     for (int i = 0; i < 3; i++)
 1914              		.loc 1 225 21 is_stmt 1 discriminator 1 view .LVU541
 225:./User/GuassNewton.c ****     for (int i = 0; i < 3; i++)
 1915              		.loc 1 225 5 is_stmt 0 discriminator 1 view .LVU542
 1916 00d4 022B     		cmp	r3, #2
 1917 00d6 E9DD     		ble	.L119
 1918              	.LBE44:
 229:./User/GuassNewton.c ****     }
 230:./User/GuassNewton.c ****     OLED_ShowString(2,1,"Calibrating Gyro");
 1919              		.loc 1 230 5 is_stmt 1 view .LVU543
 1920 00d8 684A     		ldr	r2, .L125+24
 1921 00da 0121     		movs	r1, #1
 1922 00dc 0220     		movs	r0, #2
 1923 00de FFF7FEFF 		bl	OLED_ShowString
 1924              	.LVL148:
 231:./User/GuassNewton.c ****     OLED_ShowString(3,1,"*              *");
 1925              		.loc 1 231 5 view .LVU544
 1926 00e2 624A     		ldr	r2, .L125+8
 1927 00e4 0121     		movs	r1, #1
 1928 00e6 0320     		movs	r0, #3
 1929 00e8 FFF7FEFF 		bl	OLED_ShowString
 1930              	.LVL149:
 232:./User/GuassNewton.c ****     OLED_ShowString(4,1,"****************");
 1931              		.loc 1 232 5 view .LVU545
 1932 00ec 604A     		ldr	r2, .L125+12
 1933 00ee 0121     		movs	r1, #1
 1934 00f0 0420     		movs	r0, #4
 1935 00f2 FFF7FEFF 		bl	OLED_ShowString
 1936              	.LVL150:
 233:./User/GuassNewton.c ****     gaussNewton(cali_buffer,gyro);
 1937              		.loc 1 233 5 view .LVU546
 1938 00f6 6249     		ldr	r1, .L125+28
ARM GAS  /var/folders/yl/_q9l42k90g1g4mdhbs226msm0000gn/T//ccq39Jd4.s 			page 44


 1939 00f8 6846     		mov	r0, sp
 1940 00fa FFF7FEFF 		bl	gaussNewton
 1941              	.LVL151:
 234:./User/GuassNewton.c ****     OLED_ShowFNum(2,1,cali_buffer[0],5,4);OLED_ShowFNum(2,9,cali_buffer[3],5,4);
 1942              		.loc 1 234 5 view .LVU547
 1943 00fe 0423     		movs	r3, #4
 1944 0100 0522     		movs	r2, #5
 1945 0102 9DED000A 		vldr.32	s0, [sp]
 1946 0106 0121     		movs	r1, #1
 1947 0108 0220     		movs	r0, #2
 1948 010a FFF7FEFF 		bl	OLED_ShowFNum
 1949              	.LVL152:
 1950              		.loc 1 234 43 view .LVU548
 1951 010e 0423     		movs	r3, #4
 1952 0110 0522     		movs	r2, #5
 1953 0112 9DED030A 		vldr.32	s0, [sp, #12]
 1954 0116 0921     		movs	r1, #9
 1955 0118 0220     		movs	r0, #2
 1956 011a FFF7FEFF 		bl	OLED_ShowFNum
 1957              	.LVL153:
 235:./User/GuassNewton.c ****     OLED_ShowFNum(3,1,cali_buffer[1],5,4);OLED_ShowFNum(3,9,cali_buffer[4],5,4);
 1958              		.loc 1 235 5 view .LVU549
 1959 011e 0423     		movs	r3, #4
 1960 0120 0522     		movs	r2, #5
 1961 0122 9DED010A 		vldr.32	s0, [sp, #4]
 1962 0126 0121     		movs	r1, #1
 1963 0128 0320     		movs	r0, #3
 1964 012a FFF7FEFF 		bl	OLED_ShowFNum
 1965              	.LVL154:
 1966              		.loc 1 235 43 view .LVU550
 1967 012e 0423     		movs	r3, #4
 1968 0130 0522     		movs	r2, #5
 1969 0132 9DED040A 		vldr.32	s0, [sp, #16]
 1970 0136 0921     		movs	r1, #9
 1971 0138 0320     		movs	r0, #3
 1972 013a FFF7FEFF 		bl	OLED_ShowFNum
 1973              	.LVL155:
 236:./User/GuassNewton.c ****     OLED_ShowFNum(4,1,cali_buffer[2],5,4);OLED_ShowFNum(4,9,cali_buffer[5],5,4);
 1974              		.loc 1 236 5 view .LVU551
 1975 013e 0423     		movs	r3, #4
 1976 0140 0522     		movs	r2, #5
 1977 0142 9DED020A 		vldr.32	s0, [sp, #8]
 1978 0146 0121     		movs	r1, #1
 1979 0148 1846     		mov	r0, r3
 1980 014a FFF7FEFF 		bl	OLED_ShowFNum
 1981              	.LVL156:
 1982              		.loc 1 236 43 view .LVU552
 1983 014e 0423     		movs	r3, #4
 1984 0150 0522     		movs	r2, #5
 1985 0152 9DED050A 		vldr.32	s0, [sp, #20]
 1986 0156 0921     		movs	r1, #9
 1987 0158 1846     		mov	r0, r3
 1988 015a FFF7FEFF 		bl	OLED_ShowFNum
 1989              	.LVL157:
 237:./User/GuassNewton.c ****     Delay_s(3);
 1990              		.loc 1 237 5 view .LVU553
 1991 015e 0320     		movs	r0, #3
ARM GAS  /var/folders/yl/_q9l42k90g1g4mdhbs226msm0000gn/T//ccq39Jd4.s 			page 45


 1992 0160 0021     		movs	r1, #0
 1993 0162 FFF7FEFF 		bl	Delay_s
 1994              	.LVL158:
 238:./User/GuassNewton.c ****     for (int i = 0; i < 3; i++)
 1995              		.loc 1 238 5 view .LVU554
 1996              	.LBB45:
 1997              		.loc 1 238 10 view .LVU555
 1998              		.loc 1 238 14 is_stmt 0 view .LVU556
 1999 0166 0023     		movs	r3, #0
 2000              		.loc 1 238 5 view .LVU557
 2001 0168 15E0     		b	.L120
 2002              	.LVL159:
 2003              	.L121:
 239:./User/GuassNewton.c ****     {
 240:./User/GuassNewton.c ****         params_ram.gyro_offset[i] = cali_buffer[i];
 2004              		.loc 1 240 9 is_stmt 1 discriminator 3 view .LVU558
 2005              		.loc 1 240 48 is_stmt 0 discriminator 3 view .LVU559
 2006 016a 06AA     		add	r2, sp, #24
 2007 016c 02EB8302 		add	r2, r2, r3, lsl #2
 2008 0170 52F8180C 		ldr	r0, [r2, #-24]	@ float
 2009              		.loc 1 240 35 discriminator 3 view .LVU560
 2010 0174 404A     		ldr	r2, .L125+20
 2011 0176 991D     		adds	r1, r3, #6
 2012 0178 02EB8101 		add	r1, r2, r1, lsl #2
 2013 017c 4860     		str	r0, [r1, #4]	@ float
 241:./User/GuassNewton.c ****         params_ram.gyro_scale[i]  = cali_buffer[i+3];
 2014              		.loc 1 241 9 is_stmt 1 discriminator 3 view .LVU561
 2015              		.loc 1 241 50 is_stmt 0 discriminator 3 view .LVU562
 2016 017e D91C     		adds	r1, r3, #3
 2017              		.loc 1 241 48 discriminator 3 view .LVU563
 2018 0180 06A8     		add	r0, sp, #24
 2019 0182 00EB8101 		add	r1, r0, r1, lsl #2
 2020 0186 51F8181C 		ldr	r1, [r1, #-24]	@ float
 2021              		.loc 1 241 35 discriminator 3 view .LVU564
 2022 018a 03F10A00 		add	r0, r3, #10
 2023 018e 02EB8002 		add	r2, r2, r0, lsl #2
 2024 0192 1160     		str	r1, [r2]	@ float
 238:./User/GuassNewton.c ****     for (int i = 0; i < 3; i++)
 2025              		.loc 1 238 28 is_stmt 1 discriminator 3 view .LVU565
 238:./User/GuassNewton.c ****     for (int i = 0; i < 3; i++)
 2026              		.loc 1 238 29 is_stmt 0 discriminator 3 view .LVU566
 2027 0194 0133     		adds	r3, r3, #1
 2028              	.LVL160:
 2029              	.L120:
 238:./User/GuassNewton.c ****     for (int i = 0; i < 3; i++)
 2030              		.loc 1 238 21 is_stmt 1 discriminator 1 view .LVU567
 238:./User/GuassNewton.c ****     for (int i = 0; i < 3; i++)
 2031              		.loc 1 238 5 is_stmt 0 discriminator 1 view .LVU568
 2032 0196 022B     		cmp	r3, #2
 2033 0198 E7DD     		ble	.L121
 2034              	.LBE45:
 242:./User/GuassNewton.c ****     }
 243:./User/GuassNewton.c ****     OLED_ShowString(2,1,"Calibrating Mag ");
 2035              		.loc 1 243 5 is_stmt 1 view .LVU569
 2036 019a 3A4A     		ldr	r2, .L125+32
 2037 019c 0121     		movs	r1, #1
 2038 019e 0220     		movs	r0, #2
ARM GAS  /var/folders/yl/_q9l42k90g1g4mdhbs226msm0000gn/T//ccq39Jd4.s 			page 46


 2039 01a0 FFF7FEFF 		bl	OLED_ShowString
 2040              	.LVL161:
 244:./User/GuassNewton.c ****     OLED_ShowString(3,1,"*              *");
 2041              		.loc 1 244 5 view .LVU570
 2042 01a4 314A     		ldr	r2, .L125+8
 2043 01a6 0121     		movs	r1, #1
 2044 01a8 0320     		movs	r0, #3
 2045 01aa FFF7FEFF 		bl	OLED_ShowString
 2046              	.LVL162:
 245:./User/GuassNewton.c ****     OLED_ShowString(4,1,"****************");
 2047              		.loc 1 245 5 view .LVU571
 2048 01ae 304A     		ldr	r2, .L125+12
 2049 01b0 0121     		movs	r1, #1
 2050 01b2 0420     		movs	r0, #4
 2051 01b4 FFF7FEFF 		bl	OLED_ShowString
 2052              	.LVL163:
 246:./User/GuassNewton.c ****     gaussNewton(cali_buffer,mag);
 2053              		.loc 1 246 5 view .LVU572
 2054 01b8 3349     		ldr	r1, .L125+36
 2055 01ba 6846     		mov	r0, sp
 2056 01bc FFF7FEFF 		bl	gaussNewton
 2057              	.LVL164:
 247:./User/GuassNewton.c ****     OLED_ShowFNum(2,1,cali_buffer[0],5,4);OLED_ShowFNum(2,9,cali_buffer[3],5,4);
 2058              		.loc 1 247 5 view .LVU573
 2059 01c0 0423     		movs	r3, #4
 2060 01c2 0522     		movs	r2, #5
 2061 01c4 9DED000A 		vldr.32	s0, [sp]
 2062 01c8 0121     		movs	r1, #1
 2063 01ca 0220     		movs	r0, #2
 2064 01cc FFF7FEFF 		bl	OLED_ShowFNum
 2065              	.LVL165:
 2066              		.loc 1 247 43 view .LVU574
 2067 01d0 0423     		movs	r3, #4
 2068 01d2 0522     		movs	r2, #5
 2069 01d4 9DED030A 		vldr.32	s0, [sp, #12]
 2070 01d8 0921     		movs	r1, #9
 2071 01da 0220     		movs	r0, #2
 2072 01dc FFF7FEFF 		bl	OLED_ShowFNum
 2073              	.LVL166:
 248:./User/GuassNewton.c ****     OLED_ShowFNum(3,1,cali_buffer[1],5,4);OLED_ShowFNum(3,9,cali_buffer[4],5,4);
 2074              		.loc 1 248 5 view .LVU575
 2075 01e0 0423     		movs	r3, #4
 2076 01e2 0522     		movs	r2, #5
 2077 01e4 9DED010A 		vldr.32	s0, [sp, #4]
 2078 01e8 0121     		movs	r1, #1
 2079 01ea 0320     		movs	r0, #3
 2080 01ec FFF7FEFF 		bl	OLED_ShowFNum
 2081              	.LVL167:
 2082              		.loc 1 248 43 view .LVU576
 2083 01f0 0423     		movs	r3, #4
 2084 01f2 0522     		movs	r2, #5
 2085 01f4 9DED040A 		vldr.32	s0, [sp, #16]
 2086 01f8 0921     		movs	r1, #9
 2087 01fa 0320     		movs	r0, #3
 2088 01fc FFF7FEFF 		bl	OLED_ShowFNum
 2089              	.LVL168:
 249:./User/GuassNewton.c ****     OLED_ShowFNum(4,1,cali_buffer[2],5,4);OLED_ShowFNum(4,9,cali_buffer[5],5,4);
ARM GAS  /var/folders/yl/_q9l42k90g1g4mdhbs226msm0000gn/T//ccq39Jd4.s 			page 47


 2090              		.loc 1 249 5 view .LVU577
 2091 0200 0423     		movs	r3, #4
 2092 0202 0522     		movs	r2, #5
 2093 0204 9DED020A 		vldr.32	s0, [sp, #8]
 2094 0208 0121     		movs	r1, #1
 2095 020a 1846     		mov	r0, r3
 2096 020c FFF7FEFF 		bl	OLED_ShowFNum
 2097              	.LVL169:
 2098              		.loc 1 249 43 view .LVU578
 2099 0210 0423     		movs	r3, #4
 2100 0212 0522     		movs	r2, #5
 2101 0214 9DED050A 		vldr.32	s0, [sp, #20]
 2102 0218 0921     		movs	r1, #9
 2103 021a 1846     		mov	r0, r3
 2104 021c FFF7FEFF 		bl	OLED_ShowFNum
 2105              	.LVL170:
 250:./User/GuassNewton.c ****     Delay_s(3);
 2106              		.loc 1 250 5 view .LVU579
 2107 0220 0320     		movs	r0, #3
 2108 0222 0021     		movs	r1, #0
 2109 0224 FFF7FEFF 		bl	Delay_s
 2110              	.LVL171:
 251:./User/GuassNewton.c ****     for (int i = 0; i < 3; i++)
 2111              		.loc 1 251 5 view .LVU580
 2112              	.LBB46:
 2113              		.loc 1 251 10 view .LVU581
 2114              		.loc 1 251 14 is_stmt 0 view .LVU582
 2115 0228 0023     		movs	r3, #0
 2116              		.loc 1 251 5 view .LVU583
 2117 022a 16E0     		b	.L122
 2118              	.LVL172:
 2119              	.L123:
 252:./User/GuassNewton.c ****     {
 253:./User/GuassNewton.c ****         params_ram.mag_offset[i] = cali_buffer[i];
 2120              		.loc 1 253 9 is_stmt 1 discriminator 3 view .LVU584
 2121              		.loc 1 253 47 is_stmt 0 discriminator 3 view .LVU585
 2122 022c 06AA     		add	r2, sp, #24
 2123 022e 02EB8302 		add	r2, r2, r3, lsl #2
 2124 0232 52F8180C 		ldr	r0, [r2, #-24]	@ float
 2125              		.loc 1 253 34 discriminator 3 view .LVU586
 2126 0236 104A     		ldr	r2, .L125+20
 2127 0238 03F10C01 		add	r1, r3, #12
 2128 023c 02EB8101 		add	r1, r2, r1, lsl #2
 2129 0240 4860     		str	r0, [r1, #4]	@ float
 254:./User/GuassNewton.c ****         params_ram.mag_scale[i]  = cali_buffer[i+3];
 2130              		.loc 1 254 9 is_stmt 1 discriminator 3 view .LVU587
 2131              		.loc 1 254 49 is_stmt 0 discriminator 3 view .LVU588
 2132 0242 D91C     		adds	r1, r3, #3
 2133              		.loc 1 254 47 discriminator 3 view .LVU589
 2134 0244 06A8     		add	r0, sp, #24
 2135 0246 00EB8101 		add	r1, r0, r1, lsl #2
 2136 024a 51F8181C 		ldr	r1, [r1, #-24]	@ float
 2137              		.loc 1 254 34 discriminator 3 view .LVU590
 2138 024e 03F11000 		add	r0, r3, #16
 2139 0252 02EB8002 		add	r2, r2, r0, lsl #2
 2140 0256 1160     		str	r1, [r2]	@ float
 251:./User/GuassNewton.c ****     for (int i = 0; i < 3; i++)
ARM GAS  /var/folders/yl/_q9l42k90g1g4mdhbs226msm0000gn/T//ccq39Jd4.s 			page 48


 2141              		.loc 1 251 28 is_stmt 1 discriminator 3 view .LVU591
 251:./User/GuassNewton.c ****     for (int i = 0; i < 3; i++)
 2142              		.loc 1 251 29 is_stmt 0 discriminator 3 view .LVU592
 2143 0258 0133     		adds	r3, r3, #1
 2144              	.LVL173:
 2145              	.L122:
 251:./User/GuassNewton.c ****     for (int i = 0; i < 3; i++)
 2146              		.loc 1 251 21 is_stmt 1 discriminator 1 view .LVU593
 251:./User/GuassNewton.c ****     for (int i = 0; i < 3; i++)
 2147              		.loc 1 251 5 is_stmt 0 discriminator 1 view .LVU594
 2148 025a 022B     		cmp	r3, #2
 2149 025c E6DD     		ble	.L123
 2150              	.LBE46:
 255:./User/GuassNewton.c ****     }
 256:./User/GuassNewton.c **** }...
 2151              		.loc 1 256 1 view .LVU595
 2152 025e 06B0     		add	sp, sp, #24
 2153              	.LCFI11:
 2154              		.cfi_def_cfa_offset 8
 2155              		@ sp needed
 2156 0260 10BD     		pop	{r4, pc}
 2157              	.L126:
 2158 0262 00BF     		.align	2
 2159              	.L125:
 2160 0264 00000000 		.word	.LANCHOR8
 2161 0268 00000000 		.word	.LC19
 2162 026c A0000000 		.word	.LC9
 2163 0270 2C010000 		.word	.LC16
 2164 0274 00000000 		.word	.LANCHOR0
 2165 0278 00000000 		.word	params_ram
 2166 027c 14000000 		.word	.LC20
 2167 0280 00000000 		.word	.LANCHOR2
 2168 0284 28000000 		.word	.LC21
 2169 0288 00000000 		.word	.LANCHOR1
 2170              		.cfi_endproc
 2171              	.LFE130:
 2173              		.global	mag
 2174              		.global	gyro
 2175              		.global	acc
 2176              		.global	LM_lamda
 2177              		.section	.rodata
 2178              		.align	2
 2179              		.set	.LANCHOR8,. + 0
 2180              	.LC0:
 2181 0000 00000000 		.word	0
 2182 0004 00000000 		.word	0
 2183 0008 00000000 		.word	0
 2184 000c 0000803F 		.word	1065353216
 2185 0010 0000803F 		.word	1065353216
 2186 0014 0000803F 		.word	1065353216
 2187              		.section	.bss.Jr.3,"aw",%nobits
 2188              		.align	2
 2191              	Jr.3:
 2192 0000 00000000 		.space	7200
 2192      00000000 
 2192      00000000 
 2192      00000000 
ARM GAS  /var/folders/yl/_q9l42k90g1g4mdhbs226msm0000gn/T//ccq39Jd4.s 			page 49


 2192      00000000 
 2193              		.section	.bss.JrT.2,"aw",%nobits
 2194              		.align	2
 2197              	JrT.2:
 2198 0000 00000000 		.space	7200
 2198      00000000 
 2198      00000000 
 2198      00000000 
 2198      00000000 
 2199              		.section	.bss.acc,"aw",%nobits
 2200              		.align	2
 2201              		.set	.LANCHOR0,. + 0
 2204              	acc:
 2205 0000 00000000 		.space	3600
 2205      00000000 
 2205      00000000 
 2205      00000000 
 2205      00000000 
 2206              		.section	.bss.beta_offset.5,"aw",%nobits
 2207              		.align	2
 2208              		.set	.LANCHOR3,. + 0
 2211              	beta_offset.5:
 2212 0000 00000000 		.space	12
 2212      00000000 
 2212      00000000 
 2213              		.section	.bss.beta_scale.4,"aw",%nobits
 2214              		.align	2
 2215              		.set	.LANCHOR4,. + 0
 2218              	beta_scale.4:
 2219 0000 00000000 		.space	12
 2219      00000000 
 2219      00000000 
 2220              		.section	.bss.delta.0,"aw",%nobits
 2221              		.align	2
 2222              		.set	.LANCHOR7,. + 0
 2225              	delta.0:
 2226 0000 00000000 		.space	168
 2226      00000000 
 2226      00000000 
 2226      00000000 
 2226      00000000 
 2227              		.section	.bss.gyro,"aw",%nobits
 2228              		.align	2
 2229              		.set	.LANCHOR2,. + 0
 2232              	gyro:
 2233 0000 00000000 		.space	3600
 2233      00000000 
 2233      00000000 
 2233      00000000 
 2233      00000000 
 2234              		.section	.bss.mag,"aw",%nobits
 2235              		.align	2
 2236              		.set	.LANCHOR1,. + 0
 2239              	mag:
 2240 0000 00000000 		.space	3600
 2240      00000000 
 2240      00000000 
ARM GAS  /var/folders/yl/_q9l42k90g1g4mdhbs226msm0000gn/T//ccq39Jd4.s 			page 50


 2240      00000000 
 2240      00000000 
 2241              		.section	.bss.r.1,"aw",%nobits
 2242              		.align	2
 2243              		.set	.LANCHOR6,. + 0
 2246              	r.1:
 2247 0000 00000000 		.space	1200
 2247      00000000 
 2247      00000000 
 2247      00000000 
 2247      00000000 
 2248              		.section	.data.LM_lamda,"aw"
 2249              		.align	2
 2250              		.set	.LANCHOR5,. + 0
 2253              	LM_lamda:
 2254 0000 CDCCCC3D 		.word	1036831949
 2255              		.text
 2256              	.Letext0:
 2257              		.file 2 "/Applications/ARM/arm-none-eabi/include/machine/_default_types.h"
 2258              		.file 3 "/Applications/ARM/arm-none-eabi/include/sys/_stdint.h"
 2259              		.file 4 "./User/Parameters.h"
 2260              		.file 5 "./Hardware/GY86.h"
 2261              		.file 6 "./Hardware/OLED.h"
 2262              		.file 7 "./User/Delay.h"
 2263              		.file 8 "/Applications/ARM/arm-none-eabi/include/stdio.h"
 2264              		.file 9 "<built-in>"
ARM GAS  /var/folders/yl/_q9l42k90g1g4mdhbs226msm0000gn/T//ccq39Jd4.s 			page 51


DEFINED SYMBOLS
                            *ABS*:0000000000000000 GuassNewton.c
/var/folders/yl/_q9l42k90g1g4mdhbs226msm0000gn/T//ccq39Jd4.s:20     .rodata.prepareData.str1.4:0000000000000000 $d
/var/folders/yl/_q9l42k90g1g4mdhbs226msm0000gn/T//ccq39Jd4.s:69     .text.prepareData:0000000000000000 $t
/var/folders/yl/_q9l42k90g1g4mdhbs226msm0000gn/T//ccq39Jd4.s:75     .text.prepareData:0000000000000000 prepareData
/var/folders/yl/_q9l42k90g1g4mdhbs226msm0000gn/T//ccq39Jd4.s:597    .text.prepareData:00000000000002d4 $d
/var/folders/yl/_q9l42k90g1g4mdhbs226msm0000gn/T//ccq39Jd4.s:623    .text.constrainFloat:0000000000000000 $t
/var/folders/yl/_q9l42k90g1g4mdhbs226msm0000gn/T//ccq39Jd4.s:629    .text.constrainFloat:0000000000000000 constrainFloat
/var/folders/yl/_q9l42k90g1g4mdhbs226msm0000gn/T//ccq39Jd4.s:680    .rodata.gaussElimination.str1.4:0000000000000000 $d
/var/folders/yl/_q9l42k90g1g4mdhbs226msm0000gn/T//ccq39Jd4.s:684    .text.gaussElimination:0000000000000000 $t
/var/folders/yl/_q9l42k90g1g4mdhbs226msm0000gn/T//ccq39Jd4.s:690    .text.gaussElimination:0000000000000000 gaussElimination
/var/folders/yl/_q9l42k90g1g4mdhbs226msm0000gn/T//ccq39Jd4.s:1003   .text.gaussElimination:0000000000000160 $d
/var/folders/yl/_q9l42k90g1g4mdhbs226msm0000gn/T//ccq39Jd4.s:1012   .rodata.gaussNewton.str1.4:0000000000000000 $d
/var/folders/yl/_q9l42k90g1g4mdhbs226msm0000gn/T//ccq39Jd4.s:1017   .text.gaussNewton:0000000000000000 $t
/var/folders/yl/_q9l42k90g1g4mdhbs226msm0000gn/T//ccq39Jd4.s:1023   .text.gaussNewton:0000000000000000 gaussNewton
/var/folders/yl/_q9l42k90g1g4mdhbs226msm0000gn/T//ccq39Jd4.s:1519   .text.gaussNewton:00000000000002bc $d
/var/folders/yl/_q9l42k90g1g4mdhbs226msm0000gn/T//ccq39Jd4.s:2191   .bss.Jr.3:0000000000000000 Jr.3
/var/folders/yl/_q9l42k90g1g4mdhbs226msm0000gn/T//ccq39Jd4.s:2197   .bss.JrT.2:0000000000000000 JrT.2
/var/folders/yl/_q9l42k90g1g4mdhbs226msm0000gn/T//ccq39Jd4.s:1533   .text.gaussNewton:00000000000002e4 $t
/var/folders/yl/_q9l42k90g1g4mdhbs226msm0000gn/T//ccq39Jd4.s:1751   .text.gaussNewton:0000000000000454 $d
/var/folders/yl/_q9l42k90g1g4mdhbs226msm0000gn/T//ccq39Jd4.s:1763   .rodata.IMU_Calibrate.str1.4:0000000000000000 $d
/var/folders/yl/_q9l42k90g1g4mdhbs226msm0000gn/T//ccq39Jd4.s:1773   .text.IMU_Calibrate:0000000000000000 $t
/var/folders/yl/_q9l42k90g1g4mdhbs226msm0000gn/T//ccq39Jd4.s:1779   .text.IMU_Calibrate:0000000000000000 IMU_Calibrate
/var/folders/yl/_q9l42k90g1g4mdhbs226msm0000gn/T//ccq39Jd4.s:2160   .text.IMU_Calibrate:0000000000000264 $d
/var/folders/yl/_q9l42k90g1g4mdhbs226msm0000gn/T//ccq39Jd4.s:2239   .bss.mag:0000000000000000 mag
/var/folders/yl/_q9l42k90g1g4mdhbs226msm0000gn/T//ccq39Jd4.s:2232   .bss.gyro:0000000000000000 gyro
/var/folders/yl/_q9l42k90g1g4mdhbs226msm0000gn/T//ccq39Jd4.s:2204   .bss.acc:0000000000000000 acc
/var/folders/yl/_q9l42k90g1g4mdhbs226msm0000gn/T//ccq39Jd4.s:2253   .data.LM_lamda:0000000000000000 LM_lamda
/var/folders/yl/_q9l42k90g1g4mdhbs226msm0000gn/T//ccq39Jd4.s:2178   .rodata:0000000000000000 $d
/var/folders/yl/_q9l42k90g1g4mdhbs226msm0000gn/T//ccq39Jd4.s:2188   .bss.Jr.3:0000000000000000 $d
/var/folders/yl/_q9l42k90g1g4mdhbs226msm0000gn/T//ccq39Jd4.s:2194   .bss.JrT.2:0000000000000000 $d
/var/folders/yl/_q9l42k90g1g4mdhbs226msm0000gn/T//ccq39Jd4.s:2200   .bss.acc:0000000000000000 $d
/var/folders/yl/_q9l42k90g1g4mdhbs226msm0000gn/T//ccq39Jd4.s:2207   .bss.beta_offset.5:0000000000000000 $d
/var/folders/yl/_q9l42k90g1g4mdhbs226msm0000gn/T//ccq39Jd4.s:2211   .bss.beta_offset.5:0000000000000000 beta_offset.5
/var/folders/yl/_q9l42k90g1g4mdhbs226msm0000gn/T//ccq39Jd4.s:2214   .bss.beta_scale.4:0000000000000000 $d
/var/folders/yl/_q9l42k90g1g4mdhbs226msm0000gn/T//ccq39Jd4.s:2218   .bss.beta_scale.4:0000000000000000 beta_scale.4
/var/folders/yl/_q9l42k90g1g4mdhbs226msm0000gn/T//ccq39Jd4.s:2221   .bss.delta.0:0000000000000000 $d
/var/folders/yl/_q9l42k90g1g4mdhbs226msm0000gn/T//ccq39Jd4.s:2225   .bss.delta.0:0000000000000000 delta.0
/var/folders/yl/_q9l42k90g1g4mdhbs226msm0000gn/T//ccq39Jd4.s:2228   .bss.gyro:0000000000000000 $d
/var/folders/yl/_q9l42k90g1g4mdhbs226msm0000gn/T//ccq39Jd4.s:2235   .bss.mag:0000000000000000 $d
/var/folders/yl/_q9l42k90g1g4mdhbs226msm0000gn/T//ccq39Jd4.s:2242   .bss.r.1:0000000000000000 $d
/var/folders/yl/_q9l42k90g1g4mdhbs226msm0000gn/T//ccq39Jd4.s:2246   .bss.r.1:0000000000000000 r.1
/var/folders/yl/_q9l42k90g1g4mdhbs226msm0000gn/T//ccq39Jd4.s:2249   .data.LM_lamda:0000000000000000 $d

UNDEFINED SYMBOLS
OLED_ShowString
Delay_s
Delay_ms
GY86_GetData
params_ram
GY86DataList
puts
__aeabi_f2d
printf
OLED_ShowFNum
